ids,values
SPEAKER0001/000010011,nan
SPEAKER0001/000010035,nan
SPEAKER0001/000010053,nan
SPEAKER0001/000010063,nan
SPEAKER0001/000010069,nan
SPEAKER0001/000010075,nan
SPEAKER0001/000010089,nan
SPEAKER0001/000010095,nan
SPEAKER0001/000010106,nan
SPEAKER0001/000010113,nan
SPEAKER0001/000010115,nan
SPEAKER0001/000010121,nan
SPEAKER0001/000010122,nan
SPEAKER0001/000010133,nan
SPEAKER0001/000010135,nan
SPEAKER0001/000010140,nan
SPEAKER0001/000010145,nan
SPEAKER0001/000010149,nan
SPEAKER0001/000010168,nan
SPEAKER0001/000010173,nan
SPEAKER0003/000030012,nan
SPEAKER0003/000030024,nan
SPEAKER0003/000030040,nan
SPEAKER0003/000030047,nan
SPEAKER0003/000030049,nan
SPEAKER0003/000030051,nan
SPEAKER0003/000030054,nan
SPEAKER0003/000030059,nan
SPEAKER0003/000030067,nan
SPEAKER0003/000030069,nan
SPEAKER0003/000030079,nan
SPEAKER0003/000030080,nan
SPEAKER0003/000030097,nan
SPEAKER0003/000030101,nan
SPEAKER0003/000030116,nan
SPEAKER0003/000030119,nan
SPEAKER0003/000030145,nan
SPEAKER0003/000030153,nan
SPEAKER0003/000030154,nan
SPEAKER0003/000030175,nan
SPEAKER0005/000050003,nan
SPEAKER0005/000050010,nan
SPEAKER0005/000050024,nan
SPEAKER0005/000050028,nan
SPEAKER0005/000050038,nan
SPEAKER0005/000050040,nan
SPEAKER0005/000050047,nan
SPEAKER0005/000050049,nan
SPEAKER0005/000050055,nan
SPEAKER0005/000050078,nan
SPEAKER0005/000050079,nan
SPEAKER0005/000050083,nan
SPEAKER0005/000050095,nan
SPEAKER0005/000050099,nan
SPEAKER0005/000050100,nan
SPEAKER0005/000050114,nan
SPEAKER0005/000050118,nan
SPEAKER0005/000050122,nan
SPEAKER0005/000050174,nan
SPEAKER0005/000050175,nan
SPEAKER0006/000060015,nan
SPEAKER0006/000060020,nan
SPEAKER0006/000060029,nan
SPEAKER0006/000060031,nan
SPEAKER0006/000060049,nan
SPEAKER0006/000060056,nan
SPEAKER0006/000060077,nan
SPEAKER0006/000060081,nan
SPEAKER0006/000060082,nan
SPEAKER0006/000060083,nan
SPEAKER0006/000060094,nan
SPEAKER0006/000060102,nan
SPEAKER0006/000060106,nan
SPEAKER0006/000060111,nan
SPEAKER0006/000060113,nan
SPEAKER0006/000060116,nan
SPEAKER0006/000060124,nan
SPEAKER0006/000060130,nan
SPEAKER0006/000060136,nan
SPEAKER0006/000060153,nan
SPEAKER0024/000240010,nan
SPEAKER0024/000240031,nan
SPEAKER0024/000240060,nan
SPEAKER0024/000240071,nan
SPEAKER0024/000240073,nan
SPEAKER0024/000240099,nan
SPEAKER0024/000240115,nan
SPEAKER0024/000240116,nan
SPEAKER0024/000240151,nan
SPEAKER0024/000240152,nan
SPEAKER0024/000240248,nan
SPEAKER0024/000240284,nan
SPEAKER0024/000240287,nan
SPEAKER0024/000240289,nan
SPEAKER0024/000240320,nan
SPEAKER0024/000240323,nan
SPEAKER0024/000240324,nan
SPEAKER0024/000240329,nan
SPEAKER0024/000240350,nan
SPEAKER0024/000240352,nan
SPEAKER0026/000260001,nan
SPEAKER0026/000260011,nan
SPEAKER0026/000260015,nan
SPEAKER0026/000260032,nan
SPEAKER0026/000260033,nan
SPEAKER0026/000260039,nan
SPEAKER0026/000260048,nan
SPEAKER0026/000260050,nan
SPEAKER0026/000260052,nan
SPEAKER0026/000260069,nan
SPEAKER0026/000260075,nan
SPEAKER0026/000260091,nan
SPEAKER0026/000260095,nan
SPEAKER0026/000260096,nan
SPEAKER0026/000260112,nan
SPEAKER0026/000260115,nan
SPEAKER0026/000260121,nan
SPEAKER0026/000260126,nan
SPEAKER0026/000260133,nan
SPEAKER0026/000260166,nan
SPEAKER0036/000360013,nan
SPEAKER0036/000360034,nan
SPEAKER0036/000360036,nan
SPEAKER0036/000360132,nan
SPEAKER0036/000360133,nan
SPEAKER0036/000360161,nan
SPEAKER0036/000360190,nan
SPEAKER0036/000360210,nan
SPEAKER0036/000360223,nan
SPEAKER0036/000360241,nan
SPEAKER0036/000360264,nan
SPEAKER0036/000360283,nan
SPEAKER0036/000360313,nan
SPEAKER0036/000360314,nan
SPEAKER0036/000360332,nan
SPEAKER0036/000360334,nan
SPEAKER0036/000360339,nan
SPEAKER0036/000360343,nan
SPEAKER0036/000360360,nan
SPEAKER0036/000360378,nan
SPEAKER0044/000440005,nan
SPEAKER0044/000440021,nan
SPEAKER0044/000440032,nan
SPEAKER0044/000440035,nan
SPEAKER0044/000440043,nan
SPEAKER0044/000440045,nan
SPEAKER0044/000440049,nan
SPEAKER0044/000440062,nan
SPEAKER0044/000440082,nan
SPEAKER0044/000440089,nan
SPEAKER0044/000440090,nan
SPEAKER0044/000440099,nan
SPEAKER0044/000440104,nan
SPEAKER0044/000440126,nan
SPEAKER0044/000440132,nan
SPEAKER0044/000440145,nan
SPEAKER0044/000440147,nan
SPEAKER0044/000440163,nan
SPEAKER0044/000440173,nan
SPEAKER0044/000440175,nan
SPEAKER0048/000480010,nan
SPEAKER0048/000480014,nan
SPEAKER0048/000480015,nan
SPEAKER0048/000480016,nan
SPEAKER0048/000480019,nan
SPEAKER0048/000480023,nan
SPEAKER0048/000480033,nan
SPEAKER0048/000480045,nan
SPEAKER0048/000480068,nan
SPEAKER0048/000480081,nan
SPEAKER0048/000480089,nan
SPEAKER0048/000480090,nan
SPEAKER0048/000480108,nan
SPEAKER0048/000480119,nan
SPEAKER0048/000480125,nan
SPEAKER0048/000480134,nan
SPEAKER0048/000480136,nan
SPEAKER0048/000480151,nan
SPEAKER0048/000480158,nan
SPEAKER0048/000480159,nan
SPEAKER0049/000490002,nan
SPEAKER0049/000490017,nan
SPEAKER0049/000490032,nan
SPEAKER0049/000490047,nan
SPEAKER0049/000490052,nan
SPEAKER0049/000490086,nan
SPEAKER0049/000490087,nan
SPEAKER0049/000490088,nan
SPEAKER0049/000490092,nan
SPEAKER0049/000490097,nan
SPEAKER0049/000490101,nan
SPEAKER0049/000490102,nan
SPEAKER0049/000490117,nan
SPEAKER0049/000490134,nan
SPEAKER0049/000490144,nan
SPEAKER0049/000490151,nan
SPEAKER0049/000490157,nan
SPEAKER0049/000490162,nan
SPEAKER0049/000490164,nan
SPEAKER0049/000490175,nan
SPEAKER0053/000530003,nan
SPEAKER0053/000530006,nan
SPEAKER0053/000530019,nan
SPEAKER0053/000530027,nan
SPEAKER0053/000530030,nan
SPEAKER0053/000530037,nan
SPEAKER0053/000530054,nan
SPEAKER0053/000530055,nan
SPEAKER0053/000530060,nan
SPEAKER0053/000530063,nan
SPEAKER0053/000530076,nan
SPEAKER0053/000530077,nan
SPEAKER0053/000530094,nan
SPEAKER0053/000530109,nan
SPEAKER0053/000530112,nan
SPEAKER0053/000530115,nan
SPEAKER0053/000530145,nan
SPEAKER0053/000530154,nan
SPEAKER0053/000530163,nan
SPEAKER0053/000530174,nan
SPEAKER0054/000540001,nan
SPEAKER0054/000540004,nan
SPEAKER0054/000540014,nan
SPEAKER0054/000540018,nan
SPEAKER0054/000540031,nan
SPEAKER0054/000540054,nan
SPEAKER0054/000540055,nan
SPEAKER0054/000540058,nan
SPEAKER0054/000540062,nan
SPEAKER0054/000540072,nan
SPEAKER0054/000540077,nan
SPEAKER0054/000540088,nan
SPEAKER0054/000540106,nan
SPEAKER0054/000540111,nan
SPEAKER0054/000540117,nan
SPEAKER0054/000540123,nan
SPEAKER0054/000540127,nan
SPEAKER0054/000540130,nan
SPEAKER0054/000540156,nan
SPEAKER0054/000540163,nan
SPEAKER0056/000560016,nan
SPEAKER0056/000560017,nan
SPEAKER0056/000560026,nan
SPEAKER0056/000560030,nan
SPEAKER0056/000560033,nan
SPEAKER0056/000560038,nan
SPEAKER0056/000560058,nan
SPEAKER0056/000560068,nan
SPEAKER0056/000560074,nan
SPEAKER0056/000560075,nan
SPEAKER0056/000560084,nan
SPEAKER0056/000560086,nan
SPEAKER0056/000560088,nan
SPEAKER0056/000560116,nan
SPEAKER0056/000560117,nan
SPEAKER0056/000560134,nan
SPEAKER0056/000560154,nan
SPEAKER0056/000560159,nan
SPEAKER0056/000560162,nan
SPEAKER0056/000560172,nan
SPEAKER0070/000700008,nan
SPEAKER0070/000700010,nan
SPEAKER0070/000700012,nan
SPEAKER0070/000700015,nan
SPEAKER0070/000700019,nan
SPEAKER0070/000700034,nan
SPEAKER0070/000700037,nan
SPEAKER0070/000700046,nan
SPEAKER0070/000700048,nan
SPEAKER0070/000700053,nan
SPEAKER0070/000700063,nan
SPEAKER0070/000700065,nan
SPEAKER0070/000700082,nan
SPEAKER0070/000700109,nan
SPEAKER0070/000700120,nan
SPEAKER0070/000700123,nan
SPEAKER0070/000700130,nan
SPEAKER0070/000700151,nan
SPEAKER0070/000700156,nan
SPEAKER0070/000700174,nan
SPEAKER0075/000750005,nan
SPEAKER0075/000750015,nan
SPEAKER0075/000750020,nan
SPEAKER0075/000750024,nan
SPEAKER0075/000750026,nan
SPEAKER0075/000750029,nan
SPEAKER0075/000750045,nan
SPEAKER0075/000750068,nan
SPEAKER0075/000750080,nan
SPEAKER0075/000750082,nan
SPEAKER0075/000750085,nan
SPEAKER0075/000750091,nan
SPEAKER0075/000750101,nan
SPEAKER0075/000750106,nan
SPEAKER0075/000750108,nan
SPEAKER0075/000750123,nan
SPEAKER0075/000750128,nan
SPEAKER0075/000750134,nan
SPEAKER0075/000750140,nan
SPEAKER0075/000750149,nan
SPEAKER0092/000920002,nan
SPEAKER0092/000920009,nan
SPEAKER0092/000920010,nan
SPEAKER0092/000920025,nan
SPEAKER0092/000920040,nan
SPEAKER0092/000920051,nan
SPEAKER0092/000920055,nan
SPEAKER0092/000920074,nan
SPEAKER0092/000920092,nan
SPEAKER0092/000920094,nan
SPEAKER0092/000920099,nan
SPEAKER0092/000920104,nan
SPEAKER0092/000920122,nan
SPEAKER0092/000920126,nan
SPEAKER0092/000920129,nan
SPEAKER0092/000920134,nan
SPEAKER0092/000920136,nan
SPEAKER0092/000920149,nan
SPEAKER0092/000920167,nan
SPEAKER0092/000920173,nan
SPEAKER0093/000930005,nan
SPEAKER0093/000930014,nan
SPEAKER0093/000930018,nan
SPEAKER0093/000930026,nan
SPEAKER0093/000930035,nan
SPEAKER0093/000930040,nan
SPEAKER0093/000930048,nan
SPEAKER0093/000930050,nan
SPEAKER0093/000930051,nan
SPEAKER0093/000930056,nan
SPEAKER0093/000930089,nan
SPEAKER0093/000930091,nan
SPEAKER0093/000930095,nan
SPEAKER0093/000930099,nan
SPEAKER0093/000930101,nan
SPEAKER0093/000930111,nan
SPEAKER0093/000930148,nan
SPEAKER0093/000930151,nan
SPEAKER0093/000930155,nan
SPEAKER0093/000930162,nan
SPEAKER0094/000940012,nan
SPEAKER0094/000940015,nan
SPEAKER0094/000940021,nan
SPEAKER0094/000940027,nan
SPEAKER0094/000940032,nan
SPEAKER0094/000940042,nan
SPEAKER0094/000940049,nan
SPEAKER0094/000940067,nan
SPEAKER0094/000940068,nan
SPEAKER0094/000940073,nan
SPEAKER0094/000940074,nan
SPEAKER0094/000940086,nan
SPEAKER0094/000940093,nan
SPEAKER0094/000940102,nan
SPEAKER0094/000940103,nan
SPEAKER0094/000940122,nan
SPEAKER0094/000940133,nan
SPEAKER0094/000940147,nan
SPEAKER0094/000940150,nan
SPEAKER0094/000940173,nan
SPEAKER0096/000960002,nan
SPEAKER0096/000960008,nan
SPEAKER0096/000960019,nan
SPEAKER0096/000960040,nan
SPEAKER0096/000960043,nan
SPEAKER0096/000960046,nan
SPEAKER0096/000960048,nan
SPEAKER0096/000960049,nan
SPEAKER0096/000960050,nan
SPEAKER0096/000960052,nan
SPEAKER0096/000960054,nan
SPEAKER0096/000960066,nan
SPEAKER0096/000960071,nan
SPEAKER0096/000960073,nan
SPEAKER0096/000960084,nan
SPEAKER0096/000960090,nan
SPEAKER0096/000960093,nan
SPEAKER0096/000960136,nan
SPEAKER0096/000960167,nan
SPEAKER0096/000960168,nan
SPEAKER0103/001030008,nan
SPEAKER0103/001030013,nan
SPEAKER0103/001030032,nan
SPEAKER0103/001030048,nan
SPEAKER0103/001030053,nan
SPEAKER0103/001030054,nan
SPEAKER0103/001030060,nan
SPEAKER0103/001030061,nan
SPEAKER0103/001030065,nan
SPEAKER0103/001030077,nan
SPEAKER0103/001030078,nan
SPEAKER0103/001030090,nan
SPEAKER0103/001030099,nan
SPEAKER0103/001030102,nan
SPEAKER0103/001030103,nan
SPEAKER0103/001030121,nan
SPEAKER0103/001030136,nan
SPEAKER0103/001030143,nan
SPEAKER0103/001030144,nan
SPEAKER0103/001030155,nan
SPEAKER0104/001040022,nan
SPEAKER0104/001040026,nan
SPEAKER0104/001040038,nan
SPEAKER0104/001040050,nan
SPEAKER0104/001040062,nan
SPEAKER0104/001040067,nan
SPEAKER0104/001040069,nan
SPEAKER0104/001040071,nan
SPEAKER0104/001040073,nan
SPEAKER0104/001040100,nan
SPEAKER0104/001040104,nan
SPEAKER0104/001040106,nan
SPEAKER0104/001040108,nan
SPEAKER0104/001040115,nan
SPEAKER0104/001040120,nan
SPEAKER0104/001040122,nan
SPEAKER0104/001040134,nan
SPEAKER0104/001040136,nan
SPEAKER0104/001040149,nan
SPEAKER0104/001040173,nan
SPEAKER0111/001110009,nan
SPEAKER0111/001110023,nan
SPEAKER0111/001110039,nan
SPEAKER0111/001110040,nan
SPEAKER0111/001110047,nan
SPEAKER0111/001110056,nan
SPEAKER0111/001110060,nan
SPEAKER0111/001110067,nan
SPEAKER0111/001110072,nan
SPEAKER0111/001110076,nan
SPEAKER0111/001110094,nan
SPEAKER0111/001110099,nan
SPEAKER0111/001110114,nan
SPEAKER0111/001110122,nan
SPEAKER0111/001110129,nan
SPEAKER0111/001110135,nan
SPEAKER0111/001110137,nan
SPEAKER0111/001110141,nan
SPEAKER0111/001110151,nan
SPEAKER0111/001110173,nan
SPEAKER0112/001120010,nan
SPEAKER0112/001120013,nan
SPEAKER0112/001120024,nan
SPEAKER0112/001120031,nan
SPEAKER0112/001120038,nan
SPEAKER0112/001120063,nan
SPEAKER0112/001120078,nan
SPEAKER0112/001120090,nan
SPEAKER0112/001120097,nan
SPEAKER0112/001120098,nan
SPEAKER0112/001120101,nan
SPEAKER0112/001120105,nan
SPEAKER0112/001120119,nan
SPEAKER0112/001120130,nan
SPEAKER0112/001120136,nan
SPEAKER0112/001120141,nan
SPEAKER0112/001120148,nan
SPEAKER0112/001120156,nan
SPEAKER0112/001120159,nan
SPEAKER0112/001120162,nan
SPEAKER0113/001130002,nan
SPEAKER0113/001130005,nan
SPEAKER0113/001130019,nan
SPEAKER0113/001130021,nan
SPEAKER0113/001130023,nan
SPEAKER0113/001130024,nan
SPEAKER0113/001130039,nan
SPEAKER0113/001130047,nan
SPEAKER0113/001130054,nan
SPEAKER0113/001130073,nan
SPEAKER0113/001130074,nan
SPEAKER0113/001130082,nan
SPEAKER0113/001130087,nan
SPEAKER0113/001130102,nan
SPEAKER0113/001130118,nan
SPEAKER0113/001130123,nan
SPEAKER0113/001130138,nan
SPEAKER0113/001130155,nan
SPEAKER0113/001130168,nan
SPEAKER0113/001130173,nan
SPEAKER0114/001140008,nan
SPEAKER0114/001140045,nan
SPEAKER0114/001140046,nan
SPEAKER0114/001140049,nan
SPEAKER0114/001140054,nan
SPEAKER0114/001140056,nan
SPEAKER0114/001140059,nan
SPEAKER0114/001140064,nan
SPEAKER0114/001140068,nan
SPEAKER0114/001140099,nan
SPEAKER0114/001140100,nan
SPEAKER0114/001140104,nan
SPEAKER0114/001140108,nan
SPEAKER0114/001140120,nan
SPEAKER0114/001140130,nan
SPEAKER0114/001140133,nan
SPEAKER0114/001140140,nan
SPEAKER0114/001140146,nan
SPEAKER0114/001140159,nan
SPEAKER0114/001140163,nan
SPEAKER0120/001200015,nan
SPEAKER0120/001200016,nan
SPEAKER0120/001200050,nan
SPEAKER0120/001200081,nan
SPEAKER0120/001200098,nan
SPEAKER0120/001200103,nan
SPEAKER0120/001200114,nan
SPEAKER0120/001200121,nan
SPEAKER0120/001200126,nan
SPEAKER0120/001200145,nan
SPEAKER0120/001200146,nan
SPEAKER0120/001200159,nan
SPEAKER0120/001200161,nan
SPEAKER0120/001200162,nan
SPEAKER0120/001200168,nan
SPEAKER0120/001200209,nan
SPEAKER0120/001200210,nan
SPEAKER0120/001200306,nan
SPEAKER0120/001200338,nan
SPEAKER0120/001200350,nan
SPEAKER0122/001220013,nan
SPEAKER0122/001220015,nan
SPEAKER0122/001220021,nan
SPEAKER0122/001220031,nan
SPEAKER0122/001220034,nan
SPEAKER0122/001220037,nan
SPEAKER0122/001220038,nan
SPEAKER0122/001220051,nan
SPEAKER0122/001220068,nan
SPEAKER0122/001220093,nan
SPEAKER0122/001220101,nan
SPEAKER0122/001220104,nan
SPEAKER0122/001220127,nan
SPEAKER0122/001220129,nan
SPEAKER0122/001220137,nan
SPEAKER0122/001220138,nan
SPEAKER0122/001220159,nan
SPEAKER0122/001220163,nan
SPEAKER0122/001220166,nan
SPEAKER0122/001220168,nan
SPEAKER0131/001310020,nan
SPEAKER0131/001310022,nan
SPEAKER0131/001310023,nan
SPEAKER0131/001310061,nan
SPEAKER0131/001310062,nan
SPEAKER0131/001310076,nan
SPEAKER0131/001310078,nan
SPEAKER0131/001310081,nan
SPEAKER0131/001310096,nan
SPEAKER0131/001310122,nan
SPEAKER0131/001310123,nan
SPEAKER0131/001310129,nan
SPEAKER0131/001310144,nan
SPEAKER0131/001310148,nan
SPEAKER0131/001310152,nan
SPEAKER0131/001310154,nan
SPEAKER0131/001310155,nan
SPEAKER0131/001310162,nan
SPEAKER0131/001310165,nan
SPEAKER0131/001310168,nan
SPEAKER0133/001330002,nan
SPEAKER0133/001330027,nan
SPEAKER0133/001330033,nan
SPEAKER0133/001330057,nan
SPEAKER0133/001330067,nan
SPEAKER0133/001330068,nan
SPEAKER0133/001330075,nan
SPEAKER0133/001330097,nan
SPEAKER0133/001330099,nan
SPEAKER0133/001330112,nan
SPEAKER0133/001330115,nan
SPEAKER0133/001330118,nan
SPEAKER0133/001330126,nan
SPEAKER0133/001330128,nan
SPEAKER0133/001330129,nan
SPEAKER0133/001330143,nan
SPEAKER0133/001330146,nan
SPEAKER0133/001330155,nan
SPEAKER0133/001330170,nan
SPEAKER0133/001330172,nan
SPEAKER0135/001350002,nan
SPEAKER0135/001350091,nan
SPEAKER0135/001350119,nan
SPEAKER0135/001350124,nan
SPEAKER0135/001350134,nan
SPEAKER0135/001350163,nan
SPEAKER0135/001350174,nan
SPEAKER0135/001350180,nan
SPEAKER0135/001350194,nan
SPEAKER0135/001350216,nan
SPEAKER0135/001350219,nan
SPEAKER0135/001350243,nan
SPEAKER0135/001350285,nan
SPEAKER0135/001350312,nan
SPEAKER0135/001350317,nan
SPEAKER0135/001350318,nan
SPEAKER0135/001350343,nan
SPEAKER0135/001350350,nan
SPEAKER0135/001350356,nan
SPEAKER0135/001350375,nan
SPEAKER0145/001450037,nan
SPEAKER0145/001450043,nan
SPEAKER0145/001450049,nan
SPEAKER0145/001450051,nan
SPEAKER0145/001450063,nan
SPEAKER0145/001450070,nan
SPEAKER0145/001450083,nan
SPEAKER0145/001450090,nan
SPEAKER0145/001450094,nan
SPEAKER0145/001450098,nan
SPEAKER0145/001450109,nan
SPEAKER0145/001450116,nan
SPEAKER0145/001450140,nan
SPEAKER0145/001450142,nan
SPEAKER0145/001450146,nan
SPEAKER0145/001450159,nan
SPEAKER0145/001450170,nan
SPEAKER0145/001450171,nan
SPEAKER0145/001450172,nan
SPEAKER0145/001450173,nan
SPEAKER0149/001490002,nan
SPEAKER0149/001490016,nan
SPEAKER0149/001490024,nan
SPEAKER0149/001490032,nan
SPEAKER0149/001490039,nan
SPEAKER0149/001490045,nan
SPEAKER0149/001490052,nan
SPEAKER0149/001490056,nan
SPEAKER0149/001490077,nan
SPEAKER0149/001490080,nan
SPEAKER0149/001490093,nan
SPEAKER0149/001490101,nan
SPEAKER0149/001490109,nan
SPEAKER0149/001490127,nan
SPEAKER0149/001490131,nan
SPEAKER0149/001490138,nan
SPEAKER0149/001490153,nan
SPEAKER0149/001490155,nan
SPEAKER0149/001490161,nan
SPEAKER0149/001490171,nan
SPEAKER0157/001570024,nan
SPEAKER0157/001570030,nan
SPEAKER0157/001570034,nan
SPEAKER0157/001570061,nan
SPEAKER0157/001570072,nan
SPEAKER0157/001570100,nan
SPEAKER0157/001570165,nan
SPEAKER0157/001570185,nan
SPEAKER0157/001570194,nan
SPEAKER0157/001570203,nan
SPEAKER0157/001570212,nan
SPEAKER0157/001570216,nan
SPEAKER0157/001570269,nan
SPEAKER0157/001570272,nan
SPEAKER0157/001570290,nan
SPEAKER0157/001570316,nan
SPEAKER0157/001570324,nan
SPEAKER0157/001570325,nan
SPEAKER0157/001570361,nan
SPEAKER0157/001570378,nan
SPEAKER0306/003060002,nan
SPEAKER0306/003060017,nan
SPEAKER0306/003060025,nan
SPEAKER0306/003060028,nan
SPEAKER0306/003060064,nan
SPEAKER0306/003060087,nan
SPEAKER0306/003060107,nan
SPEAKER0306/003060161,nan
SPEAKER0306/003060186,nan
SPEAKER0306/003060226,nan
SPEAKER0306/003060229,nan
SPEAKER0306/003060235,nan
SPEAKER0306/003060245,nan
SPEAKER0306/003060259,nan
SPEAKER0306/003060263,nan
SPEAKER0306/003060285,nan
SPEAKER0306/003060291,nan
SPEAKER0306/003060306,nan
SPEAKER0306/003060319,nan
SPEAKER0306/003060337,nan
SPEAKER0457/004570010,nan
SPEAKER0457/004570071,nan
SPEAKER0457/004570074,nan
SPEAKER0457/004570106,nan
SPEAKER0457/004570124,nan
SPEAKER0457/004570129,nan
SPEAKER0457/004570137,nan
SPEAKER0457/004570145,nan
SPEAKER0457/004570146,nan
SPEAKER0457/004570167,nan
SPEAKER0457/004570237,nan
SPEAKER0457/004570256,nan
SPEAKER0457/004570259,nan
SPEAKER0457/004570268,nan
SPEAKER0457/004570283,nan
SPEAKER0457/004570289,nan
SPEAKER0457/004570300,nan
SPEAKER0457/004570304,nan
SPEAKER0457/004570306,nan
SPEAKER0457/004570374,nan
SPEAKER0461/004610037,nan
SPEAKER0461/004610054,nan
SPEAKER0461/004610065,nan
SPEAKER0461/004610129,nan
SPEAKER0461/004610148,nan
SPEAKER0461/004610151,nan
SPEAKER0461/004610176,nan
SPEAKER0461/004610177,nan
SPEAKER0461/004610182,nan
SPEAKER0461/004610227,nan
SPEAKER0461/004610230,nan
SPEAKER0461/004610231,nan
SPEAKER0461/004610238,nan
SPEAKER0461/004610239,nan
SPEAKER0461/004610246,nan
SPEAKER0461/004610266,nan
SPEAKER0461/004610290,nan
SPEAKER0461/004610298,nan
SPEAKER0461/004610362,nan
SPEAKER0461/004610373,nan
SPEAKER0482/004820005,nan
SPEAKER0482/004820015,nan
SPEAKER0482/004820041,nan
SPEAKER0482/004820045,nan
SPEAKER0482/004820055,nan
SPEAKER0482/004820114,nan
SPEAKER0482/004820119,nan
SPEAKER0482/004820144,nan
SPEAKER0482/004820201,nan
SPEAKER0482/004820214,nan
SPEAKER0482/004820220,nan
SPEAKER0482/004820239,nan
SPEAKER0482/004820258,nan
SPEAKER0482/004820265,nan
SPEAKER0482/004820268,nan
SPEAKER0482/004820329,nan
SPEAKER0482/004820353,nan
SPEAKER0482/004820370,nan
SPEAKER0482/004820371,nan
SPEAKER0482/004820378,nan
SPEAKER0560/005600015,nan
SPEAKER0560/005600060,nan
SPEAKER0560/005600065,nan
SPEAKER0560/005600129,nan
SPEAKER0560/005600145,nan
SPEAKER0560/005600146,nan
SPEAKER0560/005600153,nan
SPEAKER0560/005600154,nan
SPEAKER0560/005600180,nan
SPEAKER0560/005600199,nan
SPEAKER0560/005600205,nan
SPEAKER0560/005600212,nan
SPEAKER0560/005600214,nan
SPEAKER0560/005600268,nan
SPEAKER0560/005600294,nan
SPEAKER0560/005600296,nan
SPEAKER0560/005600298,nan
SPEAKER0560/005600318,nan
SPEAKER0560/005600365,nan
SPEAKER0560/005600370,nan
SPEAKER0563/005630017,nan
SPEAKER0563/005630044,nan
SPEAKER0563/005630072,nan
SPEAKER0563/005630081,nan
SPEAKER0563/005630122,nan
SPEAKER0563/005630127,nan
SPEAKER0563/005630142,nan
SPEAKER0563/005630147,nan
SPEAKER0563/005630151,nan
SPEAKER0563/005630160,nan
SPEAKER0563/005630169,nan
SPEAKER0563/005630195,nan
SPEAKER0563/005630225,nan
SPEAKER0563/005630267,nan
SPEAKER0563/005630284,nan
SPEAKER0563/005630291,nan
SPEAKER0563/005630302,nan
SPEAKER0563/005630315,nan
SPEAKER0563/005630330,nan
SPEAKER0563/005630375,nan
SPEAKER0567/005670043,nan
SPEAKER0567/005670055,nan
SPEAKER0567/005670113,nan
SPEAKER0567/005670122,nan
SPEAKER0567/005670125,nan
SPEAKER0567/005670137,nan
SPEAKER0567/005670147,nan
SPEAKER0567/005670155,nan
SPEAKER0567/005670159,nan
SPEAKER0567/005670160,nan
SPEAKER0567/005670189,nan
SPEAKER0567/005670198,nan
SPEAKER0567/005670282,nan
SPEAKER0567/005670289,nan
SPEAKER0567/005670292,nan
SPEAKER0567/005670303,nan
SPEAKER0567/005670310,nan
SPEAKER0567/005670320,nan
SPEAKER0567/005670348,nan
SPEAKER0567/005670356,nan
SPEAKER0575/005750059,nan
SPEAKER0575/005750067,nan
SPEAKER0575/005750089,nan
SPEAKER0575/005750099,nan
SPEAKER0575/005750150,nan
SPEAKER0575/005750168,nan
SPEAKER0575/005750178,nan
SPEAKER0575/005750179,nan
SPEAKER0575/005750237,nan
SPEAKER0575/005750249,nan
SPEAKER0575/005750268,nan
SPEAKER0575/005750270,nan
SPEAKER0575/005750290,nan
SPEAKER0575/005750297,nan
SPEAKER0575/005750298,nan
SPEAKER0575/005750300,nan
SPEAKER0575/005750303,nan
SPEAKER0575/005750321,nan
SPEAKER0575/005750330,nan
SPEAKER0575/005750347,nan
SPEAKER0594/005940019,nan
SPEAKER0594/005940025,nan
SPEAKER0594/005940141,nan
SPEAKER0594/005940142,nan
SPEAKER0594/005940164,nan
SPEAKER0594/005940174,nan
SPEAKER0594/005940193,nan
SPEAKER0594/005940195,nan
SPEAKER0594/005940234,nan
SPEAKER0594/005940237,nan
SPEAKER0594/005940238,nan
SPEAKER0594/005940252,nan
SPEAKER0594/005940263,nan
SPEAKER0594/005940267,nan
SPEAKER0594/005940271,nan
SPEAKER0594/005940283,nan
SPEAKER0594/005940304,nan
SPEAKER0594/005940318,nan
SPEAKER0594/005940373,nan
SPEAKER0594/005940380,nan
SPEAKER0736/007360004,nan
SPEAKER0736/007360006,nan
SPEAKER0736/007360036,nan
SPEAKER0736/007360045,nan
SPEAKER0736/007360055,nan
SPEAKER0736/007360108,nan
SPEAKER0736/007360181,nan
SPEAKER0736/007360196,nan
SPEAKER0736/007360205,nan
SPEAKER0736/007360212,nan
SPEAKER0736/007360233,nan
SPEAKER0736/007360247,nan
SPEAKER0736/007360249,nan
SPEAKER0736/007360250,nan
SPEAKER0736/007360280,nan
SPEAKER0736/007360281,nan
SPEAKER0736/007360296,nan
SPEAKER0736/007360299,nan
SPEAKER0736/007360305,nan
SPEAKER0736/007360374,nan
SPEAKER0739/007390013,nan
SPEAKER0739/007390019,nan
SPEAKER0739/007390062,nan
SPEAKER0739/007390070,nan
SPEAKER0739/007390072,nan
SPEAKER0739/007390092,nan
SPEAKER0739/007390119,nan
SPEAKER0739/007390120,nan
SPEAKER0739/007390139,nan
SPEAKER0739/007390160,nan
SPEAKER0739/007390195,nan
SPEAKER0739/007390197,nan
SPEAKER0739/007390208,nan
SPEAKER0739/007390211,nan
SPEAKER0739/007390220,nan
SPEAKER0739/007390228,nan
SPEAKER0739/007390238,nan
SPEAKER0739/007390281,nan
SPEAKER0739/007390294,nan
SPEAKER0739/007390355,nan
SPEAKER0765/007650036,nan
SPEAKER0765/007650061,nan
SPEAKER0765/007650076,nan
SPEAKER0765/007650078,nan
SPEAKER0765/007650084,nan
SPEAKER0765/007650089,nan
SPEAKER0765/007650116,nan
SPEAKER0765/007650131,nan
SPEAKER0765/007650174,nan
SPEAKER0765/007650181,nan
SPEAKER0765/007650192,nan
SPEAKER0765/007650197,nan
SPEAKER0765/007650254,nan
SPEAKER0765/007650271,nan
SPEAKER0765/007650294,nan
SPEAKER0765/007650337,nan
SPEAKER0765/007650346,nan
SPEAKER0765/007650352,nan
SPEAKER0765/007650369,nan
SPEAKER0765/007650377,nan
SPEAKER0811/008110043,nan
SPEAKER0811/008110049,nan
SPEAKER0811/008110106,nan
SPEAKER0811/008110107,nan
SPEAKER0811/008110110,nan
SPEAKER0811/008110113,nan
SPEAKER0811/008110116,nan
SPEAKER0811/008110147,nan
SPEAKER0811/008110159,nan
SPEAKER0811/008110175,nan
SPEAKER0811/008110204,nan
SPEAKER0811/008110209,nan
SPEAKER0811/008110224,nan
SPEAKER0811/008110247,nan
SPEAKER0811/008110258,nan
SPEAKER0811/008110286,nan
SPEAKER0811/008110287,nan
SPEAKER0811/008110307,nan
SPEAKER0811/008110340,nan
SPEAKER0811/008110371,nan
SPEAKER0813/008130061,nan
SPEAKER0813/008130081,nan
SPEAKER0813/008130091,nan
SPEAKER0813/008130100,nan
SPEAKER0813/008130153,nan
SPEAKER0813/008130196,nan
SPEAKER0813/008130222,nan
SPEAKER0813/008130233,nan
SPEAKER0813/008130257,nan
SPEAKER0813/008130271,nan
SPEAKER0813/008130281,nan
SPEAKER0813/008130282,nan
SPEAKER0813/008130283,nan
SPEAKER0813/008130288,nan
SPEAKER0813/008130301,nan
SPEAKER0813/008130339,nan
SPEAKER0813/008130340,nan
SPEAKER0813/008130346,nan
SPEAKER0813/008130356,nan
SPEAKER0813/008130380,nan
SPEAKER0960/009600062,nan
SPEAKER0960/009600113,nan
SPEAKER0960/009600118,nan
SPEAKER0960/009600120,nan
SPEAKER0960/009600127,nan
SPEAKER0960/009600129,nan
SPEAKER0960/009600133,nan
SPEAKER0960/009600140,nan
SPEAKER0960/009600186,nan
SPEAKER0960/009600190,nan
SPEAKER0960/009600205,nan
SPEAKER0960/009600215,nan
SPEAKER0960/009600262,nan
SPEAKER0960/009600267,nan
SPEAKER0960/009600270,nan
SPEAKER0960/009600287,nan
SPEAKER0960/009600335,nan
SPEAKER0960/009600337,nan
SPEAKER0960/009600338,nan
SPEAKER0960/009600343,nan
SPEAKER0981/009810029,nan
SPEAKER0981/009810073,nan
SPEAKER0981/009810075,nan
SPEAKER0981/009810106,nan
SPEAKER0981/009810112,nan
SPEAKER0981/009810153,nan
SPEAKER0981/009810155,nan
SPEAKER0981/009810196,nan
SPEAKER0981/009810200,nan
SPEAKER0981/009810204,nan
SPEAKER0981/009810230,nan
SPEAKER0981/009810235,nan
SPEAKER0981/009810249,nan
SPEAKER0981/009810258,nan
SPEAKER0981/009810283,nan
SPEAKER0981/009810293,nan
SPEAKER0981/009810305,nan
SPEAKER0981/009810327,nan
SPEAKER0981/009810344,nan
SPEAKER0981/009810349,nan
SPEAKER1012/010120008,nan
SPEAKER1012/010120059,nan
SPEAKER1012/010120071,nan
SPEAKER1012/010120128,nan
SPEAKER1012/010120148,nan
SPEAKER1012/010120166,nan
SPEAKER1012/010120180,nan
SPEAKER1012/010120193,nan
SPEAKER1012/010120200,nan
SPEAKER1012/010120208,nan
SPEAKER1012/010120212,nan
SPEAKER1012/010120219,nan
SPEAKER1012/010120243,nan
SPEAKER1012/010120255,nan
SPEAKER1012/010120265,nan
SPEAKER1012/010120269,nan
SPEAKER1012/010120303,nan
SPEAKER1012/010120334,nan
SPEAKER1012/010120335,nan
SPEAKER1012/010120374,nan
SPEAKER1027/010270117,nan
SPEAKER1027/010270124,nan
SPEAKER1027/010270131,nan
SPEAKER1027/010270140,nan
SPEAKER1027/010270170,nan
SPEAKER1027/010270198,nan
SPEAKER1027/010270226,nan
SPEAKER1027/010270238,nan
SPEAKER1027/010270265,nan
SPEAKER1027/010270268,nan
SPEAKER1027/010270294,nan
SPEAKER1027/010270301,nan
SPEAKER1027/010270306,nan
SPEAKER1027/010270314,nan
SPEAKER1027/010270349,nan
SPEAKER1027/010270354,nan
SPEAKER1027/010270356,nan
SPEAKER1027/010270366,nan
SPEAKER1027/010270368,nan
SPEAKER1027/010270377,nan
SPEAKER1029/010290003,nan
SPEAKER1029/010290066,nan
SPEAKER1029/010290094,nan
SPEAKER1029/010290096,nan
SPEAKER1029/010290123,nan
SPEAKER1029/010290152,nan
SPEAKER1029/010290179,nan
SPEAKER1029/010290189,nan
SPEAKER1029/010290229,nan
SPEAKER1029/010290236,nan
SPEAKER1029/010290252,nan
SPEAKER1029/010290260,nan
SPEAKER1029/010290276,nan
SPEAKER1029/010290287,nan
SPEAKER1029/010290294,nan
SPEAKER1029/010290320,nan
SPEAKER1029/010290330,nan
SPEAKER1029/010290341,nan
SPEAKER1029/010290361,nan
SPEAKER1029/010290362,nan
SPEAKER1030/010300003,nan
SPEAKER1030/010300105,nan
SPEAKER1030/010300106,nan
SPEAKER1030/010300123,nan
SPEAKER1030/010300128,nan
SPEAKER1030/010300133,nan
SPEAKER1030/010300153,nan
SPEAKER1030/010300157,nan
SPEAKER1030/010300159,nan
SPEAKER1030/010300169,nan
SPEAKER1030/010300194,nan
SPEAKER1030/010300216,nan
SPEAKER1030/010300217,nan
SPEAKER1030/010300236,nan
SPEAKER1030/010300275,nan
SPEAKER1030/010300282,nan
SPEAKER1030/010300298,nan
SPEAKER1030/010300316,nan
SPEAKER1030/010300325,nan
SPEAKER1030/010300328,nan
SPEAKER1033/010330026,nan
SPEAKER1033/010330033,nan
SPEAKER1033/010330035,nan
SPEAKER1033/010330052,nan
SPEAKER1033/010330053,nan
SPEAKER1033/010330085,nan
SPEAKER1033/010330103,nan
SPEAKER1033/010330129,nan
SPEAKER1033/010330139,nan
SPEAKER1033/010330147,nan
SPEAKER1033/010330197,nan
SPEAKER1033/010330206,nan
SPEAKER1033/010330235,nan
SPEAKER1033/010330241,nan
SPEAKER1033/010330257,nan
SPEAKER1033/010330268,nan
SPEAKER1033/010330277,nan
SPEAKER1033/010330325,nan
SPEAKER1033/010330345,nan
SPEAKER1033/010330346,nan
SPEAKER1037/010370025,nan
SPEAKER1037/010370070,nan
SPEAKER1037/010370099,nan
SPEAKER1037/010370102,nan
SPEAKER1037/010370131,nan
SPEAKER1037/010370140,nan
SPEAKER1037/010370202,nan
SPEAKER1037/010370204,nan
SPEAKER1037/010370216,nan
SPEAKER1037/010370217,nan
SPEAKER1037/010370232,nan
SPEAKER1037/010370234,nan
SPEAKER1037/010370246,nan
SPEAKER1037/010370251,nan
SPEAKER1037/010370253,nan
SPEAKER1037/010370265,nan
SPEAKER1037/010370290,nan
SPEAKER1037/010370309,nan
SPEAKER1037/010370352,nan
SPEAKER1037/010370380,nan
SPEAKER1039/010390004,nan
SPEAKER1039/010390027,nan
SPEAKER1039/010390039,nan
SPEAKER1039/010390041,nan
SPEAKER1039/010390064,nan
SPEAKER1039/010390126,nan
SPEAKER1039/010390166,nan
SPEAKER1039/010390170,nan
SPEAKER1039/010390175,nan
SPEAKER1039/010390183,nan
SPEAKER1039/010390189,nan
SPEAKER1039/010390216,nan
SPEAKER1039/010390218,nan
SPEAKER1039/010390244,nan
SPEAKER1039/010390257,nan
SPEAKER1039/010390269,nan
SPEAKER1039/010390285,nan
SPEAKER1039/010390303,nan
SPEAKER1039/010390341,nan
SPEAKER1039/010390366,nan
SPEAKER1042/010420022,nan
SPEAKER1042/010420023,nan
SPEAKER1042/010420025,nan
SPEAKER1042/010420034,nan
SPEAKER1042/010420040,nan
SPEAKER1042/010420047,nan
SPEAKER1042/010420059,nan
SPEAKER1042/010420060,nan
SPEAKER1042/010420064,nan
SPEAKER1042/010420102,nan
SPEAKER1042/010420105,nan
SPEAKER1042/010420107,nan
SPEAKER1042/010420129,nan
SPEAKER1042/010420133,nan
SPEAKER1042/010420134,nan
SPEAKER1042/010420143,nan
SPEAKER1042/010420151,nan
SPEAKER1042/010420157,nan
SPEAKER1042/010420167,nan
SPEAKER1042/010420175,nan
SPEAKER1044/010440006,nan
SPEAKER1044/010440008,nan
SPEAKER1044/010440012,nan
SPEAKER1044/010440017,nan
SPEAKER1044/010440038,nan
SPEAKER1044/010440039,nan
SPEAKER1044/010440053,nan
SPEAKER1044/010440064,nan
SPEAKER1044/010440077,nan
SPEAKER1044/010440093,nan
SPEAKER1044/010440099,nan
SPEAKER1044/010440106,nan
SPEAKER1044/010440107,nan
SPEAKER1044/010440117,nan
SPEAKER1044/010440119,nan
SPEAKER1044/010440120,nan
SPEAKER1044/010440127,nan
SPEAKER1044/010440149,nan
SPEAKER1044/010440150,nan
SPEAKER1044/010440154,nan
SPEAKER1046/010460017,nan
SPEAKER1046/010460020,nan
SPEAKER1046/010460030,nan
SPEAKER1046/010460034,nan
SPEAKER1046/010460041,nan
SPEAKER1046/010460050,nan
SPEAKER1046/010460053,nan
SPEAKER1046/010460061,nan
SPEAKER1046/010460066,nan
SPEAKER1046/010460079,nan
SPEAKER1046/010460088,nan
SPEAKER1046/010460111,nan
SPEAKER1046/010460114,nan
SPEAKER1046/010460120,nan
SPEAKER1046/010460149,nan
SPEAKER1046/010460152,nan
SPEAKER1046/010460153,nan
SPEAKER1046/010460155,nan
SPEAKER1046/010460158,nan
SPEAKER1046/010460162,nan
SPEAKER1050/010500012,nan
SPEAKER1050/010500018,nan
SPEAKER1050/010500028,nan
SPEAKER1050/010500058,nan
SPEAKER1050/010500071,nan
SPEAKER1050/010500073,nan
SPEAKER1050/010500083,nan
SPEAKER1050/010500085,nan
SPEAKER1050/010500089,nan
SPEAKER1050/010500090,nan
SPEAKER1050/010500100,nan
SPEAKER1050/010500108,nan
SPEAKER1050/010500110,nan
SPEAKER1050/010500113,nan
SPEAKER1050/010500131,nan
SPEAKER1050/010500147,nan
SPEAKER1050/010500149,nan
SPEAKER1050/010500152,nan
SPEAKER1050/010500163,nan
SPEAKER1050/010500167,nan
SPEAKER1061/010610015,nan
SPEAKER1061/010610017,nan
SPEAKER1061/010610024,nan
SPEAKER1061/010610025,nan
SPEAKER1061/010610035,nan
SPEAKER1061/010610057,nan
SPEAKER1061/010610067,nan
SPEAKER1061/010610069,nan
SPEAKER1061/010610073,nan
SPEAKER1061/010610080,nan
SPEAKER1061/010610087,nan
SPEAKER1061/010610094,nan
SPEAKER1061/010610099,nan
SPEAKER1061/010610102,nan
SPEAKER1061/010610113,nan
SPEAKER1061/010610114,nan
SPEAKER1061/010610129,nan
SPEAKER1061/010610151,nan
SPEAKER1061/010610165,nan
SPEAKER1061/010610171,nan
SPEAKER1064/010640005,nan
SPEAKER1064/010640017,nan
SPEAKER1064/010640028,nan
SPEAKER1064/010640034,nan
SPEAKER1064/010640036,nan
SPEAKER1064/010640056,nan
SPEAKER1064/010640082,nan
SPEAKER1064/010640098,nan
SPEAKER1064/010640166,nan
SPEAKER1064/010640210,nan
SPEAKER1064/010640212,nan
SPEAKER1064/010640242,nan
SPEAKER1064/010640250,nan
SPEAKER1064/010640277,nan
SPEAKER1064/010640280,nan
SPEAKER1064/010640284,nan
SPEAKER1064/010640286,nan
SPEAKER1064/010640297,nan
SPEAKER1064/010640314,nan
SPEAKER1064/010640366,nan
SPEAKER1075/010750002,nan
SPEAKER1075/010750003,nan
SPEAKER1075/010750010,nan
SPEAKER1075/010750011,nan
SPEAKER1075/010750021,nan
SPEAKER1075/010750024,nan
SPEAKER1075/010750026,nan
SPEAKER1075/010750035,nan
SPEAKER1075/010750043,nan
SPEAKER1075/010750060,nan
SPEAKER1075/010750062,nan
SPEAKER1075/010750072,nan
SPEAKER1075/010750094,nan
SPEAKER1075/010750097,nan
SPEAKER1075/010750099,nan
SPEAKER1075/010750102,nan
SPEAKER1075/010750104,nan
SPEAKER1075/010750117,nan
SPEAKER1075/010750163,nan
SPEAKER1075/010750168,nan
SPEAKER1092/010920012,nan
SPEAKER1092/010920024,nan
SPEAKER1092/010920025,nan
SPEAKER1092/010920030,nan
SPEAKER1092/010920032,nan
SPEAKER1092/010920033,nan
SPEAKER1092/010920043,nan
SPEAKER1092/010920044,nan
SPEAKER1092/010920065,nan
SPEAKER1092/010920070,nan
SPEAKER1092/010920075,nan
SPEAKER1092/010920101,nan
SPEAKER1092/010920105,nan
SPEAKER1092/010920125,nan
SPEAKER1092/010920126,nan
SPEAKER1092/010920138,nan
SPEAKER1092/010920141,nan
SPEAKER1092/010920153,nan
SPEAKER1092/010920159,nan
SPEAKER1092/010920165,nan
SPEAKER1099/010990020,nan
SPEAKER1099/010990048,nan
SPEAKER1099/010990060,nan
SPEAKER1099/010990063,nan
SPEAKER1099/010990082,nan
SPEAKER1099/010990087,nan
SPEAKER1099/010990123,nan
SPEAKER1099/010990139,nan
SPEAKER1099/010990162,nan
SPEAKER1099/010990165,nan
SPEAKER1099/010990188,nan
SPEAKER1099/010990202,nan
SPEAKER1099/010990218,nan
SPEAKER1099/010990239,nan
SPEAKER1099/010990260,nan
SPEAKER1099/010990267,nan
SPEAKER1099/010990276,nan
SPEAKER1099/010990279,nan
SPEAKER1099/010990291,nan
SPEAKER1099/010990313,nan
SPEAKER1109/011090011,nan
SPEAKER1109/011090020,nan
SPEAKER1109/011090034,nan
SPEAKER1109/011090089,nan
SPEAKER1109/011090140,nan
SPEAKER1109/011090154,nan
SPEAKER1109/011090184,nan
SPEAKER1109/011090220,nan
SPEAKER1109/011090235,nan
SPEAKER1109/011090246,nan
SPEAKER1109/011090273,nan
SPEAKER1109/011090277,nan
SPEAKER1109/011090292,nan
SPEAKER1109/011090295,nan
SPEAKER1109/011090320,nan
SPEAKER1109/011090329,nan
SPEAKER1109/011090333,nan
SPEAKER1109/011090334,nan
SPEAKER1109/011090335,nan
SPEAKER1109/011090359,nan
SPEAKER1135/011350001,nan
SPEAKER1135/011350026,nan
SPEAKER1135/011350027,nan
SPEAKER1135/011350064,nan
SPEAKER1135/011350116,nan
SPEAKER1135/011350141,nan
SPEAKER1135/011350158,nan
SPEAKER1135/011350173,nan
SPEAKER1135/011350190,nan
SPEAKER1135/011350215,nan
SPEAKER1135/011350218,nan
SPEAKER1135/011350221,nan
SPEAKER1135/011350225,nan
SPEAKER1135/011350249,nan
SPEAKER1135/011350257,nan
SPEAKER1135/011350290,nan
SPEAKER1135/011350303,nan
SPEAKER1135/011350318,nan
SPEAKER1135/011350345,nan
SPEAKER1135/011350374,nan
SPEAKER1156/011560005,nan
SPEAKER1156/011560058,nan
SPEAKER1156/011560063,nan
SPEAKER1156/011560068,nan
SPEAKER1156/011560072,nan
SPEAKER1156/011560075,nan
SPEAKER1156/011560086,nan
SPEAKER1156/011560100,nan
SPEAKER1156/011560117,nan
SPEAKER1156/011560184,nan
SPEAKER1156/011560192,nan
SPEAKER1156/011560202,nan
SPEAKER1156/011560257,nan
SPEAKER1156/011560269,nan
SPEAKER1156/011560275,nan
SPEAKER1156/011560289,nan
SPEAKER1156/011560320,nan
SPEAKER1156/011560353,nan
SPEAKER1156/011560354,nan
SPEAKER1156/011560372,nan
SPEAKER1181/011810063,nan
SPEAKER1181/011810067,nan
SPEAKER1181/011810133,nan
SPEAKER1181/011810162,nan
SPEAKER1181/011810168,nan
SPEAKER1181/011810173,nan
SPEAKER1181/011810184,nan
SPEAKER1181/011810197,nan
SPEAKER1181/011810206,nan
SPEAKER1181/011810213,nan
SPEAKER1181/011810214,nan
SPEAKER1181/011810222,nan
SPEAKER1181/011810246,nan
SPEAKER1181/011810247,nan
SPEAKER1181/011810279,nan
SPEAKER1181/011810280,nan
SPEAKER1181/011810284,nan
SPEAKER1181/011810314,nan
SPEAKER1181/011810334,nan
SPEAKER1181/011810377,nan
SPEAKER1186/011860256,nan
SPEAKER1186/011860263,nan
SPEAKER1186/011860264,nan
SPEAKER1186/011860284,nan
SPEAKER1186/011860285,nan
SPEAKER1186/011860287,nan
SPEAKER1186/011860292,nan
SPEAKER1186/011860298,nan
SPEAKER1186/011860301,nan
SPEAKER1186/011860308,nan
SPEAKER1186/011860317,nan
SPEAKER1186/011860332,nan
SPEAKER1186/011860335,nan
SPEAKER1186/011860346,nan
SPEAKER1186/011860359,nan
SPEAKER1186/011860361,nan
SPEAKER1186/011860363,nan
SPEAKER1186/011860372,nan
SPEAKER1186/011860373,nan
SPEAKER1186/011860377,nan
SPEAKER1197/011970004,nan
SPEAKER1197/011970006,nan
SPEAKER1197/011970019,nan
SPEAKER1197/011970023,nan
SPEAKER1197/011970036,nan
SPEAKER1197/011970042,nan
SPEAKER1197/011970075,nan
SPEAKER1197/011970081,nan
SPEAKER1197/011970087,nan
SPEAKER1197/011970088,nan
SPEAKER1197/011970092,nan
SPEAKER1197/011970095,nan
SPEAKER1197/011970107,nan
SPEAKER1197/011970132,nan
SPEAKER1197/011970141,nan
SPEAKER1197/011970142,nan
SPEAKER1197/011970145,nan
SPEAKER1197/011970165,nan
SPEAKER1197/011970173,nan
SPEAKER1197/011970175,nan
SPEAKER1203/012030007,nan
SPEAKER1203/012030010,nan
SPEAKER1203/012030013,nan
SPEAKER1203/012030024,nan
SPEAKER1203/012030027,nan
SPEAKER1203/012030031,nan
SPEAKER1203/012030032,nan
SPEAKER1203/012030036,nan
SPEAKER1203/012030043,nan
SPEAKER1203/012030044,nan
SPEAKER1203/012030053,nan
SPEAKER1203/012030055,nan
SPEAKER1203/012030058,nan
SPEAKER1203/012030072,nan
SPEAKER1203/012030078,nan
SPEAKER1203/012030083,nan
SPEAKER1203/012030093,nan
SPEAKER1203/012030097,nan
SPEAKER1203/012030116,nan
SPEAKER1203/012030138,nan
SPEAKER1228/012280016,nan
SPEAKER1228/012280033,nan
SPEAKER1228/012280053,nan
SPEAKER1228/012280054,nan
SPEAKER1228/012280161,nan
SPEAKER1228/012280173,nan
SPEAKER1228/012280198,nan
SPEAKER1228/012280201,nan
SPEAKER1228/012280206,nan
SPEAKER1228/012280243,nan
SPEAKER1228/012280261,nan
SPEAKER1228/012280262,nan
SPEAKER1228/012280276,nan
SPEAKER1228/012280288,nan
SPEAKER1228/012280308,nan
SPEAKER1228/012280343,nan
SPEAKER1228/012280345,nan
SPEAKER1228/012280355,nan
SPEAKER1228/012280366,nan
SPEAKER1228/012280375,nan
SPEAKER1260/012600017,nan
SPEAKER1260/012600072,nan
SPEAKER1260/012600082,nan
SPEAKER1260/012600129,nan
SPEAKER1260/012600131,nan
SPEAKER1260/012600177,nan
SPEAKER1260/012600186,nan
SPEAKER1260/012600210,nan
SPEAKER1260/012600219,nan
SPEAKER1260/012600224,nan
SPEAKER1260/012600251,nan
SPEAKER1260/012600252,nan
SPEAKER1260/012600263,nan
SPEAKER1260/012600281,nan
SPEAKER1260/012600295,nan
SPEAKER1260/012600330,nan
SPEAKER1260/012600338,nan
SPEAKER1260/012600345,nan
SPEAKER1260/012600357,nan
SPEAKER1260/012600368,nan
SPEAKER1292/012920007,nan
SPEAKER1292/012920027,nan
SPEAKER1292/012920054,nan
SPEAKER1292/012920062,nan
SPEAKER1292/012920073,nan
SPEAKER1292/012920085,nan
SPEAKER1292/012920110,nan
SPEAKER1292/012920121,nan
SPEAKER1292/012920143,nan
SPEAKER1292/012920146,nan
SPEAKER1292/012920155,nan
SPEAKER1292/012920158,nan
SPEAKER1292/012920214,nan
SPEAKER1292/012920254,nan
SPEAKER1292/012920259,nan
SPEAKER1292/012920268,nan
SPEAKER1292/012920270,nan
SPEAKER1292/012920299,nan
SPEAKER1292/012920301,nan
SPEAKER1292/012920368,nan
SPEAKER1293/012930008,nan
SPEAKER1293/012930012,nan
SPEAKER1293/012930028,nan
SPEAKER1293/012930036,nan
SPEAKER1293/012930037,nan
SPEAKER1293/012930040,nan
SPEAKER1293/012930051,nan
SPEAKER1293/012930067,nan
SPEAKER1293/012930079,nan
SPEAKER1293/012930097,nan
SPEAKER1293/012930114,nan
SPEAKER1293/012930127,nan
SPEAKER1293/012930139,nan
SPEAKER1293/012930155,nan
SPEAKER1293/012930195,nan
SPEAKER1293/012930225,nan
SPEAKER1293/012930240,nan
SPEAKER1293/012930261,nan
SPEAKER1293/012930266,nan
SPEAKER1293/012930315,nan
SPEAKER1309/013090018,nan
SPEAKER1309/013090027,nan
SPEAKER1309/013090041,nan
SPEAKER1309/013090051,nan
SPEAKER1309/013090076,nan
SPEAKER1309/013090105,nan
SPEAKER1309/013090128,nan
SPEAKER1309/013090147,nan
SPEAKER1309/013090148,nan
SPEAKER1309/013090160,nan
SPEAKER1309/013090179,nan
SPEAKER1309/013090181,nan
SPEAKER1309/013090184,nan
SPEAKER1309/013090185,nan
SPEAKER1309/013090202,nan
SPEAKER1309/013090232,nan
SPEAKER1309/013090267,nan
SPEAKER1309/013090287,nan
SPEAKER1309/013090339,nan
SPEAKER1309/013090364,nan
SPEAKER1334/013340007,nan
SPEAKER1334/013340034,nan
SPEAKER1334/013340046,nan
SPEAKER1334/013340091,nan
SPEAKER1334/013340137,nan
SPEAKER1334/013340147,nan
SPEAKER1334/013340159,nan
SPEAKER1334/013340204,nan
SPEAKER1334/013340217,nan
SPEAKER1334/013340243,nan
SPEAKER1334/013340245,nan
SPEAKER1334/013340255,nan
SPEAKER1334/013340259,nan
SPEAKER1334/013340277,nan
SPEAKER1334/013340291,nan
SPEAKER1334/013340297,nan
SPEAKER1334/013340313,nan
SPEAKER1334/013340345,nan
SPEAKER1334/013340375,nan
SPEAKER1334/013340378,nan
SPEAKER1336/013360001,nan
SPEAKER1336/013360002,nan
SPEAKER1336/013360016,nan
SPEAKER1336/013360082,nan
SPEAKER1336/013360123,nan
SPEAKER1336/013360130,nan
SPEAKER1336/013360140,nan
SPEAKER1336/013360145,nan
SPEAKER1336/013360146,nan
SPEAKER1336/013360161,nan
SPEAKER1336/013360162,nan
SPEAKER1336/013360171,nan
SPEAKER1336/013360226,nan
SPEAKER1336/013360234,nan
SPEAKER1336/013360235,nan
SPEAKER1336/013360257,nan
SPEAKER1336/013360263,nan
SPEAKER1336/013360268,nan
SPEAKER1336/013360360,nan
SPEAKER1336/013360363,nan
SPEAKER1362/013620027,nan
SPEAKER1362/013620030,nan
SPEAKER1362/013620106,nan
SPEAKER1362/013620108,nan
SPEAKER1362/013620128,nan
SPEAKER1362/013620137,nan
SPEAKER1362/013620140,nan
SPEAKER1362/013620143,nan
SPEAKER1362/013620146,nan
SPEAKER1362/013620162,nan
SPEAKER1362/013620175,nan
SPEAKER1362/013620184,nan
SPEAKER1362/013620185,nan
SPEAKER1362/013620210,nan
SPEAKER1362/013620241,nan
SPEAKER1362/013620257,nan
SPEAKER1362/013620258,nan
SPEAKER1362/013620292,nan
SPEAKER1362/013620361,nan
SPEAKER1362/013620366,nan
SPEAKER1372/013720023,nan
SPEAKER1372/013720051,nan
SPEAKER1372/013720070,nan
SPEAKER1372/013720082,nan
SPEAKER1372/013720140,nan
SPEAKER1372/013720152,nan
SPEAKER1372/013720153,nan
SPEAKER1372/013720167,nan
SPEAKER1372/013720182,nan
SPEAKER1372/013720189,nan
SPEAKER1372/013720198,nan
SPEAKER1372/013720199,nan
SPEAKER1372/013720201,nan
SPEAKER1372/013720215,nan
SPEAKER1372/013720233,nan
SPEAKER1372/013720256,nan
SPEAKER1372/013720274,nan
SPEAKER1372/013720275,nan
SPEAKER1372/013720311,nan
SPEAKER1372/013720360,nan
SPEAKER1404/014040005,nan
SPEAKER1404/014040013,nan
SPEAKER1404/014040027,nan
SPEAKER1404/014040028,nan
SPEAKER1404/014040052,nan
SPEAKER1404/014040072,nan
SPEAKER1404/014040081,nan
SPEAKER1404/014040088,nan
SPEAKER1404/014040089,nan
SPEAKER1404/014040090,nan
SPEAKER1404/014040096,nan
SPEAKER1404/014040097,nan
SPEAKER1404/014040109,nan
SPEAKER1404/014040111,nan
SPEAKER1404/014040122,nan
SPEAKER1404/014040124,nan
SPEAKER1404/014040145,nan
SPEAKER1404/014040148,nan
SPEAKER1404/014040152,nan
SPEAKER1404/014040155,nan
SPEAKER1407/014070040,nan
SPEAKER1407/014070080,nan
SPEAKER1407/014070092,nan
SPEAKER1407/014070101,nan
SPEAKER1407/014070159,nan
SPEAKER1407/014070207,nan
SPEAKER1407/014070217,nan
SPEAKER1407/014070239,nan
SPEAKER1407/014070248,nan
SPEAKER1407/014070265,nan
SPEAKER1407/014070270,nan
SPEAKER1407/014070281,nan
SPEAKER1407/014070297,nan
SPEAKER1407/014070304,nan
SPEAKER1407/014070308,nan
SPEAKER1407/014070336,nan
SPEAKER1407/014070341,nan
SPEAKER1407/014070343,nan
SPEAKER1407/014070349,nan
SPEAKER1407/014070358,nan
SPEAKER1408/014080008,nan
SPEAKER1408/014080073,nan
SPEAKER1408/014080091,nan
SPEAKER1408/014080103,nan
SPEAKER1408/014080117,nan
SPEAKER1408/014080134,nan
SPEAKER1408/014080149,nan
SPEAKER1408/014080178,nan
SPEAKER1408/014080201,nan
SPEAKER1408/014080243,nan
SPEAKER1408/014080270,nan
SPEAKER1408/014080279,nan
SPEAKER1408/014080301,nan
SPEAKER1408/014080333,nan
SPEAKER1408/014080336,nan
SPEAKER1408/014080337,nan
SPEAKER1408/014080339,nan
SPEAKER1408/014080358,nan
SPEAKER1408/014080361,nan
SPEAKER1408/014080362,nan
SPEAKER1418/014180002,nan
SPEAKER1418/014180008,nan
SPEAKER1418/014180011,nan
SPEAKER1418/014180013,nan
SPEAKER1418/014180044,nan
SPEAKER1418/014180051,nan
SPEAKER1418/014180063,nan
SPEAKER1418/014180077,nan
SPEAKER1418/014180084,nan
SPEAKER1418/014180088,nan
SPEAKER1418/014180100,nan
SPEAKER1418/014180131,nan
SPEAKER1418/014180139,nan
SPEAKER1418/014180143,nan
SPEAKER1418/014180150,nan
SPEAKER1418/014180155,nan
SPEAKER1418/014180158,nan
SPEAKER1418/014180160,nan
SPEAKER1418/014180165,nan
SPEAKER1418/014180166,nan
SPEAKER1419/014190006,nan
SPEAKER1419/014190025,nan
SPEAKER1419/014190027,nan
SPEAKER1419/014190030,nan
SPEAKER1419/014190055,nan
SPEAKER1419/014190059,nan
SPEAKER1419/014190060,nan
SPEAKER1419/014190062,nan
SPEAKER1419/014190064,nan
SPEAKER1419/014190071,nan
SPEAKER1419/014190073,nan
SPEAKER1419/014190081,nan
SPEAKER1419/014190088,nan
SPEAKER1419/014190095,nan
SPEAKER1419/014190098,nan
SPEAKER1419/014190107,nan
SPEAKER1419/014190108,nan
SPEAKER1419/014190114,nan
SPEAKER1419/014190128,nan
SPEAKER1419/014190172,nan
SPEAKER1420/014200011,nan
SPEAKER1420/014200060,nan
SPEAKER1420/014200076,nan
SPEAKER1420/014200086,nan
SPEAKER1420/014200087,nan
SPEAKER1420/014200124,nan
SPEAKER1420/014200161,nan
SPEAKER1420/014200177,nan
SPEAKER1420/014200206,nan
SPEAKER1420/014200207,nan
SPEAKER1420/014200229,nan
SPEAKER1420/014200238,nan
SPEAKER1420/014200246,nan
SPEAKER1420/014200272,nan
SPEAKER1420/014200295,nan
SPEAKER1420/014200296,nan
SPEAKER1420/014200339,nan
SPEAKER1420/014200342,nan
SPEAKER1420/014200353,nan
SPEAKER1420/014200357,nan
SPEAKER1422/014220001,nan
SPEAKER1422/014220003,nan
SPEAKER1422/014220021,nan
SPEAKER1422/014220027,nan
SPEAKER1422/014220038,nan
SPEAKER1422/014220044,nan
SPEAKER1422/014220048,nan
SPEAKER1422/014220058,nan
SPEAKER1422/014220066,nan
SPEAKER1422/014220068,nan
SPEAKER1422/014220070,nan
SPEAKER1422/014220081,nan
SPEAKER1422/014220087,nan
SPEAKER1422/014220102,nan
SPEAKER1422/014220115,nan
SPEAKER1422/014220140,nan
SPEAKER1422/014220142,nan
SPEAKER1422/014220159,nan
SPEAKER1422/014220160,nan
SPEAKER1422/014220167,nan
SPEAKER1435/014350004,nan
SPEAKER1435/014350012,nan
SPEAKER1435/014350016,nan
SPEAKER1435/014350017,nan
SPEAKER1435/014350018,nan
SPEAKER1435/014350020,nan
SPEAKER1435/014350022,nan
SPEAKER1435/014350028,nan
SPEAKER1435/014350085,nan
SPEAKER1435/014350094,nan
SPEAKER1435/014350103,nan
SPEAKER1435/014350110,nan
SPEAKER1435/014350127,nan
SPEAKER1435/014350133,nan
SPEAKER1435/014350146,nan
SPEAKER1435/014350153,nan
SPEAKER1435/014350157,nan
SPEAKER1435/014350158,nan
SPEAKER1435/014350163,nan
SPEAKER1435/014350165,nan
SPEAKER1439/014390008,nan
SPEAKER1439/014390009,nan
SPEAKER1439/014390045,nan
SPEAKER1439/014390051,nan
SPEAKER1439/014390052,nan
SPEAKER1439/014390057,nan
SPEAKER1439/014390064,nan
SPEAKER1439/014390068,nan
SPEAKER1439/014390076,nan
SPEAKER1439/014390086,nan
SPEAKER1439/014390090,nan
SPEAKER1439/014390117,nan
SPEAKER1439/014390124,nan
SPEAKER1439/014390133,nan
SPEAKER1439/014390134,nan
SPEAKER1439/014390135,nan
SPEAKER1439/014390143,nan
SPEAKER1439/014390154,nan
SPEAKER1439/014390156,nan
SPEAKER1439/014390163,nan
SPEAKER1447/014470007,nan
SPEAKER1447/014470017,nan
SPEAKER1447/014470026,nan
SPEAKER1447/014470028,nan
SPEAKER1447/014470031,nan
SPEAKER1447/014470038,nan
SPEAKER1447/014470039,nan
SPEAKER1447/014470048,nan
SPEAKER1447/014470053,nan
SPEAKER1447/014470060,nan
SPEAKER1447/014470063,nan
SPEAKER1447/014470072,nan
SPEAKER1447/014470084,nan
SPEAKER1447/014470100,nan
SPEAKER1447/014470109,nan
SPEAKER1447/014470124,nan
SPEAKER1447/014470140,nan
SPEAKER1447/014470141,nan
SPEAKER1447/014470149,nan
SPEAKER1447/014470150,nan
SPEAKER1465/014650011,nan
SPEAKER1465/014650023,nan
SPEAKER1465/014650032,nan
SPEAKER1465/014650037,nan
SPEAKER1465/014650038,nan
SPEAKER1465/014650040,nan
SPEAKER1465/014650041,nan
SPEAKER1465/014650043,nan
SPEAKER1465/014650047,nan
SPEAKER1465/014650058,nan
SPEAKER1465/014650059,nan
SPEAKER1465/014650063,nan
SPEAKER1465/014650085,nan
SPEAKER1465/014650087,nan
SPEAKER1465/014650088,nan
SPEAKER1465/014650108,nan
SPEAKER1465/014650113,nan
SPEAKER1465/014650125,nan
SPEAKER1465/014650145,nan
SPEAKER1465/014650164,nan
SPEAKER1469/014690004,nan
SPEAKER1469/014690006,nan
SPEAKER1469/014690018,nan
SPEAKER1469/014690020,nan
SPEAKER1469/014690047,nan
SPEAKER1469/014690048,nan
SPEAKER1469/014690050,nan
SPEAKER1469/014690055,nan
SPEAKER1469/014690062,nan
SPEAKER1469/014690067,nan
SPEAKER1469/014690074,nan
SPEAKER1469/014690082,nan
SPEAKER1469/014690110,nan
SPEAKER1469/014690113,nan
SPEAKER1469/014690121,nan
SPEAKER1469/014690125,nan
SPEAKER1469/014690136,nan
SPEAKER1469/014690144,nan
SPEAKER1469/014690150,nan
SPEAKER1469/014690167,nan
SPEAKER1501/015010004,nan
SPEAKER1501/015010014,nan
SPEAKER1501/015010033,nan
SPEAKER1501/015010038,nan
SPEAKER1501/015010041,nan
SPEAKER1501/015010079,nan
SPEAKER1501/015010087,nan
SPEAKER1501/015010094,nan
SPEAKER1501/015010097,nan
SPEAKER1501/015010103,nan
SPEAKER1501/015010115,nan
SPEAKER1501/015010121,nan
SPEAKER1501/015010125,nan
SPEAKER1501/015010137,nan
SPEAKER1501/015010145,nan
SPEAKER1501/015010151,nan
SPEAKER1501/015010156,nan
SPEAKER1501/015010159,nan
SPEAKER1501/015010169,nan
SPEAKER1501/015010170,nan
SPEAKER1502/015020001,nan
SPEAKER1502/015020007,nan
SPEAKER1502/015020010,nan
SPEAKER1502/015020012,nan
SPEAKER1502/015020017,nan
SPEAKER1502/015020022,nan
SPEAKER1502/015020029,nan
SPEAKER1502/015020045,nan
SPEAKER1502/015020061,nan
SPEAKER1502/015020065,nan
SPEAKER1502/015020070,nan
SPEAKER1502/015020088,nan
SPEAKER1502/015020097,nan
SPEAKER1502/015020099,nan
SPEAKER1502/015020101,nan
SPEAKER1502/015020113,nan
SPEAKER1502/015020126,nan
SPEAKER1502/015020136,nan
SPEAKER1502/015020161,nan
SPEAKER1502/015020162,nan
SPEAKER1503/015030001,nan
SPEAKER1503/015030005,nan
SPEAKER1503/015030006,nan
SPEAKER1503/015030010,nan
SPEAKER1503/015030015,nan
SPEAKER1503/015030027,nan
SPEAKER1503/015030030,nan
SPEAKER1503/015030041,nan
SPEAKER1503/015030067,nan
SPEAKER1503/015030077,nan
SPEAKER1503/015030082,nan
SPEAKER1503/015030106,nan
SPEAKER1503/015030109,nan
SPEAKER1503/015030115,nan
SPEAKER1503/015030118,nan
SPEAKER1503/015030122,nan
SPEAKER1503/015030125,nan
SPEAKER1503/015030133,nan
SPEAKER1503/015030142,nan
SPEAKER1503/015030150,nan
SPEAKER2002/020020015,nan
SPEAKER2002/020020032,nan
SPEAKER2002/020020094,nan
SPEAKER2002/020020108,nan
SPEAKER2002/020020123,nan
SPEAKER2002/020020174,nan
SPEAKER2002/020020181,nan
SPEAKER2002/020020185,nan
SPEAKER2002/020020204,nan
SPEAKER2002/020020206,nan
SPEAKER2002/020020208,nan
SPEAKER2002/020020220,nan
SPEAKER2002/020020278,nan
SPEAKER2002/020020285,nan
SPEAKER2002/020020295,nan
SPEAKER2002/020020303,nan
SPEAKER2002/020020348,nan
SPEAKER2002/020020357,nan
SPEAKER2002/020020361,nan
SPEAKER2002/020020377,nan
SPEAKER2007/020070039,nan
SPEAKER2007/020070050,nan
SPEAKER2007/020070065,nan
SPEAKER2007/020070066,nan
SPEAKER2007/020070070,nan
SPEAKER2007/020070079,nan
SPEAKER2007/020070081,nan
SPEAKER2007/020070083,nan
SPEAKER2007/020070086,nan
SPEAKER2007/020070091,nan
SPEAKER2007/020070095,nan
SPEAKER2007/020070105,nan
SPEAKER2007/020070132,nan
SPEAKER2007/020070146,nan
SPEAKER2007/020070152,nan
SPEAKER2007/020070153,nan
SPEAKER2007/020070154,nan
SPEAKER2007/020070157,nan
SPEAKER2007/020070165,nan
SPEAKER2007/020070166,nan
SPEAKER2014/020140004,nan
SPEAKER2014/020140014,nan
SPEAKER2014/020140028,nan
SPEAKER2014/020140032,nan
SPEAKER2014/020140036,nan
SPEAKER2014/020140041,nan
SPEAKER2014/020140045,nan
SPEAKER2014/020140048,nan
SPEAKER2014/020140055,nan
SPEAKER2014/020140059,nan
SPEAKER2014/020140074,nan
SPEAKER2014/020140083,nan
SPEAKER2014/020140087,nan
SPEAKER2014/020140096,nan
SPEAKER2014/020140099,nan
SPEAKER2014/020140114,nan
SPEAKER2014/020140117,nan
SPEAKER2014/020140121,nan
SPEAKER2014/020140133,nan
SPEAKER2014/020140173,nan
SPEAKER2016/020160042,nan
SPEAKER2016/020160068,nan
SPEAKER2016/020160093,nan
SPEAKER2016/020160128,nan
SPEAKER2016/020160131,nan
SPEAKER2016/020160132,nan
SPEAKER2016/020160151,nan
SPEAKER2016/020160171,nan
SPEAKER2016/020160178,nan
SPEAKER2016/020160207,nan
SPEAKER2016/020160222,nan
SPEAKER2016/020160245,nan
SPEAKER2016/020160264,nan
SPEAKER2016/020160295,nan
SPEAKER2016/020160312,nan
SPEAKER2016/020160318,nan
SPEAKER2016/020160335,nan
SPEAKER2016/020160344,nan
SPEAKER2016/020160347,nan
SPEAKER2016/020160371,nan
SPEAKER2022/020220021,nan
SPEAKER2022/020220023,nan
SPEAKER2022/020220033,nan
SPEAKER2022/020220048,nan
SPEAKER2022/020220056,nan
SPEAKER2022/020220060,nan
SPEAKER2022/020220072,nan
SPEAKER2022/020220091,nan
SPEAKER2022/020220120,nan
SPEAKER2022/020220122,nan
SPEAKER2022/020220139,nan
SPEAKER2022/020220141,nan
SPEAKER2022/020220176,nan
SPEAKER2022/020220200,nan
SPEAKER2022/020220221,nan
SPEAKER2022/020220232,nan
SPEAKER2022/020220259,nan
SPEAKER2022/020220264,nan
SPEAKER2022/020220295,nan
SPEAKER2022/020220366,nan
SPEAKER2027/020270001,nan
SPEAKER2027/020270005,nan
SPEAKER2027/020270020,nan
SPEAKER2027/020270030,nan
SPEAKER2027/020270042,nan
SPEAKER2027/020270048,nan
SPEAKER2027/020270049,nan
SPEAKER2027/020270077,nan
SPEAKER2027/020270087,nan
SPEAKER2027/020270108,nan
SPEAKER2027/020270113,nan
SPEAKER2027/020270136,nan
SPEAKER2027/020270142,nan
SPEAKER2027/020270146,nan
SPEAKER2027/020270161,nan
SPEAKER2027/020270167,nan
SPEAKER2027/020270168,nan
SPEAKER2027/020270170,nan
SPEAKER2027/020270171,nan
SPEAKER2027/020270174,nan
SPEAKER2030/020300005,nan
SPEAKER2030/020300012,nan
SPEAKER2030/020300017,nan
SPEAKER2030/020300020,nan
SPEAKER2030/020300044,nan
SPEAKER2030/020300053,nan
SPEAKER2030/020300056,nan
SPEAKER2030/020300057,nan
SPEAKER2030/020300059,nan
SPEAKER2030/020300065,nan
SPEAKER2030/020300073,nan
SPEAKER2030/020300083,nan
SPEAKER2030/020300097,nan
SPEAKER2030/020300121,nan
SPEAKER2030/020300132,nan
SPEAKER2030/020300143,nan
SPEAKER2030/020300147,nan
SPEAKER2030/020300156,nan
SPEAKER2030/020300171,nan
SPEAKER2030/020300173,nan
SPEAKER2031/020310032,nan
SPEAKER2031/020310042,nan
SPEAKER2031/020310075,nan
SPEAKER2031/020310085,nan
SPEAKER2031/020310112,nan
SPEAKER2031/020310114,nan
SPEAKER2031/020310133,nan
SPEAKER2031/020310141,nan
SPEAKER2031/020310148,nan
SPEAKER2031/020310151,nan
SPEAKER2031/020310154,nan
SPEAKER2031/020310174,nan
SPEAKER2031/020310219,nan
SPEAKER2031/020310273,nan
SPEAKER2031/020310281,nan
SPEAKER2031/020310295,nan
SPEAKER2031/020310297,nan
SPEAKER2031/020310322,nan
SPEAKER2031/020310335,nan
SPEAKER2031/020310376,nan
SPEAKER2034/020340016,nan
SPEAKER2034/020340019,nan
SPEAKER2034/020340029,nan
SPEAKER2034/020340043,nan
SPEAKER2034/020340055,nan
SPEAKER2034/020340056,nan
SPEAKER2034/020340063,nan
SPEAKER2034/020340065,nan
SPEAKER2034/020340071,nan
SPEAKER2034/020340096,nan
SPEAKER2034/020340098,nan
SPEAKER2034/020340109,nan
SPEAKER2034/020340113,nan
SPEAKER2034/020340124,nan
SPEAKER2034/020340140,nan
SPEAKER2034/020340144,nan
SPEAKER2034/020340156,nan
SPEAKER2034/020340162,nan
SPEAKER2034/020340166,nan
SPEAKER2034/020340169,nan
SPEAKER2036/020360017,nan
SPEAKER2036/020360019,nan
SPEAKER2036/020360036,nan
SPEAKER2036/020360055,nan
SPEAKER2036/020360089,nan
SPEAKER2036/020360097,nan
SPEAKER2036/020360100,nan
SPEAKER2036/020360131,nan
SPEAKER2036/020360136,nan
SPEAKER2036/020360143,nan
SPEAKER2036/020360202,nan
SPEAKER2036/020360211,nan
SPEAKER2036/020360220,nan
SPEAKER2036/020360228,nan
SPEAKER2036/020360245,nan
SPEAKER2036/020360299,nan
SPEAKER2036/020360301,nan
SPEAKER2036/020360302,nan
SPEAKER2036/020360312,nan
SPEAKER2036/020360329,nan
SPEAKER2059/020590022,nan
SPEAKER2059/020590026,nan
SPEAKER2059/020590047,nan
SPEAKER2059/020590077,nan
SPEAKER2059/020590103,nan
SPEAKER2059/020590121,nan
SPEAKER2059/020590122,nan
SPEAKER2059/020590123,nan
SPEAKER2059/020590144,nan
SPEAKER2059/020590151,nan
SPEAKER2059/020590164,nan
SPEAKER2059/020590181,nan
SPEAKER2059/020590228,nan
SPEAKER2059/020590265,nan
SPEAKER2059/020590274,nan
SPEAKER2059/020590276,nan
SPEAKER2059/020590290,nan
SPEAKER2059/020590322,nan
SPEAKER2059/020590359,nan
SPEAKER2059/020590376,nan
SPEAKER2061/020610010,nan
SPEAKER2061/020610014,nan
SPEAKER2061/020610061,nan
SPEAKER2061/020610090,nan
SPEAKER2061/020610122,nan
SPEAKER2061/020610134,nan
SPEAKER2061/020610166,nan
SPEAKER2061/020610168,nan
SPEAKER2061/020610174,nan
SPEAKER2061/020610175,nan
SPEAKER2061/020610194,nan
SPEAKER2061/020610201,nan
SPEAKER2061/020610206,nan
SPEAKER2061/020610207,nan
SPEAKER2061/020610291,nan
SPEAKER2061/020610302,nan
SPEAKER2061/020610316,nan
SPEAKER2061/020610328,nan
SPEAKER2061/020610341,nan
SPEAKER2061/020610343,nan
SPEAKER2089/020890003,nan
SPEAKER2089/020890037,nan
SPEAKER2089/020890112,nan
SPEAKER2089/020890134,nan
SPEAKER2089/020890156,nan
SPEAKER2089/020890165,nan
SPEAKER2089/020890206,nan
SPEAKER2089/020890207,nan
SPEAKER2089/020890215,nan
SPEAKER2089/020890219,nan
SPEAKER2089/020890259,nan
SPEAKER2089/020890260,nan
SPEAKER2089/020890267,nan
SPEAKER2089/020890274,nan
SPEAKER2089/020890306,nan
SPEAKER2089/020890313,nan
SPEAKER2089/020890326,nan
SPEAKER2089/020890340,nan
SPEAKER2089/020890346,nan
SPEAKER2089/020890371,nan
SPEAKER2112/021120025,nan
SPEAKER2112/021120059,nan
SPEAKER2112/021120074,nan
SPEAKER2112/021120075,nan
SPEAKER2112/021120085,nan
SPEAKER2112/021120108,nan
SPEAKER2112/021120135,nan
SPEAKER2112/021120151,nan
SPEAKER2112/021120161,nan
SPEAKER2112/021120164,nan
SPEAKER2112/021120171,nan
SPEAKER2112/021120187,nan
SPEAKER2112/021120232,nan
SPEAKER2112/021120233,nan
SPEAKER2112/021120250,nan
SPEAKER2112/021120256,nan
SPEAKER2112/021120296,nan
SPEAKER2112/021120309,nan
SPEAKER2112/021120321,nan
SPEAKER2112/021120354,nan
SPEAKER2116/021160002,nan
SPEAKER2116/021160027,nan
SPEAKER2116/021160075,nan
SPEAKER2116/021160080,nan
SPEAKER2116/021160089,nan
SPEAKER2116/021160090,nan
SPEAKER2116/021160120,nan
SPEAKER2116/021160134,nan
SPEAKER2116/021160185,nan
SPEAKER2116/021160188,nan
SPEAKER2116/021160195,nan
SPEAKER2116/021160198,nan
SPEAKER2116/021160203,nan
SPEAKER2116/021160207,nan
SPEAKER2116/021160212,nan
SPEAKER2116/021160232,nan
SPEAKER2116/021160249,nan
SPEAKER2116/021160303,nan
SPEAKER2116/021160310,nan
SPEAKER2116/021160326,nan
SPEAKER2129/021290009,nan
SPEAKER2129/021290011,nan
SPEAKER2129/021290068,nan
SPEAKER2129/021290121,nan
SPEAKER2129/021290134,nan
SPEAKER2129/021290144,nan
SPEAKER2129/021290148,nan
SPEAKER2129/021290160,nan
SPEAKER2129/021290169,nan
SPEAKER2129/021290173,nan
SPEAKER2129/021290200,nan
SPEAKER2129/021290209,nan
SPEAKER2129/021290235,nan
SPEAKER2129/021290261,nan
SPEAKER2129/021290282,nan
SPEAKER2129/021290291,nan
SPEAKER2129/021290319,nan
SPEAKER2129/021290324,nan
SPEAKER2129/021290326,nan
SPEAKER2129/021290371,nan
SPEAKER2168/021680007,nan
SPEAKER2168/021680016,nan
SPEAKER2168/021680048,nan
SPEAKER2168/021680052,nan
SPEAKER2168/021680122,nan
SPEAKER2168/021680154,nan
SPEAKER2168/021680169,nan
SPEAKER2168/021680190,nan
SPEAKER2168/021680237,nan
SPEAKER2168/021680246,nan
SPEAKER2168/021680249,nan
SPEAKER2168/021680251,nan
SPEAKER2168/021680266,nan
SPEAKER2168/021680288,nan
SPEAKER2168/021680297,nan
SPEAKER2168/021680318,nan
SPEAKER2168/021680332,nan
SPEAKER2168/021680369,nan
SPEAKER2168/021680379,nan
SPEAKER2168/021680380,nan
SPEAKER2170/021700029,nan
SPEAKER2170/021700034,nan
SPEAKER2170/021700062,nan
SPEAKER2170/021700077,nan
SPEAKER2170/021700120,nan
SPEAKER2170/021700131,nan
SPEAKER2170/021700139,nan
SPEAKER2170/021700153,nan
SPEAKER2170/021700176,nan
SPEAKER2170/021700211,nan
SPEAKER2170/021700224,nan
SPEAKER2170/021700232,nan
SPEAKER2170/021700236,nan
SPEAKER2170/021700240,nan
SPEAKER2170/021700277,nan
SPEAKER2170/021700287,nan
SPEAKER2170/021700291,nan
SPEAKER2170/021700300,nan
SPEAKER2170/021700362,nan
SPEAKER2170/021700379,nan
SPEAKER2179/021790008,nan
SPEAKER2179/021790025,nan
SPEAKER2179/021790030,nan
SPEAKER2179/021790035,nan
SPEAKER2179/021790039,nan
SPEAKER2179/021790040,nan
SPEAKER2179/021790043,nan
SPEAKER2179/021790055,nan
SPEAKER2179/021790075,nan
SPEAKER2179/021790081,nan
SPEAKER2179/021790083,nan
SPEAKER2179/021790084,nan
SPEAKER2179/021790108,nan
SPEAKER2179/021790112,nan
SPEAKER2179/021790125,nan
SPEAKER2179/021790149,nan
SPEAKER2179/021790152,nan
SPEAKER2179/021790168,nan
SPEAKER2179/021790169,nan
SPEAKER2179/021790173,nan
SPEAKER2208/022080028,nan
SPEAKER2208/022080038,nan
SPEAKER2208/022080085,nan
SPEAKER2208/022080100,nan
SPEAKER2208/022080116,nan
SPEAKER2208/022080124,nan
SPEAKER2208/022080146,nan
SPEAKER2208/022080179,nan
SPEAKER2208/022080181,nan
SPEAKER2208/022080186,nan
SPEAKER2208/022080187,nan
SPEAKER2208/022080189,nan
SPEAKER2208/022080192,nan
SPEAKER2208/022080202,nan
SPEAKER2208/022080204,nan
SPEAKER2208/022080210,nan
SPEAKER2208/022080294,nan
SPEAKER2208/022080299,nan
SPEAKER2208/022080340,nan
SPEAKER2208/022080341,nan
SPEAKER2236/022360092,nan
SPEAKER2236/022360126,nan
SPEAKER2236/022360147,nan
SPEAKER2236/022360159,nan
SPEAKER2236/022360185,nan
SPEAKER2236/022360186,nan
SPEAKER2236/022360221,nan
SPEAKER2236/022360222,nan
SPEAKER2236/022360227,nan
SPEAKER2236/022360231,nan
SPEAKER2236/022360253,nan
SPEAKER2236/022360259,nan
SPEAKER2236/022360262,nan
SPEAKER2236/022360265,nan
SPEAKER2236/022360293,nan
SPEAKER2236/022360310,nan
SPEAKER2236/022360311,nan
SPEAKER2236/022360321,nan
SPEAKER2236/022360326,nan
SPEAKER2236/022360350,nan
SPEAKER2242/022420015,nan
SPEAKER2242/022420045,nan
SPEAKER2242/022420067,nan
SPEAKER2242/022420073,nan
SPEAKER2242/022420086,nan
SPEAKER2242/022420106,nan
SPEAKER2242/022420129,nan
SPEAKER2242/022420138,nan
SPEAKER2242/022420146,nan
SPEAKER2242/022420164,nan
SPEAKER2242/022420168,nan
SPEAKER2242/022420172,nan
SPEAKER2242/022420273,nan
SPEAKER2242/022420288,nan
SPEAKER2242/022420292,nan
SPEAKER2242/022420306,nan
SPEAKER2242/022420342,nan
SPEAKER2242/022420346,nan
SPEAKER2242/022420348,nan
SPEAKER2242/022420362,nan
SPEAKER2244/022440038,nan
SPEAKER2244/022440039,nan
SPEAKER2244/022440062,nan
SPEAKER2244/022440073,nan
SPEAKER2244/022440126,nan
SPEAKER2244/022440134,nan
SPEAKER2244/022440139,nan
SPEAKER2244/022440144,nan
SPEAKER2244/022440165,nan
SPEAKER2244/022440180,nan
SPEAKER2244/022440189,nan
SPEAKER2244/022440215,nan
SPEAKER2244/022440277,nan
SPEAKER2244/022440286,nan
SPEAKER2244/022440312,nan
SPEAKER2244/022440337,nan
SPEAKER2244/022440340,nan
SPEAKER2244/022440352,nan
SPEAKER2244/022440361,nan
SPEAKER2244/022440362,nan
SPEAKER2251/022510066,nan
SPEAKER2251/022510069,nan
SPEAKER2251/022510089,nan
SPEAKER2251/022510093,nan
SPEAKER2251/022510095,nan
SPEAKER2251/022510122,nan
SPEAKER2251/022510152,nan
SPEAKER2251/022510166,nan
SPEAKER2251/022510190,nan
SPEAKER2251/022510211,nan
SPEAKER2251/022510230,nan
SPEAKER2251/022510237,nan
SPEAKER2251/022510255,nan
SPEAKER2251/022510266,nan
SPEAKER2251/022510276,nan
SPEAKER2251/022510291,nan
SPEAKER2251/022510300,nan
SPEAKER2251/022510320,nan
SPEAKER2251/022510323,nan
SPEAKER2251/022510368,nan
SPEAKER2252/022520012,nan
SPEAKER2252/022520036,nan
SPEAKER2252/022520067,nan
SPEAKER2252/022520159,nan
SPEAKER2252/022520174,nan
SPEAKER2252/022520200,nan
SPEAKER2252/022520203,nan
SPEAKER2252/022520209,nan
SPEAKER2252/022520221,nan
SPEAKER2252/022520225,nan
SPEAKER2252/022520226,nan
SPEAKER2252/022520258,nan
SPEAKER2252/022520272,nan
SPEAKER2252/022520290,nan
SPEAKER2252/022520337,nan
SPEAKER2252/022520345,nan
SPEAKER2252/022520358,nan
SPEAKER2252/022520360,nan
SPEAKER2252/022520366,nan
SPEAKER2252/022520375,nan
SPEAKER2282/022820020,nan
SPEAKER2282/022820021,nan
SPEAKER2282/022820026,nan
SPEAKER2282/022820042,nan
SPEAKER2282/022820062,nan
SPEAKER2282/022820072,nan
SPEAKER2282/022820079,nan
SPEAKER2282/022820106,nan
SPEAKER2282/022820107,nan
SPEAKER2282/022820121,nan
SPEAKER2282/022820134,nan
SPEAKER2282/022820142,nan
SPEAKER2282/022820155,nan
SPEAKER2282/022820191,nan
SPEAKER2282/022820197,nan
SPEAKER2282/022820281,nan
SPEAKER2282/022820291,nan
SPEAKER2282/022820293,nan
SPEAKER2282/022820317,nan
SPEAKER2282/022820357,nan
SPEAKER2327/023270032,nan
SPEAKER2327/023270080,nan
SPEAKER2327/023270098,nan
SPEAKER2327/023270118,nan
SPEAKER2327/023270120,nan
SPEAKER2327/023270140,nan
SPEAKER2327/023270148,nan
SPEAKER2327/023270161,nan
SPEAKER2327/023270171,nan
SPEAKER2327/023270214,nan
SPEAKER2327/023270237,nan
SPEAKER2327/023270268,nan
SPEAKER2327/023270280,nan
SPEAKER2327/023270286,nan
SPEAKER2327/023270303,nan
SPEAKER2327/023270315,nan
SPEAKER2327/023270319,nan
SPEAKER2327/023270321,nan
SPEAKER2327/023270331,nan
SPEAKER2327/023270364,nan
SPEAKER2355/023550002,nan
SPEAKER2355/023550003,nan
SPEAKER2355/023550008,nan
SPEAKER2355/023550013,nan
SPEAKER2355/023550099,nan
SPEAKER2355/023550123,nan
SPEAKER2355/023550138,nan
SPEAKER2355/023550167,nan
SPEAKER2355/023550175,nan
SPEAKER2355/023550201,nan
SPEAKER2355/023550202,nan
SPEAKER2355/023550230,nan
SPEAKER2355/023550233,nan
SPEAKER2355/023550237,nan
SPEAKER2355/023550257,nan
SPEAKER2355/023550260,nan
SPEAKER2355/023550290,nan
SPEAKER2355/023550310,nan
SPEAKER2355/023550319,nan
SPEAKER2355/023550341,nan
SPEAKER2380/023800015,nan
SPEAKER2380/023800042,nan
SPEAKER2380/023800056,nan
SPEAKER2380/023800093,nan
SPEAKER2380/023800114,nan
SPEAKER2380/023800124,nan
SPEAKER2380/023800160,nan
SPEAKER2380/023800186,nan
SPEAKER2380/023800242,nan
SPEAKER2380/023800260,nan
SPEAKER2380/023800277,nan
SPEAKER2380/023800278,nan
SPEAKER2380/023800280,nan
SPEAKER2380/023800298,nan
SPEAKER2380/023800326,nan
SPEAKER2380/023800330,nan
SPEAKER2380/023800338,nan
SPEAKER2380/023800352,nan
SPEAKER2380/023800363,nan
SPEAKER2380/023800368,nan
SPEAKER2402/024020047,nan
SPEAKER2402/024020051,nan
SPEAKER2402/024020053,nan
SPEAKER2402/024020069,nan
SPEAKER2402/024020084,nan
SPEAKER2402/024020142,nan
SPEAKER2402/024020158,nan
SPEAKER2402/024020175,nan
SPEAKER2402/024020176,nan
SPEAKER2402/024020205,nan
SPEAKER2402/024020233,nan
SPEAKER2402/024020238,nan
SPEAKER2402/024020253,nan
SPEAKER2402/024020256,nan
SPEAKER2402/024020260,nan
SPEAKER2402/024020265,nan
SPEAKER2402/024020291,nan
SPEAKER2402/024020321,nan
SPEAKER2402/024020328,nan
SPEAKER2402/024020337,nan
SPEAKER2427/024270011,nan
SPEAKER2427/024270019,nan
SPEAKER2427/024270028,nan
SPEAKER2427/024270051,nan
SPEAKER2427/024270053,nan
SPEAKER2427/024270057,nan
SPEAKER2427/024270077,nan
SPEAKER2427/024270127,nan
SPEAKER2427/024270155,nan
SPEAKER2427/024270168,nan
SPEAKER2427/024270176,nan
SPEAKER2427/024270178,nan
SPEAKER2427/024270183,nan
SPEAKER2427/024270197,nan
SPEAKER2427/024270206,nan
SPEAKER2427/024270245,nan
SPEAKER2427/024270270,nan
SPEAKER2427/024270292,nan
SPEAKER2427/024270313,nan
SPEAKER2427/024270336,nan
SPEAKER2430/024300001,nan
SPEAKER2430/024300052,nan
SPEAKER2430/024300061,nan
SPEAKER2430/024300063,nan
SPEAKER2430/024300065,nan
SPEAKER2430/024300068,nan
SPEAKER2430/024300080,nan
SPEAKER2430/024300082,nan
SPEAKER2430/024300093,nan
SPEAKER2430/024300099,nan
SPEAKER2430/024300118,nan
SPEAKER2430/024300131,nan
SPEAKER2430/024300132,nan
SPEAKER2430/024300135,nan
SPEAKER2430/024300189,nan
SPEAKER2430/024300221,nan
SPEAKER2430/024300270,nan
SPEAKER2430/024300330,nan
SPEAKER2430/024300345,nan
SPEAKER2430/024300360,nan
SPEAKER2438/024380040,nan
SPEAKER2438/024380041,nan
SPEAKER2438/024380116,nan
SPEAKER2438/024380142,nan
SPEAKER2438/024380154,nan
SPEAKER2438/024380194,nan
SPEAKER2438/024380197,nan
SPEAKER2438/024380200,nan
SPEAKER2438/024380204,nan
SPEAKER2438/024380234,nan
SPEAKER2438/024380247,nan
SPEAKER2438/024380265,nan
SPEAKER2438/024380276,nan
SPEAKER2438/024380278,nan
SPEAKER2438/024380315,nan
SPEAKER2438/024380317,nan
SPEAKER2438/024380325,nan
SPEAKER2438/024380354,nan
SPEAKER2438/024380363,nan
SPEAKER2438/024380369,nan
SPEAKER2441/024410049,nan
SPEAKER2441/024410052,nan
SPEAKER2441/024410092,nan
SPEAKER2441/024410098,nan
SPEAKER2441/024410110,nan
SPEAKER2441/024410149,nan
SPEAKER2441/024410158,nan
SPEAKER2441/024410160,nan
SPEAKER2441/024410173,nan
SPEAKER2441/024410222,nan
SPEAKER2441/024410228,nan
SPEAKER2441/024410240,nan
SPEAKER2441/024410241,nan
SPEAKER2441/024410294,nan
SPEAKER2441/024410312,nan
SPEAKER2441/024410318,nan
SPEAKER2441/024410322,nan
SPEAKER2441/024410350,nan
SPEAKER2441/024410368,nan
SPEAKER2441/024410377,nan
SPEAKER2448/024480016,nan
SPEAKER2448/024480028,nan
SPEAKER2448/024480094,nan
SPEAKER2448/024480095,nan
SPEAKER2448/024480105,nan
SPEAKER2448/024480127,nan
SPEAKER2448/024480159,nan
SPEAKER2448/024480186,nan
SPEAKER2448/024480188,nan
SPEAKER2448/024480212,nan
SPEAKER2448/024480228,nan
SPEAKER2448/024480232,nan
SPEAKER2448/024480241,nan
SPEAKER2448/024480244,nan
SPEAKER2448/024480251,nan
SPEAKER2448/024480255,nan
SPEAKER2448/024480270,nan
SPEAKER2448/024480292,nan
SPEAKER2448/024480297,nan
SPEAKER2448/024480335,nan
SPEAKER2450/024500006,nan
SPEAKER2450/024500021,nan
SPEAKER2450/024500033,nan
SPEAKER2450/024500095,nan
SPEAKER2450/024500126,nan
SPEAKER2450/024500139,nan
SPEAKER2450/024500141,nan
SPEAKER2450/024500147,nan
SPEAKER2450/024500151,nan
SPEAKER2450/024500156,nan
SPEAKER2450/024500164,nan
SPEAKER2450/024500228,nan
SPEAKER2450/024500250,nan
SPEAKER2450/024500268,nan
SPEAKER2450/024500284,nan
SPEAKER2450/024500317,nan
SPEAKER2450/024500327,nan
SPEAKER2450/024500333,nan
SPEAKER2450/024500350,nan
SPEAKER2450/024500363,nan
SPEAKER2451/024510017,nan
SPEAKER2451/024510043,nan
SPEAKER2451/024510061,nan
SPEAKER2451/024510070,nan
SPEAKER2451/024510114,nan
SPEAKER2451/024510164,nan
SPEAKER2451/024510179,nan
SPEAKER2451/024510195,nan
SPEAKER2451/024510206,nan
SPEAKER2451/024510215,nan
SPEAKER2451/024510224,nan
SPEAKER2451/024510247,nan
SPEAKER2451/024510252,nan
SPEAKER2451/024510275,nan
SPEAKER2451/024510316,nan
SPEAKER2451/024510323,nan
SPEAKER2451/024510336,nan
SPEAKER2451/024510351,nan
SPEAKER2451/024510352,nan
SPEAKER2451/024510375,nan
SPEAKER2488/024880041,nan
SPEAKER2488/024880059,nan
SPEAKER2488/024880070,nan
SPEAKER2488/024880098,nan
SPEAKER2488/024880118,nan
SPEAKER2488/024880155,nan
SPEAKER2488/024880176,nan
SPEAKER2488/024880190,nan
SPEAKER2488/024880194,nan
SPEAKER2488/024880195,nan
SPEAKER2488/024880207,nan
SPEAKER2488/024880210,nan
SPEAKER2488/024880234,nan
SPEAKER2488/024880245,nan
SPEAKER2488/024880258,nan
SPEAKER2488/024880267,nan
SPEAKER2488/024880269,nan
SPEAKER2488/024880299,nan
SPEAKER2488/024880303,nan
SPEAKER2488/024880339,nan
SPEAKER2538/025380004,nan
SPEAKER2538/025380051,nan
SPEAKER2538/025380065,nan
SPEAKER2538/025380091,nan
SPEAKER2538/025380107,nan
SPEAKER2538/025380133,nan
SPEAKER2538/025380149,nan
SPEAKER2538/025380151,nan
SPEAKER2538/025380152,nan
SPEAKER2538/025380158,nan
SPEAKER2538/025380162,nan
SPEAKER2538/025380175,nan
SPEAKER2538/025380202,nan
SPEAKER2538/025380217,nan
SPEAKER2538/025380251,nan
SPEAKER2538/025380256,nan
SPEAKER2538/025380277,nan
SPEAKER2538/025380298,nan
SPEAKER2538/025380340,nan
SPEAKER2538/025380347,nan
SPEAKER2621/026210005,nan
SPEAKER2621/026210047,nan
SPEAKER2621/026210096,nan
SPEAKER2621/026210123,nan
SPEAKER2621/026210132,nan
SPEAKER2621/026210135,nan
SPEAKER2621/026210136,nan
SPEAKER2621/026210141,nan
SPEAKER2621/026210157,nan
SPEAKER2621/026210177,nan
SPEAKER2621/026210185,nan
SPEAKER2621/026210203,nan
SPEAKER2621/026210213,nan
SPEAKER2621/026210220,nan
SPEAKER2621/026210231,nan
SPEAKER2621/026210242,nan
SPEAKER2621/026210262,nan
SPEAKER2621/026210287,nan
SPEAKER2621/026210299,nan
SPEAKER2621/026210302,nan
SPEAKER2740/027400077,nan
SPEAKER2740/027400094,nan
SPEAKER2740/027400125,nan
SPEAKER2740/027400126,nan
SPEAKER2740/027400145,nan
SPEAKER2740/027400146,nan
SPEAKER2740/027400151,nan
SPEAKER2740/027400171,nan
SPEAKER2740/027400173,nan
SPEAKER2740/027400176,nan
SPEAKER2740/027400201,nan
SPEAKER2740/027400238,nan
SPEAKER2740/027400246,nan
SPEAKER2740/027400276,nan
SPEAKER2740/027400283,nan
SPEAKER2740/027400286,nan
SPEAKER2740/027400289,nan
SPEAKER2740/027400295,nan
SPEAKER2740/027400321,nan
SPEAKER2740/027400372,nan
SPEAKER2799/027990028,nan
SPEAKER2799/027990046,nan
SPEAKER2799/027990056,nan
SPEAKER2799/027990059,nan
SPEAKER2799/027990066,nan
SPEAKER2799/027990153,nan
SPEAKER2799/027990156,nan
SPEAKER2799/027990160,nan
SPEAKER2799/027990162,nan
SPEAKER2799/027990167,nan
SPEAKER2799/027990201,nan
SPEAKER2799/027990232,nan
SPEAKER2799/027990242,nan
SPEAKER2799/027990247,nan
SPEAKER2799/027990264,nan
SPEAKER2799/027990309,nan
SPEAKER2799/027990328,nan
SPEAKER2799/027990330,nan
SPEAKER2799/027990341,nan
SPEAKER2799/027990358,nan
SPEAKER2892/028920012,nan
SPEAKER2892/028920027,nan
SPEAKER2892/028920044,nan
SPEAKER2892/028920050,nan
SPEAKER2892/028920120,nan
SPEAKER2892/028920122,nan
SPEAKER2892/028920128,nan
SPEAKER2892/028920131,nan
SPEAKER2892/028920174,nan
SPEAKER2892/028920200,nan
SPEAKER2892/028920207,nan
SPEAKER2892/028920213,nan
SPEAKER2892/028920214,nan
SPEAKER2892/028920224,nan
SPEAKER2892/028920235,nan
SPEAKER2892/028920239,nan
SPEAKER2892/028920242,nan
SPEAKER2892/028920259,nan
SPEAKER2892/028920315,nan
SPEAKER2892/028920321,nan
SPEAKER2897/028970002,nan
SPEAKER2897/028970016,nan
SPEAKER2897/028970022,nan
SPEAKER2897/028970039,nan
SPEAKER2897/028970052,nan
SPEAKER2897/028970057,nan
SPEAKER2897/028970088,nan
SPEAKER2897/028970129,nan
SPEAKER2897/028970146,nan
SPEAKER2897/028970153,nan
SPEAKER2897/028970158,nan
SPEAKER2897/028970190,nan
SPEAKER2897/028970198,nan
SPEAKER2897/028970221,nan
SPEAKER2897/028970245,nan
SPEAKER2897/028970251,nan
SPEAKER2897/028970273,nan
SPEAKER2897/028970279,nan
SPEAKER2897/028970294,nan
SPEAKER2897/028970329,nan
SPEAKER2917/029170012,nan
SPEAKER2917/029170043,nan
SPEAKER2917/029170055,nan
SPEAKER2917/029170086,nan
SPEAKER2917/029170104,nan
SPEAKER2917/029170149,nan
SPEAKER2917/029170156,nan
SPEAKER2917/029170161,nan
SPEAKER2917/029170177,nan
SPEAKER2917/029170181,nan
SPEAKER2917/029170196,nan
SPEAKER2917/029170197,nan
SPEAKER2917/029170211,nan
SPEAKER2917/029170226,nan
SPEAKER2917/029170231,nan
SPEAKER2917/029170252,nan
SPEAKER2917/029170309,nan
SPEAKER2917/029170321,nan
SPEAKER2917/029170359,nan
SPEAKER2917/029170362,nan
SPEAKER2937/029370015,nan
SPEAKER2937/029370032,nan
SPEAKER2937/029370040,nan
SPEAKER2937/029370106,nan
SPEAKER2937/029370108,nan
SPEAKER2937/029370123,nan
SPEAKER2937/029370126,nan
SPEAKER2937/029370142,nan
SPEAKER2937/029370153,nan
SPEAKER2937/029370185,nan
SPEAKER2937/029370193,nan
SPEAKER2937/029370210,nan
SPEAKER2937/029370217,nan
SPEAKER2937/029370221,nan
SPEAKER2937/029370230,nan
SPEAKER2937/029370235,nan
SPEAKER2937/029370239,nan
SPEAKER2937/029370270,nan
SPEAKER2937/029370303,nan
SPEAKER2937/029370379,nan
SPEAKER2981/029810020,nan
SPEAKER2981/029810027,nan
SPEAKER2981/029810135,nan
SPEAKER2981/029810139,nan
SPEAKER2981/029810147,nan
SPEAKER2981/029810158,nan
SPEAKER2981/029810200,nan
SPEAKER2981/029810204,nan
SPEAKER2981/029810216,nan
SPEAKER2981/029810221,nan
SPEAKER2981/029810234,nan
SPEAKER2981/029810235,nan
SPEAKER2981/029810243,nan
SPEAKER2981/029810283,nan
SPEAKER2981/029810294,nan
SPEAKER2981/029810301,nan
SPEAKER2981/029810315,nan
SPEAKER2981/029810349,nan
SPEAKER2981/029810350,nan
SPEAKER2981/029810360,nan
SPEAKER3002/030020008,nan
SPEAKER3002/030020012,nan
SPEAKER3002/030020022,nan
SPEAKER3002/030020047,nan
SPEAKER3002/030020048,nan
SPEAKER3002/030020065,nan
SPEAKER3002/030020077,nan
SPEAKER3002/030020092,nan
SPEAKER3002/030020100,nan
SPEAKER3002/030020112,nan
SPEAKER3002/030020117,nan
SPEAKER3002/030020126,nan
SPEAKER3002/030020136,nan
SPEAKER3002/030020138,nan
SPEAKER3002/030020144,nan
SPEAKER3002/030020152,nan
SPEAKER3002/030020159,nan
SPEAKER3002/030020161,nan
SPEAKER3002/030020162,nan
SPEAKER3002/030020172,nan
SPEAKER3007/030070015,nan
SPEAKER3007/030070017,nan
SPEAKER3007/030070019,nan
SPEAKER3007/030070022,nan
SPEAKER3007/030070025,nan
SPEAKER3007/030070043,nan
SPEAKER3007/030070049,nan
SPEAKER3007/030070054,nan
SPEAKER3007/030070058,nan
SPEAKER3007/030070066,nan
SPEAKER3007/030070093,nan
SPEAKER3007/030070094,nan
SPEAKER3007/030070099,nan
SPEAKER3007/030070108,nan
SPEAKER3007/030070111,nan
SPEAKER3007/030070112,nan
SPEAKER3007/030070135,nan
SPEAKER3007/030070138,nan
SPEAKER3007/030070152,nan
SPEAKER3007/030070159,nan
SPEAKER3012/030120001,nan
SPEAKER3012/030120003,nan
SPEAKER3012/030120018,nan
SPEAKER3012/030120021,nan
SPEAKER3012/030120029,nan
SPEAKER3012/030120044,nan
SPEAKER3012/030120072,nan
SPEAKER3012/030120079,nan
SPEAKER3012/030120089,nan
SPEAKER3012/030120097,nan
SPEAKER3012/030120106,nan
SPEAKER3012/030120121,nan
SPEAKER3012/030120141,nan
SPEAKER3012/030120150,nan
SPEAKER3012/030120154,nan
SPEAKER3012/030120155,nan
SPEAKER3012/030120157,nan
SPEAKER3012/030120163,nan
SPEAKER3012/030120165,nan
SPEAKER3012/030120173,nan
SPEAKER3014/030140009,nan
SPEAKER3014/030140010,nan
SPEAKER3014/030140017,nan
SPEAKER3014/030140025,nan
SPEAKER3014/030140043,nan
SPEAKER3014/030140053,nan
SPEAKER3014/030140075,nan
SPEAKER3014/030140086,nan
SPEAKER3014/030140089,nan
SPEAKER3014/030140092,nan
SPEAKER3014/030140095,nan
SPEAKER3014/030140099,nan
SPEAKER3014/030140126,nan
SPEAKER3014/030140128,nan
SPEAKER3014/030140129,nan
SPEAKER3014/030140132,nan
SPEAKER3014/030140134,nan
SPEAKER3014/030140144,nan
SPEAKER3014/030140147,nan
SPEAKER3014/030140173,nan
SPEAKER3020/030200005,nan
SPEAKER3020/030200011,nan
SPEAKER3020/030200016,nan
SPEAKER3020/030200018,nan
SPEAKER3020/030200019,nan
SPEAKER3020/030200021,nan
SPEAKER3020/030200037,nan
SPEAKER3020/030200041,nan
SPEAKER3020/030200049,nan
SPEAKER3020/030200057,nan
SPEAKER3020/030200076,nan
SPEAKER3020/030200078,nan
SPEAKER3020/030200087,nan
SPEAKER3020/030200101,nan
SPEAKER3020/030200105,nan
SPEAKER3020/030200108,nan
SPEAKER3020/030200137,nan
SPEAKER3020/030200151,nan
SPEAKER3020/030200153,nan
SPEAKER3020/030200164,nan
SPEAKER3021/030210005,nan
SPEAKER3021/030210032,nan
SPEAKER3021/030210041,nan
SPEAKER3021/030210042,nan
SPEAKER3021/030210044,nan
SPEAKER3021/030210045,nan
SPEAKER3021/030210047,nan
SPEAKER3021/030210050,nan
SPEAKER3021/030210060,nan
SPEAKER3021/030210074,nan
SPEAKER3021/030210079,nan
SPEAKER3021/030210082,nan
SPEAKER3021/030210118,nan
SPEAKER3021/030210123,nan
SPEAKER3021/030210137,nan
SPEAKER3021/030210143,nan
SPEAKER3021/030210152,nan
SPEAKER3021/030210164,nan
SPEAKER3021/030210165,nan
SPEAKER3021/030210175,nan
SPEAKER3023/030230003,nan
SPEAKER3023/030230018,nan
SPEAKER3023/030230056,nan
SPEAKER3023/030230060,nan
SPEAKER3023/030230086,nan
SPEAKER3023/030230092,nan
SPEAKER3023/030230119,nan
SPEAKER3023/030230170,nan
SPEAKER3023/030230182,nan
SPEAKER3023/030230194,nan
SPEAKER3023/030230209,nan
SPEAKER3023/030230253,nan
SPEAKER3023/030230260,nan
SPEAKER3023/030230276,nan
SPEAKER3023/030230280,nan
SPEAKER3023/030230311,nan
SPEAKER3023/030230330,nan
SPEAKER3023/030230336,nan
SPEAKER3023/030230340,nan
SPEAKER3023/030230374,nan
SPEAKER3027/030270013,nan
SPEAKER3027/030270014,nan
SPEAKER3027/030270026,nan
SPEAKER3027/030270033,nan
SPEAKER3027/030270049,nan
SPEAKER3027/030270053,nan
SPEAKER3027/030270054,nan
SPEAKER3027/030270073,nan
SPEAKER3027/030270075,nan
SPEAKER3027/030270083,nan
SPEAKER3027/030270093,nan
SPEAKER3027/030270116,nan
SPEAKER3027/030270121,nan
SPEAKER3027/030270140,nan
SPEAKER3027/030270141,nan
SPEAKER3027/030270147,nan
SPEAKER3027/030270151,nan
SPEAKER3027/030270161,nan
SPEAKER3027/030270168,nan
SPEAKER3027/030270175,nan
SPEAKER3046/030460032,nan
SPEAKER3046/030460038,nan
SPEAKER3046/030460048,nan
SPEAKER3046/030460051,nan
SPEAKER3046/030460052,nan
SPEAKER3046/030460071,nan
SPEAKER3046/030460085,nan
SPEAKER3046/030460097,nan
SPEAKER3046/030460106,nan
SPEAKER3046/030460110,nan
SPEAKER3046/030460114,nan
SPEAKER3046/030460126,nan
SPEAKER3046/030460133,nan
SPEAKER3046/030460142,nan
SPEAKER3046/030460146,nan
SPEAKER3046/030460147,nan
SPEAKER3046/030460157,nan
SPEAKER3046/030460158,nan
SPEAKER3046/030460160,nan
SPEAKER3046/030460163,nan
SPEAKER3049/030490010,nan
SPEAKER3049/030490013,nan
SPEAKER3049/030490029,nan
SPEAKER3049/030490040,nan
SPEAKER3049/030490055,nan
SPEAKER3049/030490062,nan
SPEAKER3049/030490063,nan
SPEAKER3049/030490071,nan
SPEAKER3049/030490076,nan
SPEAKER3049/030490078,nan
SPEAKER3049/030490095,nan
SPEAKER3049/030490126,nan
SPEAKER3049/030490127,nan
SPEAKER3049/030490130,nan
SPEAKER3049/030490138,nan
SPEAKER3049/030490140,nan
SPEAKER3049/030490142,nan
SPEAKER3049/030490166,nan
SPEAKER3049/030490168,nan
SPEAKER3049/030490170,nan
SPEAKER3060/030600004,nan
SPEAKER3060/030600011,nan
SPEAKER3060/030600020,nan
SPEAKER3060/030600023,nan
SPEAKER3060/030600039,nan
SPEAKER3060/030600041,nan
SPEAKER3060/030600042,nan
SPEAKER3060/030600052,nan
SPEAKER3060/030600054,nan
SPEAKER3060/030600055,nan
SPEAKER3060/030600070,nan
SPEAKER3060/030600085,nan
SPEAKER3060/030600099,nan
SPEAKER3060/030600104,nan
SPEAKER3060/030600140,nan
SPEAKER3060/030600147,nan
SPEAKER3060/030600154,nan
SPEAKER3060/030600156,nan
SPEAKER3060/030600160,nan
SPEAKER3060/030600168,nan
SPEAKER3068/030680003,nan
SPEAKER3068/030680005,nan
SPEAKER3068/030680009,nan
SPEAKER3068/030680016,nan
SPEAKER3068/030680027,nan
SPEAKER3068/030680034,nan
SPEAKER3068/030680037,nan
SPEAKER3068/030680045,nan
SPEAKER3068/030680054,nan
SPEAKER3068/030680056,nan
SPEAKER3068/030680072,nan
SPEAKER3068/030680075,nan
SPEAKER3068/030680090,nan
SPEAKER3068/030680092,nan
SPEAKER3068/030680097,nan
SPEAKER3068/030680105,nan
SPEAKER3068/030680114,nan
SPEAKER3068/030680119,nan
SPEAKER3068/030680140,nan
SPEAKER3068/030680162,nan
SPEAKER3075/030750012,nan
SPEAKER3075/030750030,nan
SPEAKER3075/030750034,nan
SPEAKER3075/030750042,nan
SPEAKER3075/030750057,nan
SPEAKER3075/030750058,nan
SPEAKER3075/030750061,nan
SPEAKER3075/030750074,nan
SPEAKER3075/030750076,nan
SPEAKER3075/030750078,nan
SPEAKER3075/030750088,nan
SPEAKER3075/030750093,nan
SPEAKER3075/030750098,nan
SPEAKER3075/030750108,nan
SPEAKER3075/030750119,nan
SPEAKER3075/030750128,nan
SPEAKER3075/030750146,nan
SPEAKER3075/030750155,nan
SPEAKER3075/030750165,nan
SPEAKER3075/030750170,nan
SPEAKER3083/030830001,nan
SPEAKER3083/030830004,nan
SPEAKER3083/030830013,nan
SPEAKER3083/030830021,nan
SPEAKER3083/030830030,nan
SPEAKER3083/030830033,nan
SPEAKER3083/030830043,nan
SPEAKER3083/030830069,nan
SPEAKER3083/030830074,nan
SPEAKER3083/030830093,nan
SPEAKER3083/030830094,nan
SPEAKER3083/030830102,nan
SPEAKER3083/030830116,nan
SPEAKER3083/030830118,nan
SPEAKER3083/030830124,nan
SPEAKER3083/030830129,nan
SPEAKER3083/030830135,nan
SPEAKER3083/030830147,nan
SPEAKER3083/030830154,nan
SPEAKER3083/030830169,nan
SPEAKER3088/030880003,nan
SPEAKER3088/030880015,nan
SPEAKER3088/030880018,nan
SPEAKER3088/030880019,nan
SPEAKER3088/030880025,nan
SPEAKER3088/030880041,nan
SPEAKER3088/030880049,nan
SPEAKER3088/030880057,nan
SPEAKER3088/030880058,nan
SPEAKER3088/030880067,nan
SPEAKER3088/030880086,nan
SPEAKER3088/030880092,nan
SPEAKER3088/030880096,nan
SPEAKER3088/030880099,nan
SPEAKER3088/030880105,nan
SPEAKER3088/030880123,nan
SPEAKER3088/030880131,nan
SPEAKER3088/030880146,nan
SPEAKER3088/030880172,nan
SPEAKER3088/030880173,nan
SPEAKER3208/032080019,nan
SPEAKER3208/032080038,nan
SPEAKER3208/032080043,nan
SPEAKER3208/032080056,nan
SPEAKER3208/032080058,nan
SPEAKER3208/032080071,nan
SPEAKER3208/032080078,nan
SPEAKER3208/032080079,nan
SPEAKER3208/032080083,nan
SPEAKER3208/032080088,nan
SPEAKER3208/032080092,nan
SPEAKER3208/032080093,nan
SPEAKER3208/032080099,nan
SPEAKER3208/032080103,nan
SPEAKER3208/032080110,nan
SPEAKER3208/032080119,nan
SPEAKER3208/032080132,nan
SPEAKER3208/032080145,nan
SPEAKER3208/032080150,nan
SPEAKER3208/032080161,nan
SPEAKER3214/032140001,nan
SPEAKER3214/032140007,nan
SPEAKER3214/032140013,nan
SPEAKER3214/032140017,nan
SPEAKER3214/032140025,nan
SPEAKER3214/032140054,nan
SPEAKER3214/032140060,nan
SPEAKER3214/032140069,nan
SPEAKER3214/032140073,nan
SPEAKER3214/032140078,nan
SPEAKER3214/032140082,nan
SPEAKER3214/032140087,nan
SPEAKER3214/032140094,nan
SPEAKER3214/032140110,nan
SPEAKER3214/032140117,nan
SPEAKER3214/032140121,nan
SPEAKER3214/032140135,nan
SPEAKER3214/032140150,nan
SPEAKER3214/032140164,nan
SPEAKER3214/032140169,nan
SPEAKER3412/034120002,nan
SPEAKER3412/034120012,nan
SPEAKER3412/034120027,nan
SPEAKER3412/034120035,nan
SPEAKER3412/034120047,nan
SPEAKER3412/034120050,nan
SPEAKER3412/034120052,nan
SPEAKER3412/034120067,nan
SPEAKER3412/034120077,nan
SPEAKER3412/034120085,nan
SPEAKER3412/034120101,nan
SPEAKER3412/034120111,nan
SPEAKER3412/034120125,nan
SPEAKER3412/034120155,nan
SPEAKER3412/034120161,nan
SPEAKER3412/034120162,nan
SPEAKER3412/034120165,nan
SPEAKER3412/034120170,nan
SPEAKER3412/034120173,nan
SPEAKER3412/034120174,nan
SPEAKER3423/034230011,nan
SPEAKER3423/034230034,nan
SPEAKER3423/034230035,nan
SPEAKER3423/034230043,nan
SPEAKER3423/034230051,nan
SPEAKER3423/034230058,nan
SPEAKER3423/034230063,nan
SPEAKER3423/034230072,nan
SPEAKER3423/034230079,nan
SPEAKER3423/034230081,nan
SPEAKER3423/034230083,nan
SPEAKER3423/034230085,nan
SPEAKER3423/034230108,nan
SPEAKER3423/034230112,nan
SPEAKER3423/034230115,nan
SPEAKER3423/034230123,nan
SPEAKER3423/034230141,nan
SPEAKER3423/034230154,nan
SPEAKER3423/034230164,nan
SPEAKER3423/034230168,nan
SPEAKER3631/036310007,nan
SPEAKER3631/036310021,nan
SPEAKER3631/036310035,nan
SPEAKER3631/036310036,nan
SPEAKER3631/036310041,nan
SPEAKER3631/036310047,nan
SPEAKER3631/036310062,nan
SPEAKER3631/036310063,nan
SPEAKER3631/036310080,nan
SPEAKER3631/036310097,nan
SPEAKER3631/036310098,nan
SPEAKER3631/036310100,nan
SPEAKER3631/036310110,nan
SPEAKER3631/036310116,nan
SPEAKER3631/036310120,nan
SPEAKER3631/036310134,nan
SPEAKER3631/036310148,nan
SPEAKER3631/036310159,nan
SPEAKER3631/036310170,nan
SPEAKER3631/036310171,nan
SPEAKER3636/036360016,nan
SPEAKER3636/036360027,nan
SPEAKER3636/036360029,nan
SPEAKER3636/036360032,nan
SPEAKER3636/036360033,nan
SPEAKER3636/036360034,nan
SPEAKER3636/036360044,nan
SPEAKER3636/036360055,nan
SPEAKER3636/036360061,nan
SPEAKER3636/036360062,nan
SPEAKER3636/036360071,nan
SPEAKER3636/036360106,nan
SPEAKER3636/036360111,nan
SPEAKER3636/036360114,nan
SPEAKER3636/036360142,nan
SPEAKER3636/036360151,nan
SPEAKER3636/036360154,nan
SPEAKER3636/036360160,nan
SPEAKER3636/036360167,nan
SPEAKER3636/036360174,nan
SPEAKER3837/038370004,nan
SPEAKER3837/038370013,nan
SPEAKER3837/038370019,nan
SPEAKER3837/038370045,nan
SPEAKER3837/038370052,nan
SPEAKER3837/038370056,nan
SPEAKER3837/038370060,nan
SPEAKER3837/038370061,nan
SPEAKER3837/038370068,nan
SPEAKER3837/038370070,nan
SPEAKER3837/038370081,nan
SPEAKER3837/038370097,nan
SPEAKER3837/038370105,nan
SPEAKER3837/038370107,nan
SPEAKER3837/038370128,nan
SPEAKER3837/038370142,nan
SPEAKER3837/038370153,nan
SPEAKER3837/038370160,nan
SPEAKER3837/038370167,nan
SPEAKER3837/038370170,nan
SPEAKER4005/040050015,nan
SPEAKER4005/040050041,nan
SPEAKER4005/040050060,nan
SPEAKER4005/040050071,nan
SPEAKER4005/040050094,nan
SPEAKER4005/040050107,nan
SPEAKER4005/040050110,nan
SPEAKER4005/040050125,nan
SPEAKER4005/040050142,nan
SPEAKER4005/040050180,nan
SPEAKER4005/040050183,nan
SPEAKER4005/040050203,nan
SPEAKER4005/040050205,nan
SPEAKER4005/040050255,nan
SPEAKER4005/040050264,nan
SPEAKER4005/040050271,nan
SPEAKER4005/040050281,nan
SPEAKER4005/040050295,nan
SPEAKER4005/040050306,nan
SPEAKER4005/040050358,nan
SPEAKER5015/050150021,nan
SPEAKER5015/050150024,nan
SPEAKER5015/050150028,nan
SPEAKER5015/050150041,nan
SPEAKER5015/050150069,nan
SPEAKER5015/050150070,nan
SPEAKER5015/050150091,nan
SPEAKER5015/050150093,nan
SPEAKER5015/050150108,nan
SPEAKER5015/050150116,nan
SPEAKER5015/050150125,nan
SPEAKER5015/050150129,nan
SPEAKER5015/050150142,nan
SPEAKER5015/050150145,nan
SPEAKER5015/050150159,nan
SPEAKER5015/050150163,nan
SPEAKER5015/050150165,nan
SPEAKER5015/050150170,nan
SPEAKER5015/050150173,nan
SPEAKER5015/050150175,nan
SPEAKER5017/050170001,nan
SPEAKER5017/050170002,nan
SPEAKER5017/050170005,nan
SPEAKER5017/050170051,nan
SPEAKER5017/050170092,nan
SPEAKER5017/050170099,nan
SPEAKER5017/050170100,nan
SPEAKER5017/050170101,nan
SPEAKER5017/050170102,nan
SPEAKER5017/050170113,nan
SPEAKER5017/050170117,nan
SPEAKER5017/050170123,nan
SPEAKER5017/050170129,nan
SPEAKER5017/050170131,nan
SPEAKER5017/050170132,nan
SPEAKER5017/050170136,nan
SPEAKER5017/050170145,nan
SPEAKER5017/050170151,nan
SPEAKER5017/050170154,nan
SPEAKER5017/050170165,nan
SPEAKER5029/050290009,nan
SPEAKER5029/050290028,nan
SPEAKER5029/050290038,nan
SPEAKER5029/050290042,nan
SPEAKER5029/050290060,nan
SPEAKER5029/050290062,nan
SPEAKER5029/050290068,nan
SPEAKER5029/050290079,nan
SPEAKER5029/050290087,nan
SPEAKER5029/050290120,nan
SPEAKER5029/050290126,nan
SPEAKER5029/050290129,nan
SPEAKER5029/050290132,nan
SPEAKER5029/050290136,nan
SPEAKER5029/050290145,nan
SPEAKER5029/050290149,nan
SPEAKER5029/050290156,nan
SPEAKER5029/050290162,nan
SPEAKER5029/050290167,nan
SPEAKER5029/050290174,nan
SPEAKER5039/050390001,nan
SPEAKER5039/050390011,nan
SPEAKER5039/050390020,nan
SPEAKER5039/050390021,nan
SPEAKER5039/050390038,nan
SPEAKER5039/050390040,nan
SPEAKER5039/050390048,nan
SPEAKER5039/050390049,nan
SPEAKER5039/050390057,nan
SPEAKER5039/050390059,nan
SPEAKER5039/050390081,nan
SPEAKER5039/050390084,nan
SPEAKER5039/050390087,nan
SPEAKER5039/050390090,nan
SPEAKER5039/050390092,nan
SPEAKER5039/050390097,nan
SPEAKER5039/050390114,nan
SPEAKER5039/050390129,nan
SPEAKER5039/050390130,nan
SPEAKER5039/050390175,nan
SPEAKER5072/050720001,nan
SPEAKER5072/050720003,nan
SPEAKER5072/050720006,nan
SPEAKER5072/050720017,nan
SPEAKER5072/050720025,nan
SPEAKER5072/050720040,nan
SPEAKER5072/050720045,nan
SPEAKER5072/050720063,nan
SPEAKER5072/050720072,nan
SPEAKER5072/050720076,nan
SPEAKER5072/050720078,nan
SPEAKER5072/050720079,nan
SPEAKER5072/050720102,nan
SPEAKER5072/050720124,nan
SPEAKER5072/050720126,nan
SPEAKER5072/050720136,nan
SPEAKER5072/050720138,nan
SPEAKER5072/050720150,nan
SPEAKER5072/050720158,nan
SPEAKER5072/050720175,nan
SPEAKER5195/051950005,nan
SPEAKER5195/051950011,nan
SPEAKER5195/051950018,nan
SPEAKER5195/051950025,nan
SPEAKER5195/051950032,nan
SPEAKER5195/051950033,nan
SPEAKER5195/051950038,nan
SPEAKER5195/051950044,nan
SPEAKER5195/051950050,nan
SPEAKER5195/051950051,nan
SPEAKER5195/051950067,nan
SPEAKER5195/051950075,nan
SPEAKER5195/051950086,nan
SPEAKER5195/051950088,nan
SPEAKER5195/051950096,nan
SPEAKER5195/051950138,nan
SPEAKER5195/051950154,nan
SPEAKER5195/051950163,nan
SPEAKER5195/051950164,nan
SPEAKER5195/051950170,nan
SPEAKER5218/052180017,nan
SPEAKER5218/052180027,nan
SPEAKER5218/052180028,nan
SPEAKER5218/052180037,nan
SPEAKER5218/052180041,nan
SPEAKER5218/052180042,nan
SPEAKER5218/052180046,nan
SPEAKER5218/052180068,nan
SPEAKER5218/052180084,nan
SPEAKER5218/052180090,nan
SPEAKER5218/052180093,nan
SPEAKER5218/052180098,nan
SPEAKER5218/052180104,nan
SPEAKER5218/052180112,nan
SPEAKER5218/052180117,nan
SPEAKER5218/052180124,nan
SPEAKER5218/052180137,nan
SPEAKER5218/052180143,nan
SPEAKER5218/052180146,nan
SPEAKER5218/052180160,nan
SPEAKER5220/052200004,nan
SPEAKER5220/052200008,nan
SPEAKER5220/052200020,nan
SPEAKER5220/052200044,nan
SPEAKER5220/052200050,nan
SPEAKER5220/052200064,nan
SPEAKER5220/052200066,nan
SPEAKER5220/052200076,nan
SPEAKER5220/052200089,nan
SPEAKER5220/052200092,nan
SPEAKER5220/052200094,nan
SPEAKER5220/052200095,nan
SPEAKER5220/052200101,nan
SPEAKER5220/052200110,nan
SPEAKER5220/052200142,nan
SPEAKER5220/052200150,nan
SPEAKER5220/052200152,nan
SPEAKER5220/052200155,nan
SPEAKER5220/052200162,nan
SPEAKER5220/052200168,nan
SPEAKER5401/054010004,nan
SPEAKER5401/054010009,nan
SPEAKER5401/054010014,nan
SPEAKER5401/054010032,nan
SPEAKER5401/054010046,nan
SPEAKER5401/054010051,nan
SPEAKER5401/054010055,nan
SPEAKER5401/054010061,nan
SPEAKER5401/054010072,nan
SPEAKER5401/054010079,nan
SPEAKER5401/054010091,nan
SPEAKER5401/054010095,nan
SPEAKER5401/054010105,nan
SPEAKER5401/054010107,nan
SPEAKER5401/054010123,nan
SPEAKER5401/054010130,nan
SPEAKER5401/054010136,nan
SPEAKER5401/054010148,nan
SPEAKER5401/054010155,nan
SPEAKER5401/054010165,nan
SPEAKER5406/054060017,nan
SPEAKER5406/054060036,nan
SPEAKER5406/054060044,nan
SPEAKER5406/054060049,nan
SPEAKER5406/054060064,nan
SPEAKER5406/054060076,nan
SPEAKER5406/054060077,nan
SPEAKER5406/054060091,nan
SPEAKER5406/054060099,nan
SPEAKER5406/054060104,nan
SPEAKER5406/054060113,nan
SPEAKER5406/054060116,nan
SPEAKER5406/054060119,nan
SPEAKER5406/054060126,nan
SPEAKER5406/054060139,nan
SPEAKER5406/054060147,nan
SPEAKER5406/054060149,nan
SPEAKER5406/054060153,nan
SPEAKER5406/054060172,nan
SPEAKER5406/054060173,nan
SPEAKER5408/054080004,nan
SPEAKER5408/054080008,nan
SPEAKER5408/054080011,nan
SPEAKER5408/054080019,nan
SPEAKER5408/054080021,nan
SPEAKER5408/054080033,nan
SPEAKER5408/054080035,nan
SPEAKER5408/054080042,nan
SPEAKER5408/054080065,nan
SPEAKER5408/054080081,nan
SPEAKER5408/054080109,nan
SPEAKER5408/054080123,nan
SPEAKER5408/054080138,nan
SPEAKER5408/054080150,nan
SPEAKER5408/054080151,nan
SPEAKER5408/054080154,nan
SPEAKER5408/054080163,nan
SPEAKER5408/054080165,nan
SPEAKER5408/054080167,nan
SPEAKER5408/054080174,nan
SPEAKER5414/054140003,nan
SPEAKER5414/054140010,nan
SPEAKER5414/054140015,nan
SPEAKER5414/054140019,nan
SPEAKER5414/054140021,nan
SPEAKER5414/054140039,nan
SPEAKER5414/054140051,nan
SPEAKER5414/054140057,nan
SPEAKER5414/054140077,nan
SPEAKER5414/054140098,nan
SPEAKER5414/054140104,nan
SPEAKER5414/054140106,nan
SPEAKER5414/054140113,nan
SPEAKER5414/054140115,nan
SPEAKER5414/054140118,nan
SPEAKER5414/054140119,nan
SPEAKER5414/054140122,nan
SPEAKER5414/054140127,nan
SPEAKER5414/054140154,nan
SPEAKER5414/054140158,nan
SPEAKER5418/054180014,nan
SPEAKER5418/054180015,nan
SPEAKER5418/054180021,nan
SPEAKER5418/054180022,nan
SPEAKER5418/054180029,nan
SPEAKER5418/054180033,nan
SPEAKER5418/054180059,nan
SPEAKER5418/054180063,nan
SPEAKER5418/054180075,nan
SPEAKER5418/054180076,nan
SPEAKER5418/054180077,nan
SPEAKER5418/054180079,nan
SPEAKER5418/054180087,nan
SPEAKER5418/054180091,nan
SPEAKER5418/054180096,nan
SPEAKER5418/054180111,nan
SPEAKER5418/054180123,nan
SPEAKER5418/054180126,nan
SPEAKER5418/054180130,nan
SPEAKER5418/054180174,nan
SPEAKER5424/054240002,nan
SPEAKER5424/054240025,nan
SPEAKER5424/054240038,nan
SPEAKER5424/054240039,nan
SPEAKER5424/054240048,nan
SPEAKER5424/054240053,nan
SPEAKER5424/054240079,nan
SPEAKER5424/054240091,nan
SPEAKER5424/054240093,nan
SPEAKER5424/054240094,nan
SPEAKER5424/054240097,nan
SPEAKER5424/054240099,nan
SPEAKER5424/054240109,nan
SPEAKER5424/054240115,nan
SPEAKER5424/054240116,nan
SPEAKER5424/054240117,nan
SPEAKER5424/054240125,nan
SPEAKER5424/054240126,nan
SPEAKER5424/054240138,nan
SPEAKER5424/054240152,nan
SPEAKER5428/054280012,nan
SPEAKER5428/054280018,nan
SPEAKER5428/054280021,nan
SPEAKER5428/054280023,nan
SPEAKER5428/054280024,nan
SPEAKER5428/054280030,nan
SPEAKER5428/054280040,nan
SPEAKER5428/054280042,nan
SPEAKER5428/054280049,nan
SPEAKER5428/054280053,nan
SPEAKER5428/054280057,nan
SPEAKER5428/054280062,nan
SPEAKER5428/054280078,nan
SPEAKER5428/054280109,nan
SPEAKER5428/054280118,nan
SPEAKER5428/054280125,nan
SPEAKER5428/054280128,nan
SPEAKER5428/054280146,nan
SPEAKER5428/054280148,nan
SPEAKER5428/054280175,nan
SPEAKER5432/054320015,nan
SPEAKER5432/054320019,nan
SPEAKER5432/054320020,nan
SPEAKER5432/054320024,nan
SPEAKER5432/054320037,nan
SPEAKER5432/054320041,nan
SPEAKER5432/054320058,nan
SPEAKER5432/054320061,nan
SPEAKER5432/054320067,nan
SPEAKER5432/054320073,nan
SPEAKER5432/054320076,nan
SPEAKER5432/054320080,nan
SPEAKER5432/054320092,nan
SPEAKER5432/054320099,nan
SPEAKER5432/054320100,nan
SPEAKER5432/054320118,nan
SPEAKER5432/054320129,nan
SPEAKER5432/054320136,nan
SPEAKER5432/054320140,nan
SPEAKER5432/054320149,nan
SPEAKER5547/055470005,nan
SPEAKER5547/055470009,nan
SPEAKER5547/055470040,nan
SPEAKER5547/055470046,nan
SPEAKER5547/055470047,nan
SPEAKER5547/055470080,nan
SPEAKER5547/055470082,nan
SPEAKER5547/055470088,nan
SPEAKER5547/055470104,nan
SPEAKER5547/055470105,nan
SPEAKER5547/055470120,nan
SPEAKER5547/055470122,nan
SPEAKER5547/055470126,nan
SPEAKER5547/055470129,nan
SPEAKER5547/055470131,nan
SPEAKER5547/055470141,nan
SPEAKER5547/055470152,nan
SPEAKER5547/055470170,nan
SPEAKER5547/055470172,nan
SPEAKER5547/055470175,nan
SPEAKER5551/055510024,nan
SPEAKER5551/055510029,nan
SPEAKER5551/055510046,nan
SPEAKER5551/055510061,nan
SPEAKER5551/055510067,nan
SPEAKER5551/055510070,nan
SPEAKER5551/055510078,nan
SPEAKER5551/055510079,nan
SPEAKER5551/055510084,nan
SPEAKER5551/055510088,nan
SPEAKER5551/055510093,nan
SPEAKER5551/055510096,nan
SPEAKER5551/055510100,nan
SPEAKER5551/055510110,nan
SPEAKER5551/055510122,nan
SPEAKER5551/055510130,nan
SPEAKER5551/055510143,nan
SPEAKER5551/055510156,nan
SPEAKER5551/055510164,nan
SPEAKER5551/055510165,nan
SPEAKER6010/060100004,nan
SPEAKER6010/060100009,nan
SPEAKER6010/060100031,nan
SPEAKER6010/060100034,nan
SPEAKER6010/060100037,nan
SPEAKER6010/060100041,nan
SPEAKER6010/060100047,nan
SPEAKER6010/060100066,nan
SPEAKER6010/060100081,nan
SPEAKER6010/060100092,nan
SPEAKER6010/060100100,nan
SPEAKER6010/060100101,nan
SPEAKER6010/060100105,nan
SPEAKER6010/060100124,nan
SPEAKER6010/060100128,nan
SPEAKER6010/060100132,nan
SPEAKER6010/060100147,nan
SPEAKER6010/060100154,nan
SPEAKER6010/060100159,nan
SPEAKER6010/060100164,nan
SPEAKER6048/060480005,nan
SPEAKER6048/060480008,nan
SPEAKER6048/060480012,nan
SPEAKER6048/060480018,nan
SPEAKER6048/060480037,nan
SPEAKER6048/060480050,nan
SPEAKER6048/060480082,nan
SPEAKER6048/060480084,nan
SPEAKER6048/060480090,nan
SPEAKER6048/060480094,nan
SPEAKER6048/060480102,nan
SPEAKER6048/060480104,nan
SPEAKER6048/060480131,nan
SPEAKER6048/060480134,nan
SPEAKER6048/060480135,nan
SPEAKER6048/060480145,nan
SPEAKER6048/060480147,nan
SPEAKER6048/060480148,nan
SPEAKER6048/060480168,nan
SPEAKER6048/060480169,nan
SPEAKER6067/060670002,nan
SPEAKER6067/060670003,nan
SPEAKER6067/060670017,nan
SPEAKER6067/060670029,nan
SPEAKER6067/060670035,nan
SPEAKER6067/060670036,nan
SPEAKER6067/060670038,nan
SPEAKER6067/060670041,nan
SPEAKER6067/060670044,nan
SPEAKER6067/060670049,nan
SPEAKER6067/060670060,nan
SPEAKER6067/060670062,nan
SPEAKER6067/060670072,nan
SPEAKER6067/060670075,nan
SPEAKER6067/060670080,nan
SPEAKER6067/060670094,nan
SPEAKER6067/060670111,nan
SPEAKER6067/060670140,nan
SPEAKER6067/060670144,nan
SPEAKER6067/060670149,nan
SPEAKER6099/060990011,nan
SPEAKER6099/060990014,nan
SPEAKER6099/060990023,nan
SPEAKER6099/060990029,nan
SPEAKER6099/060990030,nan
SPEAKER6099/060990034,nan
SPEAKER6099/060990035,nan
SPEAKER6099/060990039,nan
SPEAKER6099/060990059,nan
SPEAKER6099/060990078,nan
SPEAKER6099/060990083,nan
SPEAKER6099/060990089,nan
SPEAKER6099/060990093,nan
SPEAKER6099/060990117,nan
SPEAKER6099/060990121,nan
SPEAKER6099/060990124,nan
SPEAKER6099/060990129,nan
SPEAKER6099/060990155,nan
SPEAKER6099/060990168,nan
SPEAKER6099/060990175,nan
SPEAKER6121/061210013,nan
SPEAKER6121/061210031,nan
SPEAKER6121/061210059,nan
SPEAKER6121/061210060,nan
SPEAKER6121/061210063,nan
SPEAKER6121/061210068,nan
SPEAKER6121/061210069,nan
SPEAKER6121/061210071,nan
SPEAKER6121/061210075,nan
SPEAKER6121/061210086,nan
SPEAKER6121/061210095,nan
SPEAKER6121/061210109,nan
SPEAKER6121/061210128,nan
SPEAKER6121/061210129,nan
SPEAKER6121/061210140,nan
SPEAKER6121/061210141,nan
SPEAKER6121/061210142,nan
SPEAKER6121/061210147,nan
SPEAKER6121/061210148,nan
SPEAKER6121/061210174,nan
SPEAKER6401/064010049,nan
SPEAKER6401/064010056,nan
SPEAKER6401/064010057,nan
SPEAKER6401/064010066,nan
SPEAKER6401/064010067,nan
SPEAKER6401/064010086,nan
SPEAKER6401/064010092,nan
SPEAKER6401/064010093,nan
SPEAKER6401/064010103,nan
SPEAKER6401/064010107,nan
SPEAKER6401/064010109,nan
SPEAKER6401/064010120,nan
SPEAKER6401/064010123,nan
SPEAKER6401/064010135,nan
SPEAKER6401/064010141,nan
SPEAKER6401/064010150,nan
SPEAKER6401/064010161,nan
SPEAKER6401/064010164,nan
SPEAKER6401/064010172,nan
SPEAKER6401/064010173,nan
SPEAKER6504/065040005,nan
SPEAKER6504/065040007,nan
SPEAKER6504/065040009,nan
SPEAKER6504/065040011,nan
SPEAKER6504/065040028,nan
SPEAKER6504/065040042,nan
SPEAKER6504/065040044,nan
SPEAKER6504/065040045,nan
SPEAKER6504/065040049,nan
SPEAKER6504/065040077,nan
SPEAKER6504/065040112,nan
SPEAKER6504/065040118,nan
SPEAKER6504/065040124,nan
SPEAKER6504/065040125,nan
SPEAKER6504/065040126,nan
SPEAKER6504/065040127,nan
SPEAKER6504/065040133,nan
SPEAKER6504/065040134,nan
SPEAKER6504/065040137,nan
SPEAKER6504/065040160,nan
SPEAKER6902/069020006,nan
SPEAKER6902/069020020,nan
SPEAKER6902/069020024,nan
SPEAKER6902/069020037,nan
SPEAKER6902/069020044,nan
SPEAKER6902/069020048,nan
SPEAKER6902/069020059,nan
SPEAKER6902/069020065,nan
SPEAKER6902/069020075,nan
SPEAKER6902/069020090,nan
SPEAKER6902/069020091,nan
SPEAKER6902/069020096,nan
SPEAKER6902/069020103,nan
SPEAKER6902/069020114,nan
SPEAKER6902/069020123,nan
SPEAKER6902/069020143,nan
SPEAKER6902/069020155,nan
SPEAKER6902/069020163,nan
SPEAKER6902/069020168,nan
SPEAKER6902/069020175,nan
SPEAKER6912/069120003,nan
SPEAKER6912/069120014,nan
SPEAKER6912/069120020,nan
SPEAKER6912/069120025,nan
SPEAKER6912/069120052,nan
SPEAKER6912/069120059,nan
SPEAKER6912/069120061,nan
SPEAKER6912/069120072,nan
SPEAKER6912/069120083,nan
SPEAKER6912/069120087,nan
SPEAKER6912/069120092,nan
SPEAKER6912/069120093,nan
SPEAKER6912/069120094,nan
SPEAKER6912/069120106,nan
SPEAKER6912/069120121,nan
SPEAKER6912/069120123,nan
SPEAKER6912/069120140,nan
SPEAKER6912/069120151,nan
SPEAKER6912/069120165,nan
SPEAKER6912/069120170,nan
SPEAKER7001/070010001,nan
SPEAKER7001/070010002,nan
SPEAKER7001/070010003,nan
SPEAKER7001/070010004,nan
SPEAKER7001/070010005,nan
SPEAKER7001/070010006,nan
SPEAKER7001/070010007,nan
SPEAKER7001/070010008,nan
SPEAKER7001/070010009,nan
SPEAKER7001/070010010,nan
SPEAKER7001/070010011,nan
SPEAKER7001/070010012,nan
SPEAKER7001/070010013,nan
SPEAKER7001/070010014,nan
SPEAKER7001/070010015,nan
SPEAKER7001/070010016,nan
SPEAKER7001/070010017,nan
SPEAKER7001/070010018,nan
SPEAKER7001/070010019,nan
SPEAKER7001/070010020,nan
SPEAKER7551/075510004,nan
SPEAKER7551/075510010,nan
SPEAKER7551/075510017,nan
SPEAKER7551/075510036,nan
SPEAKER7551/075510038,nan
SPEAKER7551/075510041,nan
SPEAKER7551/075510057,nan
SPEAKER7551/075510076,nan
SPEAKER7551/075510086,nan
SPEAKER7551/075510090,nan
SPEAKER7551/075510091,nan
SPEAKER7551/075510099,nan
SPEAKER7551/075510129,nan
SPEAKER7551/075510131,nan
SPEAKER7551/075510137,nan
SPEAKER7551/075510142,nan
SPEAKER7551/075510144,nan
SPEAKER7551/075510163,nan
SPEAKER7551/075510165,nan
SPEAKER7551/075510167,nan
SPEAKER8002/080020001,nan
SPEAKER8002/080020002,nan
SPEAKER8002/080020003,nan
SPEAKER8002/080020004,nan
SPEAKER8002/080020005,nan
SPEAKER8002/080020006,nan
SPEAKER8002/080020007,nan
SPEAKER8002/080020008,nan
SPEAKER8002/080020009,nan
SPEAKER8002/080020010,nan
SPEAKER8002/080020011,nan
SPEAKER8002/080020012,nan
SPEAKER8002/080020013,nan
SPEAKER8002/080020014,nan
SPEAKER8002/080020015,nan
SPEAKER8002/080020016,nan
SPEAKER8002/080020017,nan
SPEAKER8002/080020018,nan
SPEAKER8002/080020019,nan
SPEAKER8002/080020020,nan
SPEAKER8057/080570004,nan
SPEAKER8057/080570009,nan
SPEAKER8057/080570013,nan
SPEAKER8057/080570014,nan
SPEAKER8057/080570031,nan
SPEAKER8057/080570053,nan
SPEAKER8057/080570067,nan
SPEAKER8057/080570071,nan
SPEAKER8057/080570072,nan
SPEAKER8057/080570080,nan
SPEAKER8057/080570081,nan
SPEAKER8057/080570087,nan
SPEAKER8057/080570089,nan
SPEAKER8057/080570102,nan
SPEAKER8057/080570127,nan
SPEAKER8057/080570138,nan
SPEAKER8057/080570143,nan
SPEAKER8057/080570144,nan
SPEAKER8057/080570146,nan
SPEAKER8057/080570157,nan
SPEAKER8063/080630011,nan
SPEAKER8063/080630014,nan
SPEAKER8063/080630019,nan
SPEAKER8063/080630030,nan
SPEAKER8063/080630038,nan
SPEAKER8063/080630044,nan
SPEAKER8063/080630053,nan
SPEAKER8063/080630062,nan
SPEAKER8063/080630086,nan
SPEAKER8063/080630090,nan
SPEAKER8063/080630091,nan
SPEAKER8063/080630093,nan
SPEAKER8063/080630094,nan
SPEAKER8063/080630123,nan
SPEAKER8063/080630125,nan
SPEAKER8063/080630140,nan
SPEAKER8063/080630147,nan
SPEAKER8063/080630152,nan
SPEAKER8063/080630155,nan
SPEAKER8063/080630170,nan
SPEAKER8068/080680011,nan
SPEAKER8068/080680020,nan
SPEAKER8068/080680029,nan
SPEAKER8068/080680031,nan
SPEAKER8068/080680056,nan
SPEAKER8068/080680060,nan
SPEAKER8068/080680066,nan
SPEAKER8068/080680069,nan
SPEAKER8068/080680084,nan
SPEAKER8068/080680090,nan
SPEAKER8068/080680095,nan
SPEAKER8068/080680106,nan
SPEAKER8068/080680108,nan
SPEAKER8068/080680129,nan
SPEAKER8068/080680133,nan
SPEAKER8068/080680151,nan
SPEAKER8068/080680153,nan
SPEAKER8068/080680170,nan
SPEAKER8068/080680173,nan
SPEAKER8068/080680174,nan
SPEAKER8153/081530002,nan
SPEAKER8153/081530014,nan
SPEAKER8153/081530016,nan
SPEAKER8153/081530018,nan
SPEAKER8153/081530023,nan
SPEAKER8153/081530038,nan
SPEAKER8153/081530065,nan
SPEAKER8153/081530073,nan
SPEAKER8153/081530085,nan
SPEAKER8153/081530088,nan
SPEAKER8153/081530096,nan
SPEAKER8153/081530100,nan
SPEAKER8153/081530107,nan
SPEAKER8153/081530109,nan
SPEAKER8153/081530125,nan
SPEAKER8153/081530139,nan
SPEAKER8153/081530146,nan
SPEAKER8153/081530165,nan
SPEAKER8153/081530167,nan
SPEAKER8153/081530170,nan
SPEAKER8581/085810002,nan
SPEAKER8581/085810012,nan
SPEAKER8581/085810018,nan
SPEAKER8581/085810038,nan
SPEAKER8581/085810040,nan
SPEAKER8581/085810043,nan
SPEAKER8581/085810048,nan
SPEAKER8581/085810056,nan
SPEAKER8581/085810078,nan
SPEAKER8581/085810084,nan
SPEAKER8581/085810086,nan
SPEAKER8581/085810112,nan
SPEAKER8581/085810116,nan
SPEAKER8581/085810119,nan
SPEAKER8581/085810120,nan
SPEAKER8581/085810121,nan
SPEAKER8581/085810152,nan
SPEAKER8581/085810159,nan
SPEAKER8581/085810163,nan
SPEAKER8581/085810167,nan
SPEAKER8584/085840013,nan
SPEAKER8584/085840020,nan
SPEAKER8584/085840022,nan
SPEAKER8584/085840036,nan
SPEAKER8584/085840040,nan
SPEAKER8584/085840059,nan
SPEAKER8584/085840072,nan
SPEAKER8584/085840075,nan
SPEAKER8584/085840077,nan
SPEAKER8584/085840086,nan
SPEAKER8584/085840089,nan
SPEAKER8584/085840092,nan
SPEAKER8584/085840099,nan
SPEAKER8584/085840115,nan
SPEAKER8584/085840117,nan
SPEAKER8584/085840123,nan
SPEAKER8584/085840141,nan
SPEAKER8584/085840147,nan
SPEAKER8584/085840157,nan
SPEAKER8584/085840167,nan
SPEAKER8585/085850006,nan
SPEAKER8585/085850024,nan
SPEAKER8585/085850039,nan
SPEAKER8585/085850042,nan
SPEAKER8585/085850044,nan
SPEAKER8585/085850046,nan
SPEAKER8585/085850056,nan
SPEAKER8585/085850075,nan
SPEAKER8585/085850088,nan
SPEAKER8585/085850092,nan
SPEAKER8585/085850094,nan
SPEAKER8585/085850101,nan
SPEAKER8585/085850108,nan
SPEAKER8585/085850112,nan
SPEAKER8585/085850119,nan
SPEAKER8585/085850120,nan
SPEAKER8585/085850138,nan
SPEAKER8585/085850146,nan
SPEAKER8585/085850161,nan
SPEAKER8585/085850170,nan
SPEAKER9034/090340002,nan
SPEAKER9034/090340007,nan
SPEAKER9034/090340021,nan
SPEAKER9034/090340032,nan
SPEAKER9034/090340039,nan
SPEAKER9034/090340041,nan
SPEAKER9034/090340043,nan
SPEAKER9034/090340054,nan
SPEAKER9034/090340071,nan
SPEAKER9034/090340085,nan
SPEAKER9034/090340088,nan
SPEAKER9034/090340090,nan
SPEAKER9034/090340108,nan
SPEAKER9034/090340114,nan
SPEAKER9034/090340126,nan
SPEAKER9034/090340131,nan
SPEAKER9034/090340155,nan
SPEAKER9034/090340158,nan
SPEAKER9034/090340164,nan
SPEAKER9034/090340168,nan
SPEAKER9070/090700006,nan
SPEAKER9070/090700008,nan
SPEAKER9070/090700019,nan
SPEAKER9070/090700042,nan
SPEAKER9070/090700045,nan
SPEAKER9070/090700047,nan
SPEAKER9070/090700054,nan
SPEAKER9070/090700055,nan
SPEAKER9070/090700057,nan
SPEAKER9070/090700059,nan
SPEAKER9070/090700065,nan
SPEAKER9070/090700081,nan
SPEAKER9070/090700082,nan
SPEAKER9070/090700108,nan
SPEAKER9070/090700111,nan
SPEAKER9070/090700117,nan
SPEAKER9070/090700127,nan
SPEAKER9070/090700148,nan
SPEAKER9070/090700164,nan
SPEAKER9070/090700172,nan
SPEAKER9088/090880018,nan
SPEAKER9088/090880060,nan
SPEAKER9088/090880064,nan
SPEAKER9088/090880065,nan
SPEAKER9088/090880086,nan
SPEAKER9088/090880090,nan
SPEAKER9088/090880093,nan
SPEAKER9088/090880095,nan
SPEAKER9088/090880100,nan
SPEAKER9088/090880120,nan
SPEAKER9088/090880126,nan
SPEAKER9088/090880130,nan
SPEAKER9088/090880132,nan
SPEAKER9088/090880140,nan
SPEAKER9088/090880142,nan
SPEAKER9088/090880145,nan
SPEAKER9088/090880147,nan
SPEAKER9088/090880154,nan
SPEAKER9088/090880157,nan
SPEAKER9088/090880163,nan
SPEAKER9101/091010017,nan
SPEAKER9101/091010032,nan
SPEAKER9101/091010049,nan
SPEAKER9101/091010050,nan
SPEAKER9101/091010055,nan
SPEAKER9101/091010063,nan
SPEAKER9101/091010070,nan
SPEAKER9101/091010072,nan
SPEAKER9101/091010082,nan
SPEAKER9101/091010100,nan
SPEAKER9101/091010107,nan
SPEAKER9101/091010109,nan
SPEAKER9101/091010123,nan
SPEAKER9101/091010127,nan
SPEAKER9101/091010133,nan
SPEAKER9101/091010138,nan
SPEAKER9101/091010139,nan
SPEAKER9101/091010142,nan
SPEAKER9101/091010149,nan
SPEAKER9101/091010151,nan
SPEAKER9107/091070001,nan
SPEAKER9107/091070033,nan
SPEAKER9107/091070038,nan
SPEAKER9107/091070040,nan
SPEAKER9107/091070049,nan
SPEAKER9107/091070056,nan
SPEAKER9107/091070061,nan
SPEAKER9107/091070065,nan
SPEAKER9107/091070074,nan
SPEAKER9107/091070089,nan
SPEAKER9107/091070108,nan
SPEAKER9107/091070135,nan
SPEAKER9107/091070138,nan
SPEAKER9107/091070140,nan
SPEAKER9107/091070142,nan
SPEAKER9107/091070143,nan
SPEAKER9107/091070162,nan
SPEAKER9107/091070163,nan
SPEAKER9107/091070174,nan
SPEAKER9107/091070175,nan
SPEAKER9118/091180015,nan
SPEAKER9118/091180025,nan
SPEAKER9118/091180035,nan
SPEAKER9118/091180042,nan
SPEAKER9118/091180044,nan
SPEAKER9118/091180050,nan
SPEAKER9118/091180056,nan
SPEAKER9118/091180064,nan
SPEAKER9118/091180075,nan
SPEAKER9118/091180078,nan
SPEAKER9118/091180088,nan
SPEAKER9118/091180091,nan
SPEAKER9118/091180101,nan
SPEAKER9118/091180110,nan
SPEAKER9118/091180133,nan
SPEAKER9118/091180151,nan
SPEAKER9118/091180157,nan
SPEAKER9118/091180159,nan
SPEAKER9118/091180161,nan
SPEAKER9118/091180163,nan
SPEAKER9553/095530005,nan
SPEAKER9553/095530010,nan
SPEAKER9553/095530011,nan
SPEAKER9553/095530016,nan
SPEAKER9553/095530028,nan
SPEAKER9553/095530041,nan
SPEAKER9553/095530049,nan
SPEAKER9553/095530059,nan
SPEAKER9553/095530066,nan
SPEAKER9553/095530082,nan
SPEAKER9553/095530083,nan
SPEAKER9553/095530085,nan
SPEAKER9553/095530116,nan
SPEAKER9553/095530118,nan
SPEAKER9553/095530129,nan
SPEAKER9553/095530144,nan
SPEAKER9553/095530152,nan
SPEAKER9553/095530154,nan
SPEAKER9553/095530161,nan
SPEAKER9553/095530173,nan
SPEAKER9555/095550027,nan
SPEAKER9555/095550043,nan
SPEAKER9555/095550044,nan
SPEAKER9555/095550046,nan
SPEAKER9555/095550051,nan
SPEAKER9555/095550053,nan
SPEAKER9555/095550073,nan
SPEAKER9555/095550075,nan
SPEAKER9555/095550081,nan
SPEAKER9555/095550082,nan
SPEAKER9555/095550092,nan
SPEAKER9555/095550100,nan
SPEAKER9555/095550107,nan
SPEAKER9555/095550116,nan
SPEAKER9555/095550126,nan
SPEAKER9555/095550134,nan
SPEAKER9555/095550143,nan
SPEAKER9555/095550146,nan
SPEAKER9555/095550148,nan
SPEAKER9555/095550173,nan
SPEAKER9556/095560005,nan
SPEAKER9556/095560008,nan
SPEAKER9556/095560010,nan
SPEAKER9556/095560017,nan
SPEAKER9556/095560031,nan
SPEAKER9556/095560037,nan
SPEAKER9556/095560051,nan
SPEAKER9556/095560054,nan
SPEAKER9556/095560069,nan
SPEAKER9556/095560080,nan
SPEAKER9556/095560083,nan
SPEAKER9556/095560108,nan
SPEAKER9556/095560115,nan
SPEAKER9556/095560129,nan
SPEAKER9556/095560133,nan
SPEAKER9556/095560150,nan
SPEAKER9556/095560153,nan
SPEAKER9556/095560163,nan
SPEAKER9556/095560164,nan
SPEAKER9556/095560170,nan
SPEAKER9558/095580008,nan
SPEAKER9558/095580012,nan
SPEAKER9558/095580016,nan
SPEAKER9558/095580039,nan
SPEAKER9558/095580045,nan
SPEAKER9558/095580056,nan
SPEAKER9558/095580067,nan
SPEAKER9558/095580071,nan
SPEAKER9558/095580078,nan
SPEAKER9558/095580088,nan
SPEAKER9558/095580097,nan
SPEAKER9558/095580099,nan
SPEAKER9558/095580101,nan
SPEAKER9558/095580102,nan
SPEAKER9558/095580116,nan
SPEAKER9558/095580128,nan
SPEAKER9558/095580133,nan
SPEAKER9558/095580157,nan
SPEAKER9558/095580166,nan
SPEAKER9558/095580173,nan
SPEAKER9600/096000002,nan
SPEAKER9600/096000003,nan
SPEAKER9600/096000004,nan
SPEAKER9600/096000005,nan
SPEAKER9600/096000006,nan
SPEAKER9600/096000007,nan
SPEAKER9600/096000008,nan
SPEAKER9600/096000009,nan
SPEAKER9600/096000010,nan
SPEAKER9600/096000011,nan
SPEAKER9600/096000012,nan
SPEAKER9600/096000013,nan
SPEAKER9600/096000014,nan
SPEAKER9600/096000015,nan
SPEAKER9600/096000016,nan
SPEAKER9600/096000017,nan
SPEAKER9600/096000018,nan
SPEAKER9600/096000020,nan
SPEAKER9600/096000021,nan
SPEAKER9600/096000022,nan
SPEAKER9601/096010001,nan
SPEAKER9601/096010002,nan
SPEAKER9601/096010004,nan
SPEAKER9601/096010005,nan
SPEAKER9601/096010006,nan
SPEAKER9601/096010007,nan
SPEAKER9601/096010008,nan
SPEAKER9601/096010009,nan
SPEAKER9601/096010010,nan
SPEAKER9601/096010011,nan
SPEAKER9601/096010012,nan
SPEAKER9601/096010013,nan
SPEAKER9601/096010015,nan
SPEAKER9601/096010016,nan
SPEAKER9601/096010018,nan
SPEAKER9601/096010019,nan
SPEAKER9601/096010020,nan
SPEAKER9601/096010021,nan
SPEAKER9601/096010022,nan
SPEAKER9601/096010023,nan
SPEAKER9604/096040001,nan
SPEAKER9604/096040002,nan
SPEAKER9604/096040004,nan
SPEAKER9604/096040005,nan
SPEAKER9604/096040006,nan
SPEAKER9604/096040007,nan
SPEAKER9604/096040008,nan
SPEAKER9604/096040009,nan
SPEAKER9604/096040010,nan
SPEAKER9604/096040011,nan
SPEAKER9604/096040012,nan
SPEAKER9604/096040014,nan
SPEAKER9604/096040015,nan
SPEAKER9604/096040016,nan
SPEAKER9604/096040018,nan
SPEAKER9604/096040019,nan
SPEAKER9604/096040021,nan
SPEAKER9604/096040023,nan
SPEAKER9604/096040024,nan
SPEAKER9604/096040025,nan
SPEAKER9606/096060001,nan
SPEAKER9606/096060002,nan
SPEAKER9606/096060003,nan
SPEAKER9606/096060004,nan
SPEAKER9606/096060005,nan
SPEAKER9606/096060006,nan
SPEAKER9606/096060007,nan
SPEAKER9606/096060008,nan
SPEAKER9606/096060009,nan
SPEAKER9606/096060010,nan
SPEAKER9606/096060011,nan
SPEAKER9606/096060012,nan
SPEAKER9606/096060013,nan
SPEAKER9606/096060014,nan
SPEAKER9606/096060015,nan
SPEAKER9606/096060016,nan
SPEAKER9606/096060017,nan
SPEAKER9606/096060019,nan
SPEAKER9606/096060020,nan
SPEAKER9606/096060022,nan
SPEAKER9607/096070002,nan
SPEAKER9607/096070003,nan
SPEAKER9607/096070005,nan
SPEAKER9607/096070006,nan
SPEAKER9607/096070007,nan
SPEAKER9607/096070008,nan
SPEAKER9607/096070011,nan
SPEAKER9607/096070012,nan
SPEAKER9607/096070013,nan
SPEAKER9607/096070014,nan
SPEAKER9607/096070015,nan
SPEAKER9607/096070016,nan
SPEAKER9607/096070017,nan
SPEAKER9607/096070018,nan
SPEAKER9607/096070019,nan
SPEAKER9607/096070020,nan
SPEAKER9607/096070021,nan
SPEAKER9607/096070022,nan
SPEAKER9607/096070023,nan
SPEAKER9607/096070024,nan
SPEAKER9608/096080003,nan
SPEAKER9608/096080005,nan
SPEAKER9608/096080006,nan
SPEAKER9608/096080007,nan
SPEAKER9608/096080008,nan
SPEAKER9608/096080009,nan
SPEAKER9608/096080010,nan
SPEAKER9608/096080012,nan
SPEAKER9608/096080013,nan
SPEAKER9608/096080014,nan
SPEAKER9608/096080015,nan
SPEAKER9608/096080017,nan
SPEAKER9608/096080018,nan
SPEAKER9608/096080021,nan
SPEAKER9608/096080022,nan
SPEAKER9608/096080023,nan
SPEAKER9608/096080024,nan
SPEAKER9608/096080025,nan
SPEAKER9608/096080026,nan
SPEAKER9608/096080027,nan
SPEAKER9609/096090001,nan
SPEAKER9609/096090003,nan
SPEAKER9609/096090005,nan
SPEAKER9609/096090006,nan
SPEAKER9609/096090007,nan
SPEAKER9609/096090008,nan
SPEAKER9609/096090010,nan
SPEAKER9609/096090011,nan
SPEAKER9609/096090014,nan
SPEAKER9609/096090015,nan
SPEAKER9609/096090017,nan
SPEAKER9609/096090018,nan
SPEAKER9609/096090019,nan
SPEAKER9609/096090020,nan
SPEAKER9609/096090021,nan
SPEAKER9609/096090023,nan
SPEAKER9609/096090024,nan
SPEAKER9609/096090025,nan
SPEAKER9609/096090026,nan
SPEAKER9609/096090027,nan
SPEAKER9610/096100001,nan
SPEAKER9610/096100002,nan
SPEAKER9610/096100003,nan
SPEAKER9610/096100004,nan
SPEAKER9610/096100005,nan
SPEAKER9610/096100006,nan
SPEAKER9610/096100007,nan
SPEAKER9610/096100008,nan
SPEAKER9610/096100009,nan
SPEAKER9610/096100010,nan
SPEAKER9610/096100011,nan
SPEAKER9610/096100012,nan
SPEAKER9610/096100013,nan
SPEAKER9610/096100014,nan
SPEAKER9610/096100015,nan
SPEAKER9610/096100016,nan
SPEAKER9610/096100017,nan
SPEAKER9610/096100018,nan
SPEAKER9610/096100019,nan
SPEAKER9610/096100020,nan
SPEAKER9611/096110001,nan
SPEAKER9611/096110002,nan
SPEAKER9611/096110003,nan
SPEAKER9611/096110004,nan
SPEAKER9611/096110005,nan
SPEAKER9611/096110006,nan
SPEAKER9611/096110008,nan
SPEAKER9611/096110009,nan
SPEAKER9611/096110011,nan
SPEAKER9611/096110012,nan
SPEAKER9611/096110013,nan
SPEAKER9611/096110014,nan
SPEAKER9611/096110015,nan
SPEAKER9611/096110016,nan
SPEAKER9611/096110017,nan
SPEAKER9611/096110018,nan
SPEAKER9611/096110019,nan
SPEAKER9611/096110021,nan
SPEAKER9611/096110022,nan
SPEAKER9611/096110023,nan
SPEAKER9612/096120001,nan
SPEAKER9612/096120002,nan
SPEAKER9612/096120003,nan
SPEAKER9612/096120004,nan
SPEAKER9612/096120005,nan
SPEAKER9612/096120006,nan
SPEAKER9612/096120007,nan
SPEAKER9612/096120008,nan
SPEAKER9612/096120009,nan
SPEAKER9612/096120010,nan
SPEAKER9612/096120011,nan
SPEAKER9612/096120012,nan
SPEAKER9612/096120013,nan
SPEAKER9612/096120014,nan
SPEAKER9612/096120015,nan
SPEAKER9612/096120016,nan
SPEAKER9612/096120017,nan
SPEAKER9612/096120018,nan
SPEAKER9612/096120019,nan
SPEAKER9612/096120020,nan
SPEAKER9613/096130001,nan
SPEAKER9613/096130002,nan
SPEAKER9613/096130003,nan
SPEAKER9613/096130004,nan
SPEAKER9613/096130005,nan
SPEAKER9613/096130006,nan
SPEAKER9613/096130007,nan
SPEAKER9613/096130008,nan
SPEAKER9613/096130009,nan
SPEAKER9613/096130010,nan
SPEAKER9613/096130011,nan
SPEAKER9613/096130012,nan
SPEAKER9613/096130013,nan
SPEAKER9613/096130014,nan
SPEAKER9613/096130016,nan
SPEAKER9613/096130017,nan
SPEAKER9613/096130018,nan
SPEAKER9613/096130019,nan
SPEAKER9613/096130020,nan
SPEAKER9613/096130021,nan
SPEAKER9614/096140002,nan
SPEAKER9614/096140003,nan
SPEAKER9614/096140004,nan
SPEAKER9614/096140005,nan
SPEAKER9614/096140006,nan
SPEAKER9614/096140007,nan
SPEAKER9614/096140008,nan
SPEAKER9614/096140009,nan
SPEAKER9614/096140010,nan
SPEAKER9614/096140011,nan
SPEAKER9614/096140012,nan
SPEAKER9614/096140014,nan
SPEAKER9614/096140015,nan
SPEAKER9614/096140016,nan
SPEAKER9614/096140017,nan
SPEAKER9614/096140018,nan
SPEAKER9614/096140019,nan
SPEAKER9614/096140020,nan
SPEAKER9614/096140021,nan
SPEAKER9614/096140022,nan
SPEAKER9615/096150003,nan
SPEAKER9615/096150005,nan
SPEAKER9615/096150006,nan
SPEAKER9615/096150007,nan
SPEAKER9615/096150009,nan
SPEAKER9615/096150010,nan
SPEAKER9615/096150011,nan
SPEAKER9615/096150012,nan
SPEAKER9615/096150013,nan
SPEAKER9615/096150016,nan
SPEAKER9615/096150017,nan
SPEAKER9615/096150018,nan
SPEAKER9615/096150019,nan
SPEAKER9615/096150020,nan
SPEAKER9615/096150021,nan
SPEAKER9615/096150024,nan
SPEAKER9615/096150025,nan
SPEAKER9615/096150026,nan
SPEAKER9615/096150027,nan
SPEAKER9615/096150028,nan
SPEAKER9616/096160001,nan
SPEAKER9616/096160002,nan
SPEAKER9616/096160003,nan
SPEAKER9616/096160004,nan
SPEAKER9616/096160005,nan
SPEAKER9616/096160006,nan
SPEAKER9616/096160007,nan
SPEAKER9616/096160008,nan
SPEAKER9616/096160009,nan
SPEAKER9616/096160010,nan
SPEAKER9616/096160011,nan
SPEAKER9616/096160012,nan
SPEAKER9616/096160013,nan
SPEAKER9616/096160014,nan
SPEAKER9616/096160015,nan
SPEAKER9616/096160016,nan
SPEAKER9616/096160017,nan
SPEAKER9616/096160018,nan
SPEAKER9616/096160019,nan
SPEAKER9616/096160020,nan
SPEAKER9617/096170001,nan
SPEAKER9617/096170002,nan
SPEAKER9617/096170003,nan
SPEAKER9617/096170004,nan
SPEAKER9617/096170006,nan
SPEAKER9617/096170007,nan
SPEAKER9617/096170008,nan
SPEAKER9617/096170009,nan
SPEAKER9617/096170010,nan
SPEAKER9617/096170011,nan
SPEAKER9617/096170012,nan
SPEAKER9617/096170013,nan
SPEAKER9617/096170014,nan
SPEAKER9617/096170015,nan
SPEAKER9617/096170018,nan
SPEAKER9617/096170020,nan
SPEAKER9617/096170021,nan
SPEAKER9617/096170022,nan
SPEAKER9617/096170023,nan
SPEAKER9617/096170024,nan
SPEAKER9618/096180001,nan
SPEAKER9618/096180002,nan
SPEAKER9618/096180004,nan
SPEAKER9618/096180005,nan
SPEAKER9618/096180007,nan
SPEAKER9618/096180008,nan
SPEAKER9618/096180009,nan
SPEAKER9618/096180010,nan
SPEAKER9618/096180011,nan
SPEAKER9618/096180012,nan
SPEAKER9618/096180013,nan
SPEAKER9618/096180014,nan
SPEAKER9618/096180015,nan
SPEAKER9618/096180016,nan
SPEAKER9618/096180017,nan
SPEAKER9618/096180018,nan
SPEAKER9618/096180019,nan
SPEAKER9618/096180020,nan
SPEAKER9618/096180021,nan
SPEAKER9618/096180022,nan
SPEAKER9619/096190001,nan
SPEAKER9619/096190002,nan
SPEAKER9619/096190003,nan
SPEAKER9619/096190004,nan
SPEAKER9619/096190005,nan
SPEAKER9619/096190006,nan
SPEAKER9619/096190007,nan
SPEAKER9619/096190008,nan
SPEAKER9619/096190009,nan
SPEAKER9619/096190010,nan
SPEAKER9619/096190011,nan
SPEAKER9619/096190012,nan
SPEAKER9619/096190013,nan
SPEAKER9619/096190014,nan
SPEAKER9619/096190015,nan
SPEAKER9619/096190016,nan
SPEAKER9619/096190017,nan
SPEAKER9619/096190019,nan
SPEAKER9619/096190020,nan
SPEAKER9619/096190021,nan
SPEAKER9622/096220001,nan
SPEAKER9622/096220002,nan
SPEAKER9622/096220003,nan
SPEAKER9622/096220004,nan
SPEAKER9622/096220005,nan
SPEAKER9622/096220006,nan
SPEAKER9622/096220007,nan
SPEAKER9622/096220008,nan
SPEAKER9622/096220009,nan
SPEAKER9622/096220010,nan
SPEAKER9622/096220011,nan
SPEAKER9622/096220012,nan
SPEAKER9622/096220013,nan
SPEAKER9622/096220014,nan
SPEAKER9622/096220015,nan
SPEAKER9622/096220016,nan
SPEAKER9622/096220017,nan
SPEAKER9622/096220018,nan
SPEAKER9622/096220019,nan
SPEAKER9622/096220020,nan
SPEAKER9623/096230001,nan
SPEAKER9623/096230002,nan
SPEAKER9623/096230004,nan
SPEAKER9623/096230005,nan
SPEAKER9623/096230006,nan
SPEAKER9623/096230007,nan
SPEAKER9623/096230008,nan
SPEAKER9623/096230009,nan
SPEAKER9623/096230010,nan
SPEAKER9623/096230011,nan
SPEAKER9623/096230012,nan
SPEAKER9623/096230013,nan
SPEAKER9623/096230014,nan
SPEAKER9623/096230015,nan
SPEAKER9623/096230016,nan
SPEAKER9623/096230017,nan
SPEAKER9623/096230018,nan
SPEAKER9623/096230019,nan
SPEAKER9623/096230020,nan
SPEAKER9623/096230021,nan
SPEAKER9624/096240001,nan
SPEAKER9624/096240002,nan
SPEAKER9624/096240003,nan
SPEAKER9624/096240004,nan
SPEAKER9624/096240005,nan
SPEAKER9624/096240006,nan
SPEAKER9624/096240007,nan
SPEAKER9624/096240008,nan
SPEAKER9624/096240009,nan
SPEAKER9624/096240010,nan
SPEAKER9624/096240011,nan
SPEAKER9624/096240012,nan
SPEAKER9624/096240013,nan
SPEAKER9624/096240014,nan
SPEAKER9624/096240015,nan
SPEAKER9624/096240016,nan
SPEAKER9624/096240017,nan
SPEAKER9624/096240019,nan
SPEAKER9624/096240020,nan
SPEAKER9624/096240021,nan
SPEAKER9625/096250001,nan
SPEAKER9625/096250002,nan
SPEAKER9625/096250003,nan
SPEAKER9625/096250004,nan
SPEAKER9625/096250005,nan
SPEAKER9625/096250007,nan
SPEAKER9625/096250008,nan
SPEAKER9625/096250009,nan
SPEAKER9625/096250010,nan
SPEAKER9625/096250011,nan
SPEAKER9625/096250012,nan
SPEAKER9625/096250013,nan
SPEAKER9625/096250014,nan
SPEAKER9625/096250015,nan
SPEAKER9625/096250016,nan
SPEAKER9625/096250017,nan
SPEAKER9625/096250018,nan
SPEAKER9625/096250020,nan
SPEAKER9625/096250021,nan
SPEAKER9625/096250023,nan
SPEAKER9626/096260002,nan
SPEAKER9626/096260003,nan
SPEAKER9626/096260004,nan
SPEAKER9626/096260005,nan
SPEAKER9626/096260006,nan
SPEAKER9626/096260007,nan
SPEAKER9626/096260008,nan
SPEAKER9626/096260009,nan
SPEAKER9626/096260011,nan
SPEAKER9626/096260012,nan
SPEAKER9626/096260013,nan
SPEAKER9626/096260014,nan
SPEAKER9626/096260015,nan
SPEAKER9626/096260016,nan
SPEAKER9626/096260017,nan
SPEAKER9626/096260018,nan
SPEAKER9626/096260019,nan
SPEAKER9626/096260020,nan
SPEAKER9626/096260021,nan
SPEAKER9626/096260022,nan
SPEAKER9628/096280001,nan
SPEAKER9628/096280002,nan
SPEAKER9628/096280003,nan
SPEAKER9628/096280004,nan
SPEAKER9628/096280005,nan
SPEAKER9628/096280006,nan
SPEAKER9628/096280007,nan
SPEAKER9628/096280008,nan
SPEAKER9628/096280009,nan
SPEAKER9628/096280010,nan
SPEAKER9628/096280011,nan
SPEAKER9628/096280012,nan
SPEAKER9628/096280013,nan
SPEAKER9628/096280014,nan
SPEAKER9628/096280015,nan
SPEAKER9628/096280016,nan
SPEAKER9628/096280017,nan
SPEAKER9628/096280018,nan
SPEAKER9628/096280019,nan
SPEAKER9628/096280020,nan
SPEAKER9629/096290001,nan
SPEAKER9629/096290002,nan
SPEAKER9629/096290004,nan
SPEAKER9629/096290005,nan
SPEAKER9629/096290006,nan
SPEAKER9629/096290007,nan
SPEAKER9629/096290008,nan
SPEAKER9629/096290009,nan
SPEAKER9629/096290010,nan
SPEAKER9629/096290011,nan
SPEAKER9629/096290012,nan
SPEAKER9629/096290014,nan
SPEAKER9629/096290015,nan
SPEAKER9629/096290016,nan
SPEAKER9629/096290017,nan
SPEAKER9629/096290018,nan
SPEAKER9629/096290020,nan
SPEAKER9629/096290021,nan
SPEAKER9629/096290022,nan
SPEAKER9629/096290023,nan
SPEAKER9630/096300001,nan
SPEAKER9630/096300002,nan
SPEAKER9630/096300003,nan
SPEAKER9630/096300004,nan
SPEAKER9630/096300005,nan
SPEAKER9630/096300006,nan
SPEAKER9630/096300007,nan
SPEAKER9630/096300008,nan
SPEAKER9630/096300009,nan
SPEAKER9630/096300010,nan
SPEAKER9630/096300011,nan
SPEAKER9630/096300012,nan
SPEAKER9630/096300013,nan
SPEAKER9630/096300014,nan
SPEAKER9630/096300015,nan
SPEAKER9630/096300016,nan
SPEAKER9630/096300017,nan
SPEAKER9630/096300018,nan
SPEAKER9630/096300019,nan
SPEAKER9630/096300020,nan
SPEAKER9631/096310001,nan
SPEAKER9631/096310002,nan
SPEAKER9631/096310003,nan
SPEAKER9631/096310004,nan
SPEAKER9631/096310005,nan
SPEAKER9631/096310006,nan
SPEAKER9631/096310007,nan
SPEAKER9631/096310008,nan
SPEAKER9631/096310009,nan
SPEAKER9631/096310010,nan
SPEAKER9631/096310011,nan
SPEAKER9631/096310012,nan
SPEAKER9631/096310013,nan
SPEAKER9631/096310014,nan
SPEAKER9631/096310015,nan
SPEAKER9631/096310016,nan
SPEAKER9631/096310017,nan
SPEAKER9631/096310018,nan
SPEAKER9631/096310019,nan
SPEAKER9631/096310020,nan
SPEAKER9633/096330003,nan
SPEAKER9633/096330005,nan
SPEAKER9633/096330006,nan
SPEAKER9633/096330007,nan
SPEAKER9633/096330008,nan
SPEAKER9633/096330009,nan
SPEAKER9633/096330010,nan
SPEAKER9633/096330011,nan
SPEAKER9633/096330012,nan
SPEAKER9633/096330013,nan
SPEAKER9633/096330014,nan
SPEAKER9633/096330015,nan
SPEAKER9633/096330016,nan
SPEAKER9633/096330017,nan
SPEAKER9633/096330018,nan
SPEAKER9633/096330019,nan
SPEAKER9633/096330020,nan
SPEAKER9633/096330021,nan
SPEAKER9633/096330022,nan
SPEAKER9633/096330023,nan
SPEAKER9634/096340004,nan
SPEAKER9634/096340005,nan
SPEAKER9634/096340006,nan
SPEAKER9634/096340007,nan
SPEAKER9634/096340008,nan
SPEAKER9634/096340009,nan
SPEAKER9634/096340010,nan
SPEAKER9634/096340011,nan
SPEAKER9634/096340012,nan
SPEAKER9634/096340013,nan
SPEAKER9634/096340014,nan
SPEAKER9634/096340015,nan
SPEAKER9634/096340016,nan
SPEAKER9634/096340017,nan
SPEAKER9634/096340018,nan
SPEAKER9634/096340019,nan
SPEAKER9634/096340020,nan
SPEAKER9634/096340021,nan
SPEAKER9634/096340022,nan
SPEAKER9634/096340023,nan
SPEAKER9635/096350006,nan
SPEAKER9635/096350007,nan
SPEAKER9635/096350008,nan
SPEAKER9635/096350009,nan
SPEAKER9635/096350010,nan
SPEAKER9635/096350011,nan
SPEAKER9635/096350012,nan
SPEAKER9635/096350013,nan
SPEAKER9635/096350014,nan
SPEAKER9635/096350015,nan
SPEAKER9635/096350016,nan
SPEAKER9635/096350018,nan
SPEAKER9635/096350019,nan
SPEAKER9635/096350020,nan
SPEAKER9635/096350021,nan
SPEAKER9635/096350023,nan
SPEAKER9635/096350024,nan
SPEAKER9635/096350025,nan
SPEAKER9635/096350026,nan
SPEAKER9635/096350027,nan
SPEAKER9639/096390001,nan
SPEAKER9639/096390002,nan
SPEAKER9639/096390003,nan
SPEAKER9639/096390004,nan
SPEAKER9639/096390005,nan
SPEAKER9639/096390006,nan
SPEAKER9639/096390007,nan
SPEAKER9639/096390008,nan
SPEAKER9639/096390009,nan
SPEAKER9639/096390010,nan
SPEAKER9639/096390011,nan
SPEAKER9639/096390012,nan
SPEAKER9639/096390013,nan
SPEAKER9639/096390014,nan
SPEAKER9639/096390015,nan
SPEAKER9639/096390016,nan
SPEAKER9639/096390017,nan
SPEAKER9639/096390018,nan
SPEAKER9639/096390019,nan
SPEAKER9639/096390020,nan
SPEAKER9640/096400001,nan
SPEAKER9640/096400002,nan
SPEAKER9640/096400004,nan
SPEAKER9640/096400006,nan
SPEAKER9640/096400007,nan
SPEAKER9640/096400008,nan
SPEAKER9640/096400010,nan
SPEAKER9640/096400012,nan
SPEAKER9640/096400013,nan
SPEAKER9640/096400014,nan
SPEAKER9640/096400016,nan
SPEAKER9640/096400018,nan
SPEAKER9640/096400019,nan
SPEAKER9640/096400020,nan
SPEAKER9640/096400021,nan
SPEAKER9640/096400022,nan
SPEAKER9640/096400024,nan
SPEAKER9640/096400025,nan
SPEAKER9640/096400026,nan
SPEAKER9640/096400028,nan
SPEAKER9643/096430002,nan
SPEAKER9643/096430003,nan
SPEAKER9643/096430004,nan
SPEAKER9643/096430005,nan
SPEAKER9643/096430006,nan
SPEAKER9643/096430007,nan
SPEAKER9643/096430008,nan
SPEAKER9643/096430009,nan
SPEAKER9643/096430010,nan
SPEAKER9643/096430011,nan
SPEAKER9643/096430012,nan
SPEAKER9643/096430013,nan
SPEAKER9643/096430014,nan
SPEAKER9643/096430015,nan
SPEAKER9643/096430016,nan
SPEAKER9643/096430017,nan
SPEAKER9643/096430018,nan
SPEAKER9643/096430019,nan
SPEAKER9643/096430020,nan
SPEAKER9643/096430021,nan
SPEAKER9645/096450001,nan
SPEAKER9645/096450002,nan
SPEAKER9645/096450003,nan
SPEAKER9645/096450004,nan
SPEAKER9645/096450005,nan
SPEAKER9645/096450006,nan
SPEAKER9645/096450007,nan
SPEAKER9645/096450008,nan
SPEAKER9645/096450010,nan
SPEAKER9645/096450011,nan
SPEAKER9645/096450012,nan
SPEAKER9645/096450013,nan
SPEAKER9645/096450014,nan
SPEAKER9645/096450015,nan
SPEAKER9645/096450016,nan
SPEAKER9645/096450017,nan
SPEAKER9645/096450018,nan
SPEAKER9645/096450019,nan
SPEAKER9645/096450020,nan
SPEAKER9645/096450021,nan
SPEAKER9646/096460002,nan
SPEAKER9646/096460003,nan
SPEAKER9646/096460004,nan
SPEAKER9646/096460005,nan
SPEAKER9646/096460006,nan
SPEAKER9646/096460007,nan
SPEAKER9646/096460008,nan
SPEAKER9646/096460009,nan
SPEAKER9646/096460010,nan
SPEAKER9646/096460011,nan
SPEAKER9646/096460012,nan
SPEAKER9646/096460013,nan
SPEAKER9646/096460014,nan
SPEAKER9646/096460015,nan
SPEAKER9646/096460016,nan
SPEAKER9646/096460017,nan
SPEAKER9646/096460018,nan
SPEAKER9646/096460019,nan
SPEAKER9646/096460020,nan
SPEAKER9646/096460021,nan
SPEAKER9647/096470002,nan
SPEAKER9647/096470003,nan
SPEAKER9647/096470004,nan
SPEAKER9647/096470005,nan
SPEAKER9647/096470007,nan
SPEAKER9647/096470008,nan
SPEAKER9647/096470010,nan
SPEAKER9647/096470011,nan
SPEAKER9647/096470012,nan
SPEAKER9647/096470013,nan
SPEAKER9647/096470014,nan
SPEAKER9647/096470015,nan
SPEAKER9647/096470016,nan
SPEAKER9647/096470017,nan
SPEAKER9647/096470018,nan
SPEAKER9647/096470019,nan
SPEAKER9647/096470020,nan
SPEAKER9647/096470021,nan
SPEAKER9647/096470022,nan
SPEAKER9647/096470023,nan
SPEAKER9649/096490001,nan
SPEAKER9649/096490002,nan
SPEAKER9649/096490003,nan
SPEAKER9649/096490004,nan
SPEAKER9649/096490005,nan
SPEAKER9649/096490006,nan
SPEAKER9649/096490007,nan
SPEAKER9649/096490008,nan
SPEAKER9649/096490009,nan
SPEAKER9649/096490010,nan
SPEAKER9649/096490011,nan
SPEAKER9649/096490012,nan
SPEAKER9649/096490013,nan
SPEAKER9649/096490014,nan
SPEAKER9649/096490015,nan
SPEAKER9649/096490016,nan
SPEAKER9649/096490017,nan
SPEAKER9649/096490018,nan
SPEAKER9649/096490019,nan
SPEAKER9649/096490020,nan
