Speaker,Audio filename,Raw Mean of Per Token Losses,Normalized Per Token Losses
1,10011,1.484350323677063,0.26144645522605003
1,10035,1.373584270477295,0.2336704702118865
1,10053,0.6880266070365906,0.06175823865722946
1,10063,1.05762779712677,0.1544403991260773
1,10069,1.0599329471588137,0.15501844457317807
1,10075,1.4920769929885864,0.26338401501812114
1,10089,1.3118047714233398,0.2181784815534987
1,10095,1.328554630279541,0.22237871994007483
1,10106,1.1968281269073486,0.1893466376554833
1,10115,0.8874688148498535,0.1117708879787861
1,10121,1.0086781978607178,0.14216566967254088
1,10122,1.256176471710205,0.20422898371945777
1,10133,1.712164282798767,0.31857367906212497
1,10135,0.965679168701172,0.13138312073216185
1,10140,1.206997275352478,0.19189667989910555
1,10145,1.5301519632339478,0.27293179407496393
1,10149,1.455801248550415,0.2542874145273998
1,10168,0.8326597213745117,0.09802681644212716
1,10173,0.855780303478241,0.10382459404167482
3,30012,0.937009334564209,0.12419379818845214
3,30040,1.784642457962036,0.3367484957052541
3,30047,1.0875253677368164,0.1619375920767627
3,30049,1.8737863302230835,0.35910244611244035
3,30054,2.481890916824341,0.5115923416765447
3,30059,1.4663290977478027,0.25692740550920923
3,30067,1.978736162185669,0.38541994028707127
3,30069,1.5421357154846191,0.27593687111176846
3,30079,1.13329017162323,0.1734136939166703
3,30080,1.2623027563095093,0.20576522685810136
3,30101,0.9761294722557068,0.13400366616588527
3,30116,0.9761040806770324,0.13399729890724985
3,30119,1.50818932056427,0.26742438439445293
3,30145,1.3730443716049194,0.23353508375949375
3,30153,1.2974387407302856,0.21457601814782304
3,30154,1.261447787284851,0.20555083259081033
3,30175,0.9510133862495422,0.12770549079203228
5,50003,2.013295412063598,0.3940861081153939
5,50028,1.95406436920166,0.37923317699272097
5,50040,0.8290325999259949,0.09711726998734052
5,50055,1.4209641218185425,0.24555156557288424
5,50100,0.894011378288269,0.11341151828717036
5,50114,1.310039758682251,0.21773588234525684
5,50174,1.050381064414978,0.15262318949018497
5,50175,1.1875498294830322,0.18701998754229407
6,60015,0.7308279871940613,0.0724912246172448
6,60020,0.7122231721878052,0.06782583257810573
6,60029,0.921533703804016,0.12031308856973344
6,60031,2.420614242553711,0.4962264426750773
6,60049,2.5139102935791016,0.5196216042819306
6,60056,0.920354664325714,0.12001742954845043
6,60077,0.8571857213973999,0.10417702031248174
6,60081,0.8139721155166626,0.09334066355264872
6,60082,0.8093404173851013,0.0921792068231185
6,60083,0.8261728286743164,0.09640014627356788
6,60094,0.7249475717544556,0.07101663627172555
6,60102,0.7145257592201233,0.06840323532069625
6,60106,0.5168960094451904,0.01884508271412741
6,60111,0.855543315410614,0.10376516629441124
6,60113,0.8054431080818176,0.09120190735566944
6,60116,0.8031492829322815,0.09062670176570659
6,60124,1.3776894807815552,0.23469990347773986
6,60130,2.2499754428863525,0.45343661126484036
6,60136,1.3298872709274292,0.22271289639211697
6,60153,0.6276575326919556,0.04661993178543583
24,240010,0.7374721765518188,0.07415733890678713
24,240031,1.1054903268814087,0.16644253218761343
24,240060,0.7957858443260193,0.08878022665467789
24,240071,1.346491456031799,0.22687660524793038
24,240073,1.2456440925598145,0.20158785679479316
24,240099,0.7466292977333069,0.0764536025486014
24,240115,1.7521767616271973,0.3286073128354039
24,240116,0.9479907155036926,0.12694751797532416
24,240151,0.969264030456543,0.1322820700358393
24,240152,1.2752410173416138,0.20900965901177695
24,240248,0.6243551969528198,0.045791829444039395
24,240284,1.1447628736495972,0.17629061866347537
24,240287,1.1715461015701294,0.1830068509012526
24,240289,1.3486055135726929,0.22740673184248408
24,240320,1.363109469413757,0.23104378171877535
24,240324,0.8634767532348633,0.10575457589917275
24,240329,1.3163875341415403,0.21932766711087007
24,240350,0.8115290403366089,0.09272803163493237
24,240352,0.7370609045028687,0.07405420725283371
26,260011,0.962874710559845,0.13067986747851507
26,260015,0.8660280704498291,0.10639435087248034
26,260032,1.3339242935180664,0.22372523072867714
26,260033,1.921069860458374,0.3709593877411498
26,260039,1.4778255224227903,0.25981027900938725
26,260048,1.2605408430099487,0.20532340487391829
26,260050,0.9980044960975648,0.13948910432011927
26,260052,2.255002021789551,0.4546970893287825
26,260075,1.8030201196670528,0.3413569261888545
26,260091,1.1306535005569458,0.17275251538851324
26,260095,1.6538212299346924,0.30394342263229224
26,260096,1.45708167552948,0.2546084977433748
26,260112,0.957582950592041,0.12935289191769783
26,260115,0.8809114098548889,0.1101265359628896
26,260121,1.6493552923202517,0.3028235324432903
26,260126,0.8079630136489868,0.09183380546207362
26,260133,1.0367242097854614,0.14919856092780467
26,260166,1.300649881362915,0.21538125216595158
36,360013,1.3598397970199585,0.23022387012322917
36,360034,0.843608558177948,0.10077237537638198
36,360036,1.5052289962768557,0.26668204573861953
36,360132,0.8019641637802124,0.09032951818953908
36,360133,1.126069188117981,0.17160294121911243
36,360190,2.009537696838379,0.393143813623823
36,360210,0.9631516337394714,0.1307493094588437
36,360241,0.8259060978889465,0.09633326016466329
36,360283,0.9421417117118835,0.12548080649670829
36,360313,0.8485605120658875,0.10201414027644726
36,360314,0.787875771522522,0.08679667612359024
36,360332,0.8223905563354492,0.09545169377599275
36,360334,1.3395239114761353,0.22512940556379432
36,360339,1.514319658279419,0.2689616439030196
36,360343,0.9292758107185364,0.12225451953548189
36,360378,1.0419025421142578,0.15049709307739387
44,440032,0.4932522773742676,0.012916118661427667
44,440045,0.8131489753723145,0.09313425077857673
44,440049,0.942476749420166,0.12556482142813905
44,440089,1.694902777671814,0.3142451389193841
44,440090,1.3941216468811035,0.2388204763982911
44,440132,1.4297456741333008,0.24775365058403756
44,440173,1.6908541917800903,0.31322990493922
48,480010,0.869966983795166,0.10738208307825686
48,480015,0.966400146484375,0.1315639150055271
49,490002,0.9350541234016418,0.12370350432691096
49,490032,0.8930085301399231,0.11316004146430567
49,490047,3.329758882522583,0.7242059288624157
49,490052,1.840317249298096,0.3507096519001769
49,490086,1.5434095859527588,0.2762563101999268
49,490087,0.917287290096283,0.11924824676935611
49,490088,2.1843950748443604,0.4369915067645248
49,490092,1.0951913595199585,0.1638599362132215
49,490102,1.5399348735809326,0.275384982243569
49,490134,1.2702713012695312,0.20776344001999023
49,490144,2.023889780044556,0.39674277952123427
49,490151,1.931060791015625,0.37346473960139226
49,490157,3.0003814697265625,0.6416103879223926
49,490162,1.6725260019302368,0.30863388014732696
49,490164,2.185084342956543,0.43716434943790405
49,490175,1.3696953058242798,0.23269526327074955
53,530003,1.4382882118225098,0.24989579966296574
53,530006,1.2620922327041626,0.2057124354085704
53,530019,1.2676522731781006,0.20710668569032162
53,530030,0.8578338027000427,0.10433953487384923
53,530037,0.8440936803817749,0.10089402588819746
53,530054,3.469799041748047,0.7593227652185179
53,530055,0.6494843363761902,0.05209327812690917
53,530076,1.5443105697631836,0.27648224325516746
53,530094,1.842218518257141,0.3511864190737719
53,530109,1.2223819494247437,0.19575458098102236
53,530115,1.209105372428894,0.1924253118320077
53,530154,2.202509641647339,0.4415339628828281
53,530163,1.5122475624084473,0.2684420397264925
53,530174,1.642583250999451,0.3011253576613233
54,540001,0.988012969493866,0.13698360299371165
54,540004,0.7863796353340149,0.0864215011024475
54,540014,1.2372262477874756,0.1994769760376143
54,540018,1.2156236171722412,0.19405984392085382
54,540031,0.4945969581604004,0.013253314330005816
54,540054,1.7819839715957642,0.3360818467154526
54,540055,1.5946712493896484,0.28911081890807966
54,540058,0.9728887677192688,0.13319101862596533
54,540072,1.348479986190796,0.22737525426810348
54,540077,1.433867573738098,0.24878726890251504
54,540088,1.2388966083526611,0.19989584001883035
54,540111,0.840492844581604,0.09999107089129394
54,540117,1.5386639833450315,0.27506629048623643
54,540123,1.0445979833602903,0.1511730089694346
54,540127,0.7338656187057495,0.0732529490346982
54,540130,0.6948831081390381,0.06347759279479817
54,540156,1.8489325046539309,0.3528700358512533
54,540163,1.3340381383895874,0.2237537787662208
56,560016,1.1983340978622437,0.189724278868351
56,560017,1.257566213607788,0.20457747903012122
56,560033,0.7128005623817444,0.06797062045228641
56,560074,1.959080457687378,0.38049102445215643
56,560075,1.247790813446045,0.20212617413519698
56,560086,1.7551313638687134,0.32934821661605196
56,560088,1.8859845399856567,0.36216130107546585
56,560134,1.5118566751480105,0.26834401981538725
56,560154,1.179184913635254,0.1849223793805805
70,700008,1.4187309741973877,0.24499157563853366
70,700012,1.6306793689727783,0.2981403090906487
70,700015,1.3098145723342896,0.2176794140280632
70,700034,1.8264124393463133,0.3472228454130941
70,700037,2.770824670791626,0.5840461250194194
70,700046,1.4263916015625,0.24691257457950608
70,700048,1.0175739526748655,0.14439639240093685
70,700053,0.910822570323944,0.1176271367421404
70,700082,1.480569839477539,0.26049845112697045
70,700109,0.9996765851974488,0.13990840175321426
70,700120,1.4063663482666016,0.24189098972219827
70,700123,0.9260352849960328,0.1214419168354115
70,700130,1.7061578035354614,0.3170674786226765
70,700151,1.7832045555114746,0.3363879235284466
70,700174,1.675668239593506,0.3094218358767642
75,750005,1.553542971611023,0.2787973844736401
75,750015,1.120242953300476,0.17014193934800528
75,750024,1.7032525539398191,0.31633895064050277
75,750029,1.24836528301239,0.2022702296251684
75,750082,1.2529547214508057,0.20342108920358956
75,750085,1.4403085708618164,0.25040243017635777
75,750091,0.9803262948989868,0.13505607238132214
75,750101,1.1507447957992554,0.17779066109691963
75,750106,1.2894103527069092,0.21256279858295316
75,750108,1.57496976852417,0.28417042407168136
75,750123,0.9111318588256836,0.11770469473523668
75,750140,0.716505765914917,0.06889974697470769
75,750149,1.319731831550598,0.2201662918702931
92,920009,1.250251293182373,0.20274317046493576
92,920010,1.511793851852417,0.26832826608158034
92,920025,0.7219495177268982,0.07026483640763811
92,920040,1.31324565410614,0.218539801061132
92,920051,2.3263721466064453,0.472594048370898
92,920055,0.8364775776863098,0.09898419206976172
92,920074,0.9147741198539734,0.11861803763061812
92,920092,1.5267369747161863,0.27207544262835404
92,920094,1.545020341873169,0.27666022756462794
92,920099,1.8254238367080688,0.34697494083157654
92,920104,2.1302032470703125,0.423402222388495
92,920122,1.4659610986709597,0.25683512509884576
92,920126,1.7699973583221436,0.3330760522410553
92,920129,2.337387084960937,0.47535618310286787
92,920134,1.5156415700912476,0.26929312996408894
92,920136,2.283531665802002,0.46185125743044886
93,930005,0.9411380887031556,0.12522913536782895
93,930014,1.0253607034683228,0.14634901838245504
93,930026,2.0245018005371094,0.39689625137961004
93,930035,1.0881497859954834,0.16209417283137376
93,930040,1.2129745483398438,0.1933955564964617
93,930050,2.062209129333496,0.4063518397057885
93,930051,1.1316251754760742,0.1729961751309406
93,930056,0.9542370438575744,0.1285138635996289
93,930089,0.7631670236587524,0.08060064592700067
93,930091,0.9382710456848145,0.12451018816684142
93,930095,1.4040844440460205,0.24131877345553845
93,930099,0.8558112382888794,0.10383235133564611
93,930101,2.029233932495117,0.3980828931579681
93,930111,1.1036196947097778,0.16597344757490698
93,930148,1.7967445850372314,0.33978325672245746
93,930155,1.7569822072982788,0.3298123389520754
93,930162,1.952623724937439,0.3788719172715538
94,940012,1.2189438343048096,0.1948924302472048
94,940015,1.0076024532318115,0.14189591313767833
94,940021,1.282772421836853,0.21089825368814488
94,940027,1.5347673892974854,0.2740891703781856
94,940032,0.8847230076789856,0.1110823421957901
94,940042,1.488226056098938,0.26241834401832076
94,940049,1.6951799392700195,0.31431464068617887
94,940067,1.5794256925582886,0.28528780322910885
94,940068,1.3326631784439087,0.22340899021645302
94,940073,1.4829586744308472,0.2610974816236581
94,940074,0.9222398400306702,0.12049016113558653
94,940086,0.9403238892555236,0.12502496458623413
94,940102,1.6517568826675415,0.30342576151591216
94,940103,0.8641713857650757,0.10592876376803845
94,940122,0.7848671674728394,0.08604223070837966
94,940133,1.6866083145141602,0.31216519765839135
94,940147,1.0540828704833984,0.15355146405546485
94,940150,0.5112500786781311,0.017429294357978103
94,940173,0.8999791145324707,0.11490800342588409
96,960002,1.388455152511597,0.23739953145944417
96,960046,0.9037460088729858,0.11585259969639836
96,960050,0.8490349650382996,0.10213311534390657
96,960054,2.4090168476104736,0.4933182496065228
96,960066,1.1893223524093628,0.18746447002421682
96,960073,1.303648829460144,0.2161332762292867
96,960136,1.9840623140335083,0.38675554004561763
96,960167,0.8026198744773865,0.09049394591782045
96,960168,1.2240779399871826,0.19617987200733986
103,1030008,2.14453387260437,0.4269958075039608
103,1030013,1.6194589138031006,0.2953266384249351
103,1030032,0.5705082416534424,0.03228902619116539
103,1030048,1.2760505676269531,0.20921266395728352
103,1030053,1.1250205039978027,0.17133997044814772
103,1030054,1.0113039016723633,0.14282409802325916
103,1030060,1.7163853645324707,0.3196321685504834
103,1030061,0.9506656527519226,0.12761829223128382
103,1030065,1.1682289838790894,0.1821750417989604
103,1030077,1.4068683385849,0.24201687012648757
103,1030078,1.5006134510040283,0.26552463954216476
103,1030090,1.832850456237793,0.3488372593561111
103,1030099,1.2286441326141355,0.1973249024053201
103,1030102,0.7861540913581848,0.08636494310555479
103,1030103,1.1769808530807495,0.18436968339508927
103,1030121,1.266722321510315,0.20687348857945473
103,1030136,1.4203029870986938,0.2453857777025
103,1030143,1.4070621728897097,0.24206547652339436
103,1030144,1.1406102180480957,0.1752492878908761
103,1030155,0.939533233642578,0.12482669771816282
104,1040022,1.830634593963623,0.34828160394054986
104,1040026,0.9059923887252808,0.11641590777961525
104,1040038,1.2024880647659302,0.1907659384665136
104,1040050,0.4417449235916137,0.0
104,1040062,1.1838456392288208,0.18609111511235357
104,1040067,1.2010118961334229,0.1903957705619034
104,1040069,1.1612513065338137,0.1804253011900168
104,1040071,0.9452944397926332,0.12627139283065214
104,1040073,1.357276201248169,0.22958101614691953
104,1040100,1.0486769676208496,0.1521958657240214
104,1040104,1.6121066808700562,0.29348297327781125
104,1040106,1.2218732833862305,0.19562702655568345
104,1040115,1.342392921447754,0.2258488460031268
104,1040120,1.4340509176254272,0.24883324469491522
104,1040122,1.629252552986145,0.29778251698451297
104,1040134,1.1346354484558103,0.1737510390514135
104,1040136,1.5685633420944214,0.2825639318354173
104,1040149,1.903130888938904,0.3664609643550998
104,1040173,1.69008207321167,0.3130362864688848
111,1110009,1.548073410987854,0.2774258231557587
111,1110023,1.547485113143921,0.2772783000507557
111,1110039,1.041355848312378,0.1503600027107184
111,1110040,1.7610347270965576,0.3308285594089295
111,1110047,0.9379454851150512,0.12442854974743653
111,1110067,2.00370192527771,0.39168042029407346
111,1110072,2.041560411453247,0.40117391323973384
111,1110076,1.7170276641845703,0.31979323329004894
111,1110094,1.4663832187652588,0.2569409770370049
111,1110099,1.0524797439575195,0.15314945985767772
111,1110114,1.9669495820999143,0.38246430665769826
111,1110137,1.9391926527023315,0.3755039064925322
111,1110151,1.2505903244018557,0.20282818681967305
112,1120010,1.2127901315689087,0.1933493116649643
112,1120031,1.147336721420288,0.17693604345782563
112,1120038,1.8028719425201416,0.34131976890019833
112,1120063,0.8981851935386658,0.11445815510863247
112,1120078,1.5063769817352295,0.26696991757269817
112,1120090,1.2002933025360107,0.1902155741531987
112,1120136,0.9735237956047058,0.133350259878316
112,1120159,1.044148087501526,0.15106019190797962
112,1120162,0.7218682765960693,0.0702444641693282
113,1130002,0.9752905368804932,0.1337932925384368
113,1130005,1.313632607460022,0.21863683449554736
113,1130019,1.7273566722869873,0.3223833623591644
113,1130021,1.3847169876098633,0.2364621394580901
113,1130023,1.6514896154403689,0.30335874088745896
113,1130024,1.265293002128601,0.20651506871542533
113,1130039,1.0677169561386108,0.15697038301033647
113,1130047,4.429580211639404,1.0
113,1130073,1.4506500959396362,0.2529956980349414
113,1130074,1.528420090675354,0.2724975051855044
113,1130082,1.7906399965286257,0.3382524541522254
113,1130102,1.7502005100250244,0.32811174281823297
113,1130118,1.1186141967773438,0.1697335081051167
113,1130123,2.0546634197235107,0.4044596578414569
113,1130138,2.189387798309326,0.43824349515028627
113,1130155,1.501376986503601,0.2657161056997218
113,1130168,2.037659883499145,0.4001958066549929
113,1130173,1.883160948753357,0.36145324995791783
114,1140008,1.186028242111206,0.1866384303158994
114,1140045,0.9394172430038452,0.12479761160242467
114,1140046,0.7492998838424683,0.07712328570155547
114,1140049,1.0539898872375488,0.1535281473337015
114,1140054,0.680081844329834,0.05976598919533008
114,1140056,1.3705848455429075,0.2329183265756192
114,1140059,0.7985472083091736,0.0894726735045843
114,1140064,1.494489312171936,0.2639889344817158
114,1140068,1.1299864053726196,0.1725852328564775
114,1140099,1.5647859573364258,0.28161670496039637
114,1140104,1.1838945150375366,0.18610337133789587
114,1140108,2.6534292697906494,0.5546077474232257
114,1140120,2.062353134155273,0.4063879507312885
114,1140133,1.429031252861023,0.24757450043848891
114,1140140,1.0981695652008057,0.1646067588540094
114,1140146,1.3871597051620483,0.23707468169610738
114,1140159,1.14674973487854,0.17678884917838597
114,1140163,2.578981399536133,0.5359390048907422
120,1200015,1.2022662162780762,0.19071030715984486
120,1200016,1.7605211734771729,0.33069977936103634
120,1200050,1.102286696434021,0.16563918144316578
120,1200081,0.8937976956367493,0.11335793466696414
120,1200103,0.8003659844398499,0.08992875456092267
120,1200114,0.966810941696167,0.13166692708654842
120,1200121,0.9855847358703612,0.13637469278350747
120,1200126,1.017708659172058,0.1444301717542608
120,1200145,0.8390613794326782,0.09963211294906998
120,1200146,0.8629639148712158,0.10562597521067779
120,1200159,1.51650071144104,0.269508570494536
120,1200161,1.0049937963485718,0.14124175951928333
120,1200162,1.133996844291687,0.173590901002072
120,1200168,1.4828259944915771,0.2610642104552957
120,1200209,1.1394087076187134,0.17494799399516694
120,1200210,1.0152839422225952,0.14382214339443103
120,1200306,1.101368069648743,0.16540882418943684
120,1200338,0.9350051879882812,0.12369123315475217
120,1200350,1.343944430351257,0.22623790643101185
122,1220021,2.1490721702575684,0.428133842885412
122,1220031,0.9564610719680786,0.1290715667016527
122,1220034,1.2539925575256348,0.20368133969034855
122,1220038,0.8428295254707336,0.10057702309853106
122,1220051,1.0347508192062378,0.1487037083482264
122,1220068,0.7502589225769043,0.07736377676128164
122,1220104,0.864751935005188,0.10607434381289443
122,1220166,0.7738000154495239,0.08326700274034257
122,1220168,1.618973731994629,0.29520497296650305
131,1310020,1.2161802053451538,0.1941994154258708
131,1310022,1.1228713989257812,0.17080105524308328
131,1310023,1.26952862739563,0.20757720517821351
131,1310061,1.2550246715545654,0.20394015530192208
131,1310062,0.7643082141876221,0.08088681384679666
131,1310076,1.338871717453003,0.2249658596858873
131,1310078,1.5340865850448608,0.27391845012435134
131,1310081,1.254258155822754,0.20374794181353936
131,1310096,0.9073801040649414,0.11676389490531722
131,1310122,1.339285969734192,0.22506973867066646
131,1310123,1.1348216533660889,0.1737977322814064
131,1310129,1.5944734811782837,0.28906122603448303
131,1310144,0.7295646667480469,0.07217443108020963
131,1310148,0.8531198501586914,0.10315745181352828
131,1310152,1.8545787334442136,0.3542858989404851
131,1310154,1.4937500953674316,0.26380356654369685
131,1310155,1.5730599164962769,0.2836915045853081
131,1310162,1.3026646375656128,0.21588647769739125
131,1310165,1.1041297912597656,0.16610136071904227
131,1310168,1.600591063499451,0.29059528696711545
133,1330002,0.6604573726654053,0.054844905387469084
133,1330027,0.691510021686554,0.06263174881959843
133,1330057,0.911583423614502,0.11781793030195425
133,1330067,0.8624706864356995,0.10550229195901625
133,1330068,0.9231696128845216,0.12072331340660389
133,1330099,1.242037653923035,0.2006834968159373
133,1330112,1.1974060535430908,0.1894915600492126
133,1330115,1.1258758306503296,0.1715544543951378
133,1330118,1.194524168968201,0.18876889114071296
133,1330126,1.7446131706237793,0.32671064698611796
133,1330128,1.7362345457077026,0.32460960110260595
133,1330146,2.361124277114868,0.48130858345026317
133,1330170,1.321398138999939,0.2205841394815862
133,1330172,1.884793758392334,0.3618626975707294
135,1350002,0.808903694152832,0.09206969296391318
135,1350091,1.118931770324707,0.16981314367790853
135,1350119,1.3176730871200562,0.21965003573586542
135,1350124,0.8778318166732788,0.10935428912740966
135,1350134,1.0454957485198977,0.1513981349073835
135,1350163,1.6276005506515503,0.2973682565611835
135,1350174,0.8929179310798645,0.11313732260720288
135,1350180,0.8981250524520874,0.11444307397256884
135,1350194,1.0549575090408323,0.15377079070620578
135,1350216,1.2331455945968628,0.1984537007777651
135,1350219,0.8452939987182617,0.1011950208515763
135,1350243,1.526199221611023,0.27194059425415595
135,1350285,1.1518844366073608,0.1780764404046862
135,1350312,0.8382760882377625,0.09943519127648501
135,1350317,1.009012222290039,0.1422494305114909
135,1350318,1.0261571407318115,0.14654873507232832
135,1350343,1.026482343673706,0.1466302838120341
135,1350350,0.9769673347473145,0.13421377075423646
135,1350356,1.0685542821884155,0.157180353079139
135,1350375,1.1915546655654907,0.18802425070593617
145,1450037,1.0140702724456787,0.14351780038895282
145,1450043,2.7368435859680176,0.5755249393712921
145,1450049,2.077798366546631,0.41026103757558474
145,1450090,1.553756833076477,0.27885101293369585
145,1450094,1.7604601383209229,0.330684474025725
145,1450098,1.235342502593994,0.1990046031692745
145,1450142,0.571931004524231,0.032645801927378176
145,1450146,1.2704381942749023,0.20780529054623217
145,1450159,2.9578933715820312,0.63095596137878
145,1450170,2.07401442527771,0.40931216657274716
145,1450172,1.4881510734558103,0.26239954117474484
145,1450173,1.9085208177566528,0.36781255699331705
149,1490002,0.7962425947189331,0.08889476257703224
149,1490016,0.9282749891281128,0.1220035508975787
149,1490024,1.0755620002746582,0.1589376267828063
149,1490032,0.7186896204948425,0.06944737605720036
149,1490039,1.0415661334991455,0.15041273437378325
149,1490052,0.9202219247817992,0.11998414343347155
149,1490056,2.3453621864318848,0.4773560403925735
149,1490077,1.2633529901504517,0.20602858624109546
149,1490093,0.8094695806503296,0.09221159614110647
149,1490101,0.9662120938301086,0.13151675843042232
149,1490127,1.7653590440750122,0.33191293643709197
149,1490131,1.1514699459075928,0.177972501633441
149,1490138,0.6448665261268616,0.0509353039590269
149,1490153,1.3561954498291016,0.2293100040962697
149,1490155,1.01844584941864,0.1446150315073181
157,1570024,0.8698307871818542,0.10734793005952012
157,1570030,0.6489681005477905,0.051963825481272846
157,1570034,1.0037823915481567,0.14093798448523273
157,1570061,0.9072330594062804,0.11672702160237472
157,1570072,0.7590190768241882,0.0795604959371061
157,1570100,0.7769359946250916,0.0840533890750457
157,1570165,0.7283860445022583,0.07187887668524223
157,1570185,0.8169875144958496,0.09409681288214203
157,1570194,1.1149417161941528,0.16881258727516216
157,1570203,0.9284319281578064,0.12204290533886267
157,1570212,0.5369948744773865,0.02388512664283121
157,1570216,0.9065736532211304,0.11656166718386943
157,1570269,0.8643141984939575,0.10596457586120836
157,1570272,1.2717593908309937,0.20813659724790343
157,1570290,0.7867903113365173,0.08652448329023577
157,1570316,0.7175413966178894,0.06915944443665561
157,1570324,0.7385586500167847,0.07442978583262236
157,1570325,0.8604645133018494,0.10499921874035478
157,1570361,0.7287865281105042,0.07197930300160643
157,1570378,1.0318557024002075,0.14797772129086037
306,3060025,1.2957390546798706,0.21414980043128165
306,3060226,1.7183042764663696,0.32011335992256695
306,3060235,1.2176097631454468,0.1945578950763663
457,4570010,0.9677709341049194,0.13190765729213882
457,4570129,0.9046805500984192,0.11608694769673686
457,4570289,1.189746618270874,0.18757086004057053
457,4570300,1.0333199501037598,0.14834489987216756
457,4570304,0.8004458546638489,0.08994878302705275
461,4610148,1.7992451190948486,0.34041029717849436
461,4610151,2.054919481277466,0.4045238685060053
461,4610176,1.0021421909332275,0.14052668349197325
461,4610177,1.183502197265625,0.18600499270799423
461,4610230,1.9405272006988523,0.37583856123630277
461,4610231,1.3970234394073486,0.2395481374767068
461,4610239,2.272778034210205,0.45915464866528066
461,4610246,0.9816034436225892,0.13537633353338885
461,4610362,1.211032748222351,0.1929086256236364
482,4820005,0.7466364502906799,0.0764553961425832
482,4820015,1.3372225761413574,0.22455231670015055
482,4820041,1.1514378786087036,0.17796446035375593
482,4820045,0.6728479266166687,0.05795199308198845
482,4820055,1.2825136184692385,0.21083335547923684
482,4820114,0.8644912838935852,0.1060089822588744
482,4820119,1.0327657461166382,0.1482059262318112
482,4820144,0.9080409407615662,0.1169296080426189
482,4820201,1.0177569389343262,0.14444227851363792
482,4820214,0.9390498995780944,0.12470549560484276
482,4820220,1.452001929283142,0.2533346872975014
482,4820239,1.731184005737305,0.3233431144988249
482,4820258,1.0103305578231812,0.14258001977556936
482,4820265,0.8944131731987,0.11351227342909792
482,4820268,1.5342185497283936,0.2739515419333155
482,4820329,1.4194673299789429,0.2451762261389598
482,4820353,1.3665952682495115,0.23191788974580493
482,4820370,0.8505423665046692,0.10251111527557064
482,4820371,1.4599665403366089,0.2553319139827003
482,4820378,1.1581817865371704,0.17965558033272785
560,5600060,1.4519506692886353,0.2533218332072985
560,5600065,1.2443183660507202,0.2012554141502668
560,5600145,1.3691679239273071,0.2325630156078249
560,5600146,0.8409743905067444,0.10011182460611856
560,5600153,1.0257879495620728,0.14645615572963447
560,5600154,1.5118309259414673,0.2683375628770527
560,5600180,1.953719139099121,0.3791466061898662
560,5600199,1.217245101928711,0.19446645167652762
563,5630081,0.947536826133728,0.12683369949056253
563,5630122,1.0152045488357544,0.14380223450123306
563,5630127,1.362776279449463,0.23096023013245662
563,5630142,1.7483512163162231,0.32764800909423897
563,5630169,1.0646789073944092,0.1562085539665675
563,5630195,1.0830175876617432,0.16080720936296714
563,5630225,1.0119444131851196,0.14298471436432922
563,5630291,0.8291667699813843,0.09715091482111576
563,5630302,1.010888934135437,0.14272003967908178
563,5630375,1.1176424026489258,0.1694898184694563
567,5670137,1.3466832637786863,0.22692470345987562
567,5670159,0.926621437072754,0.1215889018622199
567,5670189,1.2992191314697266,0.2150224735831258
567,5670198,1.1317239999771118,0.17302095662112246
575,5750067,1.1571921110153198,0.17940740671211294
575,5750089,1.5331474542617798,0.2736829512345412
575,5750150,0.9540591835975648,0.12846926289594823
575,5750168,0.9121116995811462,0.11795040216412658
575,5750179,1.6732630729675293,0.30881871000715133
575,5750249,1.3275737762451172,0.2221327584187042
575,5750290,1.0452392101287842,0.15133380466990295
575,5750297,1.0952410697937012,0.16387240169139503
575,5750298,1.154236912727356,0.17866635346529983
575,5750303,1.5774004459381104,0.28477994709316257
575,5750321,0.8715038299560547,0.10776746663847936
575,5750330,0.8865578174591064,0.11154244389197102
594,5940019,1.462659239768982,0.25600714233038135
594,5940025,1.285624623298645,0.21161347918162013
594,5940141,1.1003482341766355,0.16515308758086525
594,5940142,1.0377967357635498,0.14946751034537534
594,5940193,1.6350263357162476,0.29923036583308693
594,5940195,1.553614616394043,0.27881535030669113
594,5940267,1.600569725036621,0.290589936078403
594,5940271,1.3797690868377686,0.23522139092794783
594,5940283,1.904821753501892,0.36688496997239683
594,5940304,1.253951907157898,0.2036711460978853
594,5940380,0.9816712737083436,0.1353933427829829
736,7360108,2.0236263275146484,0.39667671547623795
736,7360205,0.713049054145813,0.06803293289653742
736,7360250,1.2498859167099,0.20265154770569885
739,7390120,2.159199953079224,0.430673512177173
765,7650181,1.204623460769653,0.19130141594977954
765,7650192,1.98858106136322,0.3878886729368519
765,7650197,1.8256123065948489,0.34702220203299694
765,7650254,1.4208439588546753,0.24552143319399003
765,7650271,1.272144079208374,0.20823306271089118
765,7650377,1.3863344192504885,0.2368677308438409
811,8110043,0.9173527956008912,0.1192646731009061
811,8110049,0.9905341863632202,0.13761582992567914
811,8110106,1.317840576171875,0.21969203572827253
811,8110107,1.3064552545547483,0.2168370227212784
811,8110110,0.988878846168518,0.13720073249182485
811,8110113,1.2311363220214844,0.19794985033504484
811,8110116,1.1275924444198608,0.17198491695076948
811,8110147,0.6600032448768616,0.054731027116241365
811,8110159,1.3070110082626345,0.21697638497366425
811,8110175,0.6590145826339722,0.05448310758810726
811,8110204,0.8220764994621277,0.09537294005357527
811,8110209,1.1017732620239258,0.16551043128850565
811,8110224,1.2924755811691284,0.21333144328385298
811,8110247,0.654230535030365,0.05328344730676471
811,8110258,1.7011688947677612,0.3158164468203719
811,8110286,0.9443333745002748,0.12603039358596446
811,8110287,0.960068941116333,0.129976285399305
811,8110307,0.7635511159896851,0.08069696192382325
811,8110340,1.5298516750335691,0.2728564930209614
811,8110371,0.8010790348052979,0.09010756093429148
813,8130061,1.1890742778778076,0.18740226220628145
813,8130081,1.0796300172805786,0.15995773335995425
813,8130091,0.8281790614128113,0.09690323443884588
813,8130100,1.3137307167053225,0.2186614366263311
813,8130153,0.7212123870849609,0.07007999160119727
813,8130196,1.08315110206604,0.16084068978396074
813,8130222,1.3636282682418823,0.23117387706892187
813,8130233,0.8457120060920715,0.10129984147319593
813,8130257,1.1971286535263062,0.1894219984959519
813,8130271,0.6730645298957825,0.05800630908640392
813,8130281,1.2701570987701416,0.20773480230274746
813,8130282,1.707949161529541,0.3175166842354179
813,8130283,1.4489718675613403,0.25257486110034544
813,8130288,0.868803858757019,0.10709041480358339
813,8130301,0.7268827557563782,0.07150190807011769
813,8130339,0.9077057242393494,0.11684554827133861
813,8130340,1.056265354156494,0.15409874936577764
813,8130346,1.0863714218139648,0.16164822558103256
813,8130356,0.9943253993988036,0.1385665244157315
813,8130380,1.01036536693573,0.14258874859961415
960,9600120,2.3429722785949707,0.47675674085678854
960,9600127,0.908934772014618,0.11715374750387772
960,9600129,1.3101575374603271,0.2177654168594905
960,9600140,1.4115018844604492,0.24317879020112973
960,9600186,1.5554896593093872,0.2792855409690196
960,9600215,1.4527218341827393,0.25351521253176945
960,9600262,1.5068926811218262,0.2670992356987859
960,9600267,1.0570272207260132,0.1542897970180723
960,9600270,0.9597274661064148,0.12989065623329063
960,9600287,0.8451976180076599,0.10117085217267158
981,9810029,1.2061835527420044,0.19169262869044293
981,9810075,1.3642113208770752,0.23132008487167147
981,9810106,1.2245231866836548,0.19629152323270685
981,9810155,1.17330801486969,0.18344867288543568
981,9810200,1.6484969854354858,0.3026083011654743
981,9810204,1.3589409589767456,0.22999847514618313
981,9810230,0.9737250208854676,0.13340071965567066
981,9810235,1.678752303123474,0.31019520370848264
981,9810249,1.2279947996139526,0.19716207396500587
981,9810283,0.8379111289978027,0.09934367314356374
981,9810293,1.5076823234558103,0.2672972484743764
981,9810305,0.980751633644104,0.13516273143677313
981,9810327,0.8810778856277466,0.11016828186281596
981,9810344,0.9195100665092468,0.11980563599243307
981,9810349,1.9189916849136357,0.37043825900973837
1012,10120008,2.02984356880188,0.3982357671516834
1012,10120059,1.4481041431427002,0.25235726825712024
1012,10120071,1.6409809589385986,0.3007235627161673
1012,10120128,0.918893039226532,0.11965090861826991
1012,10120148,1.3081949949264526,0.21727328456411796
1012,10120166,1.7246097326278689,0.32169453259045466
1012,10120180,1.038087248802185,0.14954036015426944
1012,10120193,0.6969698667526245,0.06400087383898795
1012,10120200,1.043262600898743,0.1508381449730329
1012,10120208,1.0157136917114258,0.14392990849950407
1012,10120212,1.0466220378875732,0.15168056617305067
1012,10120219,1.5392431020736694,0.2752115118122961
1012,10120243,1.4319015741348269,0.24829426970338478
1012,10120255,0.9489701390266418,0.12719312077789846
1012,10120265,0.9785976409912108,0.1346225906091544
1012,10120269,1.0159739255905151,0.14399516542720855
1012,10120303,1.0227630138397217,0.14569761494149883
1012,10120334,1.3684672117233276,0.23238730318407472
1012,10120335,0.757832407951355,0.07926292374890917
1012,10120374,1.6097910404205322,0.29290229722620387
1027,10270117,1.0928142070770264,0.1632638352533707
1027,10270124,1.8329495191574097,0.348862100632759
1027,10270131,0.9382871985435486,0.12451423869991698
1027,10270140,0.8932846784591675,0.11322928913861963
1027,10270170,0.7152989506721497,0.0685971228301287
1027,10270198,0.9035399556159972,0.115800929243106
1027,10270226,0.8663502335548401,0.10647513733474387
1027,10270238,0.9646593928337096,0.13112739907020685
1027,10270265,0.917120397090912,0.11920639624311416
1027,10270268,0.9365171194076538,0.12407036902927138
1027,10270294,0.8027012944221497,0.09051436299597992
1027,10270301,0.9325739741325378,0.1230815756137223
1027,10270306,1.0306999683380127,0.14768790639663473
1027,10270314,0.935081958770752,0.12371048439682347
1027,10270349,1.0825568437576294,0.16069167201730625
1027,10270354,0.8700375556945801,0.10739977987221061
1027,10270356,1.3285001516342163,0.22236505873258014
1027,10270366,1.2146556377410889,0.19381711086865042
1027,10270368,0.7686753273010254,0.08198192254561687
1027,10270377,1.1055986881256104,0.16646970513643763
1029,10290003,1.007944941520691,0.14198179639617345
1029,10290066,0.7652736306190491,0.08112890419448993
1029,10290094,0.900784194469452,0.11510988737515207
1029,10290096,0.7931268811225891,0.08811345809194424
1029,10290123,1.2710851430892944,0.20796752112188585
1029,10290152,0.9433789849281312,0.12579106836232648
1029,10290179,1.2272104024887085,0.1969653764916686
1029,10290189,1.6791421175003052,0.3102929545804908
1029,10290229,1.0282152891159058,0.1470648417405909
1029,10290236,1.332877516746521,0.22346273824944093
1029,10290252,0.7959348559379578,0.08881759319596536
1029,10290260,1.1052019596099854,0.16637022045691388
1029,10290276,1.167816162109375,0.1820715215329776
1029,10290287,1.2677536010742188,0.2071320949383971
1029,10290294,1.091907978057861,0.16303658689587677
1029,10290320,1.0683815479278564,0.1571370377844786
1029,10290330,1.3152477741241455,0.21904185790987055
1029,10290341,0.8905187249183655,0.11253569139924155
1029,10290361,1.162336349487305,0.18069738939705562
1029,10290362,1.0063645839691162,0.14158550180589505
1030,10300003,1.506934404373169,0.26710969833034637
1030,10300105,0.8638879656791687,0.10585769260650968
1030,10300106,0.9272494912147522,0.12174639436043833
1030,10300123,0.9127632975578308,0.11811379857586846
1030,10300128,1.7469327449798584,0.32729230951441524
1030,10300133,1.5649877786636353,0.2816673142039161
1030,10300153,1.202487826347351,0.19076587868004755
1030,10300157,1.464739441871643,0.25652877924675455
1030,10300159,0.9529609084129332,0.128193856540043
1030,10300169,0.9654967188835144,0.13133736913900942
1030,10300194,1.4005476236343384,0.24043187112477207
1030,10300216,0.8981400728225708,0.11444684051993062
1030,10300217,0.9555482268333436,0.12884265926972568
1030,10300236,0.9717931747436525,0.13291628486780335
1030,10300275,1.061406135559082,0.15538786514696248
1030,10300282,0.8677226901054382,0.106819298126618
1030,10300298,0.8243136405944824,0.09593393141123233
1030,10300316,1.2506908178329468,0.20285338681511725
1030,10300325,0.9209527969360352,0.12016741884517837
1030,10300328,1.2674375772476196,0.2070528479776346
1033,10330026,0.8385154008865356,0.09949520194179268
1033,10330033,0.9845086336135864,0.1361048465689459
1033,10330035,0.5739948749542236,0.03316334347082617
1033,10330052,1.185437798500061,0.18649036913270198
1033,10330053,1.1089245080947876,0.167303696444741
1033,10330085,1.1980626583099363,0.18965621197674168
1033,10330103,1.105539083480835,0.16645475851992267
1033,10330129,0.8429136276245117,0.1005981127744337
1033,10330139,1.0060406923294067,0.1415042818917526
1033,10330147,0.7334609031677246,0.07315146150856142
1033,10330197,1.1033477783203125,0.1659052611103656
1033,10330206,1.156995415687561,0.17935808287761348
1033,10330235,1.019366979598999,0.14484601651894077
1033,10330241,1.1582411527633667,0.17967046716277676
1033,10330257,0.824028491973877,0.09586242679782464
1033,10330268,0.8513395190238953,0.10271101132484209
1033,10330277,1.1955955028533936,0.18903754162595335
1033,10330325,1.487561821937561,0.26225177892387774
1033,10330345,0.7247759699821472,0.07097360496277891
1033,10330346,0.918043851852417,0.11943796417278085
1037,10370025,0.9750503897666932,0.13373307262049794
1037,10370070,0.7777416110038757,0.08425540754386227
1037,10370099,0.8523709774017334,0.10296966252363396
1037,10370102,1.367771863937378,0.23221293595581086
1037,10370131,1.2876437902450562,0.2121198107626819
1037,10370140,1.1903951168060305,0.18773347922825365
1037,10370202,0.6032863855361938,0.04050855922478716
1037,10370204,1.0662386417388916,0.15659967702753172
1037,10370216,0.942585289478302,0.12559203921681283
1037,10370217,1.108742594718933,0.16725807937113726
1037,10370232,1.110008716583252,0.16757557539914866
1037,10370234,1.0564799308776855,0.15415255718523166
1037,10370246,1.016752004623413,0.14419027855919522
1037,10370251,0.7131845355033875,0.06806690655587597
1037,10370253,0.5607535243034363,0.029842907772171856
1037,10370265,0.7829153537750244,0.08555278880397982
1037,10370290,1.5654689073562622,0.28178796329242517
1037,10370309,0.7833756804466248,0.0856682215233251
1037,10370352,0.7527360916137695,0.07798495814364459
1037,10370380,1.01942777633667,0.14486126206778607
1039,10390004,1.2546135187149048,0.2038370535412017
1039,10390027,0.9087283611297609,0.11710198737088631
1039,10390039,1.0288963317871094,0.14723562178089114
1039,10390041,0.735817551612854,0.07374242083233104
1039,10390064,0.7898381352424622,0.08728876357911322
1039,10390126,0.6157897710800171,0.04364394086436943
1039,10390166,1.7021347284317017,0.3160586417943808
1039,10390170,0.8059837222099304,0.09133747316746038
1039,10390175,1.065964937210083,0.1565310421644949
1039,10390183,1.3800039291381836,0.23528028059701692
1039,10390189,0.7202840447425842,0.0698471980489763
1039,10390216,1.5101399421691897,0.2679135273665225
1039,10390218,1.0333943367004397,0.1483635532495783
1039,10390244,0.6624175310134888,0.05533643981818101
1039,10390257,0.9395611882209778,0.12483370768130836
1039,10390269,0.6153696775436401,0.04353859711117178
1039,10390285,1.0157792568206787,0.1439463497776706
1039,10390303,1.0078110694885254,0.1419482262954808
1039,10390341,0.7808700203895569,0.08503989565826797
1039,10390366,0.8940189480781555,0.11341341650746778
1042,10420022,1.4258675575256348,0.24678116392710633
1042,10420023,1.2163710594177246,0.1942472744919518
1042,10420025,1.02996826171875,0.1475044217322967
1042,10420034,0.9297834634780884,0.12238181986834004
1042,10420047,1.6209170818328855,0.29569229245135775
1042,10420060,1.3051466941833496,0.21650888470230842
1042,10420105,1.9955898523330688,0.38964621567961655
1042,10420107,1.559205174446106,0.28021725325609803
1042,10420129,1.7950286865234375,0.33935297352622396
1042,10420133,1.0671885013580322,0.15683786630831456
1042,10420134,1.5214064121246338,0.2707387368201857
1042,10420157,1.3886399269104004,0.23744586597064063
1042,10420167,1.4214929342269895,0.24568417195460515
1042,10420175,1.155245661735535,0.17891931000319952
1044,10440006,0.9562312960624696,0.12901394749498746
1044,10440008,0.9505898356437684,0.1275992801350768
1044,10440012,1.8365875482559204,0.3497743823183679
1044,10440017,0.8431199789047241,0.10064985796080861
1044,10440038,0.8835729956626892,0.11079396217674992
1044,10440039,0.8104935884475708,0.09246837901283397
1044,10440053,1.3154256343841553,0.21908645861355128
1044,10440064,0.8155797123908997,0.0937437887466745
1044,10440077,1.4616427421569824,0.25575224273233477
1044,10440099,0.5642825961112976,0.030727867042791318
1044,10440106,1.2030707597732544,0.19091205658956414
1044,10440107,1.858340620994568,0.35522923969521225
1044,10440117,1.5092642307281494,0.2676939316766842
1044,10440119,1.4313702583312988,0.2481610355637701
1044,10440120,1.029420256614685,0.14736700254005788
1044,10440127,1.4889652729034424,0.2626037119563396
1044,10440149,1.1827324628829956,0.18581197210231962
1044,10440150,1.0144126415252686,0.14360365375421494
1044,10440154,0.6905124187469482,0.06238158729898707
1046,10460020,1.060375452041626,0.15512940825418528
1046,10460034,0.8230423331260681,0.09561513502758415
1046,10460050,1.6685034036636353,0.3076251628919634
1046,10460053,0.8780957460403442,0.10942047274533803
1046,10460061,0.6444524526596069,0.05083146981409728
1046,10460079,1.132866382598877,0.1733074234732487
1046,10460111,1.330148696899414,0.22277845225215168
1046,10460152,1.2603847980499268,0.205284274631882
1046,10460158,1.1558297872543335,0.17906578684504634
1046,10460162,1.6122357845306396,0.29351534764918275
1050,10500071,2.1294286251068115,0.4232079761602663
1050,10500073,2.6676297187805176,0.5581686891282228
1050,10500083,1.4870456457138062,0.2621223412248579
1050,10500100,2.325707197189331,0.4724273039170568
1050,10500108,1.879482626914978,0.36053086435954484
1050,10500110,1.1879851818084717,0.18712915762931956
1050,10500113,1.7935683727264404,0.33898678142160676
1050,10500131,0.9341611862182616,0.12347958906489989
1050,10500152,2.0827527046203613,0.4115034003403105
1050,10500163,2.422631025314331,0.4967321763914785
1050,10500167,1.4210247993469238,0.24556678122849648
1061,10610015,1.4457426071166992,0.2517650833107963
1061,10610017,1.8804419040679927,0.36077141520573697
1061,10610035,1.023182034492493,0.14580268965559925
1061,10610057,1.3467676639556885,0.22694586786886092
1061,10610069,1.357337474822998,0.2295963812686969
1061,10610073,1.5447235107421875,0.2765857934143833
1061,10610080,1.3770489692687988,0.2345392871366698
1061,10610087,0.7004740834236145,0.06487960037052065
1061,10610102,0.8129526972770691,0.09308503157039288
1064,10640005,1.042434573173523,0.15063050657640667
1064,10640017,1.6418118476867676,0.30093191855038626
1064,10640028,2.340672731399536,0.47618010039164027
1064,10640034,1.7640916109085083,0.3315951115835172
1064,10640036,1.2784790992736816,0.20982164890057023
1064,10640098,1.365155816078186,0.23155692895696803
1064,10640166,1.3038926124572754,0.21619440789083302
1064,10640210,2.293433666229248,0.46433430893885097
1064,10640212,1.1596521139144895,0.18002428346891955
1064,10640242,1.33166766166687,0.2231593518274196
1064,10640250,1.21711266040802,0.1944332402946313
1064,10640277,1.1521204710006714,0.17813562900608557
1064,10640280,1.863748550415039,0.3565853462116171
1064,10640284,1.4711276292800903,0.25813069781836495
1064,10640286,1.4192712306976318,0.24512705177062552
1064,10640314,0.9747784733772278,0.13366488615595654
1075,10750002,1.096628189086914,0.1642202393509318
1075,10750003,1.7174627780914309,0.31990234359060843
1075,10750010,1.435047268867493,0.2490830923365798
1075,10750011,1.2275185585021973,0.1970426504990511
1075,10750021,0.9123737812042236,0.11801612243694301
1075,10750024,0.7712106704711914,0.08261769182569842
1075,10750026,0.7506015300750732,0.0774496899130098
1075,10750035,1.204991340637207,0.1913936664669101
1075,10750043,1.1370327472686768,0.17435219196764642
1075,10750060,1.6381587982177734,0.3000158703174156
1075,10750097,1.3688242435455322,0.2324768334169995
1075,10750099,1.5654910802841189,0.28179352343376873
1075,10750102,2.320225477218628,0.47105269348940637
1075,10750117,2.131705045700073,0.42377881733820655
1075,10750163,1.7274868488311768,0.32241600576963314
1075,10750168,1.171093463897705,0.18289334629543777
1092,10920012,1.9604898691177368,0.38084445214626983
1092,10920030,1.247367262840271,0.2020199634782415
1092,10920032,1.1136560440063477,0.16849018875693386
1092,10920043,0.7904710173606873,0.08744746675326937
1092,10920044,1.18402099609375,0.1861350880581407
1092,10920075,0.6968530416488647,0.06397157847061857
1092,10920101,1.6343107223510742,0.2990509167552079
1092,10920141,1.4348865747451782,0.24904279625845535
1092,10920159,2.0222668647766118,0.39633581304676413
1092,10920165,2.92927622795105,0.6237798516440696
1099,10990020,0.8779319524765015,0.10937939944315483
1099,10990048,0.9438525438308716,0.12590981923053804
1099,10990060,0.949206531047821,0.1272523990589969
1099,10990063,0.7082240581512451,0.06682300428964905
1099,10990082,0.9868157505989076,0.1366833852543916
1099,10990087,0.7840182781219482,0.08582936099597319
1099,10990123,0.7672354578971863,0.08162085713046427
1099,10990139,1.700807809829712,0.3157259002175241
1099,10990162,0.7939780354499817,0.08832689577577829
1099,10990165,0.9216678738594056,0.12034673340350874
1099,10990188,1.0600647926330566,0.15505150648890917
1099,10990202,0.694930374622345,0.06348944546169458
1099,10990218,0.8498631715774536,0.10234079858038234
1099,10990239,0.6203939914703369,0.04479850720368625
1099,10990260,1.54219651222229,0.2759521166606138
1099,10990267,0.9917779564857484,0.13792772097249745
1099,10990276,0.7579531073570251,0.07929319064735202
1099,10990279,1.031787395477295,0.14796059246833418
1099,10990291,1.4910249710083008,0.26312020723663154
1099,10990313,0.6006197333335876,0.03983986254852309
1109,11090034,1.291998267173767,0.21321175077880092
1109,11090089,1.1364457607269287,0.17420499768820683
1109,11090140,1.11710524559021,0.1693551195614232
1109,11090246,1.5034202337265017,0.26622847571385566
1109,11090273,1.7265502214431765,0.3221811346377167
1109,11090277,1.58125901222229,0.28574753125987695
1109,11090295,1.2452858686447144,0.20149802762953808
1109,11090329,0.7234792113304138,0.0706484263738788
1109,11090333,1.4237412214279177,0.24624795832955063
1109,11090335,1.2630964517593384,0.20596425600361493
1109,11090359,1.3653285503387451,0.23160024425162842
1135,11350141,0.9586140513420104,0.1296114534367906
1135,11350158,1.3640716075897217,0.23128505000256036
1135,11350173,1.8284144401550293,0.3477248723685996
1135,11350221,1.2240296602249146,0.19616776524796273
1135,11350374,1.4928276538848877,0.26357225270651086
1156,11560005,1.2096028327941897,0.19255005629344182
1156,11560058,1.4101728200912476,0.24284551054607853
1156,11560063,0.9211246371269226,0.1202105099405911
1156,11560068,1.47342848777771,0.25870766710907656
1156,11560072,2.0118136405944824,0.3937145352288314
1156,11560075,1.0017257928848269,0.1404222664289996
1156,11560086,1.357177972793579,0.22955638412290283
1156,11560100,1.1305067539215088,0.17271571681865336
1156,11560117,1.3666744232177734,0.2319377388525369
1156,11560184,1.3611702919006348,0.23055750849707676
1156,11560192,1.2116411924362185,0.19306120068502144
1156,11560202,1.494132399559021,0.263899434142024
1156,11560257,1.0022218227386477,0.14054665217163734
1156,11560269,1.2503973245620728,0.20277978967539748
1156,11560275,1.5838111639022827,0.28638751548581576
1156,11560289,1.054903864860535,0.15375733875134237
1156,11560320,1.080363392829895,0.16014163652955468
1156,11560353,2.1231133937835693,0.42162435224727013
1156,11560354,1.3941845893859863,0.23883626002533095
1156,11560372,0.7212247848510742,0.07008310049743238
1181,11810063,1.192799687385559,0.1883364556317013
1181,11810133,1.6339527368545532,0.2989611473764189
1181,11810162,0.990833818912506,0.13769096656689997
1181,11810168,0.7594823241233826,0.07967666104066057
1181,11810222,1.232884407043457,0.19838820470419646
1181,11810246,0.9600122570991516,0.12996207116699923
1181,11810247,1.317610740661621,0.21963440157499073
1186,11860264,1.4690067768096924,0.25759886730952863
1186,11860284,1.2799272537231443,0.21018479189541836
1186,11860287,1.2770007848739624,0.20945094291776548
1186,11860346,1.3562045097351074,0.22931227598197998
1186,11860359,1.3444817066192627,0.22637263523227805
1186,11860361,1.439789056777954,0.25027215546681314
1197,11970006,1.974309325218201,0.3843098550785031
1197,11970019,1.364332914352417,0.23135057596936207
1197,11970023,2.431004762649536,0.49883199665243616
1197,11970036,0.812882125377655,0.09306733477643914
1197,11970042,1.7486668825149536,0.3277271663753023
1197,11970075,1.7834835052490234,0.3364578736937367
1197,11970081,1.7026596069335938,0.3161902616994118
1197,11970088,1.0146782398223877,0.1436702558774057
1197,11970092,1.8420171737670896,0.3511359294031843
1197,11970095,1.5576550960540771,0.27982855154700914
1197,11970107,2.0483715534210205,0.4028818930021346
1197,11970141,1.7658427953720093,0.3320342431767276
1197,11970142,1.4658570289611816,0.2568090283064105
1197,11970145,1.3600181341171265,0.23026859039984202
1197,11970165,1.5172717571258545,0.26970191992577386
1197,11970173,0.6562176942825317,0.05378175255475792
1197,11970175,1.2123558521270752,0.1932404106170361
1203,12030007,1.3807154893875122,0.23545871330497284
1203,12030010,1.3642364740371704,0.2313263923438408
1203,12030024,0.8752323985099792,0.10870245223457448
1203,12030027,2.062793254852295,0.40649831654763535
1203,12030031,1.494053840637207,0.2638797345014573
1203,12030032,1.073478937149048,0.1584152724288405
1203,12030036,0.6819564700126648,0.060236075231343
1203,12030043,1.5401259660720823,0.27543290109611607
1203,12030044,1.719102144241333,0.3203134353312366
1203,12030055,1.0993584394454956,0.1649048840670174
1203,12030058,1.924200415611267,0.37174441393375013
1203,12030072,1.0837572813034058,0.16099269687391818
1203,12030078,0.9978591799736024,0.13945266446905571
1203,12030083,1.78278386592865,0.3362824303090838
1203,12030093,1.0450632572174072,0.15128968225795067
1203,12030097,1.5631459951400757,0.281205463753603
1203,12030116,2.073280334472656,0.40912808404374845
1203,12030138,0.5597550868988037,0.029592536998929275
1228,12280016,1.4285708665847778,0.24745905277252714
1228,12280033,1.3636014461517334,0.23116715109149014
1228,12280161,1.4658869504928589,0.25681653150790107
1228,12280173,1.7577842473983765,0.330013460623901
1228,12280206,1.2334301471710205,0.19852505592500772
1228,12280243,1.27610182762146,0.20922551804748643
1228,12280262,1.2259585857391355,0.19665146765162075
1228,12280276,0.9344915151596068,0.12356242321362595
1228,12280288,2.04676365852356,0.4024786930750265
1228,12280343,0.8014397621154785,0.0901980178574402
1228,12280355,0.9223721623420716,0.12052334262424985
1228,12280375,1.3764631748199463,0.23439239178956048
1260,12600072,1.8981701135635376,0.3652169873557902
1260,12600082,1.16552734375,0.18149757145880205
1260,12600131,1.002816915512085,0.14069587919092294
1260,12600186,1.2401351928710938,0.20020643071001185
1260,12600210,1.8839880228042605,0.3616606492086798
1260,12600219,1.4142287969589231,0.24386259790669043
1260,12600224,1.8826004266738887,0.36131269197621074
1260,12600252,1.5535744428634644,0.27880527628716
1260,12600263,1.2055495977401731,0.19153365647718948
1260,12600281,1.005940079689026,0.14147905200307534
1260,12600295,1.1352940797805786,0.1739161991639042
1260,12600330,1.8464809656143188,0.35225528151399177
1260,12600338,1.3983830213546753,0.23988906979941374
1260,12600357,1.6444859504699707,0.30160248355371466
1260,12600368,1.2897566556930542,0.21264963842490522
1292,12920007,1.9088610410690308,0.3678978722803846
1292,12920054,1.3707726001739502,0.2329654084176415
1292,12920062,0.9734506011009216,0.13333190543323561
1292,12920073,0.9620774388313292,0.13047994153601056
1292,12920085,0.9010648727416992,0.11518027099232112
1292,12920110,1.1722389459609983,0.18318059037162274
1292,12920121,1.2835344076156616,0.2110893312336725
1292,12920143,0.7946978211402893,0.0885073911168133
1292,12920146,0.8777132034301758,0.10932454536054484
1292,12920155,1.3732634782791138,0.23359002752180283
1292,12920158,1.0714071989059448,0.15789575793201246
1292,12920214,0.9842629432678224,0.13604323661567114
1292,12920254,0.8499717116355896,0.10236801636905613
1292,12920259,0.7073612213134766,0.06660663706897807
1292,12920268,1.3945904970169067,0.238938046483798
1292,12920270,0.9288872480392456,0.12215708254242066
1292,12920299,1.4932962656021118,0.2636897630055517
1292,12920301,0.7193567752838135,0.06961467353585263
1292,12920368,1.696019172668457,0.31452508904670984
1293,12930008,0.95175701379776,0.12789196477967327
1293,12930012,1.0170284509658811,0.14425960096659166
1293,12930028,1.1966444253921509,0.1893005721833841
1293,12930036,1.2654454708099363,0.2065533021604706
1293,12930037,1.6145471334457395,0.2940949475444009
1293,12930040,1.386164307594299,0.23682507320030702
1293,12930051,1.428913116455078,0.24754487624455615
1293,12930067,1.0595136880874634,0.15491331007261158
1293,12930079,1.5052003860473633,0.2666748713626923
1293,12930097,0.879173994064331,0.10969085703809417
1293,12930114,1.8396018743515012,0.35053026260876385
1293,12930127,1.616100549697876,0.2944844862640146
1293,12930139,0.9340153932571412,0.12344302964090428
1293,12930155,0.7951233983039856,0.08861410995873031
1293,12930195,1.0453212261199951,0.15135437121422754
1293,12930225,1.0198944807052612,0.14497829407509846
1293,12930240,0.861836850643158,0.10534334963899589
1293,12930261,0.8161599040031433,0.0938892791118314
1293,12930266,1.3772045373916626,0.2345782978057739
1293,12930315,0.9551344513893129,0.12873889985787865
1309,13090018,0.9477649927139282,0.1268909151385819
1309,13090027,1.2620298862457275,0.2056968012476957
1309,13090041,0.7050408720970154,0.06602478023466607
1309,13090051,1.4074318408966064,0.24215817543902027
1309,13090076,0.8721310496330261,0.10792474988406658
1309,13090105,1.093493103981018,0.16343407721547645
1309,13090128,1.36185884475708,0.2307301718110579
1309,13090147,1.3615082502365112,0.23064225581271672
1309,13090148,0.8597836494445801,0.10482848353990404
1309,13090160,0.8593062162399292,0.10470876114161898
1309,13090179,0.821347713470459,0.09519018777344648
1309,13090181,0.9702001214027404,0.13251680664820717
1309,13090184,0.560042679309845,0.0296646544236141
1309,13090185,1.0996826887130735,0.1649861936608589
1309,13090202,1.0744918584823608,0.15866927522989618
1309,13090232,1.011971354484558,0.142991470234994
1309,13090267,0.8685591816902161,0.10702905894278936
1309,13090287,0.8090988397598267,0.09211862818638325
1309,13090339,0.6166134476661682,0.04385048815799006
1309,13090364,0.7957857847213745,0.08878021170806139
1334,13340007,1.3156999349594116,0.2191552429427532
1334,13340034,1.1100428104400637,0.1675841248637953
1334,13340046,1.0615848302841189,0.15543267510327444
1334,13340091,1.1015233993530271,0.16544777507207478
1334,13340137,0.8404308557510376,0.09997552641011836
1334,13340147,1.3841899633407593,0.2363299814748646
1334,13340159,1.4429820775985718,0.2510728457135212
1334,13340204,0.8750125765800476,0.1086473291128672
1334,13340217,1.1612001657485962,0.18041247699304688
1334,13340243,0.8892684578895569,0.11222217117122316
1334,13340245,0.8984572887420654,0.1145263864130234
1334,13340255,1.0185497999191284,0.1446410984065203
1334,13340259,0.7877628803253174,0.08676836723191084
1334,13340277,0.8431245684623718,0.10065100885028025
1334,13340291,0.8909263610839844,0.11263791130958759
1334,13340297,1.1613341569900513,0.18044607698697254
1334,13340313,0.8452690243721008,0.10118875821925652
1334,13340345,0.5660759806632996,0.031177580840494296
1334,13340375,1.114277482032776,0.1686460221807192
1334,13340378,1.2769938707351685,0.20944920911024975
1336,13360001,1.3796446323394775,0.23519018239266457
1336,13360002,1.2168270349502563,0.19436161610829147
1336,13360016,1.0499662160873413,0.15251916103924065
1336,13360082,0.6642826199531555,0.05580413439555151
1336,13360123,0.9749044179916382,0.1336964683566527
1336,13360130,1.7236049175262451,0.32144256252924497
1336,13360140,1.1963151693344116,0.18921800707375533
1336,13360145,1.291734218597412,0.21314553726763955
1336,13360146,1.2023091316223145,0.19072106872373565
1336,13360161,1.3726110458374023,0.23342642185742976
1336,13360226,1.009818434715271,0.14245159844647262
1336,13360234,0.9191044569015504,0.1197039242670486
1336,13360235,1.0517579317092896,0.15296845633168119
1336,13360257,1.375360369682312,0.2341158494908002
1336,13360263,1.2626746892929075,0.20585849374515483
1336,13360268,1.4814647436141968,0.26072285962732644
1336,13360360,1.1333776712417605,0.17343563554971433
1336,13360363,1.4484074115753174,0.25243331664194846
1362,13620027,1.6625216007232666,0.30612515035175214
1362,13620106,1.330023169517517,0.22274697467777113
1362,13620108,1.1724108457565308,0.18322369641365202
1362,13620128,1.1098763942718506,0.1675423939104854
1362,13620137,1.2002979516983032,0.19021673998928687
1362,13620140,1.3815842866897583,0.23567657518729532
1362,13620143,1.3390194177627563,0.22500289740161142
1362,13620146,1.9889791011810305,0.3879884864419392
1362,13620162,1.7010396718978882,0.3157840425557674
1362,13620175,1.4620169401168823,0.2558460775908159
1362,13620184,1.5005055665969849,0.2654975861662727
1362,13620185,1.4307781457901,0.2480125558753102
1362,13620210,1.0629374980926514,0.15577187361846553
1362,13620241,1.20806622505188,0.19216473251968544
1362,13620258,1.1118459701538086,0.16803628990660666
1362,13620292,1.9667775630950928,0.3824211707224361
1362,13620361,1.1638649702072144,0.181080710324199
1362,13620366,1.0053472518920898,0.14133039295521724
1372,13720023,1.721360206604004,0.3208796729512904
1372,13720051,1.658586859703064,0.3051384644091317
1372,13720070,1.4770437479019165,0.25961423918717674
1372,13720082,1.1291730403900146,0.17238127132751394
1372,13720140,1.081587314605713,0.16044855035307345
1372,13720153,0.9338964819908142,0.12341321114095685
1372,13720167,1.3585954904556274,0.22991184455686228
1372,13720182,1.3892247676849363,0.23759252217188562
1372,13720189,0.9643930196762084,0.13106060264100136
1372,13720198,1.2105790376663208,0.19279485197872429
1372,13720199,1.129672288894653,0.17250646418744345
1372,13720201,1.0697969198226929,0.1574919601402435
1372,13720215,1.055454969406128,0.1538955351676399
1372,13720233,1.8941295146942136,0.364203756222239
1372,13720256,1.0300883054733276,0.1475345242179579
1372,13720274,1.02215576171875,0.1455453388124441
1372,13720275,0.8025936484336853,0.09048736940655386
1372,13720311,0.928501307964325,0.12206030320048611
1372,13720360,0.9766913652420044,0.13414456791977206
1404,14040028,1.9046745300292969,0.3668480518296049
1404,14040052,0.8849641680717468,0.11114281620620975
1404,14040081,0.9251567721366882,0.12122161865459707
1404,14040089,0.6906702518463135,0.06242116593951877
1404,14040097,1.4140448570251465,0.24381647264812525
1404,14040122,1.2141166925430298,0.1936819635621219
1407,14070040,1.1576898097991943,0.17953221096001312
1407,14070080,1.7901198863983154,0.3381220299765155
1407,14070092,1.549494981765747,0.2777822999596411
1407,14070101,1.2781261205673218,0.2097331350375685
1407,14070159,1.6744303703308103,0.30911142454498086
1407,14070207,1.203652024269104,0.1910578159938183
1407,14070217,1.2304686307907104,0.19778241833684393
1407,14070239,1.2734357118606567,0.20855695589077097
1407,14070248,1.4797223806381226,0.26028594013336026
1407,14070265,2.064823627471924,0.40700745809260186
1407,14070270,1.1854126453399658,0.18648406166053264
1407,14070281,1.261400580406189,0.20553899487053048
1407,14070297,1.3597465753555298,0.23020049361499975
1407,14070358,1.3770533800125122,0.2345403931862919
1408,14080008,1.6859691143035889,0.31200491014288456
1408,14080091,1.608952522277832,0.292692028225071
1408,14080117,1.0637893676757812,0.15598549066169778
1408,14080134,0.7464496493339539,0.07640855344642522
1408,14080149,1.4523088932037354,0.2534116623725535
1408,14080201,1.1883846521377563,0.18722932985320298
1408,14080243,1.2165584564208984,0.19429426665427493
1408,14080270,0.8397647738456726,0.09980849797056338
1408,14080301,1.128391146659851,0.17218520161207032
1408,14080333,1.3286139965057373,0.22239360677012374
1408,14080336,1.4454046487808228,0.2516803359951564
1408,14080337,1.0292283296585083,0.14731887443487965
1408,14080339,1.299669861793518,0.21513549989721212
1408,14080361,1.429746150970459,0.24775377015696967
1408,14080362,1.4354729652404783,0.24918984107172973
1418,14180002,2.382396459579468,0.4866428515250647
1418,14180011,1.5895954370498655,0.2878379949388963
1418,14180013,1.507348895072937,0.26721363710159163
1418,14180044,0.6901631951332092,0.062294015072825754
1418,14180051,1.0845539569854736,0.16119247335025752
1418,14180063,0.8370826244354248,0.09913591517400538
1418,14180077,0.7227059602737427,0.07045452391782986
1418,14180084,1.98188591003418,0.3862097792901894
1418,14180088,1.2244535684585571,0.19627406558461732
1418,14180100,1.840061068534851,0.35064541134239535
1418,14180131,1.7987518310546875,0.3402865989802163
1418,14180139,1.46503484249115,0.25660285467820276
1418,14180150,2.05930757522583,0.40562423841383877
1418,14180155,0.9810354709625244,0.13523390722461748
1418,14180158,0.9156115055084229,0.1188280226460372
1418,14180160,0.935627818107605,0.12384736551086772
1418,14180165,0.4429018497467041,0.0002901138265559433
1418,14180166,0.7693348526954651,0.08214730685735522
1419,14190006,1.3527867794036863,0.22845523699101047
1419,14190059,1.327712893486023,0.22216764382165013
1419,14190062,1.1212077140808103,0.17038386528291685
1419,14190071,0.9321622252464294,0.12297832438683673
1419,14190088,1.7446041107177734,0.3267083751004076
1419,14190107,1.1499228477478027,0.17758454725517794
1419,14190108,1.5689687728881836,0.2826655987209522
1419,14190114,1.2157424688339231,0.1940896474741847
1419,14190172,1.0702515840530396,0.15760597293101983
1420,14200011,0.8443974256515503,0.10097019384595785
1420,14200060,0.8900036215782166,0.11240652273931903
1420,14200076,1.0217807292938232,0.1454512947013318
1420,14200086,0.9652353525161744,0.13127182822559122
1420,14200087,1.0792958736419678,0.15987394262777124
1420,14200124,1.0657840967178345,0.1564856941299884
1420,14200161,1.6928269863128662,0.31372460805263314
1420,14200177,0.8716652393341064,0.10780794207600194
1420,14200206,1.279183864593506,0.20999837769424354
1420,14200207,1.1672183275222778,0.18192160696933227
1420,14200229,0.8567512631416321,0.104068074424704
1420,14200238,1.1629706621170044,0.18085645129000807
1420,14200246,0.913821816444397,0.11837923553855814
1420,14200272,1.0287083387374878,0.1471884801524029
1420,14200295,0.8835070729255676,0.11077743121888434
1420,14200296,1.0869102478027344,0.16178334299432803
1420,14200339,1.81405770778656,0.34412474063510023
1420,14200342,1.017465591430664,0.14436921945211265
1420,14200353,1.144932985305786,0.1763332763070091
1420,14200357,1.659915566444397,0.30547165438448387
1422,14220001,1.5981860160827637,0.2899921909907356
1422,14220003,1.4831557273864746,0.2611468951378567
1422,14220038,0.9453192949295044,0.12627762556973887
1422,14220048,1.2893712520599363,0.21255299360251925
1422,14220068,2.6172494888305664,0.5455352109850935
1422,14220070,1.5932732820510864,0.28876026096433716
1422,14220140,1.6975641250610352,0.3149125053467784
1422,14220167,1.4687345027923584,0.2575305911652881
1435,14350004,1.684805989265442,0.31171324186821103
1435,14350012,1.4280074834823608,0.24731777735322744
1435,14350016,1.5103263854980469,0.26796028038298136
1435,14350020,1.1702078580856323,0.18267126946725806
1435,14350022,1.035276174545288,0.1488354478261895
1435,14350028,2.3384058475494385,0.4756116506723421
1435,14350094,1.231877088546753,0.19813560688509316
1435,14350103,1.5970546007156372,0.28970847431604807
1435,14350110,0.8637977242469788,0.10583506342910598
1435,14350133,1.0221115350723269,0.14553424842299004
1435,14350153,0.96990704536438,0.13244331413480304
1435,14350157,0.962708055973053,0.13063807673873917
1435,14350158,0.8724362254142761,0.10800127656062333
1435,14350163,1.000576376914978,0.14013403587612447
1435,14350165,1.7035526037216189,0.31641419190803943
1439,14390008,1.5566712617874146,0.2795818426948128
1439,14390009,2.0461621284484863,0.40232785182115705
1439,14390045,0.7306257486343384,0.07244051074740945
1439,14390052,1.226506233215332,0.1967887971641605
1439,14390064,1.4685205221176147,0.25747693281199935
1439,14390068,1.3126510381698608,0.2183906936147785
1439,14390076,1.272388935089111,0.20829446341153465
1439,14390086,1.70658278465271,0.3171740479984283
1439,14390090,1.1153929233551023,0.1689257331621806
1439,14390117,1.0313444137573242,0.1478495092143948
1439,14390124,1.2917369604110718,0.2131462248119992
1439,14390133,1.4602359533309937,0.25539947268934804
1439,14390135,1.4320541620254517,0.24833253304166306
1439,14390143,1.3000057935714722,0.21521973902789057
1439,14390154,1.6778112649917605,0.3099592265269442
1439,14390156,1.5477689504623413,0.27734947583860015
1439,14390163,1.8937246799468996,0.3641022388028693
1447,14470007,1.555504322052002,0.27928921783668237
1447,14470017,0.7802867889404297,0.08489364301566882
1447,14470026,1.0450109243392944,0.15127655912865054
1447,14470028,1.3331384658813477,0.22352817453654353
1447,14470031,1.2437150478363037,0.20110412449790208
1447,14470038,1.6488056182861328,0.302685694745789
1447,14470039,0.6259332895278931,0.04618755606289024
1447,14470048,1.0030438899993896,0.14075279590661197
1447,14470053,1.4000064134597778,0.24029615584681593
1447,14470060,1.5394779443740845,0.27527040148136517
1447,14470063,1.574729084968567,0.28411006963419383
1447,14470084,1.9523961544036863,0.3788148510896995
1447,14470100,0.8258150815963745,0.09631043668124492
1447,14470109,1.6509745121002195,0.3032295722275363
1447,14470124,0.9492858648300172,0.12727229300557838
1447,14470140,1.2085702419281006,0.19229112110893612
1447,14470141,1.265688180923462,0.2066141647829197
1465,14650011,2.194108486175537,0.4394272671782734
1465,14650023,1.3903814554214478,0.23788257621197553
1465,14650032,0.8563490509986877,0.10396721465646086
1465,14650037,0.71548992395401,0.06864501178944271
1465,14650038,4.251799583435059,0.955419264998937
1465,14650040,1.908483862876892,0.3678032900910778
1465,14650041,0.6913349032402039,0.0625878356602774
1465,14650043,1.0302520990371704,0.14757559752014107
1465,14650047,1.8012948036193848,0.34092428142721176
1465,14650058,1.7931970357894895,0.3388936640007183
1465,14650059,1.8349733352661133,0.34936959804990897
1465,14650085,1.2728004455566406,0.2083976548519542
1465,14650087,1.4741884469985962,0.2588982364696426
1465,14650088,1.1430490016937256,0.17586084365220336
1465,14650108,1.8798961639404297,0.36063456398492577
1465,14650113,2.1310689449310303,0.42361930704675876
1465,14650125,1.534631848335266,0.2740551817722304
1465,14650164,1.4210169315338137,0.2455648082751166
1469,14690004,2.023369550704956,0.3966123254522914
1469,14690006,1.300061583518982,0.21523372906094865
1469,14690018,1.4245576858520508,0.24645269708257292
1469,14690020,1.1482791900634766,0.17717237935816063
1469,14690047,2.830551624298096,0.5990234119914972
1469,14690048,1.451629400253296,0.2532412709442827
1469,14690050,1.4015923738479614,0.24069385541904678
1469,14690055,1.1878479719161987,0.18709475051810207
1469,14690062,1.2588707208633425,0.20490460067916835
1469,14690067,1.4331926107406616,0.24861801341709935
1469,14690074,1.0248236656188965,0.146214349367655
1469,14690082,1.6908308267593384,0.3132240458655462
1469,14690110,1.708675980567932,0.3176989432772016
1469,14690113,2.672361135482788,0.5593551515471826
1469,14690121,1.3163042068481443,0.21930677174098215
1469,14690125,1.377774715423584,0.23472127713935628
1469,14690136,2.826220989227295,0.597937450621984
1469,14690150,1.9116177558898928,0.36858915329420294
1469,14690167,1.2821496725082395,0.21074209143879621
1501,15010004,1.1141237020492554,0.16860745991011047
1501,15010014,0.9115960597991944,0.11782109898465545
1501,15010033,0.9114567637443542,0.1177861687418599
1501,15010038,0.6913148760795593,0.06258281359712836
1501,15010041,0.8694709539413452,0.10725769733561913
1501,15010079,0.9688621163368224,0.13218128500067872
1501,15010087,0.763738214969635,0.08074387935306382
1501,15010094,0.7639387249946594,0.08079415977102022
1501,15010097,1.538883924484253,0.27512144350117673
1501,15010103,1.0301826000213623,0.1475581697652846
1501,15010115,1.332472562789917,0.22336119093683807
1501,15010121,0.973420798778534,0.13332443212497813
1501,15010137,1.162629008293152,0.18077077728414423
1501,15010145,0.9829397201538086,0.13571142172903836
1501,15010151,1.1798981428146362,0.18510123059379888
1501,15010159,0.9305227398872375,0.12256720275297545
1501,15010169,1.1980764865875244,0.18965967959177324
1501,15010170,0.8059217929840088,0.0913219436329013
1502,15020001,1.2037835121154783,0.19109078822985034
1502,15020007,2.0221292972564697,0.3963013162558475
1502,15020010,2.0123636722564697,0.3938524626060317
1502,15020017,1.0258619785308838,0.1464747194273461
1502,15020029,0.8351445198059082,0.098649910991404
1502,15020061,1.2117055654525757,0.19307734303085758
1502,15020065,1.4360878467559814,0.24934403036769845
1502,15020070,1.2026065587997437,0.19079565234014542
1502,15020088,2.0487005710601807,0.4029643983252974
1502,15020097,1.2726948261260986,0.20837116944748965
1502,15020099,1.8850799798965452,0.3619344712232343
1502,15020101,1.3353925943374634,0.2240934256799074
1502,15020113,1.3599456548690796,0.23025041531415982
1502,15020161,1.4841914176940918,0.2614066075464211
1502,15020162,1.2008235454559326,0.19034853925371606
1503,15030001,1.5823359489440918,0.2860175867270698
1503,15030005,1.2759939432144165,0.20919846467159428
1503,15030027,1.3135040998458862,0.21860460959034103
1503,15030030,1.136927366256714,0.174325766349648
1503,15030041,1.831867337226868,0.34859072986331296
1503,15030077,0.89423006772995,0.11346635742316385
1503,15030082,1.6165403127670288,0.2945947624006622
1503,15030106,1.4220353364944458,0.24582018616489162
1503,15030109,0.6745133996009827,0.05836963144065027
1503,15030115,1.0730669498443604,0.15831196141548884
1503,15030118,1.594780206680298,0.28913814132306914
1503,15030122,1.18374502658844,0.18606588522367626
1503,15030125,1.1306028366088867,0.1727398107644755
1503,15030133,1.0327907800674438,0.14821220381074748
1503,15030142,1.8427640199661253,0.351323210508117
1503,15030150,1.1514703035354614,0.17797259131314005
2002,20020015,0.9286910891532898,0.12210789322746984
2002,20020032,0.8072561621665955,0.09165655353682237
2002,20020094,1.253304362297058,0.20350876605606652
2002,20020108,1.095223069190979,0.16386788781320746
2002,20020123,0.8536849617958069,0.1032991606847069
2002,20020174,0.6969274282455444,0.06399023184802927
2002,20020181,1.3009549379348757,0.21545774894927536
2002,20020185,0.7877694964408875,0.086770026306344
2002,20020204,0.5525230765342712,0.027779019177316122
2002,20020206,0.8980832099914551,0.11443258144777532
2002,20020208,0.9947311878204346,0.1386682809809656
2002,20020220,1.0578488111495972,0.15449582118011487
2002,20020278,0.9952392578125,0.13879568594013936
2002,20020285,0.9187613725662231,0.1196178915423883
2002,20020295,1.1826996803283691,0.18580375146323638
2002,20020303,1.3147741556167605,0.2189230920950425
2002,20020348,1.2521473169326782,0.20321862233627755
2002,20020357,0.8880321383476257,0.11191214845146927
2002,20020361,1.0239042043685913,0.1459837828612948
2002,20020377,1.0729029178619385,0.15827082832683956
2007,20070039,1.2164278030395508,0.19426150367087405
2007,20070050,1.0196654796600342,0.14492086917444788
2007,20070065,1.546047568321228,0.2769178175536472
2007,20070066,1.1433610916137695,0.17593910413627586
2007,20070070,1.2077784538269043,0.192092570255151
2007,20070079,1.3639334440231323,0.2312504037454786
2007,20070081,1.761423945426941,0.33092616081477233
2007,20070086,1.2229528427124023,0.19589773967400295
2007,20070091,1.125009536743164,0.17133722027070894
2007,20070095,1.1781339645385742,0.18465884063818824
2007,20070105,1.3460519313812256,0.2267663888977489
2007,20070132,1.7187470197677612,0.32022438339004033
2007,20070146,1.2988405227661133,0.21492753267502254
2007,20070152,1.2686399221420288,0.20735435112597497
2007,20070153,1.3725730180740356,0.23341688591609325
2007,20070154,1.5549204349517822,0.2791428007813015
2007,20070157,1.4643561840057373,0.2564326725025631
2007,20070165,1.4527157545089722,0.2535136879768849
2007,20070166,1.7121496200561523,0.3185700021944622
2014,20140004,1.423758029937744,0.24625217327540774
2014,20140014,1.356582760810852,0.22940712721038412
2014,20140028,1.1054840087890625,0.16644094784626282
2014,20140036,2.685943365097046,0.5627610669456862
2014,20140041,1.4457370042800903,0.25176367832884394
2014,20140045,0.6349617838859558,0.04845156490626515
2014,20140048,0.8914810419082642,0.11277700452287606
2014,20140055,1.4264217615127563,0.2469201375674627
2014,20140074,1.223216891288757,0.19596395318516427
2014,20140083,1.1126728057861328,0.16824362937090262
2014,20140087,1.2302628755569458,0.1977308226166342
2014,20140096,1.693352460861206,0.3138563774238293
2014,20140099,1.5706230401992798,0.28308042711570924
2014,20140114,1.1652113199234009,0.18141832449803955
2014,20140117,1.249942660331726,0.20266577688462115
2014,20140121,1.174958348274231,0.18386251480350266
2014,20140133,1.2968111038208008,0.2144186302759202
2014,20140173,1.5104366540908811,0.26798793162353396
2016,20160042,0.9983439445495604,0.13957422530117206
2016,20160068,1.1474703550338743,0.17696955377205217
2016,20160093,1.7321264743804932,0.3235794503991598
2016,20160128,0.8385499715805054,0.09950387097937138
2016,20160131,1.029887318611145,0.14748412422706939
2016,20160132,0.840133547782898,0.09990097268694159
2016,20160151,1.128767013549805,0.1722794549758139
2016,20160171,0.906823992729187,0.11662444297323238
2016,20160178,1.0055915117263794,0.14139164418969566
2016,20160207,1.2558497190475464,0.2041470463677226
2016,20160222,0.8588359951972961,0.10459084728393225
2016,20160245,0.7918038964271545,0.08778170299177754
2016,20160264,1.292289137840271,0.21328469026739408
2016,20160295,0.8633102774620056,0.10571282999924639
2016,20160312,1.4218333959579468,0.24576954702813883
2016,20160318,0.8744417428970337,0.10850418536650316
2016,20160335,0.7092390060424805,0.0670775152756663
2016,20160344,0.7849748730659485,0.08606923924442225
2016,20160347,1.779224157333374,0.3353897884775756
2016,20160371,1.367509841918945,0.23214723062961093
2022,20220021,0.837849497795105,0.09932821834208722
2022,20220023,0.8307285308837891,0.09754254606704149
2022,20220033,1.211188793182373,0.19294775586567262
2022,20220048,0.9279991388320924,0.12193437795634737
2022,20220056,0.8301094174385071,0.09738729556130032
2022,20220060,0.7423328161239624,0.07537620559035146
2022,20220072,0.8769124746322632,0.10912375251428247
2022,20220091,0.7472768425941467,0.07661598259042024
2022,20220120,0.9135987162590028,0.11832329035294256
2022,20220122,1.162934184074402,0.180847303960701
2022,20220139,1.1146637201309204,0.16874287625573628
2022,20220141,0.8027485013008118,0.0905262007162598
2022,20220176,0.7312862277030945,0.07260613420501205
2022,20220200,1.5524368286132812,0.27852000516435493
2022,20220221,0.7530206441879272,0.07805631329088714
2022,20220232,0.8021575808525085,0.0903780199601302
2022,20220259,1.033547282218933,0.14840190626755576
2022,20220264,1.0349125862121582,0.14874427346544808
2022,20220295,1.3692957162857056,0.23259506115363307
2022,20220366,1.0614194869995115,0.15539121318906177
2027,20270001,1.514846920967102,0.2690938616727111
2027,20270020,1.288657784461975,0.21237408260283488
2027,20270042,0.5396761298179626,0.02455748524014148
2027,20270048,0.8145524263381958,0.09348618381103865
2027,20270049,1.0538793802261353,0.15350043630668267
2027,20270077,1.3899322748184204,0.2377699385099186
2027,20270087,1.9737008810043333,0.384157280017118
2027,20270113,1.0650568008422852,0.15630331551527252
2027,20270136,1.1399282217025757,0.17507826870471158
2027,20270142,1.3971766233444214,0.23958655028115036
2027,20270146,1.4050601720809937,0.24156344956788886
2027,20270161,1.7230061292648315,0.3212924088197353
2027,20270167,2.226686477661133,0.4475966094736379
2027,20270168,1.4551589488983154,0.2541263497878343
2027,20270170,1.3405719995498655,0.2253922268685938
2027,20270171,2.0794968605041504,0.4106869563597958
2027,20270174,1.5833715200424194,0.28627726924240116
2030,20300005,1.2903155088424685,0.2127897779013498
2030,20300012,1.5034139156341553,0.2662268913725051
2030,20300017,1.5475494861602783,0.27729444239659196
2030,20300020,1.3049137592315674,0.21645047332496783
2030,20300044,0.8968486189842224,0.11412299217990035
2030,20300056,1.1620668172836304,0.1806298007971748
2030,20300057,1.4548933506011963,0.25405974766464345
2030,20300059,1.495548963546753,0.2642546554301193
2030,20300065,1.1990681886672974,0.1899083613973496
2030,20300083,1.6917096376419067,0.3134444187794432
2030,20300132,1.6133638620376587,0.2937982273133454
2030,20300143,1.94184684753418,0.3761694793259447
2030,20300147,1.3415085077285769,0.22562706810727742
2030,20300156,1.632699728012085,0.29864693960404076
2030,20300171,1.428048610687256,0.24732809051862284
2030,20300173,2.2009968757629395,0.44115461775567766
2031,20310032,0.818065345287323,0.09436709254858255
2031,20310042,1.1982650756835938,0.18970697068642664
2031,20310075,1.139839768409729,0.17505608792580332
2031,20310085,0.84550541639328,0.10124803650035497
2031,20310112,1.5013999938964844,0.2657218750936966
2031,20310114,1.151419758796692,0.17795991658233537
2031,20310133,1.9778956174850464,0.38520916310097697
2031,20310141,1.2827848196029663,0.21090136258438
2031,20310148,1.3938559293746948,0.23875384438186728
2031,20310151,1.3579418659210205,0.22974793996015888
2031,20310154,1.6469230651855469,0.30221362080977954
2031,20310174,1.314772367477417,0.218922643696547
2031,20310219,1.0160740613937378,0.1440202757429537
2031,20310273,1.663687229156494,0.3064174463843192
2031,20310281,1.2377456426620483,0.19960722085392593
2031,20310295,1.0770472288131714,0.15931006657312677
2031,20310297,2.4285223484039307,0.49820949996781994
2031,20310322,1.2492778301239014,0.20249906232401296
2031,20310335,0.9634552001953124,0.13082543257675452
2031,20310376,1.1674039363861084,0.18196815073315994
2034,20340016,1.0858951807022097,0.16152880211507784
2034,20340019,1.4482494592666626,0.25239370810818373
2034,20340029,0.6334696412086487,0.04807739130842892
2034,20340043,0.9579426050186156,0.12944307980174927
2034,20340055,1.8032488822937007,0.341414291303039
2034,20340056,1.0841048955917358,0.16107986554143358
2034,20340063,1.3867063522338867,0.23696099773089438
2034,20340065,2.1061511039733887,0.4173708441194346
2034,20340096,1.3020819425582886,0.2157403595743407
2034,20340098,1.2332971096038818,0.19849169507694622
2034,20340113,1.2673540115356443,0.2070318928212805
2034,20340124,1.165472388267517,0.1814837906783752
2034,20340140,2.0507326126098637,0.40347395837552646
2034,20340144,1.248586654663086,0.2023257413589051
2034,20340156,1.163568377494812,0.1810063359604204
2034,20340162,1.9152181148529053,0.36949198871817424
2034,20340166,1.5709694623947144,0.28316729685089437
2034,20340169,1.0916016101837158,0.16295976128698977
2036,20360017,0.7414371967315674,0.07515161773059723
2036,20360019,1.236975908279419,0.19941420024825132
2036,20360036,0.6959593892097473,0.06374748384920934
2036,20360055,0.9836623072624208,0.1358926195610496
2036,20360089,0.6443927884101868,0.050816508250965786
2036,20360097,0.7892624139785767,0.08714439421019493
2036,20360100,0.9602632522583008,0.13002501136914385
2036,20360131,0.757543683052063,0.07919052233851057
2036,20360136,0.8942066431045532,0.11346048340287346
2036,20360143,0.6637774705886841,0.05567746182058697
2036,20360202,0.8603219389915466,0.10496346643365093
2036,20360211,0.5323994159698486,0.02273275745614209
2036,20360220,0.6979575157165527,0.0642485392746413
2036,20360228,0.8547338247299194,0.10356217629552117
2036,20360245,0.7835336327552795,0.08570783005708982
2036,20360299,1.1853258609771729,0.18646229938688683
2036,20360301,0.7180129289627075,0.06927768711990567
2036,20360302,0.8051059246063232,0.09111735434604412
2036,20360312,0.920348346233368,0.1200158452070999
2036,20360329,0.774247944355011,0.0833793265634527
2059,20590022,1.0971815586090088,0.164359003738657
2059,20590026,1.2953002452850342,0.21403976344049827
2059,20590047,0.8386808633804321,0.09953669374923829
2059,20590077,1.0146435499191284,0.14366155694659397
2059,20590103,1.2215304374694824,0.19554105361748922
2059,20590121,1.5976029634475708,0.28984598318798593
2059,20590122,1.370519757270813,0.2329020048703849
2059,20590123,0.9537489414215088,0.1283914657569877
2059,20590144,0.8274614810943604,0.09672329212262193
2059,20590151,1.2776857614517212,0.20962270943475572
2059,20590164,0.9237119555473328,0.12085931267027372
2059,20590181,1.0560110807418823,0.15403498709972477
2059,20590228,1.8476148843765257,0.35253962594657295
2059,20590265,1.147385597229004,0.17694829968336787
2059,20590274,1.3665233850479126,0.2318998641262879
2059,20590276,1.659134864807129,0.3052758836013705
2059,20590290,2.0014102458953857,0.3911057527823052
2059,20590322,1.9243820905685425,0.37178997122088775
2059,20590359,0.7021917104721069,0.0653103170186331
2059,20590376,1.0815833806991575,0.1604475638763834
2061,20610010,1.0452755689620972,0.15134292210597708
2061,20610014,1.204809546470642,0.19134807928653938
2061,20610061,0.7969424724578857,0.08907026574815124
2061,20610090,1.1268157958984375,0.17179016253757914
2061,20610122,1.028563141822815,0.14715207019457235
2061,20610134,1.298836350440979,0.21492648641186654
2061,20610166,0.85163813829422,0.1027858938735822
2061,20610168,0.9330260157585144,0.12319493075337196
2061,20610174,1.1016629934310913,0.16548278004795294
2061,20610175,1.058413028717041,0.1546373058520458
2061,20610194,1.2702487707138062,0.20775779019894755
2061,20610201,1.0010671615600586,0.14025710631650892
2061,20610206,1.5389703512191772,0.27514311609512354
2061,20610207,0.8496728539466858,0.10229307403384996
2061,20610291,1.1281332969665527,0.17212054254902645
2061,20610302,1.250910401344299,0.20290845015035844
2061,20610316,1.0445265769958496,0.15115510292284975
2061,20610328,1.0957289934158323,0.16399475469418665
2061,20610341,1.3083775043487549,0.21731905110388686
2061,20610343,1.3383454084396362,0.22483388106205995
2089,20890003,0.8476563096046448,0.10178740010391488
2089,20890037,1.1109832525253296,0.16781995257916874
2089,20890112,0.6824849247932434,0.060368591933364885
2089,20890134,1.083359718322754,0.1608930029417632
2089,20890156,1.0324376821517944,0.1481236600545127
2089,20890165,0.7963934540748596,0.08893259246343169
2089,20890206,1.26289963722229,0.20591490227588247
2089,20890207,1.1741563081741333,0.18366139313167698
2089,20890215,1.2382347583770752,0.19972987278904789
2089,20890219,1.2424638271331787,0.2007903651240194
2089,20890259,0.6884382963180542,0.061861474937498495
2089,20890260,0.7937275171279907,0.08826407514656578
2089,20890267,1.1432534456253052,0.17591211054684977
2089,20890274,0.9710803627967834,0.13273753828090057
2089,20890306,0.9277600646018982,0.12187442707750573
2089,20890313,1.8048280477523804,0.34181028696098725
2089,20890326,1.2419220209121704,0.20065450037989815
2089,20890340,1.0569591522216797,0.15427272798201216
2089,20890346,0.7883448004722595,0.08691429104894668
2089,20890371,1.315839409828186,0.21919021802539831
2112,21120025,0.9965968132019044,0.13913611007788476
2112,21120059,1.085554599761963,0.1614433971483111
2112,21120074,0.8478959798812866,0.10184750044892163
2112,21120075,0.8662406802177429,0.1064476654535893
2112,21120085,2.1013150215148926,0.4161581354418745
2112,21120108,0.7511409521102905,0.07758495679247046
2112,21120135,1.5758928060531616,0.28440188737503247
2112,21120151,1.0792855024337769,0.15987134191649763
2112,21120161,0.7699177861213684,0.08229348476687182
2112,21120164,0.8384044170379639,0.09946737134184178
2112,21120171,1.12624192237854,0.17164625651377283
2112,21120187,1.0746463537216189,0.15870801685990307
2112,21120232,1.000080943107605,0.1400097995996519
2112,21120233,0.7285584807395935,0.0719221172468201
2112,21120256,1.009778618812561,0.1424416141066406
2112,21120296,1.347889065742493,0.22722707351197394
2112,21120309,0.7894327044487,0.08718709669357827
2112,21120321,1.535800576210022,0.2743482550288564
2112,21120354,1.3154194355010986,0.21908490416543372
2116,21160002,0.8171783685684204,0.09414467194822301
2116,21160027,0.9345542788505554,0.12357816200081628
2116,21160075,0.8508723378181458,0.10259385974459762
2116,21160080,0.6651319265365601,0.056017108734273596
2116,21160089,0.967236876487732,0.13177373560816455
2116,21160090,0.965312659740448,0.13129121398721114
2116,21160120,0.8179396390914917,0.09433557013435245
2116,21160134,0.8878002166748047,0.11185399116660943
2116,21160185,1.099132418632507,0.16484820649719253
2116,21160188,0.9250072240829468,0.12118411759376096
2116,21160195,0.9516668319702148,0.1278693505488861
2116,21160198,0.9499154686927797,0.12743017411582622
2116,21160203,1.32128643989563,0.22055612952223716
2116,21160207,1.0838289260864258,0.16101066270696915
2116,21160212,1.1785110235214231,0.184753392934262
2116,21160232,1.7387752532958984,0.32524671557817386
2116,21160249,0.9226179718971252,0.12058498247075763
2116,21160303,1.880947589874268,0.36089822230025026
2116,21160310,0.8770078420639038,0.10914766710070645
2116,21160326,1.1885794401168823,0.187278175395974
2129,21290009,0.9334045648574828,0.12328985671485862
2129,21290011,0.6242364645004272,0.04576205578394152
2129,21290068,1.1114530563354492,0.16793776181053985
2129,21290121,0.9004330039024353,0.11502182191064572
2129,21290134,0.7281420826911926,0.0718177001838464
2129,21290144,0.7509932518005371,0.07754791907674632
2129,21290148,0.7366423010826111,0.07394923716504895
2129,21290160,1.191704511642456,0.18806182649985484
2129,21290169,0.5531978607177734,0.02794822982288231
2129,21290173,1.0205543041229248,0.14514375311991937
2129,21290200,0.951660692691803,0.12786781104738507
2129,21290209,0.766417384147644,0.08141571481879606
2129,21290235,0.8924216032028198,0.1130128621314826
2129,21290261,0.9477124810218812,0.12687774716943223
2129,21290282,1.0243606567382812,0.14609824405056657
2129,21290291,0.6023298501968384,0.04026869592295462
2129,21290319,0.5477582216262817,0.026584171706491383
2129,21290324,0.7739671468734741,0.0833089130530506
2129,21290326,0.9811981916427612,0.1352747114877034
2129,21290371,1.132636308670044,0.17324972953350085
2168,21680007,1.0828710794448853,0.1607704705795733
2168,21680016,1.04495370388031,0.15126221037679613
2168,21680048,1.078887939453125,0.15977164798434265
2168,21680052,0.7877314686775208,0.08676049036500744
2168,21680122,0.8504166603088379,0.10247959286134051
2168,21680154,0.7409245371818542,0.07502306188195182
2168,21680169,0.5685974359512329,0.03180986755892787
2168,21680190,0.9553426504135132,0.12879110838936547
2168,21680237,0.743465006351471,0.07566011657105368
2168,21680246,0.9433374404907228,0.12578065057061552
2168,21680249,0.6350530385971069,0.0484744481761496
2168,21680251,1.0259273052215576,0.14649110091904652
2168,21680266,0.5956783294677734,0.038600743199580956
2168,21680288,0.8235099911689758,0.09573240618076073
2168,21680297,0.7163789868354797,0.06886795552138028
2168,21680318,0.9772089123725892,0.13427434939097174
2168,21680332,1.0038517713546753,0.14095538234685615
2168,21680369,1.07910418510437,0.15982587430905895
2168,21680379,0.6634851694107056,0.05560416361319748
2168,21680380,0.6657610535621643,0.056174870271589294
2170,21700029,1.0288726091384888,0.1472296730275182
2170,21700034,1.067313551902771,0.156869224309763
2170,21700062,1.153056502342224,0.1783703506718369
2170,21700077,1.427037477493286,0.24707453611606248
2170,21700120,1.0365819931030271,0.14916289830079985
2170,21700131,1.1218127012252808,0.170535573440544
2170,21700139,0.6663448214530945,0.05632125743373709
2170,21700153,0.8345433473587036,0.09849915941723383
2170,21700176,0.5921244621276855,0.03770956613649126
2170,21700211,1.3696709871292114,0.23268916505121143
2170,21700224,0.6259196400642395,0.04618413328770829
2170,21700232,1.0654747486114502,0.1564081211902756
2170,21700236,1.2273404598236084,0.1969979900089043
2170,21700240,0.5703045725822449,0.032237953602533675
2170,21700277,0.8410998582839966,0.1001432872338826
2170,21700287,1.051198959350586,0.15282828696200365
2170,21700291,1.3706929683685305,0.23294543973797752
2170,21700300,0.8432798981666565,0.10068995973291833
2170,21700362,2.011371612548828,0.3936036911207562
2170,21700379,1.3280242681503296,0.22224572494632447
2179,21790008,1.3767074346542358,0.2344536430240389
2179,21790025,0.6341980695724487,0.0482600539088586
2179,21790030,0.897990345954895,0.11440929461924496
2179,21790035,1.0321155786514282,0.14804288853886569
2179,21790039,1.3696849346160889,0.23269266255947593
2179,21790040,1.7220895290374756,0.32106255975096787
2179,21790043,1.1228570938110352,0.17079746805511967
2179,21790055,1.3417572975158691,0.22568945528461096
2179,21790075,1.6558328866958618,0.3044478709396732
2179,21790081,1.7488560676574707,0.3277746069361209
2179,21790083,1.0810163021087646,0.16030536176685986
2179,21790084,1.3413656949996948,0.22559125601410748
2179,21790108,1.379584789276123,0.2351751759896835
2179,21790112,1.4532207250595093,0.25364031571199985
2179,21790125,1.1226661205291748,0.17074957909580565
2179,21790149,1.0504872798919678,0.15264982436081467
2179,21790152,0.9437562823295592,0.12588568044486628
2179,21790168,1.464916467666626,0.25657317069780405
2179,21790173,0.8825996518135071,0.11054988392906015
2208,22080028,1.9372639656066892,0.37502026387534015
2208,22080038,1.305069088935852,0.2164894242076059
2208,22080100,1.276424765586853,0.20930649881576466
2208,22080116,1.041634202003479,0.15042980340984338
2208,22080124,0.7932952046394348,0.08815566733698257
2208,22080146,1.2155941724777222,0.19405246029229542
2208,22080179,0.8962684869766235,0.11397751676135998
2208,22080181,0.7913454174995422,0.08766673361754426
2208,22080187,0.8936920166015625,0.11333143431588305
2208,22080189,0.9965680241584778,0.139128890862108
2208,22080192,0.7481288909912109,0.07682964447350202
2208,22080202,0.9177322387695312,0.11935982326164049
2208,22080204,0.9104499220848083,0.11753369049568871
2208,22080210,0.835692822933197,0.09878740491672539
2208,22080294,1.0846078395843506,0.16120598509158704
2208,22080299,1.190527319908142,0.1877666308236838
2208,22080340,1.3865567445755005,0.23692348172344171
2208,22080341,0.641204833984375,0.050017088466661586
2236,22360092,1.4056437015533447,0.24170977694357057
2236,22360126,0.8667363524436951,0.10657196151652795
2236,22360147,2.093529462814331,0.4142058083926866
2236,22360159,1.029520869255066,0.1473922324287352
2236,22360186,0.8588355779647827,0.10459074265761664
2236,22360221,1.117913007736206,0.16955767610843434
2236,22360222,1.7944070100784302,0.3391970803159726
2236,22360227,0.8005191683769226,0.0899671673653662
2236,22360253,1.2897497415542605,0.21264790461738955
2236,22360259,1.26812744140625,0.20722584011717907
2236,22360262,0.9411159753799438,0.12522359017310186
2236,22360265,0.938723623752594,0.12462367782603975
2236,22360293,1.0065586566925049,0.14163416798926784
2236,22360310,1.0048668384552002,0.1412099232261064
2236,22360311,0.913269340991974,0.11824069535008072
2236,22360326,1.0737347602844238,0.15847942330692275
2236,22360350,0.8868119120597839,0.11160616131817441
2242,22420015,0.8524459004402161,0.10298845042059332
2242,22420045,0.8782406449317932,0.10945680797008597
2242,22420067,0.7955565452575684,0.08872272702094472
2242,22420073,0.8857094049453735,0.11132969375249666
2242,22420086,1.1126855611801147,0.1682468279468368
2242,22420106,0.5630464553833008,0.030417889162886957
2242,22420129,1.0065748691558838,0.14163823346895996
2242,22420138,1.0364553928375244,0.14913115168732208
2242,22420146,0.9957591891288756,0.13892606527599957
2242,22420164,1.054659724235535,0.153696117410097
2242,22420168,1.4020302295684814,0.24080365326396588
2242,22420172,0.7778944373130798,0.08429373066860671
2242,22420273,0.6288860440254211,0.04692799649842627
2242,22420288,0.9266467690467834,0.12159525417423875
2242,22420292,0.9057133793830872,0.11634594266770859
2242,22420306,1.2227262258529663,0.19584091263801293
2242,22420342,0.8393288850784302,0.09969919336398925
2242,22420346,1.205925226211548,0.191627850054467
2242,22420348,1.108149766921997,0.16710942032327916
2242,22420362,0.9074910879135132,0.11679172550526815
2244,22440038,0.8074506521224976,0.09170532434651077
2244,22440039,1.1574256420135498,0.1794659675556187
2244,22440062,1.0269911289215088,0.14675786813060607
2244,22440073,0.6920389533042908,0.06276438509455246
2244,22440126,1.1640708446502686,0.18113233593764175
2244,22440134,0.8038387298583984,0.09079958927893547
2244,22440139,1.0282491445541382,0.1470733314187714
2244,22440144,2.316046953201294,0.47000487588523954
2244,22440165,0.9157511591911316,0.11886304256853181
2244,22440180,1.2163162231445312,0.194233523604758
2244,22440189,1.0261390209197998,0.14654419130090776
2244,22440215,0.9659128785133362,0.13144172641551707
2244,22440277,0.9043027758598328,0.11599221604126486
2244,22440286,0.725628137588501,0.07118729673909369
2244,22440312,0.9144333004951476,0.11853257287738539
2244,22440337,0.8726361393928528,0.1080514075124146
2244,22440340,0.7242069244384766,0.07083090961491029
2244,22440352,1.2532676458358765,0.20349955894029328
2244,22440361,0.8340237140655518,0.09836885481445615
2244,22440362,1.2409321069717407,0.20040626697281724
2251,22510066,1.3148155212402344,0.21893346504690384
2251,22510069,1.176102638244629,0.1841494599473574
2251,22510089,0.7666435241699219,0.08147242228185392
2251,22510093,1.1452652215957642,0.17641658874746366
2251,22510095,0.7257148027420044,0.0712090291195065
2251,22510122,1.2531038522720337,0.20345848563811006
2251,22510152,0.9266059398651124,0.12158501574192601
2251,22510166,0.97971773147583,0.1349034674267041
2251,22510190,1.0168414115905762,0.1442126984839677
2251,22510211,1.568831443786621,0.2826311617165017
2251,22510230,1.1700921058654783,0.1826422431379859
2251,22510237,1.209731936454773,0.19258243066481326
2251,22510255,1.1497557163238523,0.17754263694246983
2251,22510266,0.993469536304474,0.13835190594919283
2251,22510276,1.542921543121338,0.27613392730390207
2251,22510291,0.7830469608306885,0.08558579093324492
2251,22510300,1.34226655960083,0.22581715917611497
2251,22510320,0.6759174466133118,0.05872171393927736
2251,22510323,1.231079339981079,0.19793556136965654
2251,22510368,0.9554848074913024,0.1288267560697537
2252,22520012,0.8013495206832886,0.0901753886800365
2252,22520036,1.1348780393600464,0.1738118717806296
2252,22520067,0.7972099184989929,0.08913733121645401
2252,22520159,0.6786861419677734,0.059415999223015104
2252,22520174,0.6713752746582031,0.057582707027752617
2252,22520200,0.8397068977355957,0.0997939848059273
2252,22520203,0.8338580131530762,0.09832730322054448
2252,22520209,0.8965999484062195,0.11406063489579982
2252,22520221,1.3902827501296997,0.23785782461502672
2252,22520225,0.993320643901825,0.13831456930113836
2252,22520226,0.7179871797561646,0.06927123018157122
2252,22520258,1.590604543685913,0.2880910411564951
2252,22520272,0.8185087442398071,0.09447828042883757
2252,22520290,1.3642224073410034,0.2313228649423433
2252,22520337,1.339788794517517,0.22519582832758692
2252,22520345,1.700680136680603,0.31569388456494896
2252,22520358,0.9212478399276732,0.12024140459692756
2252,22520360,0.4904989302158355,0.012225682131442511
2252,22520366,1.2475897073745728,0.2020757442510754
2252,22520375,0.7505651712417603,0.07744057247693567
2282,22820020,0.9760441184043884,0.1339822626110358
2282,22820021,0.9335635304450988,0.1233297193411041
2282,22820026,0.9451867938041688,0.12624439924122607
2282,22820062,0.9318563938140868,0.12290163329749831
2282,22820072,1.191732406616211,0.18806882151638385
2282,22820079,1.076452136039734,0.15916083955384117
2282,22820107,0.9146449565887452,0.11858564831263016
2282,22820121,0.643527090549469,0.050599423592702086
2282,22820134,0.8508100509643555,0.10257824053033945
2282,22820142,0.839053750038147,0.09963019978215606
2282,22820155,0.963932454586029,0.13094511013519006
2282,22820191,0.9169203639030457,0.11915623539808984
2282,22820197,1.069030523300171,0.15729977654509378
2282,22820281,1.0927183628082275,0.16323980109401462
2282,22820291,0.9059674739837646,0.11640966009391199
2282,22820293,0.7998077869415283,0.0897887794972598
2282,22820317,0.7050080895423889,0.06601655959558284
2282,22820357,0.7392228841781616,0.0745963509270654
2327,23270032,1.5446325540542605,0.27656298487758146
2327,23270080,0.9167959094047546,0.11912502686280654
2327,23270098,1.1851729154586792,0.18642394636890933
2327,23270118,1.1244100332260132,0.17118688720180117
2327,23270120,1.1800493001937866,0.18513913521328088
2327,23270140,0.8044010400772095,0.09094059565913787
2327,23270148,1.0571736097335815,0.15432650590823307
2327,23270161,0.7798393368721008,0.0847814387654908
2327,23270171,1.2434461116790771,0.20103668536418642
2327,23270214,1.3085733652114868,0.2173681656857551
2327,23270237,0.9933702945709229,0.13832701983269535
2327,23270268,0.9002189040184021,0.1149681336641239
2327,23270280,1.0103155374526978,0.14257625322820763
2327,23270286,1.3219881057739258,0.22073208109185152
2327,23270303,1.030797839164734,0.14771244874095238
2327,23270315,1.038079023361206,0.14953829752119033
2327,23270319,0.8822386860847473,0.11045936721944535
2327,23270321,1.1568373441696167,0.17931844445061576
2327,23270331,0.9584820866584778,0.12957836162782643
2327,23270364,0.8004140257835388,0.08994080153383374
2355,23550002,1.7109177112579346,0.3182610855243304
2355,23550003,0.8606221079826355,0.1050387375944204
2355,23550008,1.7668086290359497,0.3322764381507365
2355,23550013,1.020941138267517,0.14524075666110167
2355,23550099,1.8785961866378784,0.36030857827873386
2355,23550123,0.8120364546775818,0.09285527218132447
2355,23550138,1.090975046157837,0.16280264245418422
2355,23550167,1.0217463970184326,0.14544268545021913
2355,23550175,0.6929399371147156,0.06299031814979303
2355,23550201,0.8162941932678223,0.09392295383883967
2355,23550202,0.6977270841598511,0.06419075565519436
2355,23550230,0.7506948113441467,0.07747308136785577
2355,23550233,1.3860952854156494,0.23680776501838272
2355,23550237,1.3376859426498413,0.2246685116969381
2355,23550257,1.188787817955017,0.1873304287673104
2355,23550260,1.22616446018219,0.19670309326506355
2355,23550290,0.8858872652053833,0.11137429445617739
2355,23550319,1.0954207181930542,0.1639174507935712
2355,23550341,1.292270302772522,0.21327996713657535
2380,23800015,1.3915308713912964,0.2381708067648506
2380,23800042,1.247304916381836,0.2020043293173668
2380,23800056,1.767996072769165,0.332574204644948
2380,23800093,1.1113215684890747,0.1679047895745078
2380,23800114,1.7732759714126587,0.3338982058290788
2380,23800124,0.7841097116470337,0.08585228910570716
2380,23800160,0.5251200199127197,0.02090735707439953
2380,23800186,1.1646809577941897,0.18128532950428924
2380,23800242,1.115919589996338,0.16905780146570706
2380,23800260,1.204374074935913,0.1912388793062809
2380,23800277,1.658490538597107,0.30511431067684347
2380,23800278,1.092305064201355,0.1631361612550997
2380,23800280,0.7329438328742981,0.0730217996102939
2380,23800298,0.9448240399360656,0.1261534341331158
2380,23800326,1.1816970109939575,0.18555231948022124
2380,23800330,0.8883233666419983,0.11198517761976148
2380,23800338,1.0676426887512207,0.15695175952615878
2380,23800352,1.4911898374557495,0.26316154957791205
2380,23800363,0.9223182201385498,0.12050981593630375
2380,23800368,1.0279191732406616,0.14699058694974446
2402,24020047,0.9233766198158264,0.12077522300576041
2402,24020051,1.0381009578704834,0.1495437978760679
2402,24020053,1.729066014289856,0.32281200142758126
2402,24020069,0.9687506556510924,0.13215333482779568
2402,24020084,1.2737528085708618,0.2086364718906307
2402,24020142,1.08873450756073,0.1622407991393858
2402,24020158,1.3180763721466064,0.21975116454320584
2402,24020175,0.7878570556640625,0.08679198288600454
2402,24020176,1.2652016878128052,0.20649217049892435
2402,24020205,1.1075268983840942,0.16695322818069755
2402,24020233,1.1966047286987305,0.1892906177367851
2402,24020238,1.0682570934295654,0.15710582924919528
2402,24020256,0.8529751896858215,0.10312117637524643
2402,24020260,0.9441179633140564,0.12597637651387927
2402,24020265,1.2500845193862915,0.2027013498319268
2402,24020291,1.7635968923568726,0.3314710546664428
2402,24020321,1.3442102670669556,0.22630456834066878
2402,24020328,1.0622193813323977,0.15559179678269305
2402,24020337,1.4611642360687256,0.2556322512949525
2427,24270011,1.071895718574524,0.1580182604009693
2427,24270019,0.8718154430389404,0.10784560754961972
2427,24270028,1.0661828517913818,0.1565856869944737
2427,24270051,0.7816504836082458,0.08523560665491525
2427,24270053,0.9481415152549744,0.12698533291510708
2427,24270057,1.0259193181991575,0.14648909807243346
2427,24270077,1.8638874292373655,0.356620171828097
2427,24270127,1.3520703315734863,0.22827557866050038
2427,24270155,0.951794683933258,0.12790141104131073
2427,24270168,0.6096352934837341,0.04210062797611425
2427,24270176,1.439367651939392,0.2501664828880522
2427,24270178,0.7554940581321716,0.07867655303640964
2427,24270183,0.7604913115501404,0.07992967736502632
2427,24270197,1.1822426319122314,0.18568914080779944
2427,24270206,1.21078622341156,0.19284680641773036
2427,24270245,1.0774085521697998,0.15940067296244062
2427,24270270,1.171452879905701,0.18298347439302318
2427,24270292,0.9762744903564452,0.1340400312838662
2427,24270313,0.9616934061050416,0.13038364048580453
2427,24270336,0.6853992938995361,0.061099406747865265
2430,24300001,1.227287769317627,0.19698477719990506
2430,24300052,1.2727692127227783,0.20838982282490034
2430,24300061,0.6524982452392578,0.052849053790989586
2430,24300063,1.5017768144607544,0.2658163676033044
2430,24300065,0.7384125590324402,0.07439315167554411
2430,24300068,1.315223217010498,0.21903569990386637
2430,24300080,1.0634688138961792,0.15590510775808017
2430,24300082,1.428459644317627,0.24743116238611015
2430,24300093,0.7761390209197998,0.08385353786562377
2430,24300099,1.932459831237793,0.3738155665842321
2430,24300118,0.8168705701828003,0.09406748762053962
2430,24300131,0.9455863833427428,0.12634460135834252
2430,24300132,1.4027312994003296,0.2409794553674152
2430,24300135,1.5369086265563965,0.27462611262987
2430,24300189,1.021761775016785,0.14544654167728008
2430,24300221,1.423640489578247,0.24622269854764026
2430,24300270,1.0396345853805542,0.14992837431899855
2430,24300330,1.1674309968948364,0.18197493649705773
2430,24300345,1.0164273977279663,0.14410887928565455
2430,24300360,0.7608782052993774,0.0800266958528251
2438,24380040,0.9367443323135376,0.12412734553142651
2438,24380041,0.57899010181427,0.03441595961448132
2438,24380116,1.3168785572052002,0.21945079733772063
2438,24380142,0.6693411469459534,0.05707262384594558
2438,24380154,0.8849695324897766,0.11114416140169608
2438,24380194,1.3548297882080078,0.22896754721867832
2438,24380197,1.05631422996521,0.15411100559132
2438,24380200,0.7829757332801819,0.0855679297265095
2438,24380204,0.9243460297584534,0.12101831477676017
2438,24380234,0.809236466884613,0.09215313992391636
2438,24380247,0.7519799470901489,0.07779534536653543
2438,24380265,1.037633180618286,0.14942649682965817
2438,24380276,0.8530433773994446,0.10313827530453956
2438,24380278,1.2169712781906128,0.19439778692025775
2438,24380315,0.994235098361969,0.13854388029171133
2438,24380317,1.0928186178207395,0.16326494130299277
2438,24380325,0.9048538208007812,0.11613039751094595
2438,24380354,1.559840202331543,0.2803764945084487
2438,24380363,0.986256778240204,0.13654321588471402
2438,24380369,0.94910991191864,0.12722817059362607
2441,24410049,0.9253132939338684,0.12126086846956544
2441,24410052,1.244741439819336,0.20136150523429017
2441,24410092,1.1633684635162354,0.18095620500862916
2441,24410098,1.1068100929260254,0.1667734801704883
2441,24410110,1.123194932937622,0.17088218547752662
2441,24410149,0.9557680487632751,0.12889778239143293
2441,24410158,0.5844945311546326,0.03579626470302405
2441,24410160,1.4827494621276855,0.26104501899969057
2441,24410173,0.8304404616355896,0.09747030906942455
2441,24410222,0.8013811111450195,0.09018331038678945
2441,24410228,1.170803427696228,0.18282061605947583
2441,24410240,1.7799561023712158,0.33557333292837965
2441,24410241,2.074060201644897,0.4093236455742305
2441,24410294,1.5149216651916504,0.2691126047298209
2441,24410312,0.8265998959541321,0.09650723878089776
2441,24410318,1.1732580661773682,0.1834361476207961
2441,24410322,1.1292465925216677,0.17239971545229352
2441,24410350,0.7325878143310547,0.07293252346984985
2441,24410368,1.2090688943862915,0.19241616450270052
2441,24410377,1.005041241645813,0.1412536570260293
2448,24480016,1.80340576171875,0.34145363079770663
2448,24480028,0.6166670918464661,0.04386394011285355
2448,24480094,1.1054272651672363,0.16642671866734057
2448,24480095,1.1555778980255127,0.17900262244365403
2448,24480105,1.5365620851516724,0.2745392130014519
2448,24480127,1.3772029876708984,0.23457790919374452
2448,24480159,0.8719968199729919,0.10789109010367481
2448,24480186,1.1295758485794067,0.17248228056192225
2448,24480188,1.3542146682739258,0.2288132981362436
2448,24480228,1.0003443956375122,0.14007586364464816
2448,24480232,1.126537799835205,0.17172045151815327
2448,24480241,1.615445852279663,0.2943203126282139
2448,24480244,0.8737863898277283,0.10833984731792085
2448,24480251,1.2421622276306152,0.20071473524445357
2448,24480255,1.203466534614563,0.19101130212322368
2448,24480270,0.6576010584831238,0.05412864857745428
2448,24480292,1.1150387525558472,0.16883692036684858
2448,24480297,1.1420328617095947,0.17560603373385583
2448,24480335,0.9960964918136596,0.1390106481788579
2450,24500006,1.457930088043213,0.2548212478828491
2450,24500021,0.9178506731987,0.11938952218865578
2450,24500033,1.1595005989074707,0.1799862891697385
2450,24500095,1.5200623273849487,0.27040169061777264
2450,24500126,1.160419464111328,0.1802167062099335
2450,24500139,1.065273642539978,0.15635769130615404
2450,24500141,0.7946099042892456,0.08848534485745368
2450,24500147,1.458429217338562,0.2549464108495456
2450,24500151,1.3666001558303833,0.2319191153683592
2450,24500156,0.8408201336860657,0.10007314276257775
2450,24500164,0.9918829798698424,0.13795405691079682
2450,24500228,1.133812427520752,0.1735446561705746
2450,24500250,1.2074013948440552,0.1919980179590772
2450,24500268,1.6801398992538452,0.3105431609409517
2450,24500284,1.3178653717041016,0.21969825352074276
2450,24500317,1.2607351541519165,0.20537213084375713
2450,24500327,1.224399209022522,0.19626043427035564
2450,24500333,1.4147756099700928,0.24399971816659902
2450,24500350,2.310053586959839,0.4685019637014244
2450,24500363,1.0030924081802368,0.1407649624524552
2451,24510017,1.1723328828811646,0.18320414623925044
2451,24510043,1.4844181537628174,0.26146346447564417
2451,24510061,1.5124707221984863,0.2684979998587246
2451,24510070,1.5508862733840942,0.27813118388233404
2451,24510114,1.3296489715576172,0.22265313981929005
2451,24510164,1.324967384338379,0.22147917277173676
2451,24510179,1.0038654804229736,0.1409588200686546
2451,24510195,1.235311508178711,0.19899683092868678
2451,24510206,0.8172672986984253,0.09416697230006338
2451,24510215,1.311762452125549,0.21816786945577302
2451,24510224,1.0543586015701294,0.15362060710346323
2451,24510252,1.408132553100586,0.24233388786277046
2451,24510275,1.563616156578064,0.28132336266467317
2451,24510316,1.2822444438934326,0.21076585655905514
2451,24510323,1.1030573844909668,0.1658324411947046
2451,24510336,1.3881081342697144,0.23731251225809388
2451,24510351,1.48277485370636,0.2610513862583259
2451,24510352,1.5568275451660156,0.27962103272331507
2451,24510375,0.8536139726638794,0.10328135926443754
2488,24880041,1.2552095651626587,0.2039865197063516
2488,24880059,1.0271143913269043,0.14678877773355906
2488,24880070,1.8406167030334477,0.3507847437015482
2488,24880098,1.3776251077651978,0.23468376113190367
2488,24880118,1.6277141571044922,0.2973967448122611
2488,24880155,0.936044692993164,0.12395190214677354
2488,24880176,1.1868761777877808,0.18685106088244166
2488,24880190,1.20990252494812,0.1926252078812791
2488,24880194,1.013903260231018,0.1434759199694778
2488,24880195,1.6905055046081543,0.3131424672326073
2488,24880207,0.9630964398384094,0.13073546889195084
2488,24880210,0.9940757751464844,0.13850392798576677
2488,24880234,1.1432702541351318,0.175916325492707
2488,24880245,0.8028445839881897,0.09055029466208198
2488,24880258,1.925580978393555,0.3720906074654703
2488,24880267,2.178569793701172,0.43553074403928194
2488,24880269,0.9887226819992064,0.13716157235655557
2488,24880299,1.210247039794922,0.19271159932473583
2488,24880303,1.0258270502090454,0.14646596071006832
2488,24880339,1.0169397592544556,0.1442373604012174
2538,25380051,1.0673753023147583,0.15688470900447252
2538,25380065,1.1722040176391602,0.183171831654345
2538,25380091,1.6058380603790283,0.2919110376189299
2538,25380107,1.1766101121902466,0.18427671544036603
2538,25380133,1.146816372871399,0.17680555949564977
2538,25380149,0.9694780111312866,0.1323357283891281
2538,25380151,0.73139888048172,0.07263438331022537
2538,25380152,1.0615277290344238,0.15541835624465303
2538,25380162,1.4676096439361572,0.25724851861841724
2538,25380175,0.7000229954719543,0.06476648437673521
2538,25380202,1.2160390615463257,0.1941640218379633
2538,25380217,1.561304807662964,0.280743762769455
2538,25380251,2.1750009059906006,0.43463580042883043
2538,25380256,1.2535456418991089,0.20356926995971916
2538,25380277,1.1548287868499756,0.17881477336729365
2538,25380298,1.0576698780059814,0.15445095143733692
2538,25380340,1.1835227012634275,0.1860101343440753
2538,25380347,1.1838690042495728,0.18609697418602747
2621,26210005,1.364349603652954,0.2313547610219863
2621,26210047,0.9557995796203612,0.12890568915156933
2621,26210096,1.36626398563385,0.2318348164512147
2621,26210123,0.987066686153412,0.1367463105099197
2621,26210132,1.4715487957000732,0.2582363106106599
2621,26210135,1.0685511827468872,0.15717957585508022
2621,26210136,0.8089921474456787,0.0920918737428214
2621,26210141,1.0792721509933472,0.1598679938743983
2621,26210177,0.994556486606598,0.13862447244796017
2621,26210203,1.2080549001693726,0.19216189266254755
2621,26210213,1.15969717502594,0.1800355831110049
2621,26210220,1.3693257570266724,0.23260259424835664
2621,26210231,1.5173685550689695,0.2697261932309942
2621,26210242,0.8494189977645874,0.10222941639411262
2621,26210262,0.93812495470047,0.1244735540097632
2621,26210287,1.1025166511535645,0.16569684548968058
2621,26210299,1.0575525760650637,0.15442153649603543
2621,26210302,1.6874372959136963,0.31237307520088176
2740,27400077,1.0729893445968628,0.1582925009207863
2740,27400094,2.076244592666626,0.40987140917627196
2740,27400125,0.8724372386932373,0.10800153065310408
2740,27400126,1.284020185470581,0.21121114615826966
2740,27400145,0.8529492020606995,0.10311465965044589
2740,27400146,1.168672800064087,0.182286334305531
2740,27400151,0.963729739189148,0.1308942766924226
2740,27400171,1.1907225847244265,0.187815595939387
2740,27400173,1.9869518280029297,0.38748012212103133
2740,27400176,0.7210071682929993,0.07002853040053617
2740,27400201,1.0732154846191406,0.15834920838384417
2740,27400238,0.8938394784927368,0.11336841224514113
2740,27400246,1.1907031536102295,0.18781072334240304
2740,27400276,0.9578168988227844,0.12941155738751917
2740,27400283,1.38960599899292,0.23768812073111553
2740,27400286,1.012637972831726,0.14315863319409763
2740,27400289,1.371894359588623,0.23324670374045356
2740,27400295,0.9892488121986388,0.1372935061405334
2740,27400321,1.1167306900024414,0.16926119502324302
2740,27400372,0.8812341690063477,0.11020747189131827
2799,27990028,0.9097663164138794,0.1173622677508783
2799,27990046,0.9715780019760132,0.1328623275821842
2799,27990056,1.1682112216949463,0.18217058770723896
2799,27990059,0.9679587483406068,0.1319547540807776
2799,27990066,1.293619155883789,0.21361820906830956
2799,27990153,1.356431484222412,0.22936919269766906
2799,27990156,1.175623893737793,0.184029408723509
2799,27990160,0.73442542552948,0.07339332765700696
2799,27990162,0.9917779564857484,0.13792772097249745
2799,27990167,0.5354880690574646,0.02350727617733228
2799,27990201,1.3510562181472778,0.22802127692711435
2799,27990232,1.2549322843551636,0.20391698804632388
2799,27990242,1.1665643453598022,0.1817576126929298
2799,27990247,1.2240533828735352,0.19617371400133568
2799,27990264,1.2733659744262695,0.20853946834944845
2799,27990309,0.999895453453064,0.13996328572905722
2799,27990328,1.0170550346374512,0.1442662671575574
2799,27990330,0.8559320569038391,0.10386264812732199
2799,27990341,0.7880935072898865,0.08685127611371948
2799,27990358,1.2510488033294678,0.20294315619390627
2892,28920012,1.4573166370391846,0.2546674173056769
2892,28920027,1.2218273878097534,0.19561551766096694
2892,28920044,1.4142765998840332,0.2438745850931355
2892,28920050,1.5595741271972656,0.2803097728123257
2892,28920120,1.707498550415039,0.31740368781456463
2892,28920122,1.3130427598953247,0.21848892277851503
2892,28920128,0.6341447234153748,0.04824667668707769
2892,28920131,0.9062350988388062,0.11647677040206428
2892,28920174,1.2638200521469116,0.2061457079281069
2892,28920200,0.9937090873718262,0.13841197640096656
2892,28920213,1.1898950338363647,0.1876080771156928
2892,28920214,1.926921248435974,0.3724266970844262
2892,28920224,1.6220134496688845,0.2959672205155346
2892,28920235,1.3072611093521118,0.21703910097656112
2892,28920239,0.7368773221969604,0.07400817167396756
2892,28920242,0.9404800534248352,0.12506412472150344
2892,28920259,1.1476784944534302,0.17702174735692253
2892,28920315,3.4236886501312256,0.7477600028960564
2892,28920321,1.4750378131866455,0.25911122575498124
2897,28970002,0.8333010077476501,0.09818762708921192
2897,28970016,1.132826328277588,0.17329737934695064
2897,28970022,1.542500615119934,0.27602837429807325
2897,28970039,1.137203812599182,0.17439508875704438
2897,28970052,0.8591421246528625,0.10466761310635322
2897,28970057,0.878214955329895,0.10945036597836802
2897,28970088,0.6409366130828857,0.049949828692344156
2897,28970129,1.9007421731948853,0.36586196375164504
2897,28970146,1.3301156759262085,0.2227701718266024
2897,28970158,1.3553205728530884,0.22909061765906272
2897,28970190,0.9806020855903624,0.135125230375937
2897,28970198,0.8240296244621277,0.09586271078353842
2897,28970221,0.9976643323898317,0.1394038039796682
2897,28970245,0.7802969813346863,0.08489619888709288
2897,28970251,0.7858119010925293,0.08627913458014222
2897,28970273,0.9751034379005432,0.13374637510919626
2897,28970279,0.8923354148864746,0.1129912493240019
2897,28970294,1.176714301109314,0.18430284212603423
2897,28970329,0.8162913918495178,0.09392225134786347
2917,29170012,0.9950011968612672,0.13873598915377852
2917,29170043,0.892253041267395,0.1129705930999782
2917,29170055,0.8543119430541992,0.10345638414382807
2917,29170086,0.905665397644043,0.11633391064141402
2917,29170104,0.7796109914779663,0.08472417827762188
2917,29170149,0.6649456024169922,0.055970385611047724
2917,29170156,0.8776922225952148,0.10931928415153155
2917,29170161,0.940143883228302,0.1249798258043589
2917,29170177,1.316813826560974,0.21943456531218528
2917,29170181,0.8861754536628723,0.11144656134702735
2917,29170196,1.1075657606124878,0.16696297337466534
2917,29170197,0.6707136631011963,0.05741679958443624
2917,29170211,0.8294500708580017,0.0972219560894115
2917,29170226,0.8791722655296326,0.10969042358621525
2917,29170231,0.9899731874465942,0.13747515237104008
2917,29170252,0.6175416707992554,0.044083251816977975
2917,29170309,1.0806576013565063,0.16021541302867268
2917,29170321,1.3539186716079712,0.22873907323863016
2917,29170359,1.6014331579208374,0.2908064527652392
2917,29170362,0.9638869166374208,0.13093369092017262
2937,29370015,1.096323013305664,0.16414371267437508
2937,29370032,0.8317312598228455,0.09779399299667316
2937,29370040,0.9498264193534852,0.12740784387075282
2937,29370106,0.6540667414665222,0.05324237400458151
2937,29370123,0.6618187427520752,0.055186286108671406
2937,29370126,0.9107039570808412,0.1175973929752756
2937,29370142,1.2747951745986938,0.20889785832024485
2937,29370153,0.8021420240402222,0.09037411889321981
2937,29370193,1.0286155939102173,0.14716522321710554
2937,29370210,0.651069700717926,0.05249082823297482
2937,29370217,0.7461386919021606,0.07633057694806653
2937,29370221,1.6263644695281982,0.2970582936278957
2937,29370230,0.8758265376091003,0.10885144010799588
2937,29370235,1.134375810623169,0.1736859315898743
2937,29370239,0.8243680000305176,0.09594756272549401
2937,29370270,1.181573748588562,0.18552140987726826
2937,29370303,1.0794318914413452,0.15990805080665846
2937,29370379,0.7416537404060364,0.07520591878839619
2981,29810020,1.1176384687423706,0.16948883199276635
2981,29810027,0.9328836798667908,0.12315923823313416
2981,29810135,0.647526741027832,0.051602386400707384
2981,29810139,0.978959858417511,0.13471342119771604
2981,29810147,0.9324944615364076,0.12306163682729132
2981,29810158,0.8403388857841492,0.09995246378083575
2981,29810200,1.3676493167877195,0.23218220571225598
2981,29810204,1.8173729181289675,0.344956071445664
2981,29810216,0.9955455660820008,0.1388724966024099
2981,29810221,1.253488302230835,0.20355489131463175
2981,29810234,1.2258679866790771,0.196628748794518
2981,29810235,1.0270967483520508,0.1467843535350706
2981,29810243,0.9574168920516968,0.12931125064408708
2981,29810283,1.4688464403152466,0.25755866091110324
2981,29810294,0.9584845900535583,0.12957898938572007
2981,29810301,1.232595443725586,0.1983157435073318
2981,29810315,0.8586265444755554,0.10453832487349857
2981,29810349,1.2084344625473022,0.19225707271651496
2981,29810350,1.0136576890945437,0.1434143399094361
2981,29810360,1.14483642578125,0.17630906278825484
3002,30020008,0.8515927195549011,0.10277450455179776
3002,30020012,1.599448800086975,0.29030885000822215
3002,30020022,1.3699177503585815,0.23275104404358352
3002,30020047,1.385991096496582,0.2367816383327145
3002,30020048,0.9411405324935912,0.125229748179106
3002,30020065,1.213316559791565,0.19348132018202466
3002,30020077,2.1356050968170166,0.4247568043500155
3002,30020092,1.054773449897766,0.1537246355544075
3002,30020100,1.8029199838638303,0.34133181587310935
3002,30020112,0.6492464542388916,0.052033626180397835
3002,30020117,1.478028655052185,0.2598612170784703
3002,30020136,2.79944109916687,0.5912220553947316
3002,30020138,1.0960761308670044,0.16408180378877
3002,30020144,1.9922555685043333,0.388810101951768
3002,30020152,1.0656840801239014,0.15646061370747624
3002,30020159,1.2243090867996216,0.196237834986185
3002,30020161,1.133737325668335,0.17352582343376574
3002,30020162,1.202856183052063,0.19085824877011018
3002,30020172,1.1880918741226196,0.18715591207288138
3007,30070015,1.2079145908355713,0.19212670832727122
3007,30070017,0.855320155620575,0.1037092061621791
3007,30070019,1.1890069246292114,0.18738537252961948
3007,30070022,1.0328466892242432,0.14822622373703856
3007,30070025,1.0571683645248413,0.1543251906059798
3007,30070043,0.990078330039978,0.1375015182025725
3007,30070049,1.094607710838318,0.1637135789443068
3007,30070058,1.1005758047103882,0.16521015376271955
3007,30070066,1.091855525970459,0.16302343387334364
3007,30070093,1.289957880973816,0.21270009820225985
3007,30070094,1.341991662979126,0.22574822538074787
3007,30070099,1.118397831916809,0.1696792518871673
3007,30070111,1.37004816532135,0.23278374724051829
3007,30070112,1.5980335474014282,0.2899539575456902
3007,30070135,1.039249062538147,0.14983169960337958
3007,30070138,1.316765069961548,0.21942233897987615
3007,30070152,1.105052471160889,0.16633273434269433
3007,30070159,1.5251280069351196,0.27167197366214857
3012,30120001,1.6888411045074463,0.3127250979130428
3012,30120018,1.1979913711547852,0.18963833582338982
3012,30120021,1.7400976419448853,0.32557832121217534
3012,30120029,1.877145528793335,0.3599448075259921
3012,30120044,1.172337532043457,0.1832053120753386
3012,30120072,1.51616370677948,0.26942406232476024
3012,30120079,1.3844822645187378,0.23640327968225408
3012,30120089,1.2555491924285889,0.204071685527254
3012,30120097,1.4400979280471802,0.2503496088335938
3012,30120106,1.4136838912963867,0.24372595593851046
3012,30120121,1.0788722038269043,0.1597677020775827
3012,30120141,1.4484144449234009,0.25243508034269724
3012,30120150,1.5839309692382812,0.2864175581850108
3012,30120154,1.8173236846923828,0.3449437255404225
3012,30120155,1.8134807348251345,0.34398005738723525
3012,30120157,1.032810926437378,0.14821725576712955
3012,30120163,2.657352924346924,0.5555916532951745
3012,30120165,1.567558526992798,0.2823119617742077
3012,30120173,1.8189582824707031,0.34535362155172966
3014,30140009,1.18264901638031,0.18579104683919864
3014,30140010,1.3048434257507324,0.21643283631748014
3014,30140025,1.3316199779510498,0.2231473945342077
3014,30140043,1.331931233406067,0.22322544576564893
3014,30140053,1.068230152130127,0.1570990733785305
3014,30140075,1.017581820487976,0.14439836535431685
3014,30140086,1.6378540992736816,0.29993946321379095
3014,30140089,1.2560027837753296,0.2041854292789331
3014,30140092,0.9180325269699096,0.11943512431564299
3014,30140095,1.473225712776184,0.2586568187196926
3014,30140099,1.3331286907196045,0.22352572329143508
3014,30140126,1.4259774684906006,0.24680872548795993
3014,30140128,1.80679190158844,0.34230274808192307
3014,30140129,1.5529441833496094,0.27864723076413056
3014,30140132,1.5220792293548584,0.2709074542274068
3014,30140134,1.9835458993911743,0.3866260425601318
3014,30140144,0.8515719771385193,0.10276930312925053
3014,30140147,2.035245180130005,0.3995902893267378
3014,30140173,1.4697545766830444,0.2577863875603257
3020,30200005,1.2837470769882202,0.211142660761398
3020,30200011,1.432904601097107,0.24854579136609892
3020,30200016,1.2318140268325806,0.1981197933648203
3020,30200018,1.3653981685638428,0.23161770189971795
3020,30200019,1.22740375995636,0.19701386331564327
3020,30200021,1.5805634260177612,0.28557310424514704
3020,30200037,1.9165682792663572,0.3698305594754717
3020,30200041,1.4360482692718506,0.2493341058143325
3020,30200049,1.438202142715454,0.2498742167487181
3020,30200057,1.3333991765975952,0.22359355103718012
3020,30200076,0.7671717405319214,0.08160487919740975
3020,30200078,1.099165439605713,0.16485648692274188
3020,30200087,1.145520806312561,0.17648067983907997
3020,30200101,1.2719908952713013,0.20819464990644762
3020,30200105,1.316498637199402,0.21935552760405416
3020,30200108,1.2089694738388062,0.19239123354635349
3020,30200137,1.3537384271621704,0.22869387467028887
3020,30200151,1.259927749633789,0.20516966397644507
3020,30200153,1.5478144884109497,0.2773608950536175
3020,30200164,1.4107142686843872,0.24298128561050067
3021,30210005,1.4739081859588623,0.2588279574787892
3021,30210032,1.595855951309204,0.28940789785793164
3021,30210041,1.3802834749221802,0.23535038022847218
3021,30210042,1.7375142574310305,0.32493050495918274
3021,30210044,2.707533597946167,0.5681750901662115
3021,30210045,1.2253180742263794,0.19649085131055075
3021,30210047,1.2232002019882202,0.19595976813254015
3021,30210050,1.2839505672454834,0.21119368851018014
3021,30210060,1.7316510677337646,0.3234602361858363
3021,30210074,1.4379091262817385,0.2498007391819305
3021,30210079,1.0577161312103271,0.15446255001175255
3021,30210082,2.016041755676269,0.39477478841793856
3021,30210123,1.4620991945266724,0.2558667039216066
3021,30210137,0.8696718215942383,0.10730806743327465
3021,30210143,0.902062714099884,0.11543049229939856
3021,30210152,1.2366797924041748,0.19933994545740488
3021,30210164,1.2240701913833618,0.1961779289471929
3021,30210165,1.816083312034607,0.34463268645074563
3021,30210175,1.3549615144729614,0.22900057924117642
3023,30230003,1.1421740055084229,0.17564142732176333
3023,30230018,0.7878965139389038,0.08680187754613744
3023,30230056,1.162227749824524,0.18067015666176525
3023,30230060,1.1729694604873655,0.18336377610363044
3023,30230086,0.9701700210571288,0.1325092586068671
3023,30230092,1.1476300954818726,0.1770096107043124
3023,30230119,0.9089345932006836,0.11715370266402814
3023,30230170,1.1218422651290894,0.17054298696233547
3023,30230182,1.1227933168411257,0.1707814751754487
3023,30230194,1.1468620300292969,0.17681700860390023
3023,30230209,1.2584565877914429,0.20480075158762215
3023,30230253,0.955416738986969,0.1288096870336936
3023,30230260,0.9103176593780518,0.11750052395364194
3023,30230276,0.8661779165267944,0.10643192666639903
3023,30230280,1.1216915845870972,0.17050520191578558
3023,30230311,0.9569594264030457,0.12919653536233455
3023,30230330,0.9754047393798828,0.1338219302556795
3023,30230336,1.469967007637024,0.2578396573015851
3023,30230340,0.823539137840271,0.09573971507623658
3023,30230374,1.1255803108215332,0.17148034907045648
3027,30270013,1.2419835329055786,0.20066992528814162
3027,30270014,1.387497067451477,0.23715927954558222
3027,30270026,1.878751277923584,0.3603474693749059
3027,30270033,1.4137593507766724,0.24374487835501843
3027,30270049,1.091865062713623,0.16302582533198604
3027,30270053,1.0605634450912476,0.15517654988267357
3027,30270054,2.22737455368042,0.4477691532146869
3027,30270073,1.9990439414978027,0.3905123721066601
3027,30270075,1.2991931438446045,0.21501595685832522
3027,30270083,1.782536268234253,0.33622034206408047
3027,30270093,1.622627854347229,0.29612129023857103
3027,30270116,2.0971758365631104,0.4151201826046076
3027,30270121,1.2128311395645142,0.1933595949371266
3027,30270140,1.8334709405899048,0.3489928536340321
3027,30270141,0.9714725017547609,0.1328358720709527
3027,30270147,1.0989726781845093,0.16480814956493242
3027,30270151,1.3150832653045654,0.21900060524828915
3027,30270161,1.7547006607055664,0.3292402123651146
3027,30270168,1.0263334512710571,0.14659294716397966
3027,30270175,0.9088459014892578,0.11713146209865383
3046,30460032,1.419567346572876,0.24520130656147196
3046,30460038,0.9108672738075256,0.11763834670452666
3046,30460048,1.6971973180770874,0.31482052386874515
3046,30460051,1.458091378211975,0.2548616934271387
3046,30460052,1.2288752794265747,0.19738286538416525
3046,30460071,1.3046023845672607,0.2163723922002935
3046,30460085,1.4374401569366455,0.2496831392031905
3046,30460097,1.5576252937316897,0.2798210782387518
3046,30460106,1.81707227230072,0.3448806807119623
3046,30460110,2.283665180206299,0.46188473785144246
3046,30460114,1.3566662073135376,0.2294280524735051
3046,30460126,1.6096060276031494,0.29285590292854136
3046,30460133,1.1290438175201416,0.17234886706290944
3046,30460142,1.2468523979187012,0.20189085460478498
3046,30460146,1.4180562496185305,0.24482237993958403
3046,30460157,1.4250330924987793,0.24657191129589648
3046,30460158,2.1710610389709477,0.4336478290771898
3046,30460160,1.2468502521514893,0.20189031652659048
3046,30460163,2.0898420810699463,0.4132811509086033
3049,30490010,1.1021350622177124,0.16560115725075167
3049,30490013,1.6026633977890017,0.29111495093010853
3049,30490029,2.1072418689727783,0.4176443672016589
3049,30490040,1.153423547744751,0.17846239193633626
3049,30490055,1.3582700490951538,0.22983023603069044
3049,30490062,1.4028979539871216,0.24102124610719108
3049,30490063,1.3729859590530396,0.23352043607530906
3049,30490071,1.286833643913269,0.21191665635101017
3049,30490076,2.690821409225464,0.5639842980412728
3049,30490078,1.5556167364120483,0.27931740715542963
3049,30490126,1.2234970331192017,0.19603420228278481
3049,30490127,1.53932785987854,0.27523276590098045
3049,30490130,0.6731357574462891,0.05802417029313933
3049,30490138,2.2412304878234863,0.45124370347622733
3049,30490140,1.2433198690414429,0.20100502843040766
3049,30490142,1.3456302881240845,0.2266606565325219
3049,30490166,1.482248067855835,0.2609192880615664
3049,30490168,1.5644423961639404,0.281530552662804
3049,30490170,1.265570044517517,0.20658454058898698
3060,30600011,1.0424741506576538,0.15064043112977257
3060,30600020,0.8561223745346069,0.10391037267385433
3060,30600039,1.0452440977096558,0.15133503029245718
3060,30600042,1.3777449131011963,0.23471380383109883
3060,30600055,1.7806423902511597,0.33574542827093323
3060,30600085,1.6745082139968872,0.30913094482614945
3060,30600099,1.582215428352356,0.2859873646684764
3060,30600104,1.4066816568374634,0.2419700573235626
3060,30600140,1.4075570106506348,0.2421895633337017
3060,30600147,1.3146307468414309,0.21888713053570744
3060,30600154,1.4387495517730713,0.25001148647479177
3060,30600156,1.7160314321517944,0.31954341554161736
3068,30680005,1.2217614650726318,0.19559898670310136
3068,30680016,1.1570074558258057,0.17936110209414954
3068,30680027,1.8377853631973269,0.3500747495238532
3068,30680034,1.477384090423584,0.2596995843674773
3068,30680037,1.4481697082519531,0.2523737095352867
3068,30680054,2.316736459732056,0.470177778345085
3068,30680056,1.2530486583709717,0.2034446450712172
3068,30680072,1.331080675125122,0.22301215754798007
3068,30680075,1.52457857131958,0.27153419575111337
3068,30680090,1.6031492948532104,0.2912367957479387
3068,30680092,1.987578630447388,0.387637300740303
3068,30680097,1.0243343114852903,0.1460916376460669
3068,30680105,2.470703601837158,0.5087869813296133
3068,30680114,1.4727346897125244,0.2585336884928421
3068,30680119,1.1414644718170166,0.1754635027987689
3068,30680140,2.3963069915771484,0.4901310928873327
3068,30680162,1.7627723217010498,0.3312642831735745
3075,30750034,1.477689504623413,0.2597761708305001
3075,30750042,2.701837539672852,0.5667467317055732
3075,30750057,1.0376722812652588,0.14943630181009207
3075,30750058,1.7500407695770264,0.3280716858859728
3075,30750061,1.6622912883758545,0.3060673966255383
3075,30750076,1.6886541843414309,0.31267822532365186
3075,30750088,1.297199010848999,0.21451590285619979
3075,30750093,2.068429708480835,0.4079117283917587
3075,30750098,1.1959922313690186,0.1891370263054771
3075,30750108,1.3767378330230713,0.23446126579846158
3075,30750119,1.7202956676483154,0.3206127263803328
3075,30750128,1.2152773141860962,0.19397300407890175
3075,30750146,1.6294742822647097,0.2978381183979487
3075,30750155,1.6938972473144531,0.3139929894987763
3075,30750165,0.723358690738678,0.07061820431528548
3075,30750170,1.5625686645507812,0.2810606908260388
3083,30830001,1.2660506963729858,0.20670507010456382
3083,30830004,1.1220508813858032,0.17059530012013793
3083,30830013,1.5884793996810913,0.28755813449126966
3083,30830021,1.4793307781219482,0.2601877408628568
3083,30830030,1.3242416381835938,0.22129718276905022
3083,30830033,1.13031005859375,0.1726663929841539
3083,30830043,1.0647790431976318,0.15623366428231264
3083,30830069,1.061679482460022,0.1554564103303002
3083,30830074,0.6491237282752991,0.052002851096993485
3083,30830093,1.6446871757507324,0.3016529433310693
3083,30830094,1.025004506111145,0.14625969740216146
3083,30830102,1.3177765607833862,0.21967598306213545
3083,30830116,1.796794295310974,0.3397957222006309
3083,30830118,1.312249779701233,0.21829007299239964
3083,30830129,1.2465031147003174,0.2018032674320072
3083,30830135,1.662248611450195,0.3060566948481135
3083,30830154,0.797471821308136,0.08920300664942088
3083,30830169,1.822535753250122,0.3462507174749593
3088,30880015,1.4222720861434937,0.24587955412568915
3088,30880018,2.6621429920196533,0.556792823184785
3088,30880019,1.949483156204224,0.3780843800473791
3088,30880025,1.4938427209854126,0.2638267935857611
3088,30880041,1.4553687572479248,0.25417896187796707
3088,30880049,1.808927178382873,0.34283819567195595
3088,30880057,1.989315629005432,0.3880728750387826
3088,30880058,1.3359211683273315,0.2242259722751623
3088,30880086,1.1717957258224487,0.18306944733121736
3088,30880092,1.4364044666290283,0.24942342679462606
3088,30880096,2.237048625946045,0.4501950488615357
3088,30880105,1.5296348333358765,0.27280211723007985
3088,30880123,1.647777795791626,0.3024279552906045
3088,30880131,1.1868605613708496,0.18684714486891477
3088,30880146,1.075776219367981,0.15899134492256115
3088,30880172,1.165752649307251,0.18155406966922868
3088,30880173,2.297640323638916,0.4653891813460128
3208,32080019,0.8774815201759338,0.10926644786215106
3208,32080038,0.9329715371131896,0.12318126954587724
3208,32080043,1.089130163192749,0.16234001477981228
3208,32080056,1.3478233814239502,0.22721060234057436
3208,32080058,1.134049415588379,0.17360408391783824
3208,32080071,1.551616072654724,0.2783141902549435
3208,32080078,1.2906854152679443,0.21288253660344178
3208,32080079,1.409144639968872,0.24258768141119494
3208,32080083,1.2590936422348022,0.20496050102493432
3208,32080088,1.636410355567932,0.2995774262685649
3208,32080092,1.297998547554016,0.2147163967701318
3208,32080093,1.5789932012557983,0.28517935057967614
3208,32080099,0.8015201091766357,0.09021816589650239
3208,32080103,1.2363383769989014,0.19925433123800704
3208,32080110,0.8314538598060608,0.09772443144341239
3208,32080119,1.6956169605255127,0.3144242292784667
3208,32080132,1.2218177318572998,0.1956130963090915
3208,32080145,1.477318525314331,0.25968314308931084
3208,32080150,0.7475975751876831,0.07669641033388738
3208,32080161,1.9387845993041992,0.3754015819558706
3214,32140001,1.4168051481246948,0.24450865045893436
3214,32140007,0.9951892495155334,0.13878314572888328
3214,32140013,1.3633091449737549,0.23109385288410064
3214,32140017,1.6643961668014526,0.3065952214411486
3214,32140025,1.2628514766693115,0.20590282540973834
3214,32140054,3.148913621902466,0.6788566986266182
3214,32140060,1.57430899143219,0.2840047258809961
3214,32140069,2.019566535949707,0.39565867153216905
3214,32140073,0.8179952502250671,0.09434951532756095
3214,32140078,1.694318413734436,0.3140986022910712
3214,32140082,1.468830108642578,0.2575545655381781
3214,32140087,2.102189779281616,0.4163774919858484
3214,32140094,1.877639651298523,0.3600687149769013
3214,32140110,0.7178974151611328,0.06924872057709963
3214,32140117,1.2662044763565063,0.2067436323751725
3214,32140121,1.768064260482788,0.33259130357424116
3214,32140135,1.5378185510635376,0.2748542876775879
3214,32140150,1.0783859491348269,0.15964576758005347
3214,32140164,1.961625576019287,0.38112924497734646
3214,32140169,1.768808126449585,0.3327778373483483
3412,34120002,1.1274590492248535,0.17195146642300893
3412,34120012,1.2344802618026731,0.1987883854147687
3412,34120027,1.2726845741271973,0.2083685986294491
3412,34120035,1.7864089012145996,0.3371914536322924
3412,34120047,1.2750515937805176,0.20896215866449233
3412,34120050,0.964386522769928,0.13105897345980125
3412,34120052,1.460150122642517,0.25537794956156645
3412,34120067,0.7352628707885742,0.07360332761904256
3412,34120077,1.112903714179993,0.1683015325632817
3412,34120085,1.5193047523498535,0.27021171912186714
3412,34120101,1.5480200052261353,0.27741243098736124
3412,34120111,0.9608030319213868,0.13016036792830363
3412,34120125,1.8370704650878904,0.3498954798053723
3412,34120155,2.143803834915161,0.4268127413448852
3412,34120161,1.050685167312622,0.15269944712764447
3412,34120162,1.1285701990127563,0.17223010124808133
3412,34120165,1.1395385265350342,0.17498054772593655
3412,34120170,1.2125065326690674,0.19327819566358598
3412,34120173,1.011463284492493,0.14286406527582027
3412,34120174,1.2651830911636353,0.20648750715457168
3423,34230011,1.5759170055389404,0.2844079557013376
3423,34230034,1.873177170753479,0.35894969169165714
3423,34230035,1.6183286905288696,0.29504322068257793
3423,34230043,1.4919202327728271,0.26334470541668675
3423,34230051,1.223499417304993,0.19603480014744543
3423,34230058,1.6036771535873413,0.29136916298379545
3423,34230063,1.6633156538009644,0.30632426917696487
3423,34230072,1.2694218158721924,0.2075504208414186
3423,34230079,1.5773179531097412,0.28475926097590587
3423,34230081,1.147758722305298,0.17704186550275178
3423,34230083,1.9916229248046875,0.3886514585640779
3423,34230085,0.9678550958633424,0.13192876191465802
3423,34230108,0.983306050300598,0.13580328363413946
3423,34230112,1.1863638162612915,0.1867225797668788
3423,34230115,1.9040876626968384,0.36670088744339824
3423,34230123,1.6404134035110474,0.30058124103371153
3423,34230141,1.2914642095565796,0.21307782909482662
3423,34230154,0.9677565693855286,0.1319040551575587
3423,34230164,1.1452230215072632,0.1764060065429711
3423,34230168,1.6058223247528076,0.2919070917121699
3631,36310007,2.1945488452911377,0.4395376927810861
3631,36310021,1.272652268409729,0.20836049756329797
3631,36310035,2.680140972137451,0.561306043721185
3631,36310036,1.0093250274658203,0.1423278703549615
3631,36310041,1.1686286926269531,0.18227527380930994
3631,36310047,0.869162917137146,0.10718045322146968
3631,36310062,1.2106508016586304,0.1928128477050083
3631,36310063,1.722577452659607,0.3211849127537595
3631,36310080,0.9206293225288392,0.12008630355735156
3631,36310097,1.116915225982666,0.16930746974797342
3631,36310098,1.5683788061141968,0.2825176571106869
3631,36310100,1.2691010236740112,0.20746997815133492
3631,36310110,1.3662896156311035,0.2318412434963161
3631,36310116,0.9897833466529846,0.13742754739743984
3631,36310120,1.1442610025405884,0.17616476815241913
3631,36310134,1.4549102783203125,0.2540639925037338
3631,36310148,1.6962485313415527,0.3145826036270596
3631,36310159,0.7600057721138,0.0798079222268952
3631,36310170,1.2669042348861694,0.20691910565305846
3631,36310171,1.3146531581878662,0.218892750463517
3636,36360016,1.4061846733093262,0.2418454324350606
3636,36360027,1.7445217370986938,0.3266877188763839
3636,36360029,1.247966170310974,0.20217014708098405
3636,36360032,1.6369298696517944,0.2997077009781096
3636,36360033,1.4285049438476562,0.24744252181466156
3636,36360034,2.0751848220825195,0.40960565833463547
3636,36360044,1.471733808517456,0.2582827049083224
3636,36360055,1.6250663995742798,0.29673278621343224
3636,36360061,0.9693339467048644,0.13229960241701136
3636,36360062,1.451543211936951,0.25321965813680203
3636,36360071,1.327854037284851,0.22220303740955763
3636,36360106,1.7891658544540403,0.3378827944325766
3636,36360111,1.5100886821746826,0.2679006732763196
3636,36360114,1.345339059829712,0.22658762736422963
3636,36360142,1.5306943655014038,0.27306780828525035
3636,36360151,1.657841444015503,0.30495154202299524
3636,36360154,1.4593843221664429,0.25518591543258184
3636,36360160,1.1898633241653442,0.18760012551570684
3636,36360167,2.0479960441589355,0.40278772931809026
3636,36360174,0.9381216764450072,0.12447273194585484
3837,38370004,1.1976511478424072,0.18955302053632225
3837,38370013,1.4564218521118164,0.2544430386985539
3837,38370019,0.8569652438163757,0.1041217327779928
3837,38370052,1.1655025482177734,0.18149135366633182
3837,38370056,1.797811508178711,0.34005080115807584
3837,38370060,1.7195899486541748,0.3204357584407953
3837,38370061,1.750796675682068,0.32826123887661596
3837,38370068,1.1811248064041138,0.18540883196167737
3837,38370070,1.7629092931747437,0.33129863049832586
3837,38370081,1.5147119760513306,0.26906002253292116
3837,38370097,1.226802945137024,0.1968632014211721
3837,38370105,1.8772475719451904,0.3599703961334657
3837,38370107,0.9422963857650756,0.12551959296656467
3837,38370128,1.2983152866363523,0.2147958230902924
3837,38370142,1.5209802389144895,0.2706318685121034
3837,38370153,1.1977922916412354,0.18958841412422975
3837,38370160,0.8265136480331421,0.09648561102680059
3837,38370167,1.0332348346710205,0.14832355610378414
3837,38370170,1.4057948589324951,0.24174768156305257
4005,40050015,1.206068992614746,0.1916639012935011
4005,40050041,1.5481371879577637,0.2774418160354297
4005,40050060,0.8094280362129211,0.09220117834939554
4005,40050071,0.6850336790084839,0.06100772420216233
4005,40050094,1.0662678480148315,0.15660700086962406
4005,40050107,0.8816867470741272,0.11032096155051657
4005,40050110,2.5884222984313965,0.5383064293737844
4005,40050125,0.8144910931587219,0.09347080374264474
4005,40050142,0.7860789895057678,0.0863461103687459
4005,40050180,0.9999271631240844,0.13997123732904318
4005,40050183,1.3649513721466064,0.23150566206232162
4005,40050203,0.9728708267211914,0.13318651969439432
4005,40050205,1.1207497119903564,0.1702690154816157
4005,40050255,0.8842910528182983,0.11097402406590598
4005,40050264,1.7072880268096924,0.31735089636503366
4005,40050271,0.5312190651893616,0.022436769609295748
4005,40050281,0.8188889622688293,0.09457362489558668
4005,40050295,0.6573086977005005,0.05405533542344826
4005,40050306,1.626275658607483,0.29703602316928834
4005,40050358,0.6825933456420898,0.060395779828805646
5015,50150021,1.3544667959213257,0.22887652232410202
5015,50150024,1.384082913398743,0.23630313735160371
5015,50150028,1.515469312667847,0.26924993424236066
5015,50150041,0.9788608551025392,0.13468859486768467
5015,50150069,1.3082044124603271,0.2172756461295273
5015,50150070,1.3429914712905884,0.2259989399261703
5015,50150091,1.560519099235535,0.2805467364705545
5015,50150093,1.59251606464386,0.2885703791481308
5015,50150108,0.7229281067848206,0.07051022995758122
5015,50150125,1.1186803579330444,0.16975009884944833
5015,50150129,1.47910475730896,0.26013106329303193
5015,50150142,1.800469994544983,0.34071745014787735
5015,50150145,1.499120831489563,0.26515034637139645
5015,50150159,0.7863692045211792,0.08641888544455736
5015,50150163,1.1939398050308228,0.18862235451239998
5015,50150165,2.830667734146118,0.5990525280004683
5015,50150170,1.4716953039169312,0.2582730493940537
5015,50150173,0.9690943956375122,0.13223953196523763
5015,50150175,0.961614727973938,0.13036391095200472
5017,50170001,1.7387312650680542,0.32523568497518573
5017,50170002,1.7374110221862793,0.3249046174193788
5017,50170005,0.9491397738456726,0.1272356588485001
5017,50170051,1.3280608654022217,0.22225490216886465
5017,50170092,1.1761252880096436,0.18415513966163313
5017,50170099,0.8540172576904297,0.10338248807177797
5017,50170100,1.2762815952301023,0.20927059704289555
5017,50170101,1.7388941049575806,0.3252765191315047
5017,50170102,0.930673897266388,0.1226051073724575
5017,50170113,1.327023148536682,0.22199468157533866
5017,50170117,1.14082670211792,0.1753035740020585
5017,50170123,0.9361292123794556,0.12397309644899182
5017,50170129,1.398767590522766,0.23998550536916838
5017,50170131,1.4648821353912354,0.2565645614466914
5017,50170136,1.3048813343048096,0.21644234236558366
5017,50170145,1.2323477268218994,0.1982536253690955
5017,50170151,1.7225852012634275,0.3211868558139065
5017,50170154,1.2589969635009766,0.204936257612947
5017,50170165,0.7914776802062988,0.087699900159591
5029,50290009,0.8310757279396057,0.09762961010824131
5029,50290028,0.9906537532806396,0.1376458128384082
5029,50290038,1.0993118286132812,0.1648931958129027
5029,50290042,1.4752562046051023,0.2591659901578921
5029,50290060,1.169350028038025,0.1824561577623743
5029,50290062,0.9918889999389648,0.13795556651906485
5029,50290068,1.242506980895996,0.20080118647437625
5029,50290079,0.958697497844696,0.12963237869991162
5029,50290087,0.9446983337402344,0.12612191171888573
5029,50290120,1.028952956199646,0.14724982106658038
5029,50290126,1.1258528232574463,0.17154868500116302
5029,50290132,1.240618109703064,0.20032752819701624
5029,50290136,0.7169150114059448,0.06900237044369958
5029,50290145,0.9741631746292114,0.1335105922336723
5029,50290149,0.963472545146942,0.1308297820421604
5029,50290156,0.7108281254768372,0.0674760070185724
5029,50290162,1.2676126956939695,0.2070967611369556
5029,50290167,1.020787477493286,0.14520222428372595
5029,50290174,1.0613559484481812,0.15537528009585685
5039,50390001,0.938801407814026,0.12464318316059184
5039,50390011,1.492611050605774,0.26351793670209545
5039,50390020,1.6530870199203491,0.30375931021006064
5039,50390021,1.8544355630874636,0.3542499971676162
5039,50390038,1.228182077407837,0.19720903623409594
5039,50390040,1.7830642461776731,0.3363527391931702
5039,50390048,1.045378804206848,0.151368809645781
5039,50390049,1.8354660272598269,0.3494931467820219
5039,50390057,1.5241025686264038,0.27141483207162465
5039,50390081,1.249078392982483,0.20244905094515378
5039,50390084,1.361636757850647,0.23067448071792304
5039,50390087,0.9153352379798888,0.11875874507849019
5039,50390090,1.4040158987045288,0.2413015848465462
5039,50390092,1.7587251663208008,0.3302494079122067
5039,50390097,1.64541494846344,0.30183544151871733
5039,50390114,1.362108588218689,0.2307927981342557
5039,50390129,1.1447207927703855,0.1762800663522157
5039,50390130,1.2839126586914062,0.21118418246207663
5039,50390175,1.4548505544662476,0.25404901599398577
5072,50720001,1.0511854887008667,0.15282490902667126
5072,50720003,1.1450412273406982,0.17636041936260036
5072,50720006,1.4337925910949707,0.24876846605893924
5072,50720017,2.518468141555786,0.5207645421535988
5072,50720025,1.105093240737915,0.16634295782839056
5072,50720040,1.2987676858901978,0.21490926790964124
5072,50720045,1.7605822086334229,0.3307150846963477
5072,50720063,0.9670596718788148,0.13172929931726549
5072,50720072,1.1593096256256104,0.17993840021042443
5072,50720076,1.2106660604476929,0.19281667403883615
5072,50720078,1.2164974212646484,0.19427896131896358
5072,50720079,1.048891544342041,0.15224967354347538
5072,50720102,1.0744343996047974,0.15865486669157572
5072,50720124,1.3975961208343506,0.23969174456818285
5072,50720126,1.2451967000961304,0.20147566749123166
5072,50720136,1.5214000940322876,0.2707371524788351
5072,50720138,1.060224533081055,0.1550915634211694
5072,50720158,0.9408276081085204,0.12515127844240231
5072,50720175,1.2006011009216309,0.1902927584808821
5195,51950005,1.053005576133728,0.15328131890857297
5195,51950011,1.1118381023406982,0.1680343169532267
5195,51950018,0.8374758958816528,0.09923453294977128
5195,51950025,1.3028149604797363,0.21592417306424203
5195,51950032,1.300899624824524,0.2154438784891494
5195,51950033,0.7934321165084839,0.08818999971511751
5195,51950038,0.8484099507331848,0.1019763851231304
5195,51950044,0.6657395362854004,0.0561694745430274
5195,51950050,1.2756606340408323,0.20911488319204244
5195,51950051,0.5521634817123413,0.027688846239881187
5195,51950067,1.3151915073394775,0.21902774830388036
5195,51950075,0.9143980741500854,0.11852373942702504
5195,51950086,0.8942440152168274,0.11346985493142836
5195,51950088,1.0731596946716309,0.15833521835078615
5195,51950096,0.9896553158760072,0.13739544206516566
5195,51950138,1.0353678464889526,0.14885843572238958
5195,51950154,0.8399690985679626,0.09985973497197675
5195,51950163,0.7779895067214966,0.0843175705219481
5195,51950164,0.8572523593902588,0.10419373062974549
5218,52180017,0.6168423295021057,0.04390788316540761
5218,52180027,0.7964226007461548,0.08893990135890753
5218,52180028,0.9193940162658693,0.11977653493007842
5218,52180037,1.0181196928024292,0.14453324362174816
5218,52180042,1.2634141445159912,0.20604392146963982
5218,52180046,0.7173396348953247,0.06910885013975238
5218,52180068,1.2329574823379517,0.19840652925604382
5218,52180084,1.5114887952804563,0.26825176929825656
5218,52180090,1.5241633653640747,0.27143007762047
5218,52180093,1.0803674459457395,0.16014265289947763
5218,52180098,0.915739357471466,0.11886008313846183
5218,52180104,1.0528254508972168,0.15323615023346468
5218,52180112,1.325140118598938,0.22152248806639716
5218,52180117,1.8948463201522827,0.36438350423244836
5218,52180124,1.5051292181015017,0.2666570251025735
5218,52180137,0.8324848413467407,0.09798296306927218
5218,52180143,1.6050736904144287,0.2917193622087416
5218,52180146,1.4012420177459717,0.24060599920717166
5218,52180160,1.1493030786514282,0.1774291323366551
5220,52200004,1.6215535402297974,0.29585189242250487
5220,52200008,1.699385166168213,0.3153691543745444
5220,52200020,1.3797670602798462,0.23522088274298633
5220,52200050,1.2215375900268557,0.1955428472114711
5220,52200064,2.799431324005127,0.5912196041496232
5220,52200066,1.3072662353515625,0.2170403863855814
5220,52200076,1.859737992286682,0.35557964817278953
5220,52200089,1.197118043899536,0.18941933799821217
5220,52200092,0.9934960007667542,0.13835854224692545
5220,52200094,0.9907817840576172,0.13767791817068242
5220,52200095,1.4313513040542605,0.24815628253971836
5220,52200101,1.0265601873397827,0.1466498040932027
5220,52200110,1.2537182569503784,0.20361255536114656
5220,52200142,1.6446800231933594,0.3016511497370875
5220,52200150,2.0029168128967285,0.39148354346133807
5220,52200152,2.181648969650269,0.43630288624844626
5220,52200155,1.2823649644851685,0.2107960786176484
5220,52200162,1.8353770971298216,0.34947084643018145
5220,52200168,1.103648662567139,0.16598071163053332
5401,54010004,0.935391128063202,0.12378801249668675
5401,54010009,1.276951789855957,0.20943865679899018
5401,54010014,1.0405398607254028,0.15015538353062816
5401,54010046,1.1359453201293943,0.17407950589594692
5401,54010055,1.1610115766525269,0.18036518589839343
5401,54010061,1.0524532794952393,0.15314282355994505
5401,54010072,1.220240354537964,0.19521754904963887
5401,54010079,1.44486665725708,0.2515454278344921
5401,54010091,1.1980916261672974,0.18966347603236802
5401,54010095,1.0890920162200928,0.1623304489452427
5401,54010105,1.429421067237854,0.24767225131049694
5401,54010107,1.0364488363265991,0.1491295075595054
5401,54010123,1.2657259702682495,0.2066236409377902
5401,54010130,1.3885383605957031,0.23742039693609904
5401,54010136,1.086728811264038,0.1617378454936564
5401,54010148,0.9996035695075988,0.13989009214798334
5401,54010155,1.4456233978271484,0.25173519007776635
5401,54010165,1.1107361316680908,0.1677579839070976
5406,54060017,1.7245190143585205,0.32167178384011874
5406,54060036,1.1315475702285769,0.17297671463623812
5406,54060044,1.4577958583831787,0.2547875881024574
5406,54060049,1.0241267681121826,0.14603959352736176
5406,54060064,0.858818769454956,0.10458652771175941
5406,54060076,0.9528825879096984,0.1281742166859423
5406,54060077,1.1325968503952026,0.17323983487336794
5406,54060091,1.104862093925476,0.16628499484954543
5406,54060099,0.7983086109161377,0.08941284219867479
5406,54060104,1.3244450092315674,0.22134818062459935
5406,54060113,0.817995548248291,0.0943495900606435
5406,54060116,1.1111327409744265,0.16785743869338834
5406,54060119,1.108388066291809,0.16716917689610608
5406,54060126,1.9024991989135744,0.3663025601132739
5406,54060139,1.3773173093795776,0.23460657680422028
5406,54060147,0.8737506866455078,0.10833089429462836
5406,54060149,1.535930037498474,0.2743807190799269
5406,54060153,1.0020252466201782,0.14049735823037082
5406,54060172,1.2058427333831787,0.19160716393721025
5406,54060173,1.4295696020126345,0.24770949827885233
5408,54080004,0.9541539549827576,0.12849302801620704
5408,54080008,1.1265627145767212,0.1717266992038565
5408,54080011,1.153762936592102,0.1785474979707726
5408,54080019,1.4432451725006104,0.25113882007881827
5408,54080021,1.434368133544922,0.248912790588008
5408,54080033,1.549058198928833,0.2776727711538193
5408,54080035,1.3247129917144775,0.22141538061245078
5408,54080042,1.2334954738616943,0.19854143741670813
5408,54080065,1.2095654010772705,0.19254066981827037
5408,54080081,1.313220739364624,0.21853355337542876
5408,54080109,1.1505675315856934,0.17774620985940406
5408,54080123,0.9118216633796692,0.11787767192816465
5408,54080138,1.62468421459198,0.2966369485083381
5408,54080150,1.0781115293502808,0.15957695335761843
5408,54080151,1.5639901161193848,0.2814171377366883
5408,54080154,1.7896987199783323,0.3380164171842206
5408,54080163,1.6157119274139404,0.2943870343243369
5408,54080165,1.1841524839401243,0.18616806029417268
5408,54080167,0.7619670033454895,0.0802997256967044
5408,54080174,1.167785882949829,0.18206392865178797
5414,54140003,0.9871894717216492,0.13677710053994055
5414,54140010,1.1694329977035522,0.18247696345256317
5414,54140015,1.8586498498916624,0.3553067827416919
5414,54140019,0.9737659692764282,0.13341098798121642
5414,54140021,1.3400630950927734,0.2252646126567889
5414,54140039,1.1909775733947754,0.18787953756483808
5414,54140051,1.5165395736694336,0.2695183156885038
5414,54140057,1.1776092052459717,0.18452725062639028
5414,54140077,1.3203493356704712,0.22032113881738843
5414,54140098,1.2746527194976809,0.20886213590677408
5414,54140104,1.442164421081543,0.25086780802816855
5414,54140106,1.5524327754974363,0.2785189887944318
5414,54140113,1.6387498378753662,0.30016408096677827
5414,54140115,1.950905919075012,0.3784411557835917
5414,54140118,1.2889697551727295,0.21245231319367433
5414,54140119,1.0056664943695068,0.14141044703327152
5414,54140122,1.3209666013717651,0.22047592597801766
5414,54140127,1.4603184461593628,0.25542015880660474
5414,54140154,1.4802186489105225,0.2604103856624641
5414,54140158,1.4121979475021362,0.2433533367887918
5418,54180014,1.1786315441131592,0.18478361499285537
5418,54180015,0.8969613313674927,0.1141512562317302
5418,54180021,0.9037849307060242,0.11586235983698265
5418,54180022,1.0978049039840698,0.16451531545417072
5418,54180029,0.6110407114028931,0.04245305424692117
5418,54180033,1.1958400011062622,0.18909885264689782
5418,54180059,0.9585859775543212,0.12960441358041205
5418,54180063,1.4608583450317385,0.2555555452589976
5418,54180075,0.8122475743293762,0.09290821309702055
5418,54180076,1.3867878913879397,0.2369814447022869
5418,54180077,0.8340435028076172,0.09837381709113913
5418,54180079,0.7536365985870361,0.07821077162595305
5418,54180087,1.250696063041687,0.20285470211737058
5418,54180091,1.47377347946167,0.25879417812546535
5418,54180096,1.2378625869750977,0.1996365461155283
5418,54180111,0.7001678347587585,0.06480280465486665
5418,54180123,1.2887715101242063,0.21240260074714543
5418,54180126,0.7743391394615173,0.08340219488672065
5418,54180130,0.8594430088996887,0.10474306362652089
5418,54180174,0.9213667511940002,0.12027122309687499
5424,54240002,1.2620056867599487,0.20569073292139065
5424,54240038,1.1741307973861694,0.18365499597980858
5424,54240039,0.8564004898071289,0.1039801135865133
5424,54240048,1.5121653079986572,0.2684214133957018
5424,54240053,1.1636199951171875,0.18101927973032236
5424,54240079,1.683326005935669,0.31134211738014395
5424,54240091,1.1393208503723145,0.17492596268242386
5424,54240093,0.7309682369232178,0.07252639400590458
5424,54240094,1.0859134197235107,0.16153337577973134
5424,54240097,1.580309510231018,0.28550943165879317
5424,54240099,1.829171895980835,0.3479148139712721
5424,54240109,1.0873535871505735,0.16189451592796647
5424,54240115,0.8102855086326599,0.09241620037458015
5424,54240116,1.1622942686080933,0.180686837085796
5424,54240117,1.4015804529190063,0.24069086609574378
5424,54240125,1.395605206489563,0.2391924976833492
5424,54240126,0.823957622051239,0.09584465527078831
5424,54240138,0.8020709753036499,0.09035630252633392
5424,54240152,1.0809872150421145,0.16029806781800063
5428,54280012,0.6246799826622009,0.04587327355742957
5428,54280018,1.2123148441314695,0.19323012734487374
5428,54280021,1.3019845485687256,0.21571593680295523
5428,54280023,1.2428793907165527,0.2008945729343619
5428,54280024,0.9713120460510254,0.13279563577929432
5428,54280040,1.274651288986206,0.20886177718797763
5428,54280042,1.5280704498291016,0.2724098283330275
5428,54280049,3.1967992782592773,0.6908646309753621
5428,54280053,0.8084195852279663,0.09194829654457842
5428,54280062,1.0870835781097412,0.1618268077551536
5428,54280078,1.2484506368637085,0.20229163318001794
5428,54280109,1.865661382675171,0.3570650130288161
5428,54280118,1.353639841079712,0.22866915296657306
5428,54280125,1.4591388702392578,0.2551243652657731
5428,54280128,1.585116624832153,0.2867148762807269
5428,54280146,1.3696415424346924,0.23268178142265303
5428,54280148,1.605167031288147,0.2917427686102041
5428,54280175,1.127578854560852,0.17198150912220403
5432,54320015,1.138148069381714,0.174631873055875
5432,54320019,1.5038089752197266,0.26632595754676636
5432,54320020,0.9132975339889526,0.11824776509969229
5432,54320076,0.955356240272522,0.1287945162179309
5432,54320080,1.5923519134521484,0.2885292161662485
5432,54320099,0.8747188448905945,0.10857367218668135
5432,54320100,0.971937656402588,0.13295251546623568
5432,54320140,1.0840297937393188,0.16106103280462467
5547,55470005,1.4888839721679688,0.2625833247714132
5547,55470009,1.2213289737701416,0.1954905340536686
5547,55470046,2.47739839553833,0.5104657852965769
5547,55470047,1.2816522121429443,0.2106173469773622
5547,55470080,1.5378535985946655,0.2748630762880987
5547,55470082,1.5656794309616089,0.28184075474195613
5547,55470088,1.807403564453125,0.34245613026059996
5547,55470105,1.990023851394653,0.38825047073621377
5547,55470126,1.5519782304763794,0.27840500589688866
5547,55470131,2.273286819458008,0.4592822329838525
5547,55470152,1.696810007095337,0.3147234007546308
5547,55470170,1.829029321670532,0.34787906166456817
5547,55470175,1.0914859771728516,0.16293076485095068
5551,55510024,1.2887158393859863,0.21238864060732052
5551,55510029,0.8752442598342896,0.10870542661126095
5551,55510046,1.8462485074996948,0.35219698970958335
5551,55510061,0.8647871017456055,0.10608316231663828
5551,55510067,1.4822137355804443,0.2609106788104538
5551,55510070,1.3045532703399658,0.21636007618828515
5551,55510078,0.7690186500549316,0.08206801505674319
5551,55510079,1.9912837743759155,0.38856641231610767
5551,55510084,1.3791143894195557,0.2350572172921472
5551,55510088,1.772331476211548,0.33366136174378236
5551,55510093,1.6225866079330444,0.2961109471799427
5551,55510096,1.0257679224014282,0.14645113366648546
5551,55510100,0.9889853596687316,0.13722744209553714
5551,55510110,1.5252217054367063,0.27169546974331005
5551,55510122,1.0943063497543335,0.16363800885120697
5551,55510130,1.181202054023743,0.18542820277668084
5551,55510143,1.5638524293899536,0.2813826110525386
5551,55510156,1.79139244556427,0.33844114023911054
5551,55510164,1.0818078517913818,0.16050385283417892
5551,55510165,1.86500883102417,0.3569013774712101
6010,60100004,1.756869196891785,0.329784000167163
6010,60100031,1.5594178438186646,0.28027058278382344
6010,60100034,1.331265211105347,0.22305843227271052
6010,60100037,1.5404402017593384,0.27551169965838307
6010,60100041,1.34504234790802,0.22651322310721803
6010,60100047,1.3839775323867798,0.23627671173360512
6010,60100066,0.8577811121940613,0.10432632206484996
6010,60100081,1.566775918006897,0.28211571269936586
6010,60100092,1.0614439249038696,0.15539734130183294
6010,60100101,1.720354437828064,0.32062746374421647
6010,60100105,0.9455385804176332,0.12633261417189753
6010,60100124,1.842698574066162,0.35130679912318363
6010,60100128,1.527350902557373,0.2722293927784585
6010,60100132,1.3982908725738523,0.23986596233028148
6010,60100147,0.8376973271369934,0.09929005963012447
6010,60100154,1.5503917932510376,0.27800718675172564
6010,60100159,1.5642211437225342,0.2814750708223004
6010,60100164,2.940157890319824,0.6265085657415119
6048,60480005,1.1237646341323853,0.17102504523817688
6048,60480008,1.232686996459961,0.19833870151029878
6048,60480012,1.4299732446670532,0.24781071676589175
6048,60480018,1.4002448320388794,0.2403559423128759
6048,60480037,2.204511880874634,0.4420360496247996
6048,60480050,1.9399104118347168,0.37568389364860566
6048,60480082,1.312965750694275,0.21846961174997767
6048,60480084,1.0456887483596802,0.151446532051659
6048,60480090,1.85576331615448,0.3545829479971041
6048,60480094,1.1212282180786133,0.17038900691899803
6048,60480102,0.9219689965248108,0.12042224371014243
6048,60480104,1.4895586967468262,0.2627525204703628
6048,60480131,1.3862303495407104,0.23684163405140565
6048,60480134,1.7270339727401731,0.3223024413773522
6048,60480135,1.4130892753601074,0.2435768484921569
6048,60480145,1.4569429159164429,0.25457370202012786
6048,60480147,1.4895573854446411,0.26275219164479957
6048,60480148,1.3866020441055298,0.23693484115199312
6048,60480168,1.7302252054214478,0.3231026832255648
6048,60480169,1.276299238204956,0.20927502124138406
6067,60670002,1.1111769676208496,0.16786852908284242
6067,60670003,1.438780426979065,0.25001922882214656
6067,60670017,1.1899020671844482,0.18760984081644158
6067,60670029,0.9329218864440918,0.12316881901432028
6067,60670035,1.2496715784072876,0.20259779967271094
6067,60670036,1.0835589170455933,0.16094295453415627
6067,60670038,1.273478865623474,0.20856777724112777
6067,60670041,1.518073797225952,0.2699030415975996
6067,60670049,1.1674362421035769,0.18197625179931112
6067,60670060,0.961732029914856,0.1303933258933062
6067,60670062,1.5172946453094482,0.26970765942651564
6067,60670072,1.5106258392333984,0.2680353721843527
6067,60670075,0.6541725397109985,0.053268904248895604
6067,60670080,1.0246903896331787,0.14618092873312746
6067,60670094,1.1395467519760132,0.17498261035901566
6067,60670111,1.547824144363403,0.27736331640549294
6067,60670140,0.9677486419677734,0.13190206725756223
6067,60670144,1.081586241722107,0.16044828131397618
6067,60670149,1.686730980873108,0.31219595779517917
6099,60990011,1.1476644277572632,0.17701821995542502
6099,60990014,1.2939189672470093,0.21369339054937994
6099,60990023,1.0814560651779177,0.16041563790350752
6099,60990029,1.2001041173934937,0.19016813359238013
6099,60990030,1.1164146661758425,0.16918194806248063
6099,60990034,1.1784030199050903,0.1847263096651369
6099,60990035,1.365809440612793,0.23172083355367137
6099,60990039,1.1430925130844116,0.17587175468225932
6099,60990078,1.3568469285964966,0.22947337061477854
6099,60990083,0.8495041728019714,0.10225077510911254
6099,60990089,1.8601326942443848,0.3556786246673518
6099,60990093,1.4608498811721802,0.25555342283945237
6099,60990117,1.2174463272094729,0.19451691145388225
6099,60990121,1.073784351348877,0.15849185889186326
6099,60990124,1.2489856481552124,0.20242579400985647
6099,60990129,1.3934249877929688,0.2386457803444639
6099,60990155,1.8169217109680176,0.3448429255586455
6099,60990168,1.5644328594207764,0.2815281612041616
6121,61210013,1.322369933128357,0.22082782911724655
6121,61210031,0.8908244371414185,0.11261235259534694
6121,61210059,0.864762544631958,0.1060770043106341
6121,61210060,0.715419590473175,0.06862737478195502
6121,61210063,0.8004926443099976,0.08996051612101702
6121,61210068,0.8374907374382019,0.0992382546572835
6121,61210069,1.1598162651062012,0.18006544645080183
6121,61210071,0.5301961898803711,0.02218027072328202
6121,61210075,0.8480473756790161,0.10188546485486971
6121,61210086,1.6227413415908811,0.2961497485964155
6121,61210095,0.6317816972732544,0.04765411807534095
6121,61210109,1.7780945301055908,0.33510652020138354
6121,61210128,0.71556556224823,0.06866397904580024
6121,61210129,0.9668394923210144,0.1316740865158591
6121,61210140,0.92555034160614,0.1213203111634455
6121,61210141,0.7798370718955994,0.08478087079406321
6121,61210142,0.5487720370292664,0.02683839870679483
6121,61210147,1.2101818323135376,0.19269524772626836
6121,61210148,0.8202999830245972,0.09492745614834602
6121,61210174,0.7468118667602539,0.07649938403498682
6401,64010049,1.4598132371902466,0.25529347128502367
6401,64010066,2.233643054962158,0.4493410589803353
6401,64010067,1.3722296953201294,0.2333307934049669
6401,64010086,0.9546443819999696,0.1286160087768924
6401,64010092,1.3523902893066406,0.22835581209795283
6401,64010093,1.7256053686141968,0.321944200872721
6401,64010103,0.9919087886810304,0.13796052879574786
6401,64010107,1.6151658296585083,0.2942500934238266
6401,64010109,1.400320291519165,0.24037486472938388
6401,64010141,1.0127943754196167,0.14319785311583297
6401,64010164,1.5178337097167969,0.26984283662627717
6401,64010172,1.4697129726409912,0.2577759548219982
6504,65040005,1.4964148998260498,0.26447179987484903
6504,65040007,1.3225842714309692,0.22088157715023446
6504,65040009,1.7027448415756226,0.31621163536102814
6504,65040011,1.3758583068847656,0.23424071352516637
6504,65040028,1.333821415901184,0.22369943286857227
6504,65040042,1.7717463970184326,0.33351464575607115
6504,65040044,1.2216817140579224,0.19557898813020427
6504,65040045,1.61232590675354,0.29353794693335333
6504,65040049,1.27965247631073,0.21011588799328432
6504,65040077,2.240278959274292,0.451005095690182
6504,65040112,1.5060497522354126,0.26688786064803094
6504,65040118,1.1431337594985962,0.17588209774088767
6504,65040124,1.8044589757919312,0.34171773751152645
6504,65040125,1.4534651041030884,0.2537015968397113
6504,65040126,2.1059679985046387,0.4173249281135005
6504,65040127,1.8442678451538088,0.3517003136427903
6504,65040133,1.416841983795166,0.24451788746794065
6504,65040134,1.5748164653778076,0.28413198137400475
6504,65040137,1.3351527452468872,0.22403328049505108
6504,65040160,1.3182742595672607,0.21980078731003563
6902,69020024,1.7324289083480835,0.3236552895313569
6902,69020037,2.211060047149658,0.4436780849151363
6902,69020059,0.7394201755523682,0.07464582422773
6902,69020075,0.5108121633529663,0.0173194815664425
6902,69020123,1.7857064008712769,0.3370152928100467
6902,69020163,1.0018792152404783,0.14046073901990905
6902,69020175,1.2191152572631836,0.1949354167163019
6912,69120003,1.025454878807068,0.1463726340365488
6912,69120020,1.1554385423660278,0.17896767725424198
6912,69120025,0.9970059394836426,0.13923870365364363
6912,69120052,1.1898689270019531,0.18760153049765924
6912,69120061,1.2874006032943726,0.21205882856730077
6912,69120083,1.0047295093536377,0.1411754862216559
6912,69120087,0.9818663597106934,0.13544226305883644
6912,69120092,1.2512601613998413,0.20299615689606845
6912,69120093,1.1534208059310913,0.1784617043919766
6912,69120094,1.8609453439712524,0.3558824068369172
6912,69120106,0.8344594836235046,0.09847812952779722
6912,69120121,1.3732450008392334,0.2335853940706832
6912,69120123,1.3237383365631104,0.22117097353919765
6912,69120140,1.087515950202942,0.16193523051135336
6912,69120151,1.0744951963424685,0.15867011224042107
6912,69120165,1.3047751188278198,0.21641570749495395
6912,69120170,1.1679599285125732,0.18210757277201176
7001,70010004,1.8242546319961548,0.34668174800201845
7551,75510004,0.9382218718528748,0.12449785720821657
7551,75510010,1.421553373336792,0.2456993278237514
7551,75510017,1.0770933628082275,0.15932163525430934
7551,75510036,1.1018587350845337,0.16553186473658818
7551,75510038,1.2164437770843506,0.19426550936410011
7551,75510041,0.7520895600318909,0.0778228321943065
7551,75510057,1.454803705215454,0.254037267953405
7551,75510076,0.9802328944206238,0.13503265103324316
7551,75510086,0.6998127698898315,0.06471376766028686
7551,75510090,1.5391731262207031,0.2751939644845075
7551,75510091,1.5154130458831787,0.2692358246363705
7551,75510099,1.472044587135315,0.2583606365668315
7551,75510129,1.1435115337371826,0.1759768293963597
7551,75510131,1.4679687023162842,0.2573385570363036
7551,75510137,0.875244140625,0.10870539671802792
7551,75510142,1.222126841545105,0.1956906094623382
7551,75510144,0.7648196816444397,0.08101507076311176
7551,75510163,1.451172113418579,0.2531266005023797
7551,75510165,1.0398236513137815,0.149975784986584
7551,75510167,1.0942226648330688,0.16361702380161988
8002,80020002,1.747262954711914,0.32737511376990824
8002,80020005,1.8483905792236328,0.352734141213899
8002,80020008,1.6737987995147705,0.3089530501963881
8002,80020014,2.041476249694824,0.4011528086172147
8057,80570004,1.802048921585083,0.34111338601935937
8057,80570013,1.783161163330078,0.3363770423916236
8057,80570014,1.249943494796753,0.2026659861372523
8057,80570031,1.9139423370361328,0.36917207133828744
8057,80570053,0.7954244613647461,0.0886896053187475
8057,80570067,1.1091927289962769,0.16737095621905848
8057,80570071,1.10121488571167,0.16537041138499323
8057,80570072,1.4678442478179932,0.2573073485010203
8057,80570080,1.6304906606674194,0.2980929881027623
8057,80570081,2.6991891860961914,0.566082623640579
8057,80570087,1.3881514072418213,0.23732336350168373
8057,80570089,1.0558130741119385,0.15398533443966197
8057,80570102,1.1702229976654053,0.18267506590785285
8057,80570127,1.6938518285751345,0.31398160017699195
8057,80570138,1.2765218019485474,0.20933083190745103
8057,80570144,1.6293797492980957,0.2978144130641559
8057,80570146,1.2129896879196167,0.19339935293705648
8057,80570157,1.4559615850448608,0.25432762092582506
8063,80630011,1.3132208585739136,0.21853358326866182
8063,80630014,1.5875202417373655,0.2873176135383104
8063,80630019,1.4668715000152588,0.25706341971949564
8063,80630030,0.9276270866394044,0.1218410811760608
8063,80630038,1.0192251205444336,0.1448104435716351
8063,80630044,0.8800424933433533,0.10990864418733409
8063,80630053,1.4662725925445557,0.2569132361167531
8063,80630062,1.3189254999160769,0.21996409404207842
8063,80630086,1.047725796699524,0.15195734761767524
8063,80630090,1.3823492527008057,0.23586840006364865
8063,80630091,1.421248197555542,0.24562280114719467
8063,80630093,1.3207117319107056,0.22041201424579956
8063,80630094,1.4361461400985718,0.24935864815865008
8063,80630123,1.2000939846038818,0.19016559266757257
8063,80630125,0.989392638206482,0.13732957232618412
8063,80630140,0.876424252986908,0.10900132477840821
8063,80630147,1.2365608215332031,0.19931011201084095
8063,80630152,1.0282535552978516,0.14707443746839352
8063,80630155,1.2936893701553345,0.2136358161825642
8063,80630170,1.5768591165542605,0.2846442019219735
8068,80680011,1.5707006454467771,0.2830998876104117
8068,80680020,1.491713523864746,0.2632928705506127
8068,80680031,1.296959400177002,0.21445581745780953
8068,80680056,1.7175716161727903,0.3199296361123647
8068,80680060,1.456818461418152,0.2545424934848447
8068,80680066,0.9946604371070862,0.1386505393471623
8068,80680069,0.9202202558517456,0.11998372492820916
8068,80680084,1.7324247360229492,0.3236542432682009
8068,80680090,1.6577882766723633,0.3049382096410639
8068,80680095,1.1465376615524292,0.17673566911682567
8068,80680106,0.6669256091117859,0.05646689726505916
8068,80680108,1.0842115879058838,0.1611066199849954
8068,80680129,1.5112746953964231,0.2681980810517347
8068,80680133,1.1779545545578003,0.18461385132247812
8068,80680151,0.9575510621070862,0.12934489547786232
8068,80680153,1.4205721616744995,0.24545327662268165
8068,80680170,1.1427478790283203,0.17578533334556964
8068,80680173,1.6084789037704468,0.29257326241024295
8068,80680174,1.2290427684783936,0.19742486537657236
8153,81530002,0.6608846783638,0.054952057681265015
8153,81530014,1.1550636291503906,0.17887366303636268
8153,81530016,0.7445100545883179,0.07592217559841097
8153,81530018,1.4472572803497314,0.25214490672967527
8153,81530023,1.0539991855621338,0.15353047900587782
8153,81530038,1.0767678022384644,0.1592399968349045
8153,81530065,0.860473096370697,0.10500137105313292
8153,81530073,1.3150662183761597,0.21899633051596587
8153,81530085,0.959926962852478,0.12994068255876629
8153,81530088,0.9466257691383362,0.12660524045713092
8153,81530100,1.1375277042388916,0.17447630867118688
8153,81530107,0.9064266085624696,0.11652479388092699
8153,81530109,1.6143778562545776,0.2940524991534984
8153,81530125,1.0627518892288208,0.15572532985463786
8153,81530139,1.1189218759536743,0.1698106625395671
8153,81530146,1.0447722673416138,0.1512167128761245
8153,81530165,1.1042044162750244,0.16612007388291902
8153,81530167,1.0698822736740112,0.15751336369509297
8153,81530170,1.514132380485535,0.2689146816339295
8581,85810002,1.197411298751831,0.18949287535146594
8581,85810012,1.3273049592971802,0.2220653491782216
8581,85810018,1.3828831911087036,0.23600229185438995
8581,85810040,1.3259481191635132,0.2217251043998744
8581,85810043,1.255160570144653,0.20397423358757624
8581,85810048,1.0594112873077393,0.15488763178543882
8581,85810056,1.022963523864746,0.14574789535945523
8581,85810084,1.0906647443771362,0.16272483036860716
8581,85810086,1.1614800691604614,0.18048266630420126
8581,85810112,1.3858689069747925,0.23675099776885875
8581,85810119,1.3196250200271606,0.22013950753349829
8581,85810120,0.9701868295669556,0.13251347355272436
8581,85810121,1.3785902261734009,0.2349257767465144
8581,85810152,1.082678198814392,0.1607221033285308
8581,85810159,1.3967784643173218,0.23948670688283022
8581,85810163,1.0071159601211548,0.14177391885368298
8584,85840013,1.239437699317932,0.20003152540355337
8584,85840020,1.0052605867385864,0.14130866057480443
8584,85840022,1.6018844842910769,0.2909196285454907
8584,85840036,0.8602066040039062,0.10493454473069441
8584,85840040,0.724678099155426,0.07094906261846129
8584,85840059,1.170536994934082,0.18275380468365385
8584,85840072,0.6990224123001099,0.0645155755252981
8584,85840075,0.919843852519989,0.119889337044917
8584,85840086,0.5581236481666565,0.029183433158297495
8584,85840092,0.9384069442749025,0.12454426645249564
8584,85840115,1.245302438735962,0.20150218278892926
8584,85840117,1.22868812084198,0.19733593300830818
8584,85840123,1.01750385761261,0.14437881517991533
8584,85840141,0.8469630479812622,0.10161355600722902
8584,85840157,1.0585198402404783,0.15466409018884056
8585,85850024,0.6374777555465698,0.04908247653597933
8585,85850039,0.899701714515686,0.11483844187262332
8585,85850046,0.9636794924736024,0.13088167669470047
8585,85850056,1.4442893266677856,0.25140065490692787
8585,85850075,0.8857614398002625,0.11134274214871423
8585,85850088,0.7145422697067261,0.0684073755334709
8585,85850094,0.6643714904785156,0.05582641980077535
8585,85850101,0.8306476473808289,0.09752226350843066
8585,85850112,1.015455722808838,0.1438652195432272
8585,85850119,0.93794846534729,0.12442929707826231
8585,85850120,0.6833990216255188,0.06059781324423877
8585,85850138,1.3846791982650757,0.2364526633032196
8585,85850146,0.8782955408096313,0.10947057380389627
8585,85850161,0.952106237411499,0.1279795370058346
8585,85850170,0.9721386432647704,0.13300291545712417
9034,90340002,1.1807087659835815,0.18530450457840272
9034,90340007,1.5075711011886597,0.2672693580879595
9034,90340021,1.3375285863876345,0.2246290526293386
9034,90340032,0.9958803057670592,0.13895643680075803
9034,90340039,1.2656269073486328,0.20659879966114228
9034,90340041,1.0955729484558103,0.16395562445215042
9034,90340043,1.1143765449523926,0.16867086345736707
9034,90340054,0.9558424949645996,0.12891645071546015
9034,90340071,1.3342567682266235,0.22380860295559776
9034,90340085,1.306489109992981,0.21684551239945896
9034,90340088,0.9089128375053406,0.11714824714900016
9034,90340090,1.8528891801834104,0.3538622221487513
9034,90340108,1.3363566398620603,0.22433517225542074
9034,90340114,2.1668174266815186,0.4325836897677885
9034,90340126,1.1458330154418943,0.17655897021638542
9034,90340131,1.362197995185852,0.2308152180590282
9034,90340155,1.444706916809082,0.2515053709022319
9034,90340158,1.1765692234039309,0.1842664620614368
9034,90340164,1.687627911567688,0.3124208744804967
9070,90700006,1.306953191757202,0.21696188675564462
9070,90700008,1.147781252861023,0.1770475153237944
9070,90700019,1.9568750858306885,0.37993799964110186
9070,90700042,1.3946627378463743,0.23895616178301413
9070,90700045,1.0467636585235596,0.15171607933389028
9070,90700047,1.2891052961349487,0.21248630179962943
9070,90700054,1.3399572372436523,0.22523806746585825
9070,90700055,1.0507164001464844,0.1527072791546983
9070,90700057,1.3571181297302246,0.22954137771992175
9070,90700059,1.619455099105835,0.2953256818414781
9070,90700065,1.4747655391693115,0.2590429496107408
9070,90700081,1.3668608665466309,0.23198449186899575
9070,90700082,1.520764946937561,0.27057788133325134
9070,90700108,1.0493239164352417,0.15235809629967514
9070,90700111,1.241578221321106,0.2005682882958397
9070,90700117,1.2399439811706543,0.20015848196423172
9070,90700127,0.8016982078552246,0.0902628263866492
9070,90700148,0.994239866733551,0.13854507602103253
9070,90700164,1.5812315940856934,0.28574065581628005
9070,90700172,1.1595021486282349,0.17998667778176788
9088,90880018,0.8060463666915894,0.09135318206141763
9088,90880060,1.1423254013061523,0.17567939172771138
9088,90880064,0.9767144322395324,0.13415035226036334
9088,90880065,1.6221661567687988,0.29600551374704587
9088,90880086,0.8192310929298401,0.09465941847438272
9088,90880090,1.0768104791641235,0.15925069861232924
9088,90880093,1.4890484809875488,0.2626245774329945
9088,90880095,1.2204712629318235,0.19527545224201784
9088,90880100,1.1641637086868286,0.18115562276617211
9088,90880120,0.9134274125099182,0.11828033377707844
9088,90880126,1.613088607788086,0.29372920383827916
9088,90880132,1.4447418451309204,0.2515141296195097
9088,90880140,1.226340651512146,0.1967472754634819
9088,90880142,1.2019745111465454,0.19063715841862047
9088,90880145,1.252127766609192,0.2032137198460606
9088,90880147,1.300555944442749,0.21535769629832394
9088,90880154,0.8185623288154602,0.09449171743708454
9088,90880157,1.2029614448547363,0.19088464449487566
9088,90880163,1.684462547302246,0.3116271194638517
9101,91010017,1.7153608798980713,0.3193752661058238
9101,91010032,1.4329912662506104,0.24856752374651173
9101,91010049,0.8904556035995483,0.1125198629323522
9101,91010050,1.474600315093994,0.2590015175897612
9101,91010055,1.3009501695632937,0.21545655321995413
9101,91010063,1.322136163711548,0.2207692084872748
9101,91010070,1.106147050857544,0.16660721400837555
9101,91010072,1.2371734380722046,0.199463733335382
9101,91010082,1.2467608451843262,0.201867896601818
9101,91010100,1.318626046180725,0.2198890022407071
9101,91010107,1.1073490381240845,0.16690862747701682
9101,91010109,1.5658509731292725,0.2818837711042862
9101,91010123,1.1180013418197632,0.1695798269941096
9101,91010127,1.230273962020874,0.19773360268730597
9101,91010133,1.7315877676010132,0.3234443628790974
9101,91010138,1.8953419923782349,0.364507800295387
9101,91010139,1.016777515411377,0.14419667571106362
9101,91010142,1.397642731666565,0.23970343282229753
9101,91010151,1.292022466659546,0.21321781910510604
9107,91070033,1.0935050249099731,0.16343706653877946
9107,91070038,1.0496759414672852,0.15244637101681266
9107,91070040,1.152099609375,0.17813039769030534
9107,91070049,1.3505836725234983,0.22790278015138346
9107,91070056,1.104429841041565,0.16617660198657871
9107,91070061,1.111141562461853,0.16785965079263251
9107,91070065,1.165258765220642,0.1814302220047855
9107,91070074,1.1713910102844238,0.1829679598050806
9107,91070108,1.16265869140625,0.18077822069916863
9107,91070135,0.7252092361450195,0.07108225191822634
9107,91070138,1.1956616640090942,0.18905413237028498
9107,91070140,0.7815945148468018,0.08522157178200768
9107,91070142,1.1647813320159912,0.18131049960650045
9107,91070143,0.9239593744277954,0.12092135607542745
9107,91070162,1.047818660736084,0.1519806344462056
9107,91070163,1.4097470045089722,0.24273873191769543
9107,91070174,0.9143638610839844,0.11851516006914545
9107,91070175,0.7817508578300476,0.08526077675712648
9118,91180025,1.496495008468628,0.2644918881274452
9118,91180035,1.3733879327774048,0.23362123605708615
9118,91180042,0.8996475338935852,0.11482485539821119
9118,91180044,0.9810131788253784,0.1352283171900409
9118,91180050,1.9702786207199097,0.38329910508329346
9118,91180056,0.9447324872016908,0.12613047613014883
9118,91180064,0.8175438046455383,0.09423630965407642
9118,91180078,1.2478517293930054,0.20214144957727534
9118,91180088,1.7171272039413452,0.319818194139629
9118,91180101,1.5862377882003784,0.28699602213737396
9118,91180110,1.2161407470703125,0.1941895207657379
9118,91180133,1.581794500350952,0.2858818116626475
9118,91180151,1.3357220888137815,0.22417605057600218
9118,91180157,1.013897180557251,0.1434743954145933
9118,91180159,1.3697044849395752,0.23269756504969288
9118,91180161,1.0009536743164062,0.14022864795866438
9118,91180163,1.5759525299072266,0.2844168638847805
9553,95530005,0.8986248970031738,0.11456841629866354
9553,95530010,0.6638138294219971,0.05568657925666112
9553,95530011,1.2829862833023071,0.21095188214820068
9553,95530016,1.0232571363449097,0.14582152239240806
9553,95530028,1.1067665815353394,0.16676256914043233
9553,95530041,0.8507056832313538,0.1025520690048217
9553,95530049,1.5684431791305542,0.2825337994565231
9553,95530059,0.9395989179611206,0.12484316888956234
9553,95530066,1.2494959831237793,0.20255376694045782
9553,95530082,1.4250484704971311,0.24657576752295726
9553,95530083,1.3426799774169922,0.22592082890826296
9553,95530085,1.4967594146728516,0.2645581913183056
9553,95530116,1.075128436088562,0.15882890509427625
9553,95530118,1.0211793184280396,0.14530048334069554
9553,95530129,0.9230353236198424,0.12068963867959556
9553,95530144,1.0142039060592651,0.14355131070317942
9553,95530152,0.7670157551765442,0.08156576390199002
9553,95530154,1.537287950515747,0.2747212328973714
9553,95530161,1.6197675466537476,0.2954040320052498
9553,95530173,0.9643599987030028,0.13105232221545204
9555,95550027,1.636241436004639,0.2995350675573615
9555,95550043,1.4850810766220093,0.26162970074452385
9555,95550044,0.9689250588417052,0.13219706862771854
9555,95550046,1.351628661155701,0.22816482423212434
9555,95550051,1.195167899131775,0.1889303145990748
9555,95550053,1.1809287071228027,0.18535965759334302
9555,95550073,1.6911113262176514,0.31329438464286574
9555,95550075,1.1676889657974243,0.1820396254533346
9555,95550081,1.5553557872772217,0.279251970868327
9555,95550082,1.2004063129425049,0.19024391293811113
9555,95550092,0.8137651085853577,0.09328875395349218
9555,95550107,0.6283892393112183,0.046803416449773844
9555,95550116,1.0616629123687744,0.15545225517090902
9555,95550126,1.1480077505111694,0.17710431246655137
9555,95550134,1.8337873220443728,0.34907219027449377
9555,95550143,0.8708046078681946,0.10759212788014202
9555,95550146,1.0856866836547852,0.16147651885050832
9555,95550148,1.5497982501983645,0.27785834834446943
9555,95550173,1.150360107421875,0.17769419563393188
9556,95560008,1.0626201629638672,0.15569229783213975
9556,95560010,1.4417442083358765,0.25076243438173784
9556,95560017,1.2559975385665894,0.20418411397667977
9556,95560031,1.328611969947815,0.22239309858516224
9556,95560037,2.066078424453736,0.40732211426347553
9556,95560051,1.1596922874450684,0.18003435748845067
9556,95560069,1.6830220222473145,0.3112658896359175
9556,95560080,0.941693902015686,0.12536851256683118
9556,95560083,1.0777124166488647,0.15947687081343406
9556,95560108,0.6729061603546143,0.05796659592632358
9556,95560115,1.1440260410308838,0.17610584859011705
9556,95560133,1.692452073097229,0.3136305938347539
9556,95560150,1.2831828594207764,0.21100117608946709
9556,95560153,2.063856363296509,0.4067649043997966
9556,95560163,1.1952903270721436,0.18896101494939657
9556,95560164,1.0200278759002686,0.145011744602859
9556,95560170,1.0202138423919678,0.14505837804638574
9558,95580008,1.0354132652282717,0.14886982504417404
9558,95580012,1.173592209815979,0.1835199383529791
9558,95580016,1.561678409576416,0.2808374481617709
9558,95580039,1.2160462141036987,0.19416581543194514
9558,95580045,1.29547381401062,0.2140832879877899
9558,95580056,1.056945562362671,0.15426932015344677
9558,95580067,1.143275499343872,0.17591764079496033
9558,95580071,1.332247257232666,0.22330469272641143
9558,95580097,1.4046539068222046,0.24146157342972266
9558,95580101,0.7846274971961975,0.08598213036337288
9558,95580116,1.857695817947388,0.35506754719775313
9558,95580133,1.367518424987793,0.23214938294238915
9558,95580157,1.414163589477539,0.24384624630822307
9558,95580166,1.0748114585876465,0.15874941898764952
9558,95580173,1.122101902961731,0.17060809442387473
9600,96000004,1.5987657308578491,0.29013756178296035
9600,96000007,1.4493778944015503,0.2526766774520455
9600,96000010,2.113487482070923,0.41921053346656545
9600,96000013,1.6719263792037964,0.3084835171851862
9601,96010001,1.288627028465271,0.21236637014871315
9601,96010005,1.5297712087631226,0.2728363150886661
9601,96010008,2.1559152603149414,0.4298498340342649
9601,96010015,1.1162221431732178,0.16913367049113717
9601,96010019,1.4858691692352295,0.261827324908085
9601,96010022,1.314793586730957,0.21892796469202633
9604,96040002,2.0833635330200195,0.4116565732663562
9604,96040004,1.5426795482635498,0.2760732440408512
9604,96040006,1.2992327213287354,0.21502588141169118
9604,96040012,1.4447941780090332,0.2515272527488098
9604,96040016,1.3912074565887451,0.23808970642364027
9604,96040021,1.1627405881881714,0.18079875735026027
9604,96040025,1.5694636106491089,0.2827896855312597
9606,96060001,1.8946292400360107,0.36432906865510073
9606,96060004,2.518629550933838,0.5208050175911214
9606,96060007,1.7572616338729858,0.3298824086902976
9606,96060013,2.984574317932129,0.6376465452226174
9606,96060016,2.032467603683472,0.39889377699713935
9606,96060020,1.5079811811447144,0.26737219080958263
9607,96070012,1.205126404762268,0.1914275354999331
9607,96070018,1.5322566032409668,0.27345955910410813
9607,96070021,1.4410053491592407,0.250577156123418
9608,96080006,1.9529577493667605,0.3789556781105038
9608,96080017,1.0757410526275637,0.15898252641881735
9608,96080022,1.4646527767181396,0.25650704686634174
9608,96080025,1.38976788520813,0.2377287157415703
9609,96090001,1.7735081911087036,0.3339564378470212
9609,96090006,1.640765905380249,0.3006696353237812
9609,96090010,2.01146936416626,0.3936282035718409
9609,96090015,2.298307180404663,0.4655564040915825
9609,96090019,1.973021149635315,0.3839868288023811
9609,96090023,1.916867017745972,0.36990547191744494
9609,96090026,2.791067123413086,0.5891221753473078
9611,96110003,0.6328529715538025,0.047922753613964836
9611,96110006,1.831748485565185,0.3485609263099819
9611,96110017,1.2759511470794678,0.20918773300093654
9611,96110021,1.8905245065689087,0.3632997549621795
9612,96120001,1.448259711265564,0.2523962789262243
9612,96120010,1.808301568031311,0.3426813159850147
9612,96120016,1.0469951629638672,0.15177413199243453
9613,96130006,0.9095453023910522,0.11730684569684072
9613,96130009,1.7913841009140017,0.33843904771279854
9613,96130012,1.0335124731063845,0.14839317744351102
9613,96130016,1.1071721315383911,0.1668642659192003
9613,96130019,1.2763155698776243,0.20927911661430912
9614,96140002,1.2704205513000488,0.20780086634774372
9614,96140008,1.8998857736587524,0.3656472107655576
9614,96140011,1.5290281772613523,0.2726499905671903
9614,96140018,1.3093122243881226,0.21755344394407491
9616,96160006,1.5991109609603882,0.29022413258581514
9617,96170001,1.5618098974227903,0.28087042039780297
9618,96180008,1.0066295862197876,0.1416519544629207
9618,96180010,1.630686640739441,0.2981421325778636
9618,96180016,1.1394895315170288,0.17496826160716125
9618,96180019,1.340793490409851,0.22544776849556356
9619,96190005,1.4228453636169434,0.2460233106833303
9619,96190011,2.264770030975342,0.4571465408432588
9619,96190017,1.5930211544036863,0.28869703677647873
9622,96220006,1.6296807527542114,0.2978898934775567
9622,96220012,1.4289871454238892,0.2475634399422678
9622,96220015,1.33399760723114,0.22374361506699056
9622,96220018,1.1664760112762451,0.1817354618072546
9623,96230004,2.514636516571045,0.5198037138575493
9623,96230010,1.790798902511597,0.33829230183185444
9623,96230013,1.4765808582305908,0.25949816376332124
9623,96230016,1.3743553161621094,0.23386381964312444
9624,96240004,1.8144514560699463,0.34422347798379827
9624,96240007,1.821022868156433,0.34587134245457585
9624,96240010,1.3811875581741333,0.23557709050777156
9624,96240016,1.6004981994628906,0.290572000138585
9624,96240020,1.3858376741409302,0.2367431657418049
9625,96250004,1.8479177951812744,0.3526155846517022
9625,96250008,1.922991752624512,0.37144132644405914
9625,96250011,1.606174349784851,0.29199536642930746
9625,96250014,2.0522677898406982,0.40385892343048646
9625,96250017,1.4634755849838257,0.25621185119017065
9625,96250021,1.3574552536010742,0.22962591578293054
9626,96260003,1.2790530920028689,0.20996558481760966
9626,96260006,1.6771117448806765,0.30978381303552427
9626,96260009,2.1108145713806152,0.4185402673955674
9626,96260013,2.6734089851379395,0.5596179130655161
9626,96260016,1.6545770168304443,0.3041329457297023
9626,96260019,1.2685608863830566,0.2073345319124761
9626,96260022,2.264648914337158,0.4571161693185004
9628,96280012,2.2715513706207275,0.4588470472974021
9628,96280015,1.9939583539962769,0.3892370968923683
9628,96280018,1.3217846155166626,0.22068105334306934
9628,96280021,1.3297938108444214,0.22268946009742144
9628,96280026,1.6671501398086548,0.30728581491060714
9628,96280027,1.7519735097885132,0.3285563448730878
9628,96280030,1.9315106868743896,0.3735775566628474
9629,96290004,1.529386281967163,0.2727397898392123
9629,96290007,1.5203272104263306,0.2704681133815653
9630,96300004,1.400935173034668,0.2405290540253525
9630,96300007,1.1826114654541016,0.18578163047079418
9630,96300010,0.9334254264831544,0.12329508803063893
9630,96300013,1.2894985675811768,0.2125849195753953
9630,96300016,0.9716227650642396,0.13287355249118699
9630,96300019,1.514897346496582,0.2691065065102828
9631,96310003,1.3746719360351562,0.23394321607005206
9631,96310009,2.060986042022705,0.4060451351349008
9631,96310014,1.4257251024246216,0.2467454415136355
9631,96310015,1.613573431968689,0.2938507796170121
9631,96310018,1.6726773977279663,0.3086718445532751
9633,96330005,2.455188751220703,0.5048964368372278
9633,96330020,1.5888330936431885,0.28764682771366956
9633,96330023,1.5470798015594482,0.2771766630584538
9634,96340006,1.964768886566162,0.3819174697458809
9634,96340009,0.9390460848808287,0.12470453902138581
9634,96340012,1.7693525552749634,0.3329143597435962
9634,96340015,1.6328781843185425,0.2986916897738867
9634,96340018,1.615469455718994,0.2943262314883538
9634,96340021,2.21697998046875,0.44516258286740495
9634,96340022,1.2737773656845093,0.20864262989663487
9635,96350009,1.772139310836792,0.33361317385213796
9635,96350012,1.894519567489624,0.36430156688071313
9635,96350023,0.8142878413200378,0.09341983578032864
9639,96390007,1.388588309288025,0.2374329222007386
9639,96390014,0.9325171709060668,0.12306733148818347
9639,96390015,1.2861719131469729,0.21175071901446083
9639,96390020,1.2258965969085691,0.19663592317044518
9640,96400001,1.1567504405975342,0.1792966522837369
9640,96400006,1.9452979564666748,0.3770348884221625
9640,96400010,1.597780466079712,0.28989049421196755
9640,96400014,0.9939889907836914,0.13848216571212094
9640,96400019,1.369060516357422,0.23253608180486499
9643,96430004,1.8466342687606807,0.35229372421166827
9643,96430007,1.8134374618530276,0.34396920614364535
9643,96430010,0.871052622795105,0.10765432075146089
9643,96430012,0.8007980585098267,0.09003710258403982
9643,96430013,0.7951585650444031,0.08862292846247416
9643,96430016,1.3080600500106812,0.21723944542432802
9643,96430019,0.7371691465377808,0.07408135030842494
9645,96450002,1.2248793840408323,0.19638084421300037
9645,96450018,1.3975510597229004,0.2396804449260975
9645,96450021,0.7554473876953125,0.0786648498356784
9646,96460002,1.1859261989593506,0.18661284170842576
9646,96460005,1.6742931604385376,0.30907701743376337
9646,96460008,1.803203582763672,0.3414029318744878
9646,96460011,1.7767287492752075,0.33476403343055905
9646,96460017,1.7247912883758545,0.3217400599843593
9646,96460020,1.463411569595337,0.2561957985240336
9647,96470011,1.5561649799346924,0.2794548861341345
9647,96470014,1.6032367944717407,0.29125873738098274
9647,96470017,1.2824221849441528,0.2108104273695028
9647,96470023,1.6560298204421997,0.3044972545606387
9649,96490003,2.058401346206665,0.4053969900563449
9649,96490006,1.3145169019699097,0.21885858249816373
9649,96490009,1.682923436164856,0.3112411679322017
9649,96490011,2.092813730239868,0.4140263294215746
9649,96490012,2.00794529914856,0.39274449981700876
9649,96490018,1.9446604251861568,0.37687501941191803
