Speaker,Audio filename,Raw Mean of Per Token Losses,Normalized Per Token Losses
1,000010011.WAV,1.484350323677063,0.2651732929447569
1,000010035.WAV,1.373584270477295,0.23753746918140242
1,000010053.WAV,0.6880266070365906,0.06649272921675733
1,000010063.WAV,1.05762779712677,0.158707203389966
1,000010069.WAV,1.0599329471588137,0.15928233194418792
1,000010075.WAV,1.4920769929885864,0.2671010755568707
1,000010089.WAV,1.3118047714233398,0.22212365512264706
1,000010095.WAV,1.328554630279541,0.22630269855733728
1,000010106.WAV,1.1968281269073486,0.19343730047737348
1,000010113.WAV,1.5371928215026855,0.27835734992736505
1,000010115.WAV,0.8874688148498535,0.11625300817299256
1,000010121.WAV,1.0086781978607178,0.14649441382560627
1,000010122.WAV,1.256176471710205,0.20824454827792951
1,000010133.WAV,1.712164282798767,0.32201224534260786
1,000010135.WAV,0.965679168701172,0.13576627503650082
1,000010140.WAV,1.206997275352478,0.19597447487453415
1,000010145.WAV,1.5301519632339478,0.2766006752726613
1,000010149.WAV,1.455801248550415,0.258050377701186
1,000010168.WAV,0.8326597213745117,0.10257829101771038
1,000010173.WAV,0.855780303478241,0.108346812273699
3,000030012.WAV,0.937009334564209,0.12861323075401868
3,000030024.WAV,0.9822063446044922,0.13988975969065182
3,000030040.WAV,1.784642457962036,0.3400953494854376
3,000030047.WAV,1.0875253677368164,0.1661665645251104
3,000030049.WAV,1.8737863302230835,0.3623364989371223
3,000030051.WAV,1.0581828355789185,0.15884568394788381
3,000030054.WAV,2.481890916824341,0.5140569105571967
3,000030059.WAV,1.4663290977478027,0.2606770469434443
3,000030067.WAV,1.978736162185669,0.3885211915963508
3,000030069.WAV,1.5421357154846191,0.2795905882979631
3,000030079.WAV,1.13329017162323,0.17758475645516333
3,000030080.WAV,1.2623027563095093,0.20977303933290262
3,000030097.WAV,0.958720088005066,0.13403000365987522
3,000030101.WAV,0.9761294722557068,0.13837359685545036
3,000030116.WAV,0.9761040806770324,0.13836726172683425
3,000030119.WAV,1.50818932056427,0.27112105670123776
3,000030145.WAV,1.3730443716049194,0.23740276590674395
3,000030153.WAV,1.2974387407302856,0.21853937021817224
3,000030154.WAV,1.261447787284851,0.20955972692710653
3,000030175.WAV,0.9510133862495422,0.13210720289772948
5,000050003.WAV,2.013295412063598,0.39714362880911036
5,000050010.WAV,1.5590192079544067,0.28380297294945434
5,000050024.WAV,2.148906707763672,0.4309782718249475
5,000050028.WAV,1.95406436920166,0.38236564751821744
5,000050038.WAV,1.0133438110351562,0.14765847140202112
5,000050040.WAV,0.8290325999259949,0.10167333425321581
5,000050047.WAV,0.9605219960212708,0.13447957472370828
5,000050049.WAV,0.9648005366325378,0.13554705876671272
5,000050055.WAV,1.4209641218185425,0.24935861098230386
5,000050078.WAV,2.248094081878662,0.4557252471969788
5,000050079.WAV,1.985155701637268,0.39012284892548155
5,000050083.WAV,0.9275030493736268,0.12624143890460335
5,000050095.WAV,1.1042766571044922,0.17034596486845502
5,000050099.WAV,1.091417908668518,0.16713774271619516
5,000050100.WAV,0.894011378288269,0.11788535964640406
5,000050114.WAV,1.310039758682251,0.22168328932785944
5,000050118.WAV,1.1061431169509888,0.17081164143531916
5,000050122.WAV,1.3108240365982056,0.22187896449764924
5,000050174.WAV,1.050381064414978,0.15689916363141262
5,000050175.WAV,1.1875498294830322,0.1911223909447575
6,000060015.WAV,0.7308279871940613,0.07717155512677606
6,000060020.WAV,0.7122231721878052,0.07252970526565108
6,000060029.WAV,0.921533703804016,0.12475210370325965
6,000060031.WAV,2.420614242553711,0.4987685498904726
6,000060049.WAV,2.5139102935791016,0.5220456564540205
6,000060056.WAV,0.920354664325714,0.12445793661604179
6,000060077.WAV,0.8571857213973999,0.10869746015547999
6,000060081.WAV,0.8139721155166626,0.09791578506821041
6,000060082.WAV,0.8093404173851013,0.09676018920114424
6,000060083.WAV,0.8261728286743164,0.1009598292394337
6,000060094.WAV,0.7249475717544556,0.07570440774678266
6,000060102.WAV,0.7145257592201233,0.07310419435853377
6,000060106.WAV,0.5168960094451904,0.02379611866745804
6,000060111.WAV,0.855543315410614,0.10828768440661554
6,000060113.WAV,0.8054431080818176,0.09578782131454469
6,000060116.WAV,0.8031492829322815,0.0952155182871704
6,000060124.WAV,1.3776894807815552,0.23856170779244537
6,000060130.WAV,2.2499754428863525,0.4561946415623266
6,000060136.WAV,1.3298872709274292,0.2266351887113243
6,000060153.WAV,0.6276575326919556,0.05143081222007348
24,000240010.WAV,0.7374721765518188,0.07882926198584586
24,000240031.WAV,1.1054903268814087,0.17064877211934878
24,000240060.WAV,0.7957858443260193,0.09337836073089331
24,000240071.WAV,1.346491456031799,0.23077788694803855
24,000240073.WAV,1.2456440925598145,0.20561674882493217
24,000240099.WAV,0.7466292977333069,0.08111393838119307
24,000240115.WAV,1.7521767616271973,0.3319952480884326
24,000240116.WAV,0.9479907155036926,0.13135305491092442
24,000240151.WAV,0.969264030456543,0.1366606881244958
24,000240152.WAV,1.2752410173416138,0.2130010996578711
24,000240248.WAV,0.6243551969528198,0.050606888591327864
24,000240284.WAV,1.1447628736495972,0.1804471638636709
24,000240287.WAV,1.1715461015701294,0.18712950511573903
24,000240289.WAV,1.3486055135726929,0.23130533845450654
24,000240320.WAV,1.363109469413757,0.23492403530174574
24,000240323.WAV,1.0623072385787964,0.15987471108337367
24,000240324.WAV,0.8634767532348633,0.11026705519048799
24,000240329.WAV,1.3163875341415403,0.223267041739493
24,000240350.WAV,0.8115290403366089,0.09730624457122419
24,000240352.WAV,0.7370609045028687,0.078726650747698
26,000260001.WAV,0.8380789160728455,0.10393036509903886
26,000260011.WAV,0.962874710559845,0.13506657049068985
26,000260015.WAV,0.8660280704498291,0.11090360177565922
26,000260032.WAV,1.3339242935180664,0.22764241467650623
26,000260033.WAV,1.921069860458374,0.3741336088886257
26,000260039.WAV,1.4778255224227903,0.26354537308713777
26,000260048.WAV,1.2605408430099487,0.20933344684019958
26,000260050.WAV,0.9980044960975648,0.1438313547717903
26,000260052.WAV,2.255002021789551,0.4574487590892087
26,000260069.WAV,2.2715611457824707,0.46158021470330857
26,000260075.WAV,1.8030201196670528,0.3446805252264783
26,000260091.WAV,1.1306535005569458,0.17692691432027793
26,000260095.WAV,1.6538212299346924,0.3074558150989507
26,000260096.WAV,1.45708167552948,0.25836984068928637
26,000260112.WAV,0.957582950592041,0.13374629102199329
26,000260115.WAV,0.8809114098548889,0.11461695377229136
26,000260121.WAV,1.6493552923202517,0.30634157602221634
26,000260126.WAV,0.8079630136489868,0.09641653078051246
26,000260133.WAV,1.0367242097854614,0.15349181619237015
26,000260166.WAV,1.300649881362915,0.21934054092019808
36,000360013.WAV,1.3598397970199585,0.23410826108727625
36,000360034.WAV,0.843608558177948,0.1053099955027279
36,000360036.WAV,1.5052289962768557,0.27038246398328813
36,000360132.WAV,0.8019641637802124,0.09491983433817125
36,000360133.WAV,1.126069188117981,0.17578314105238965
36,000360161.WAV,2.018265008926392,0.3983835294745912
36,000360190.WAV,2.009537696838379,0.3962060892587055
36,000360210.WAV,0.9631516337394714,0.1351356620577094
36,000360223.WAV,0.9292681813240052,0.12668183444177888
36,000360241.WAV,0.8259060978889465,0.1008932806465769
36,000360264.WAV,1.0616097450256348,0.15970068837195248
36,000360283.WAV,0.9421417117118835,0.12989374465013445
36,000360313.WAV,0.8485605120658875,0.106545494294804
36,000360314.WAV,0.787875771522522,0.09140481945504317
36,000360332.WAV,0.8223905563354492,0.10001616275712769
36,000360334.WAV,1.3395239114761353,0.22903950386187436
36,000360339.WAV,1.514319658279419,0.27265055899739843
36,000360343.WAV,0.9292758107185364,0.12668373795460247
36,000360360.WAV,1.117747783660889,0.17370697366719776
36,000360378.WAV,1.0419025421142578,0.1547837957790094
44,000440005.WAV,1.8575706481933596,0.3582907311424729
44,000440021.WAV,2.032205581665039,0.4018616637967617
44,000440032.WAV,0.4932522773742676,0.017897072942306552
44,000440035.WAV,0.9772921800613404,0.13866368923553019
44,000440043.WAV,1.599350929260254,0.2938656258099921
44,000440045.WAV,0.8131489753723145,0.09771041387997534
44,000440049.WAV,0.942476749420166,0.12997733563124014
44,000440062.WAV,1.0320093631744385,0.15231547500976536
44,000440082.WAV,1.303201675415039,0.21997720647492083
44,000440089.WAV,1.694902777671814,0.3177055475791841
44,000440090.WAV,1.3941216468811035,0.24266148776346488
44,000440099.WAV,2.0952696800231934,0.4175959818271928
44,000440104.WAV,1.0391379594802856,0.15409404006194063
44,000440126.WAV,1.0403759479522705,0.15440291475995963
44,000440132.WAV,1.4297456741333008,0.25154958398467
44,000440145.WAV,1.627638578414917,0.3009233159969664
44,000440147.WAV,1.669874906539917,0.31146116298848625
44,000440163.WAV,1.5834704637527466,0.2899034936100301
44,000440173.WAV,1.6908541917800903,0.31669543660237887
44,000440175.WAV,0.9127302169799804,0.12255565810152566
48,000480010.WAV,0.869966983795166,0.11188634975562503
48,000480014.WAV,0.7941516041755676,0.09297062233559789
48,000480015.WAV,0.966400146484375,0.13594615699833218
48,000480016.WAV,0.9329156875610352,0.127591877154599
48,000480019.WAV,0.7204673290252686,0.07458659958350397
48,000480023.WAV,0.8947698473930359,0.11807459558922023
48,000480033.WAV,1.1429115533828735,0.17998526458006617
48,000480045.WAV,0.8564646244049072,0.10851754845126071
48,000480068.WAV,1.1022084951400757,0.16982996418131666
48,000480081.WAV,0.8661348819732666,0.1109302509551898
48,000480089.WAV,0.8910151720046997,0.11713781446970592
48,000480090.WAV,0.8182714581489563,0.09898845915789797
48,000480108.WAV,1.0113623142242432,0.14716409343086348
48,000480119.WAV,0.9024580121040344,0.11999277141005232
48,000480125.WAV,0.8624598383903503,0.11001333775077193
48,000480134.WAV,0.946265697479248,0.1309226676872668
48,000480136.WAV,0.8177506327629089,0.09885851466529855
48,000480151.WAV,0.6666240692138672,0.061152855254736016
48,000480158.WAV,0.9175367951393129,0.12375488605159565
48,000480159.WAV,1.2785074710845947,0.21381607082786816
49,000490002.WAV,0.9350541234016418,0.12812541097938612
49,000490017.WAV,1.886943221092224,0.3656191068014424
49,000490032.WAV,0.8930085301399231,0.11763515180845652
49,000490047.WAV,3.329758882522583,0.7255976217927176
49,000490052.WAV,1.840317249298096,0.3539860558614243
49,000490086.WAV,1.5434095859527588,0.27990841545473066
49,000490087.WAV,0.917287290096283,0.12369263523378593
49,000490088.WAV,2.1843950748443604,0.4398325212087577
49,000490092.WAV,1.0951913595199585,0.16807920826179887
49,000490097.WAV,1.5208557844161987,0.27428130438186493
49,000490101.WAV,1.2462915182113647,0.20577827973344845
49,000490102.WAV,1.5399348735809326,0.2790414843331266
49,000490117.WAV,1.8396193981170652,0.3538119439228393
49,000490134.WAV,1.2702713012695312,0.21176116925000252
49,000490144.WAV,2.023889780044556,0.39978689430379977
49,000490151.WAV,1.931060791015625,0.3766263184159222
49,000490157.WAV,3.0003814697265625,0.6434188687478313
49,000490162.WAV,1.6725260019302368,0.31212260395230385
49,000490164.WAV,2.185084342956543,0.440004491695416
49,000490175.WAV,1.3696953058242798,0.23656718326195372
53,000530003.WAV,1.4382882118225098,0.2536809234993588
53,000530006.WAV,1.2620922327041626,0.20972051427592606
53,000530019.WAV,1.2676522731781006,0.21110772898852168
53,000530027.WAV,0.9767609238624572,0.13853114228399216
53,000530030.WAV,0.8578338027000427,0.1088591546471295
53,000530037.WAV,0.8440936803817749,0.10543103215016059
53,000530054.WAV,3.469799041748047,0.7605372540026618
53,000530055.WAV,0.6494843363761902,0.05687653934052039
53,000530060.WAV,1.1924011707305908,0.19233278716147226
53,000530063.WAV,1.0978657007217407,0.16874644899125088
53,000530076.WAV,1.5443105697631836,0.2801332084222442
53,000530077.WAV,1.3952555656433103,0.24294439735687426
53,000530094.WAV,1.842218518257141,0.354460417205546
53,000530109.WAV,1.2223819494247437,0.19981290848334918
53,000530112.WAV,2.370392322540283,0.48623831982038757
53,000530115.WAV,1.209105372428894,0.19650043926160862
53,000530145.WAV,1.5938788652420044,0.2925003609796438
53,000530154.WAV,2.202509641647339,0.44435205549977164
53,000530163.WAV,1.5122475624084473,0.27213357681146033
53,000530174.WAV,1.642583250999451,0.3046519704521572
54,000540001.WAV,0.988012969493866,0.14133849653255434
54,000540004.WAV,0.7863796353340149,0.09103153761609392
54,000540014.WAV,1.2372262477874756,0.20351651984795424
54,000540018.WAV,1.2156236171722412,0.19812672328789485
54,000540031.WAV,0.4945969581604004,0.018232567077468287
54,000540054.WAV,1.7819839715957642,0.3394320644935723
54,000540055.WAV,1.5946712493896484,0.29269805863180864
54,000540058.WAV,0.9728887677192688,0.13756505004123298
54,000540062.WAV,1.3345025777816772,0.22778669500005846
54,000540072.WAV,1.348479986190796,0.23127401972008058
54,000540077.WAV,1.433867573738098,0.2525779865300145
54,000540088.WAV,1.2388966083526611,0.20393327018677396
54,000540106.WAV,0.5965044498443604,0.04365820425589331
54,000540111.WAV,0.840492844581604,0.10453263358219111
54,000540117.WAV,1.5386639833450315,0.27872440073605564
54,000540123.WAV,1.0445979833602903,0.15545630091111415
54,000540127.WAV,0.7338656187057495,0.0779294357832587
54,000540130.WAV,0.6948831081390381,0.06820340726862173
54,000540156.WAV,1.8489325046539309,0.35613553823271316
54,000540163.WAV,1.3340381383895874,0.22767081865692104
56,000560016.WAV,1.1983340978622437,0.19381303606332193
56,000560017.WAV,1.257566213607788,0.2085912850357057
56,000560026.WAV,1.1247355937957764,0.17545041295929972
56,000560030.WAV,0.8842484951019287,0.11544954730710077
56,000560033.WAV,0.7128005623817444,0.07267376252129434
56,000560038.WAV,2.0137135982513428,0.39724796510575466
56,000560058.WAV,1.5761866569519043,0.28808620396884954
56,000560068.WAV,1.3763394355773926,0.23822487524982958
56,000560074.WAV,1.959080457687378,0.383617147714967
56,000560075.WAV,1.247790813446045,0.20615234974567617
56,000560084.WAV,1.606187343597412,0.2955712922695005
56,000560086.WAV,1.7551313638687134,0.3327324131717645
56,000560088.WAV,1.8859845399856567,0.3653799185182003
56,000560116.WAV,1.5324010848999023,0.27716182490458474
56,000560117.WAV,1.3913661241531372,0.24197399246787413
56,000560134.WAV,1.5118566751480105,0.2720360515216381
56,000560154.WAV,1.179184913635254,0.1890353675879934
56,000560159.WAV,1.6686853170394895,0.31116436369994205
56,000560162.WAV,1.5955889225006104,0.2929270155336239
56,000560172.WAV,1.5381451845169067,0.2785949618640501
70,000700008.WAV,1.4187309741973877,0.24880144683035485
70,000700010.WAV,2.198251724243164,0.4432897168898686
70,000700012.WAV,1.6306793689727783,0.3016819848267275
70,000700015.WAV,1.3098145723342896,0.22162710595717497
70,000700019.WAV,1.2201833724975586,0.19926436962388214
70,000700034.WAV,1.8264124393463133,0.35051684425561425
70,000700037.WAV,2.770824670791626,0.5861450826393363
70,000700046.WAV,1.4263916015625,0.2507127521595892
70,000700048.WAV,1.0175739526748655,0.14871388003555072
70,000700053.WAV,0.910822570323944,0.1220797055396528
70,000700063.WAV,1.9580841064453125,0.3833685608371584
70,000700065.WAV,2.2982845306396484,0.4682476252766665
70,000700082.WAV,1.480569839477539,0.2642300725982689
70,000700109.WAV,0.9996765851974488,0.1442485363752341
70,000700120.WAV,1.4063663482666016,0.24571650687581179
70,000700123.WAV,0.9260352849960328,0.12587523575396692
70,000700130.WAV,1.7061578035354614,0.3205136453874431
70,000700151.WAV,1.7832045555114746,0.3397365968029624
70,000700156.WAV,1.6299536228179932,0.3015009131693813
70,000700174.WAV,1.675668239593506,0.31290658355414147
75,000750005.WAV,1.553542971611023,0.2824366671355306
75,000750015.WAV,1.120242953300476,0.17432951158768265
75,000750020.WAV,0.8870072364807129,0.11613784564716398
75,000750024.WAV,1.7032525539398191,0.31978879365268886
75,000750026.WAV,1.278744339942932,0.21387516895256367
75,000750029.WAV,1.24836528301239,0.20629567831281662
75,000750045.WAV,0.5004523992538452,0.01969348342720316
75,000750068.WAV,0.7973445057868958,0.09376724245227983
75,000750080.WAV,1.1634559631347656,0.18511103796301284
75,000750082.WAV,1.2529547214508057,0.20744073050338332
75,000750085.WAV,1.4403085708618164,0.25418499748896173
75,000750091.WAV,0.9803262948989868,0.13942069249157063
75,000750101.WAV,1.1507447957992554,0.18193963688693474
75,000750106.WAV,1.2894103527069092,0.21653630962236217
75,000750108.WAV,1.57496976852417,0.28778259367348324
75,000750123.WAV,0.9111318588256836,0.12215687216497884
75,000750128.WAV,0.7008146643638611,0.06968331413301093
75,000750134.WAV,0.7145799994468689,0.07311772714501413
75,000750140.WAV,0.716505765914917,0.07359820054984306
75,000750149.WAV,1.319731831550598,0.2241014346887685
92,000920002.WAV,1.1113241910934448,0.17210430509687938
92,000920009.WAV,1.250251293182373,0.20676623263129126
92,000920010.WAV,1.511793851852417,0.27202037728323114
92,000920025.WAV,0.7219495177268982,0.07495640156307254
92,000920040.WAV,1.31324565410614,0.22248315136481903
92,000920051.WAV,2.3263721466064453,0.47525540773679664
92,000920055.WAV,0.8364775776863098,0.10353083560279527
92,000920074.WAV,0.9147741198539734,0.12306560621273274
92,000920092.WAV,1.5267369747161863,0.2757486450873795
92,000920094.WAV,1.545020341873169,0.2803102945996159
92,000920099.WAV,1.8254238367080688,0.3502701906330171
92,000920104.WAV,2.1302032470703125,0.426311810137861
92,000920122.WAV,1.4659610986709597,0.26058523219209295
92,000920126.WAV,1.7699973583221436,0.3364414376509617
92,000920129.WAV,2.337387084960937,0.4780036043758874
92,000920134.WAV,1.5156415700912476,0.2729803723364772
92,000920136.WAV,2.283531665802002,0.46456682632355695
92,000920149.WAV,1.8409029245376587,0.3541321802130244
92,000920167.WAV,1.212175726890564,0.19726648420356127
92,000920173.WAV,1.3987689018249512,0.24382096501214792
93,000930005.WAV,0.9411380887031556,0.1296433434866658
93,000930014.WAV,1.0253607034683228,0.1506566528111505
93,000930018.WAV,1.0489577054977417,0.1565440395202574
93,000930026.WAV,2.0245018005371094,0.39993959172311877
93,000930035.WAV,1.0881497859954834,0.16632235515276797
93,000930040.WAV,1.2129745483398438,0.1974657879446711
93,000930048.WAV,0.8778624534606934,0.1138562475889612
93,000930050.WAV,2.062209129333496,0.4093474659147216
93,000930051.WAV,1.1316251754760742,0.1771693445237977
93,000930056.WAV,0.9542370438575744,0.13291149655048154
93,000930089.WAV,0.7631670236587524,0.08524005523667047
93,000930091.WAV,0.9382710456848145,0.12892802418722363
93,000930095.WAV,1.4040844440460205,0.24514717808722433
93,000930099.WAV,0.8558112382888794,0.108354530423351
93,000930101.WAV,2.029233932495117,0.40112024555196457
93,000930111.WAV,1.1036196947097778,0.17018205456890925
93,000930148.WAV,1.7967445850372314,0.3431147967018934
93,000930151.WAV,1.9400207996368408,0.3788618157729281
93,000930155.WAV,1.7569822072982788,0.3331941934858178
93,000930162.WAV,1.952623724937439,0.3820062107608212
94,000940012.WAV,1.2189438343048096,0.19895510827482085
94,000940015.WAV,1.0076024532318115,0.14622601851747682
94,000940021.WAV,1.282772421836853,0.2148801642386555
94,000940027.WAV,1.5347673892974854,0.27775221130378336
94,000940032.WAV,0.8847230076789856,0.11556793688201314
94,000940042.WAV,1.488226056098938,0.26614027745915214
94,000940049.WAV,1.6951799392700195,0.3177746986309794
94,000940067.WAV,1.5794256925582886,0.28889433438963674
94,000940068.WAV,1.3326631784439087,0.2273277699552406
94,000940073.WAV,1.4829586744308472,0.26482608030877475
94,000940074.WAV,0.9222398400306702,0.12492828273780138
94,000940086.WAV,0.9403238892555236,0.12944020297752085
94,000940093.WAV,0.8971954584121704,0.11867977882638367
94,000940102.WAV,1.6517568826675415,0.3069407661682242
94,000940103.WAV,0.8641713857650757,0.11044036408460034
94,000940122.WAV,0.7848671674728394,0.09065418107000664
94,000940133.WAV,1.6866083145141602,0.31563610197365055
94,000940147.WAV,1.0540828704833984,0.15782275400190707
94,000940150.WAV,0.5112500786781311,0.02238747456440285
94,000940173.WAV,0.8999791145324707,0.1193742933255115
96,000960002.WAV,1.388455152511597,0.24124771309850232
96,000960008.WAV,1.3294235467910769,0.22651949082251413
96,000960019.WAV,1.1219326257705688,0.1747510801933371
96,000960040.WAV,1.2712326049804688,0.21200101186577772
96,000960043.WAV,2.168442249298096,0.4358523353793594
96,000960046.WAV,0.9037460088729858,0.1203141230397824
96,000960048.WAV,0.9519975185394288,0.1323527411807816
96,000960049.WAV,0.8626234531402588,0.11005415917812206
96,000960050.WAV,0.8490349650382996,0.10666386899852243
96,000960052.WAV,2.881947755813598,0.6138699848543581
96,000960054.WAV,2.4090168476104736,0.4958750319442541
96,000960066.WAV,1.1893223524093628,0.19156463050998093
96,000960071.WAV,0.842352569103241,0.10499662970414064
96,000960073.WAV,1.303648829460144,0.22008877017181724
96,000960084.WAV,1.6434998512268066,0.30488065967248146
96,000960090.WAV,1.6599870920181274,0.30899418062669637
96,000960093.WAV,1.6519016027450562,0.306976873427097
96,000960136.WAV,1.9840623140335083,0.3898500517439475
96,000960167.WAV,0.8026198744773865,0.09508343234264438
96,000960168.WAV,1.2240779399871826,0.2002360534355607
103,001030008.WAV,2.14453387260437,0.4298872615531387
103,001030013.WAV,1.6194589138031006,0.29888251231095064
103,001030032.WAV,0.5705082416534424,0.037172222248535974
103,001030048.WAV,1.2760505676269531,0.2132030802138891
103,001030053.WAV,1.1250205039978027,0.17552149726630648
103,001030054.WAV,1.0113039016723633,0.14714951966080772
103,001030060.WAV,1.7163853645324707,0.32306539355465946
103,001030061.WAV,0.9506656527519226,0.13202044435231575
103,001030065.WAV,1.1682289838790894,0.18630189343089767
103,001030077.WAV,1.4068683385849,0.24584175207112793
103,001030078.WAV,1.5006134510040283,0.2692308982097782
103,001030090.WAV,1.832850456237793,0.35212311165486476
103,001030099.WAV,1.2286441326141355,0.20137530586049282
103,001030102.WAV,0.7861540913581848,0.09097526501824588
103,001030103.WAV,1.1769808530807495,0.1884854605786844
103,001030121.WAV,1.266722321510315,0.21087570862075602
103,001030136.WAV,1.4203029870986938,0.24919365969918264
103,001030143.WAV,1.4070621728897097,0.24589011319380286
103,001030144.WAV,1.1406102180480957,0.1794110877822561
103,001030155.WAV,0.939533233642578,0.12924293658998004
104,001040022.WAV,1.830634593963623,0.3515702601491567
104,001040026.WAV,0.9059923887252808,0.12087458859678485
104,001040038.WAV,1.2024880647659302,0.19484943931100332
104,001040050.WAV,0.4417449235916137,0.0050461307038306286
104,001040062.WAV,1.1838456392288208,0.19019820572650567
104,001040067.WAV,1.2010118961334229,0.19448113932202213
104,001040069.WAV,1.1612513065338137,0.18456098224176457
104,001040071.WAV,0.9452944397926332,0.13068034158210456
104,001040073.WAV,1.357276201248169,0.23346865103615452
104,001040100.WAV,1.0486769676208496,0.15647399619682598
104,001040104.WAV,1.6121066808700562,0.29704815053913325
104,001040106.WAV,1.2218732833862305,0.19968599771431236
104,001040108.WAV,2.4231083393096924,0.4993908201294667
104,001040115.WAV,1.342392921447754,0.22975531391071632
104,001040120.WAV,1.4340509176254272,0.252623730322557
104,001040122.WAV,1.629252552986145,0.3013259981863241
104,001040134.WAV,1.1346354484558103,0.17792039930226436
104,001040136.WAV,1.5685633420944214,0.28618420800701816
104,001040149.WAV,1.903130888938904,0.3696578851349427
104,001040173.WAV,1.69008207321167,0.31650279515615176
111,001110009.WAV,1.548073410987854,0.2810720268953275
111,001110023.WAV,1.547485113143921,0.28092524821119425
111,001110039.WAV,1.041355848312378,0.1546473971882424
111,001110040.WAV,1.7610347270965576,0.3342052859614226
111,001110047.WAV,0.9379454851150512,0.1288467977259535
111,001110056.WAV,0.879870593547821,0.11435727298380757
111,001110060.WAV,1.0908008813858032,0.1669837961165855
111,001110067.WAV,2.00370192527771,0.3947500804029689
111,001110072.WAV,2.041560411453247,0.4041956679423896
111,001110076.WAV,1.7170276641845703,0.3232256455404974
111,001110094.WAV,1.4663832187652588,0.2606905499875368
111,001110099.WAV,1.0524797439575195,0.15742277836984545
111,001110114.WAV,1.9669495820999143,0.38558047248058414
111,001110122.WAV,1.7080680131912231,0.32099023741065513
111,001110129.WAV,1.3710031509399414,0.23689348699926396
111,001110135.WAV,0.9181271195411682,0.12390217035632267
111,001110137.WAV,1.9391926527023315,0.3786551954044025
111,001110141.WAV,1.6182228326797483,0.2985741134911374
111,001110151.WAV,1.2505903244018557,0.2068508199823906
111,001110173.WAV,1.4181312322616575,0.2486518128769861
112,001120010.WAV,1.2127901315689087,0.19741977647063783
112,001120013.WAV,0.9636574983596802,0.1352618738806313
112,001120024.WAV,1.5280544757843018,0.2760773579581072
112,001120031.WAV,1.147336721420288,0.18108933176014938
112,001120038.WAV,1.8028719425201416,0.34464355543835734
112,001120063.WAV,0.8981851935386658,0.11892671500166563
112,001120078.WAV,1.5063769817352295,0.27066888317846605
112,001120090.WAV,1.2002933025360107,0.19430185220794813
112,001120097.WAV,1.293381690979004,0.2175271475318283
112,001120098.WAV,1.2437664270401,0.20514827647360837
112,001120101.WAV,1.2721803188323977,0.21223746384933587
112,001120105.WAV,1.8863372802734373,0.36546792624390445
112,001120119.WAV,1.0676041841506958,0.16119628434594255
112,001120130.WAV,0.4851359128952026,0.015872062464249173
112,001120136.WAV,0.9735237956047058,0.13772348774141088
112,001120141.WAV,1.0040076971054075,0.14532913681128865
112,001120148.WAV,1.3885409832000732,0.2412691276177679
112,001120156.WAV,1.0196399688720703,0.14922934535970753
112,001120159.WAV,1.044148087501526,0.1553440531392968
112,001120162.WAV,0.7218682765960693,0.07493613212573985
113,001130002.WAV,0.9752905368804932,0.13816428480082263
113,001130005.WAV,1.313632607460022,0.22257969515584167
113,001130019.WAV,1.7273566722869873,0.3258027044797903
113,001130021.WAV,1.3847169876098633,0.2403150512997078
113,001130023.WAV,1.6514896154403689,0.306874083734622
113,001130024.WAV,1.265293002128601,0.21051909739020733
113,001130039.WAV,1.0677169561386108,0.16122442064486656
113,001130047.WAV,4.429580211639404,1.0
113,001130054.WAV,0.7595197558403015,0.08433007200862608
113,001130073.WAV,1.4506500959396362,0.2567651793789809
113,001130074.WAV,1.528420090675354,0.27616857786170124
113,001130082.WAV,1.7906399965286257,0.3415917187615125
113,001130087.WAV,1.4615424871444702,0.2594828008433424
113,001130102.WAV,1.7502005100250244,0.3315021787823411
113,001130118.WAV,1.1186141967773438,0.17392314134222922
113,001130123.WAV,2.0546634197235107,0.40746483224739294
113,001130138.WAV,2.189387798309326,0.441078191897485
113,001130155.WAV,1.501376986503601,0.26942139820407873
113,001130168.WAV,2.037659883499145,0.4032224970113175
113,001130173.WAV,1.883160948753357,0.36467544031913646
114,001140008.WAV,1.186028242111206,0.19074275910599828
114,001140045.WAV,0.9394172430038452,0.12921399724658358
114,001140046.WAV,0.7492998838424683,0.08178024222542718
114,001140049.WAV,1.0539898872375488,0.15779955493936929
114,001140054.WAV,0.680081844329834,0.06451053290603734
114,001140056.WAV,1.3705848455429075,0.23678912096023177
114,001140059.WAV,0.7985472083091736,0.09406731340348964
114,001140064.WAV,1.494489312171936,0.2677029425177867
114,001140068.WAV,1.1299864053726196,0.1767604759177633
114,001140099.WAV,1.5647859573364258,0.2852417609626148
114,001140100.WAV,1.2419723272323608,0.2047006535361807
114,001140104.WAV,1.1838945150375366,0.19021040010553195
114,001140108.WAV,2.6534292697906494,0.5568552549442017
114,001140120.WAV,2.062353134155273,0.4093833947192672
114,001140130.WAV,0.8019473552703857,0.09491564066148173
114,001140133.WAV,1.429031252861023,0.2513713378541713
114,001140140.WAV,1.0981695652008057,0.16882226233792882
114,001140146.WAV,1.3871597051620483,0.24092450256953038
114,001140159.WAV,1.14674973487854,0.1809428802422827
114,001140163.WAV,2.578981399536133,0.5382807173266132
120,001200015.WAV,1.2022662162780762,0.1947940887271792
120,001200016.WAV,1.7605211734771729,0.33407715575448327
120,001200050.WAV,1.102286696434021,0.1698494751877587
120,001200081.WAV,0.8937976956367493,0.11783204641614897
120,001200098.WAV,1.3891702890396118,0.24142613768332807
120,001200103.WAV,0.8003659844398499,0.09452109301520617
120,001200114.WAV,0.966810941696167,0.13604864926692858
120,001200121.WAV,0.9855847358703612,0.14073265896285778
120,001200126.WAV,1.017708659172058,0.14874748893384268
120,001200145.WAV,0.8390613794326782,0.10417548698866078
120,001200146.WAV,0.8629639148712158,0.11013910343787578
120,001200159.WAV,1.51650071144104,0.2731947257258487
120,001200161.WAV,1.0049937963485718,0.14557516584374067
120,001200162.WAV,1.133996844291687,0.17776106933045047
120,001200168.WAV,1.4828259944915771,0.2647929770310766
120,001200209.WAV,1.1394087076187134,0.17911131425492496
120,001200210.WAV,1.0152839422225952,0.1481425287645883
120,001200306.WAV,1.101368069648743,0.1696202803468406
120,001200338.WAV,0.9350051879882812,0.12811320172916593
120,001200350.WAV,1.343944430351257,0.23014241108883063
122,001220013.WAV,1.095801830291748,0.16823151903007574
122,001220015.WAV,1.7405636310577393,0.3290978041470154
122,001220021.WAV,2.1490721702575684,0.4310195542593096
122,001220031.WAV,0.9564610719680786,0.1334663854097586
122,001220034.WAV,1.2539925575256348,0.20769966773217038
122,001220037.WAV,0.7365250587463379,0.07859295871422706
122,001220038.WAV,0.8428295254707336,0.1051156289980043
122,001220051.WAV,1.0347508192062378,0.15299946070358758
122,001220068.WAV,0.7502589225769043,0.08201951973583288
122,001220093.WAV,1.4678858518600464,0.26106545278662496
122,001220101.WAV,1.1641693115234375,0.18528901641202064
122,001220104.WAV,0.864751935005188,0.11058520951352213
122,001220127.WAV,1.3398298025131226,0.22911582282914603
122,001220129.WAV,1.5807781219482422,0.28923176178001
122,001220137.WAV,0.7843355536460876,0.09052154489130507
122,001220138.WAV,2.138799905776977,0.42845665269664224
122,001220159.WAV,1.5716047286987305,0.28694302554871864
122,001220163.WAV,1.7786322832107544,0.33859582751624895
122,001220166.WAV,0.7738000154495239,0.08789295726502921
122,001220168.WAV,1.618973731994629,0.298761460792324
131,001310020.WAV,1.2161802053451538,0.19826559049685502
131,001310022.WAV,1.1228713989257812,0.17498530149780508
131,001310023.WAV,1.26952862739563,0.211575874173579
131,001310061.WAV,1.2550246715545654,0.2079571773263397
131,001310062.WAV,0.7643082141876221,0.08552477911573991
131,001310076.WAV,1.338871717453003,0.2288767832578433
131,001310078.WAV,1.5340865850448608,0.27758235252666386
131,001310081.WAV,1.254258155822754,0.2077659337723424
131,001310096.WAV,0.9073801040649414,0.12122081973396728
131,001310122.WAV,1.339285969734192,0.22898013805568793
131,001310123.WAV,1.1348216533660889,0.1779668569121157
131,001310129.WAV,1.5944734811782837,0.29264871601033404
131,001310144.WAV,0.7295646667480469,0.0768563601713349
131,001310148.WAV,0.8531198501586914,0.10768303653243375
131,001310152.WAV,1.8545787334442136,0.35754425669173795
131,001310154.WAV,1.4937500953674316,0.26751850997061133
131,001310155.WAV,1.5730599164962769,0.28730609087743486
131,001310162.WAV,1.3026646375656128,0.21984321701757123
131,001310165.WAV,1.1041297912597656,0.17030932224660048
131,001310168.WAV,1.600591063499451,0.2941750358709928
133,001330002.WAV,0.6604573726654053,0.059614281530275315
133,001330027.WAV,0.691510021686554,0.06736183153267589
133,001330033.WAV,0.8981478810310364,0.11891740563426265
133,001330057.WAV,0.911583423614502,0.12226953633022641
133,001330067.WAV,0.8624706864356995,0.110016044308068
133,001330068.WAV,0.9231696128845216,0.12516025849198528
133,001330075.WAV,1.252178430557251,0.20724704807358071
133,001330097.WAV,1.6451410055160522,0.30529012312627324
133,001330099.WAV,1.242037653923035,0.20471695236473295
133,001330112.WAV,1.1974060535430908,0.19358149157376217
133,001330115.WAV,1.1258758306503296,0.17573489889926622
133,001330118.WAV,1.194524168968201,0.1928624693470304
133,001330126.WAV,1.7446131706237793,0.3301081530629235
133,001330128.WAV,1.7362345457077026,0.3280177093315545
133,001330129.WAV,1.468233942985535,0.26115230055920235
133,001330143.WAV,2.2869935035705566,0.46543054526727123
133,001330146.WAV,2.361124277114868,0.48392596813312827
133,001330155.WAV,1.5067908763885498,0.2707721487491471
133,001330170.WAV,1.321398138999939,0.2245171737864007
133,001330172.WAV,1.884793758392334,0.36508282180577745
135,001350002.WAV,0.808903694152832,0.09665122796318634
135,001350091.WAV,1.118931770324707,0.1740023750635121
135,001350119.WAV,1.3176730871200562,0.2235877836502718
135,001350124.WAV,0.8778318166732788,0.11384860379527889
135,001350134.WAV,1.0454957485198977,0.15568029083415527
135,001350163.WAV,1.6276005506515503,0.30091382817523615
135,001350174.WAV,0.8929179310798645,0.11761254759367612
135,001350180.WAV,0.8981250524520874,0.11891170996698572
135,001350194.WAV,1.0549575090408323,0.1580409739017015
135,001350216.WAV,1.2331455945968628,0.2024984081688123
135,001350219.WAV,0.8452939987182617,0.10573050825361302
135,001350243.WAV,1.526199221611023,0.27561447717570275
135,001350285.WAV,1.1518844366073608,0.1822239741149619
135,001350312.WAV,0.8382760882377625,0.10397955900857409
135,001350317.WAV,1.009012222290039,0.146577751996415
135,001350318.WAV,1.0261571407318115,0.15085536170450295
135,001350343.WAV,1.026482343673706,0.15093649893860941
135,001350350.WAV,0.9769673347473145,0.13858264122858727
135,001350356.WAV,1.0685542821884155,0.16143333117725808
135,001350375.WAV,1.1915546655654907,0.19212158646521485
145,001450037.WAV,1.0140702724456787,0.14783972151369454
145,001450043.WAV,2.7368435859680176,0.577666896007741
145,001450049.WAV,2.077798366546631,0.4132369374611198
145,001450051.WAV,1.8755210638046265,0.36276931016539127
145,001450063.WAV,0.934410274028778,0.12796477234250592
145,001450070.WAV,1.594868779182434,0.2927473417685075
145,001450083.WAV,1.6574056148529053,0.30835010921739425
145,001450090.WAV,1.553756833076477,0.2824900249793675
145,001450094.WAV,1.7604601383209229,0.33406192765189435
145,001450098.WAV,1.235342502593994,0.20304653063484904
145,001450109.WAV,1.3410325050354004,0.2294158937803559
145,001450116.WAV,1.7039830684661863,0.3199710550055498
145,001450140.WAV,1.9895038604736328,0.3912077025230014
145,001450142.WAV,0.571931004524231,0.03752719764775189
145,001450146.WAV,1.2704381942749023,0.211802808593019
145,001450159.WAV,2.9578933715820312,0.6328182058331322
145,001450170.WAV,2.07401442527771,0.41229285458538356
145,001450171.WAV,1.6503047943115234,0.30657847414159245
145,001450172.WAV,1.4881510734558103,0.26612156949718246
145,001450173.WAV,1.9085208177566528,0.37100265746004935
149,001490002.WAV,0.7962425947189331,0.09349231869001318
149,001490016.WAV,0.9282749891281128,0.1264340357372487
149,001490024.WAV,1.0755620002746582,0.16318173744813422
149,001490032.WAV,0.7186896204948425,0.07414306622440828
149,001490039.WAV,1.0415661334991455,0.1546998627604432
149,001490045.WAV,1.305453896522522,0.22053912940892886
149,001490052.WAV,0.9202219247817992,0.12442481846714973
149,001490056.WAV,2.3453621864318848,0.4799933701243202
149,001490077.WAV,1.2633529901504517,0.2100350697700281
149,001490080.WAV,1.108008623123169,0.17127708006308032
149,001490093.WAV,0.8094695806503296,0.09679241507840022
149,001490101.WAV,0.9662120938301086,0.13589923838146892
149,001490109.WAV,1.9853137731552124,0.3901622873317957
149,001490127.WAV,1.7653590440750122,0.33528419108136875
149,001490131.WAV,1.1514699459075928,0.18212055983234157
149,001490138.WAV,0.6448665261268616,0.05572440846164095
149,001490153.WAV,1.3561954498291016,0.23319900654773465
149,001490155.WAV,1.01844584941864,0.14893141586042422
149,001490161.WAV,1.4174212217330933,0.2484746672148387
149,001490171.WAV,0.6172032356262207,0.048822494031130315
157,001570024.WAV,0.8698307871818542,0.11185236907748475
157,001570030.WAV,0.6489681005477905,0.05674773992985391
157,001570034.WAV,1.0037823915481567,0.1452729236982164
157,001570061.WAV,0.9072330594062804,0.12118413249853091
157,001570072.WAV,0.7590190768241882,0.08420515397957648
157,001570100.WAV,0.7769359946250916,0.08867537539150369
157,001570165.WAV,0.7283860445022583,0.07656229718247459
157,001570185.WAV,0.8169875144958496,0.09866811876935547
157,001570194.WAV,1.1149417161941528,0.1730068675991505
157,001570203.WAV,0.9284319281578064,0.12647319159087816
157,001570212.WAV,0.5369948744773865,0.028810729875744567
157,001570216.WAV,0.9065736532211304,0.12101961248003384
157,001570269.WAV,0.8643141984939575,0.11047599546526735
157,001570272.WAV,1.2717593908309937,0.21213244347777058
157,001570290.WAV,0.7867903113365173,0.09113400014230247
157,001570316.WAV,0.7175413966178894,0.07385658754445457
157,001570324.WAV,0.7385586500167847,0.07910033410888345
157,001570325.WAV,0.8604645133018494,0.10951550966262147
157,001570361.WAV,0.7287865281105042,0.07666221673452034
157,001570378.WAV,1.0318557024002075,0.15227713707180227
306,003060002.WAV,1.4429686069488523,0.25484866913186943
306,003060017.WAV,1.8054033517837524,0.3452751350447545
306,003060025.WAV,1.2957390546798706,0.21811530325193676
306,003060028.WAV,1.1730279922485352,0.18749923273933797
306,003060064.WAV,0.9227048754692078,0.12504430779287815
306,003060087.WAV,1.829911708831787,0.3513899023091195
306,003060107.WAV,1.6829241514205933,0.3147169134765607
306,003060161.WAV,0.8956955075263977,0.11830554523102263
306,003060186.WAV,0.9444525837898254,0.130470300838974
306,003060226.WAV,1.7183042764663696,0.32354415677218595
306,003060229.WAV,1.7443935871124268,0.3300533675844689
306,003060235.WAV,1.2176097631454468,0.19862226121217944
306,003060245.WAV,1.7535439729690552,0.3323363635349016
306,003060259.WAV,2.036095142364502,0.4028320984281498
306,003060263.WAV,1.2279095649719238,0.20119203326644444
306,003060285.WAV,1.2588350772857666,0.2089078630121828
306,003060291.WAV,1.5165165662765503,0.2731986814634353
306,003060306.WAV,1.4291024208068848,0.2513890940597291
306,003060319.WAV,1.588083267211914,0.2910543753086191
306,003060337.WAV,1.4303957223892212,0.25171176922571936
457,004570010.WAV,0.9677709341049194,0.13628816471643723
457,004570071.WAV,1.618378758430481,0.29861301653447003
457,004570074.WAV,0.941832959651947,0.12981671186555388
457,004570106.WAV,1.075780749320984,0.1632363147298738
457,004570124.WAV,1.1249653100967407,0.1755077265407232
457,004570129.WAV,0.9046805500984192,0.12054728848948101
457,004570137.WAV,1.230242371559143,0.2017740620546519
457,004570145.WAV,1.4241232872009275,0.2501468140032188
457,004570146.WAV,1.0271304845809937,0.1510982083014529
457,004570167.WAV,0.9873266220092772,0.14116725473439887
457,004570237.WAV,1.1583062410354614,0.18382619654946217
457,004570256.WAV,1.014079213142395,0.1478419521927847
457,004570259.WAV,1.39178204536438,0.24207776365914893
457,004570268.WAV,2.1439783573150635,0.4297486620256694
457,004570283.WAV,1.3451807498931885,0.23045086939341955
457,004570289.WAV,1.189746618270874,0.19167048366840647
457,004570300.WAV,1.0333199501037598,0.1526424628219966
457,004570304.WAV,0.8004458546638489,0.09454102041507836
457,004570306.WAV,2.0769050121307373,0.4130140480064298
457,004570374.WAV,2.5877010822296143,0.5404562540296753
461,004610037.WAV,1.8029731512069704,0.34466880672565814
461,004610054.WAV,1.5658745765686035,0.28551336844863395
461,004610065.WAV,1.6215258836746216,0.2993982155742103
461,004610129.WAV,2.036972999572754,0.4030511213724167
461,004610148.WAV,1.7992451190948486,0.3437386730298324
461,004610151.WAV,2.054919481277466,0.4075287188965354
461,004610176.WAV,1.0021421909332275,0.14486369818352754
461,004610177.WAV,1.183502197265625,0.19011251790705522
461,004610182.WAV,1.1940091848373413,0.19273398223143648
461,004610227.WAV,1.4404693841934204,0.2542251199701969
461,004610230.WAV,1.9405272006988523,0.3789881614365953
461,004610231.WAV,1.3970234394073486,0.2433854769689708
461,004610238.WAV,1.3807839155197144,0.23933376069674758
461,004610239.WAV,2.272778034210205,0.46188382499867486
461,004610246.WAV,0.9816034436225892,0.13973933756400464
461,004610266.WAV,1.2391936779022217,0.20400738821734335
461,004610290.WAV,1.103928565979004,0.17025911709587768
461,004610298.WAV,1.2572698593139648,0.20851734545946352
461,004610362.WAV,1.211032748222351,0.1969813141886738
461,004610373.WAV,1.8835309743881223,0.36476776069108163
482,004820005.WAV,0.7466364502906799,0.0811157229244652
482,004820015.WAV,1.3372225761413574,0.22846532706406428
482,004820041.WAV,1.1514378786087036,0.18211255913000482
482,004820045.WAV,0.6728479266166687,0.06270569045417987
482,004820055.WAV,1.2825136184692385,0.2148155935145921
482,004820114.WAV,0.8644912838935852,0.11052017778244669
482,004820119.WAV,1.0327657461166382,0.15250419046079386
482,004820144.WAV,0.9080409407615662,0.12138569666111879
482,004820201.WAV,1.0177569389343262,0.14875953460092964
482,004820214.WAV,0.9390498995780944,0.1291223460783654
482,004820220.WAV,1.452001929283142,0.2571024580574147
482,004820239.WAV,1.731184005737305,0.3267576135847108
482,004820258.WAV,1.0103305578231812,0.1469066730638577
482,004820265.WAV,0.8944131731987,0.11798560636471636
482,004820268.WAV,1.5342185497283936,0.2776152773500348
482,004820329.WAV,1.4194673299789429,0.24898516556022135
482,004820353.WAV,1.3665952682495115,0.23579373246542165
482,004820370.WAV,0.8505423665046692,0.10703996149312528
482,004820371.WAV,1.4599665403366089,0.2590896064757149
482,004820378.WAV,1.1581817865371704,0.18379514549652695
560,005600015.WAV,1.4342509508132937,0.25267363804940113
560,005600060.WAV,1.4519506692886353,0.2570896688306311
560,005600065.WAV,1.2443183660507202,0.2052859837294416
560,005600129.WAV,1.2701483964920044,0.2117305048481096
560,005600145.WAV,1.3691679239273071,0.2364356029380215
560,005600146.WAV,0.8409743905067444,0.10465277795798775
560,005600153.WAV,1.0257879495620728,0.1507632495292728
560,005600154.WAV,1.5118309259414673,0.2720296271658583
560,005600180.WAV,1.953719139099121,0.382279513562949
560,005600199.WAV,1.217245101928711,0.1985312792476883
560,005600205.WAV,1.6446411609649658,0.30516541329393876
560,005600212.WAV,1.3592300415039062,0.23395612877332658
560,005600214.WAV,1.560123085975647,0.2840783874611208
560,005600268.WAV,1.6818952560424805,0.31446020692686383
560,005600294.WAV,0.9108666181564332,0.12209069535197045
560,005600296.WAV,1.2194528579711914,0.1990821082710212
560,005600298.WAV,2.429998874664306,0.5011099896330675
560,005600318.WAV,1.2006932497024536,0.19440163791924844
560,005600365.WAV,1.6060248613357544,0.29553075339483514
560,005600370.WAV,1.3337743282318115,0.2276049987525671
563,005630017.WAV,1.7565723657608032,0.3330919391563243
563,005630044.WAV,0.986142098903656,0.14087171949733907
563,005630072.WAV,1.5575828552246094,0.2834446069180214
563,005630081.WAV,0.947536826133728,0.1312398107691134
563,005630122.WAV,1.0152045488357544,0.14812272033426757
563,005630127.WAV,1.362776279449463,0.2348409053276521
563,005630142.WAV,1.7483512163162231,0.3310407851193301
563,005630147.WAV,0.9981430768966676,0.14386593029768796
563,005630151.WAV,0.9735066294670104,0.13771920483755773
563,005630160.WAV,1.2573273181915283,0.20853168129041635
563,005630169.WAV,1.0646789073944092,0.16046643589002643
563,005630195.WAV,1.0830175876617432,0.16504188587023397
563,005630225.WAV,1.0119444131851196,0.14730932551082757
563,005630267.WAV,0.8490045666694641,0.10665628468961585
563,005630284.WAV,0.9778598546981812,0.13880532248656208
563,005630291.WAV,0.8291667699813843,0.10170680931076231
563,005630302.WAV,1.010888934135437,0.1470459864086359
563,005630315.WAV,0.8228079676628113,0.10012030572825081
563,005630330.WAV,1.3881572484970093,0.24117338687121778
563,005630375.WAV,1.1176424026489258,0.17368068139632156
567,005670043.WAV,1.3215043544769287,0.22454367425399194
567,005670055.WAV,1.4725689888000488,0.26223388249405655
567,005670113.WAV,1.139113426208496,0.17903764236017358
567,005670122.WAV,0.7786663174629211,0.08910708615142149
567,005670125.WAV,1.1891849040985107,0.19153033753676799
567,005670137.WAV,1.3466832637786863,0.2308257424501197
567,005670147.WAV,1.0904847383499146,0.16690491930395704
567,005670155.WAV,2.3116567134857178,0.4715839478934779
567,005670159.WAV,0.926621437072754,0.12602147907511854
567,005670160.WAV,1.5662163496017456,0.2855986398746543
567,005670189.WAV,1.2992191314697266,0.21898357278099498
567,005670198.WAV,1.1317239999771118,0.17719400096334106
567,005670282.WAV,1.0946040153503418,0.16793266751676858
567,005670289.WAV,1.006325125694275,0.14590732883146104
567,005670292.WAV,1.1052595376968384,0.1705911908564345
567,005670303.WAV,0.8210039734840393,0.09967021417263
567,005670310.WAV,1.0567574501037598,0.1584900542161348
567,005670320.WAV,1.7043105363845823,0.3200527573450258
567,005670348.WAV,0.977449119091034,0.13870284508915964
567,005670356.WAV,1.146369457244873,0.18084800202498072
575,005750059.WAV,1.2829852104187012,0.2149332544010016
575,005750067.WAV,1.1571921110153198,0.18354822419243896
575,005750089.WAV,1.5331474542617798,0.27734804199503227
575,005750099.WAV,1.1868268251419067,0.19094200336233233
575,005750150.WAV,0.9540591835975648,0.13286712090778113
575,005750168.WAV,0.9121116995811462,0.12240133972206765
575,005750178.WAV,1.0046055316925049,0.1454782948864515
575,005750179.WAV,1.6732630729675293,0.3123065011364975
575,005750237.WAV,1.4393740892410278,0.253951846910457
575,005750249.WAV,1.3275737762451172,0.22605797818995157
575,005750268.WAV,0.8129564523696899,0.09766237992356697
575,005750270.WAV,1.2231507301330566,0.20000471714271603
575,005750290.WAV,1.0452392101287842,0.15561628521546125
575,005750297.WAV,1.0952410697937012,0.16809161083754023
575,005750298.WAV,1.154236912727356,0.1828109103971677
575,005750300.WAV,1.4992482662200928,0.26889028838390294
575,005750303.WAV,1.5774004459381104,0.28838904096213114
575,005750321.WAV,0.8715038299560547,0.11226978862003151
575,005750330.WAV,0.8865578174591064,0.11602571684489804
575,005750347.WAV,0.7363555431365967,0.07855066503867741
594,005940019.WAV,1.462659239768982,0.25976142753289877
594,005940025.WAV,1.285624623298645,0.215591780610808
594,005940141.WAV,1.1003482341766355,0.16936583421862164
594,005940142.WAV,1.0377967357635498,0.15375940845602706
594,005940164.WAV,1.866180419921875,0.3604388453639198
594,005940174.WAV,1.7086416482925415,0.32113335778108043
594,005940193.WAV,1.6350263357162476,0.3027665410003687
594,005940195.WAV,1.553614616394043,0.2824545423106398
594,005940234.WAV,1.6454384326934814,0.30536433038400623
594,005940237.WAV,1.5104414224624634,0.2716829498928579
594,005940238.WAV,1.7134156227111816,0.3223244511880682
594,005940252.WAV,1.462472438812256,0.2597148212111081
594,005940263.WAV,1.3134113550186155,0.22252449328395688
594,005940267.WAV,1.600569725036621,0.29416971198356423
594,005940271.WAV,1.3797690868377686,0.23908056374881922
594,005940283.WAV,1.904821753501892,0.3700797511644758
594,005940304.WAV,1.253951907157898,0.20768952557790707
594,005940318.WAV,1.6263271570205688,0.30059611998802005
594,005940373.WAV,1.0950278043746948,0.1680384017056427
594,005940380.WAV,0.9816712737083436,0.13975626098270205
736,007360004.WAV,1.366294264793396,0.23571863293605264
736,007360006.WAV,1.9386831521987915,0.3785280764386506
736,007360036.WAV,1.4766675233840942,0.2632564555313789
736,007360045.WAV,1.5075074434280396,0.2709509302426273
736,007360055.WAV,0.8653868436813354,0.11074361747131214
736,007360108.WAV,2.0236263275146484,0.39972116362660925
736,007360181.WAV,1.2697540521621704,0.21163211702903914
736,007360196.WAV,1.072736382484436,0.1624767536284765
736,007360205.WAV,0.713049054145813,0.07273576052880718
736,007360212.WAV,1.9343169927597048,0.37743873174056264
736,007360233.WAV,1.9518184661865237,0.3818053009307665
736,007360247.WAV,1.3099334239959717,0.22165675911788033
736,007360249.WAV,1.728623867034912,0.32611886606283724
736,007360250.WAV,1.2498859167099,0.20667507221247297
736,007360280.WAV,1.2090613842010498,0.196489464320485
736,007360281.WAV,1.096039056777954,0.16829070638193497
736,007360296.WAV,1.7002590894699097,0.31904193255091173
736,007360299.WAV,1.5189969539642334,0.2738175313278245
736,007360305.WAV,1.7784194946289062,0.33854273735390283
736,007360374.WAV,0.7167797088623047,0.07366654855716592
739,007390013.WAV,1.7823480367660522,0.3395228977461241
739,007390019.WAV,2.25720739364624,0.4579989932647841
739,007390062.WAV,2.2946910858154297,0.467351070736745
739,007390070.WAV,1.4964386224746704,0.26818929004421976
739,007390072.WAV,1.896075963973999,0.3678977008784704
739,007390092.WAV,2.262731075286865,0.45937713654907975
739,007390119.WAV,1.6634007692337036,0.30984588364571153
739,007390120.WAV,2.159199953079224,0.4335464080478798
739,007390139.WAV,1.296250820159912,0.21824298732305816
739,007390160.WAV,1.7860238552093506,0.34044000427606314
739,007390195.WAV,1.474738836288452,0.2627752534380471
739,007390197.WAV,1.8521242141723635,0.35693186092551643
739,007390208.WAV,1.598907709121704,0.2937550436118954
739,007390211.WAV,2.158756732940674,0.433435825849783
739,007390220.WAV,1.2953981161117554,0.21803024002263158
739,007390228.WAV,2.198918342590332,0.4434560363228317
739,007390238.WAV,1.3616573810577393,0.23456174327511412
739,007390281.WAV,1.2900060415267944,0.2166849323345433
739,007390294.WAV,1.5189309120178225,0.27380105404494515
739,007390355.WAV,1.4429116249084473,0.2548344522704681
765,007650036.WAV,1.5716447830200195,0.28695301899104253
765,007650061.WAV,3.393123149871826,0.7414068311558026
765,007650076.WAV,1.6879414319992063,0.31596871109718894
765,007650078.WAV,1.4164793491363523,0.24823967260828608
765,007650084.WAV,2.897101640701294,0.6176508372002589
765,007650089.WAV,1.1569440364837646,0.18348633028328368
765,007650116.WAV,1.618695855140686,0.2986921312862014
765,007650131.WAV,1.8175727128982544,0.3483113569679682
765,007650174.WAV,2.0961039066314697,0.4178041190574997
765,007650181.WAV,1.204623460769653,0.19538221470489972
765,007650192.WAV,1.98858106136322,0.39097746669850786
765,007650197.WAV,1.8256123065948489,0.35031721334823795
765,007650254.WAV,1.4208439588546753,0.24932863065533198
765,007650271.WAV,1.272144079208374,0.21222842216342366
765,007650294.WAV,1.356011152267456,0.23315302481608927
765,007650337.WAV,1.4494234323501587,0.2564591302078094
765,007650346.WAV,2.84151029586792,0.6037809504957807
765,007650352.WAV,1.3240604400634766,0.22518141053467797
765,007650369.WAV,1.807835340499878,0.3458819094996689
765,007650377.WAV,1.3863344192504885,0.24071859601831372
811,008110043.WAV,0.9173527956008912,0.12370897867591993
811,008110049.WAV,0.9905341863632202,0.1419675331647887
811,008110106.WAV,1.317840576171875,0.2236295717052277
811,008110107.WAV,1.3064552545547483,0.22078896546702795
811,008110110.WAV,0.988878846168518,0.14155453036684043
811,008110113.WAV,1.2311363220214844,0.20199710022128112
811,008110116.WAV,1.1275924444198608,0.17616318928457905
811,008110147.WAV,0.6600032448768616,0.05950097790368855
811,008110159.WAV,1.3070110082626345,0.22092762447927314
811,008110175.WAV,0.6590145826339722,0.05925430940989743
811,008110204.WAV,0.8220764994621277,0.09993780643628694
811,008110209.WAV,1.1017732620239258,0.1697213747232071
811,008110224.WAV,1.2924755811691284,0.21730107564163645
811,008110247.WAV,0.654230535030365,0.0580607027711347
811,008110258.WAV,1.7011688947677612,0.3192689264551275
811,008110286.WAV,0.9443333745002748,0.1304405584511051
811,008110287.WAV,0.960068941116333,0.13436653877861235
811,008110307.WAV,0.7635511159896851,0.08533588521038424
811,008110340.WAV,1.5298516750335691,0.2765257541976194
811,008110371.WAV,0.8010790348052979,0.09469899710824428
813,008130061.WAV,1.1890742778778076,0.19150273660082565
813,008130081.WAV,1.0796300172805786,0.1641966964341621
813,008130091.WAV,0.8281790614128113,0.10146037875607417
813,008130100.WAV,1.3137307167053225,0.22260417314105788
813,008130153.WAV,0.7212123870849609,0.07477248950768489
813,008130196.WAV,1.08315110206604,0.16507519734464718
813,008130222.WAV,1.3636282682418823,0.23505347417375147
813,008130233.WAV,0.8457120060920715,0.1058347999366755
813,008130257.WAV,1.1971286535263062,0.19351228103719112
813,008130271.WAV,0.6730645298957825,0.06275973237293775
813,008130281.WAV,1.2701570987701416,0.21173267604242405
813,008130282.WAV,1.707949161529541,0.3209605842499498
813,008130283.WAV,1.4489718675613403,0.25634646604256184
813,008130288.WAV,0.868803858757019,0.11159615327718769
813,008130301.WAV,0.7268827557563782,0.07618723080025322
813,008130339.WAV,0.9077057242393494,0.12130206106643132
813,008130340.WAV,1.056265354156494,0.15836727763901173
813,008130346.WAV,1.0863714218139648,0.16587865821053896
813,008130356.WAV,0.9943253993988036,0.1429134303261848
813,008130380.WAV,1.01036536693573,0.14691535784111545
960,009600062.WAV,1.3489928245544434,0.23140197147269279
960,009600113.WAV,1.7103079557418823,0.3215490968787126
960,009600118.WAV,1.6080840826034546,0.29604452340288345
960,009600120.WAV,2.3429722785949707,0.4793970947323235
960,009600127.WAV,0.908934772014618,0.1216087050853602
960,009600129.WAV,1.3101575374603271,0.22171267480707393
960,009600133.WAV,1.2124875783920288,0.19734429029022646
960,009600140.WAV,1.4115018844604492,0.2469978089452061
960,009600186.WAV,1.5554896593093872,0.2829223603294305
960,009600190.WAV,1.780312180519104,0.3390149572460982
960,009600205.WAV,1.3882153034210205,0.24118787141410994
960,009600215.WAV,1.4527218341827393,0.25728207233775535
960,009600262.WAV,1.5068926811218262,0.27079754874838713
960,009600267.WAV,1.0570272207260132,0.1585573612398822
960,009600270.WAV,0.9597274661064148,0.13428134170856174
960,009600287.WAV,0.8451976180076599,0.10570646153302096
960,009600335.WAV,1.2899397611618042,0.2166683955668882
960,009600337.WAV,1.2547037601470947,0.20787711081819651
960,009600338.WAV,1.339086890220642,0.22893046826794675
960,009600343.WAV,2.61202335357666,0.5465245934265769
981,009810029.WAV,1.2061835527420044,0.1957714533349407
981,009810073.WAV,1.4980125427246094,0.26858197879125345
981,009810075.WAV,1.3642113208770752,0.23519894419281848
981,009810106.WAV,1.2245231866836548,0.2003471412542512
981,009810112.WAV,1.3543003797531128,0.23272619180778195
981,009810153.WAV,0.8410115242004395,0.1046620427118089
981,009810155.WAV,1.17330801486969,0.18756909760844212
981,009810196.WAV,1.5045933723449707,0.27022387757117083
981,009810200.WAV,1.6484969854354858,0.30612743082955984
981,009810204.WAV,1.3589409589767456,0.23388400348274438
981,009810230.WAV,0.9737250208854676,0.1377736928921337
981,009810235.WAV,1.678752303123474,0.313676048870699
981,009810249.WAV,1.2279947996139526,0.20121329907377075
981,009810258.WAV,1.0932493209838867,0.16759467502102585
981,009810283.WAV,0.8379111289978027,0.10388850268811331
981,009810293.WAV,1.5076823234558103,0.270994562325631
981,009810305.WAV,0.980751633644104,0.13952681333148703
981,009810327.WAV,0.8810778856277466,0.11465848901695036
981,009810344.WAV,0.9195100665092468,0.12424721179799034
981,009810349.WAV,1.9189916849136357,0.3736151098409064
1012,010120008.WAV,2.02984356880188,0.4012723481235264
1012,010120059.WAV,1.4481041431427002,0.2561299712012638
1012,010120071.WAV,1.6409809589385986,0.30425220301681055
1012,010120128.WAV,0.918893039226532,0.12409326519838065
1012,010120148.WAV,1.3081949949264526,0.22122302587558748
1012,010120166.WAV,1.7246097326278689,0.3251173506361261
1012,010120180.WAV,1.038087248802185,0.15383189065526368
1012,010120193.WAV,0.6969698667526245,0.06872404776826765
1012,010120200.WAV,1.043262600898743,0.15512312668220626
1012,010120208.WAV,1.0157136917114258,0.14824975007285582
1012,010120212.WAV,1.0466220378875732,0.15596129691474106
1012,010120219.WAV,1.5392431020736694,0.278868889256323
1012,010120243.WAV,1.4319015741348269,0.25208747506928
1012,010120255.WAV,0.9489701390266418,0.1315974183696557
1012,010120265.WAV,0.9785976409912108,0.13898939812508296
1012,010120269.WAV,1.0159739255905151,0.14831467770557374
1012,010120303.WAV,1.0227630138397217,0.15000853643709824
1012,010120334.WAV,1.3684672117233276,0.23626077718212782
1012,010120335.WAV,0.757832407951355,0.08390908337953504
1012,010120374.WAV,1.6097910404205322,0.2964704046547789
1027,010270117.WAV,1.0928142070770264,0.1674861153053042
1027,010270124.WAV,1.8329495191574097,0.35214782757918384
1027,010270131.WAV,0.9382871985435486,0.1289320542807799
1027,010270140.WAV,0.8932846784591675,0.11770405004995493
1027,010270170.WAV,0.7152989506721497,0.07329710348625176
1027,010270198.WAV,0.9035399556159972,0.12026271332235089
1027,010270226.WAV,0.8663502335548401,0.11098398057887507
1027,010270238.WAV,0.9646593928337096,0.13551184377947584
1027,010270265.WAV,0.917120397090912,0.12365099589076942
1027,010270268.WAV,0.9365171194076538,0.1284904244345078
1027,010270294.WAV,0.8027012944221497,0.09510374639355887
1027,010270301.WAV,0.9325739741325378,0.12750662059977266
1027,010270306.WAV,1.0306999683380127,0.15198878462141283
1027,010270314.WAV,0.935081958770752,0.12813235582695354
1027,010270349.WAV,1.0825568437576294,0.1649269315411205
1027,010270354.WAV,0.8700375556945801,0.11190395724924343
1027,010270356.WAV,1.3285001516342163,0.2262891062860812
1027,010270366.WAV,1.2146556377410889,0.197885215098399
1027,010270368.WAV,0.7686753273010254,0.086614361752931
1027,010270377.WAV,1.1055986881256104,0.17067580794992168
1029,010290003.WAV,1.007944941520691,0.14631146839782436
1029,010290066.WAV,0.7652736306190491,0.08576564784389662
1029,010290094.WAV,0.900784194469452,0.11957515854198444
1029,010290096.WAV,0.7931268811225891,0.09271495676947641
1029,010290123.WAV,1.2710851430892944,0.2119642205319838
1029,010290152.WAV,0.9433789849281312,0.1302024408938263
1029,010290179.WAV,1.2272104024887085,0.20101759416159307
1029,010290189.WAV,1.6791421175003052,0.31377330647903046
1029,010290229.WAV,1.0282152891159058,0.15136886403106034
1029,010290236.WAV,1.332877516746521,0.227381246768629
1029,010290252.WAV,0.7959348559379578,0.0934155387157295
1029,010290260.WAV,1.1052019596099854,0.17057682528309384
1029,010290276.WAV,1.167816162109375,0.18619889554170752
1029,010290287.WAV,1.2677536010742188,0.2111330100182103
1029,010290294.WAV,1.091907978057861,0.1672600136727244
1029,010290320.WAV,1.0683815479278564,0.16139023445723596
1029,010290330.WAV,1.3152477741241455,0.22298267476907804
1029,010290341.WAV,0.8905187249183655,0.11701395229542566
1029,010290361.WAV,1.162336349487305,0.18483169745614778
1029,010290362.WAV,1.0063645839691162,0.14591717356184566
1030,010300003.WAV,1.506934404373169,0.2708079585841413
1030,010300105.WAV,0.8638879656791687,0.11036965155744194
1030,010300106.WAV,0.9272494912147522,0.12617817684560606
1030,010300123.WAV,0.9127632975578308,0.12256391161415933
1030,010300128.WAV,1.7469327449798584,0.3306868804460775
1030,010300133.WAV,1.5649877786636353,0.28529211482527694
1030,010300153.WAV,1.202487826347351,0.19484937982622755
1030,010300157.WAV,1.464739441871643,0.2602804322012119
1030,010300159.WAV,0.9529609084129332,0.13259310428834445
1030,010300169.WAV,0.9654967188835144,0.13572075431186736
1030,010300194.WAV,1.4005476236343384,0.24426475118154053
1030,010300216.WAV,0.8981400728225708,0.11891545750785723
1030,010300217.WAV,0.9555482268333436,0.13323863307465217
1030,010300236.WAV,0.9717931747436525,0.13729170262552345
1030,010300275.WAV,1.061406135559082,0.1596498883734723
1030,010300282.WAV,0.8677226901054382,0.11132640469041027
1030,010300298.WAV,0.8243136405944824,0.10049596695822957
1030,010300316.WAV,1.2506908178329468,0.2068758928153641
1030,010300325.WAV,0.9209527969360352,0.12460716904717428
1030,010300328.WAV,1.2674375772476196,0.21105416294796972
1033,010330026.WAV,0.8385154008865356,0.10403926685222101
1033,010330033.WAV,0.9845086336135864,0.14046417442756481
1033,010330035.WAV,0.5739948749542236,0.03804212760892697
1033,010330052.WAV,1.185437798500061,0.19059544505888334
1033,010330053.WAV,1.1089245080947876,0.1715055908290775
1033,010330085.WAV,1.1980626583099363,0.19374531264614428
1033,010330103.WAV,1.105539083480835,0.17066093675598717
1033,010330129.WAV,0.8429136276245117,0.10513661225264587
1033,010330139.WAV,1.0060406923294067,0.14583636349400578
1033,010330147.WAV,0.7334609031677246,0.07782846037644361
1033,010330197.WAV,1.1033477783203125,0.17011421218218017
1033,010330206.WAV,1.156995415687561,0.18349914925245522
1033,010330235.WAV,1.019366979598999,0.14916123529148764
1033,010330241.WAV,1.1582411527633667,0.1838099572056857
1033,010330257.WAV,0.824028491973877,0.10042482316644705
1033,010330268.WAV,0.8513395190238953,0.10723884884080492
1033,010330277.WAV,1.1955955028533936,0.19312976418680858
1033,010330325.WAV,1.487561821937561,0.26597455287394633
1033,010330345.WAV,0.7247759699821472,0.0756615935794453
1033,010330346.WAV,0.918043851852417,0.1238813952983962
1037,010370025.WAV,0.9750503897666932,0.13810436876046067
1037,010370070.WAV,0.7777416110038757,0.08887637444872207
1037,010370099.WAV,0.8523709774017334,0.107496194851841
1037,010370102.WAV,1.367771863937378,0.23608728983368824
1037,010370131.WAV,1.2876437902450562,0.2160955571765322
1037,010370140.WAV,1.1903951168060305,0.19183228225841362
1037,010370202.WAV,0.6032863855361938,0.04535027844414566
1037,010370204.WAV,1.0662386417388916,0.16085558529290375
1037,010370216.WAV,0.942585289478302,0.1300044160753948
1037,010370217.WAV,1.108742594718933,0.17146020394518943
1037,010370232.WAV,1.110008716583252,0.17177609784674555
1037,010370234.WAV,1.0564799308776855,0.1584208139371759
1037,010370246.WAV,1.016752004623413,0.14850880627119437
1037,010370251.WAV,0.7131845355033875,0.07276956275262023
1037,010370253.WAV,0.5607535243034363,0.03473844726280173
1037,010370265.WAV,0.7829153537750244,0.09016720895342836
1037,010370290.WAV,1.5654689073562622,0.285412155102716
1037,010370309.WAV,0.7833756804466248,0.0902820591841843
1037,010370352.WAV,0.7527360916137695,0.08263756655574964
1037,010370380.WAV,1.01942777633667,0.1491764039093008
1039,010390004.WAV,1.2546135187149048,0.20785459583057972
1039,010390027.WAV,0.9087283611297609,0.12155720614076512
1039,010390039.WAV,1.0288963317871094,0.15153878229295561
1039,010390041.WAV,0.735817551612854,0.07841643764222486
1039,010390064.WAV,0.7898381352424622,0.09189442377294788
1039,010390126.WAV,0.6157897710800171,0.04846983853816819
1039,010390166.WAV,1.7021347284317017,0.31950989928164175
1039,010390170.WAV,0.8059837222099304,0.09592270304353037
1039,010390175.WAV,1.065964937210083,0.16078729677035666
1039,010390183.WAV,1.3800039291381836,0.239139156252921
1039,010390189.WAV,0.7202840447425842,0.07454087066215545
1039,010390216.WAV,1.5101399421691897,0.27160773139393735
1039,010390218.WAV,1.0333943367004397,0.15266102207202684
1039,010390244.WAV,0.6624175310134888,0.06010333561400444
1039,010390257.WAV,0.9395611882209778,0.12924991117993534
1039,010390269.WAV,0.6153696775436401,0.04836502636331802
1039,010390285.WAV,1.0157792568206787,0.1482661083861838
1039,010390303.WAV,1.0078110694885254,0.1462780676962475
1039,010390341.WAV,0.7808700203895569,0.08965690393356687
1039,010390366.WAV,0.8940189480781555,0.11788724828803374
1042,010420022.WAV,1.4258675575256348,0.25058200462251734
1042,010420023.WAV,1.2163710594177246,0.19831320805983318
1042,010420025.WAV,1.02996826171875,0.1518062258446732
1042,010420034.WAV,0.9297834634780884,0.12681039591334237
1042,010420040.WAV,0.6071295142173767,0.046309128415458756
1042,010420047.WAV,1.6209170818328855,0.29924632119936356
1042,010420059.WAV,1.517066478729248,0.27333588309867474
1042,010420060.WAV,1.3051466941833496,0.22046248327539056
1042,010420064.WAV,0.7023811936378479,0.07007415885199678
1042,010420102.WAV,1.275692343711853,0.21311370433834295
1042,010420105.WAV,1.9955898523330688,0.39272614065087486
1042,010420107.WAV,1.559205174446106,0.2838493710745299
1042,010420129.WAV,1.7950286865234375,0.3426866847709077
1042,010420133.WAV,1.0671885013580322,0.16109257263944352
1042,010420134.WAV,1.5214064121246338,0.2744186844714316
1042,010420143.WAV,2.4155123233795166,0.4974956351744573
1042,010420151.WAV,1.263923406600952,0.2101773870959809
1042,010420157.WAV,1.3886399269104004,0.24129381379969914
1042,010420167.WAV,1.4214929342269895,0.24949054821489045
1042,010420175.WAV,1.155245661735535,0.18306259048331483
1044,010440006.WAV,0.9562312960624696,0.13340905695714125
1044,010440008.WAV,0.9505898356437684,0.13200152819363112
1044,010440012.WAV,1.8365875482559204,0.3530555057721684
1044,010440017.WAV,0.8431199789047241,0.105188096326047
1044,010440038.WAV,0.8835729956626892,0.11528101206624139
1044,010440039.WAV,0.8104935884475708,0.09704790219019449
1044,010440053.WAV,1.3154256343841553,0.22302705041177853
1044,010440064.WAV,0.8155797123908997,0.09831687603981712
1044,010440077.WAV,1.4616427421569824,0.25950781419154023
1044,010440093.WAV,0.8458073139190674,0.10585857897577672
1044,010440099.WAV,0.5642825961112976,0.03561894091327408
1044,010440106.WAV,1.2030707597732544,0.19499482010290672
1044,010440107.WAV,1.858340620994568,0.3584828372257185
1044,010440117.WAV,1.5092642307281494,0.27138924381265206
1044,010440119.WAV,1.4313702583312988,0.25195491324654795
1044,010440120.WAV,1.029420256614685,0.15166950008763966
1044,010440127.WAV,1.4889652729034424,0.2663247100063275
1044,010440149.WAV,1.1827324628829956,0.18992047130858544
1044,010440150.WAV,1.0144126415252686,0.14792514165165413
1044,010440154.WAV,0.6905124187469482,0.0671129323597946
1046,010460017.WAV,1.4043179750442505,0.24520544342505965
1046,010460020.WAV,1.060375452041626,0.1593927356879574
1046,010460030.WAV,2.408445358276367,0.4957324469368103
1046,010460034.WAV,0.8230423331260681,0.10017877926280117
1046,010460041.WAV,1.383637547492981,0.24004573397755444
1046,010460050.WAV,1.6685034036636353,0.31111897681605405
1046,010460053.WAV,0.8780957460403442,0.11391445344202075
1046,010460061.WAV,0.6444524526596069,0.055621098277378156
1046,010460066.WAV,0.9406583309173584,0.1295236452466872
1046,010460079.WAV,1.132866382598877,0.17747902226628923
1046,010460088.WAV,0.8862579464912415,0.11595089986821372
1046,010460111.WAV,1.330148696899414,0.22670041376792086
1046,010460114.WAV,1.3616551160812378,0.23456117816974462
1046,010460120.WAV,1.0054367780685425,0.14568568855706168
1046,010460149.WAV,1.072262406349182,0.16235849789430953
1046,010460152.WAV,1.2603847980499268,0.2092945140544791
1046,010460153.WAV,0.8735588192939758,0.11278250277331037
1046,010460155.WAV,0.8937737345695496,0.1178260681961873
1046,010460158.WAV,1.1558297872543335,0.18320832818387264
1046,010460162.WAV,1.6122357845306396,0.29708036154519524
1050,010500012.WAV,1.140569090843201,0.17940082665844134
1050,010500018.WAV,1.79948627948761,0.34379884188049137
1050,010500028.WAV,1.0139634609222412,0.14781307233416394
1050,010500058.WAV,0.9781225323677064,0.13887085983823133
1050,010500071.WAV,2.1294286251068115,0.42611854410148853
1050,010500073.WAV,2.6676297187805176,0.5603982276719266
1050,010500083.WAV,1.4870456457138062,0.2658457683344738
1050,010500085.WAV,2.336336135864258,0.47774139548443484
1050,010500089.WAV,2.1153206825256348,0.42259865146675
1050,010500090.WAV,1.3208832740783691,0.22438871641319472
1050,010500100.WAV,2.325707197189331,0.47508950469726363
1050,010500108.WAV,1.879482626914978,0.36375770919905215
1050,010500110.WAV,1.1879851818084717,0.19123101014525493
1050,010500113.WAV,1.7935683727264404,0.34232234051951316
1050,010500131.WAV,0.9341611862182616,0.12790262562305374
1050,010500147.WAV,0.6176502704620361,0.04893402798563887
1050,010500149.WAV,1.8889214992523196,0.3661126817281277
1050,010500152.WAV,2.0827527046203613,0.41447303110095324
1050,010500163.WAV,2.422631025314331,0.4992717316084394
1050,010500167.WAV,1.4210247993469238,0.24937374985772917
1061,010610015.WAV,1.4457426071166992,0.25554077449757984
1061,010610017.WAV,1.8804419040679927,0.36399704619423345
1061,010610024.WAV,2.3000991344451904,0.4687003639048076
1061,010610025.WAV,1.2355560064315796,0.2030997992515224
1061,010610035.WAV,1.023182034492493,0.15011308093045764
1061,010610057.WAV,1.3467676639556885,0.23084680006073097
1061,010610067.WAV,0.7817856073379517,0.08988534034359433
1061,010610069.WAV,1.357337474822998,0.23348393862351915
1061,010610073.WAV,1.5447235107421875,0.2802362360538222
1061,010610080.WAV,1.3770489692687988,0.23840190194242553
1061,010610087.WAV,0.7004740834236145,0.06959834013086932
1061,010610094.WAV,1.1843788623809814,0.19033124342744348
1061,010610099.WAV,1.6697745323181152,0.31143611989790065
1061,010610102.WAV,0.8129526972770691,0.09766144303834912
1061,010610113.WAV,1.700297236442566,0.3190514501150298
1061,010610114.WAV,1.3662093877792358,0.23569745635588993
1061,010610129.WAV,1.310147047042847,0.22171005747694153
1061,010610151.WAV,1.0391913652420044,0.1541073646517059
1061,010610165.WAV,1.4966777563095093,0.2682489532742849
1061,010610171.WAV,2.3726747035980225,0.4868077675785264
1064,010640005.WAV,1.042434573173523,0.1549165360560685
1064,010640017.WAV,1.6418118476867676,0.3044595074602571
1064,010640028.WAV,2.340672731399536,0.47882336407033144
1064,010640034.WAV,1.7640916109085083,0.33496797001354606
1064,010640036.WAV,1.2784790992736816,0.21380899213955532
1064,010640056.WAV,1.180778980255127,0.18943308279857698
1064,010640082.WAV,1.3522108793258667,0.23220486723321507
1064,010640098.WAV,1.365155816078186,0.23543459313190415
1064,010640166.WAV,1.3038926124572754,0.22014959335500925
1064,010640210.WAV,2.293433666229248,0.46703734802950325
1064,010640212.WAV,1.1596521139144895,0.1841619881085025
1064,010640242.WAV,1.33166766166687,0.22707939127414697
1064,010640250.WAV,1.21711266040802,0.1984982354547659
1064,010640277.WAV,1.1521204710006714,0.18228286404294244
1064,010640280.WAV,1.863748550415039,0.35983210065139326
1064,010640284.WAV,1.4711276292800903,0.2618742672823331
1064,010640286.WAV,1.4192712306976318,0.24893623933217693
1064,010640297.WAV,1.177191138267517,0.18853792615088524
1064,010640314.WAV,0.9747784733772278,0.13803652637373157
1064,010640366.WAV,1.0146982669830322,0.14799640441298814
1075,010750002.WAV,1.096628189086914,0.16843769326278332
1075,010750003.WAV,1.7174627780914309,0.32333420525621914
1075,010750010.WAV,1.435047268867493,0.25287231720036574
1075,010750011.WAV,1.2275185585021973,0.2010944782342343
1075,010750021.WAV,0.9123737812042236,0.12246672836179753
1075,010750024.WAV,0.7712106704711914,0.08724692285812777
1075,010750026.WAV,0.7506015300750732,0.08210499935856824
1075,010750035.WAV,1.204991340637207,0.19547399971386334
1075,010750043.WAV,1.1370327472686768,0.17851851872230898
1075,010750060.WAV,1.6381587982177734,0.303548081726401
1075,010750062.WAV,2.4494197368621826,0.5059554410103495
1075,010750072.WAV,1.4236528873443604,0.25002945054068804
1075,010750094.WAV,1.7813115119934082,0.3392642876836036
1075,010750097.WAV,1.3688242435455322,0.23634985563379532
1075,010750099.WAV,1.5654910802841189,0.28541768718685967
1075,010750102.WAV,2.320225477218628,0.47372183073349794
1075,010750104.WAV,1.4000673294067385,0.24414491910081657
1075,010750117.WAV,2.131705045700073,0.42668650474023384
1075,010750163.WAV,1.7274868488311768,0.32583518316734317
1075,010750168.WAV,1.171093463897705,0.18701657326900065
1092,010920012.WAV,1.9604898691177368,0.3839687919667416
1092,010920024.WAV,2.399717092514038,0.4935547687818217
1092,010920025.WAV,1.123684048652649,0.17518805535590773
1092,010920030.WAV,1.247367262840271,0.20604667504157784
1092,010920032.WAV,1.1136560440063477,0.17268609594598391
1092,010920033.WAV,0.8952975869178772,0.11820626514031607
1092,010920043.WAV,0.7904710173606873,0.0920523261101441
1092,010920044.WAV,1.18402099609375,0.1902419567790609
1092,010920065.WAV,0.9162775278091432,0.12344070233734203
1092,010920070.WAV,1.404280662536621,0.24519613405765664
1092,010920075.WAV,0.6968530416488647,0.06869490022815608
1092,010920101.WAV,1.6343107223510742,0.3025879974459914
1092,010920105.WAV,1.4194546937942505,0.24898201286710722
1092,010920125.WAV,1.703616976737976,0.3198797161324043
1092,010920126.WAV,1.3764742612838743,0.23825851389050925
1092,010920138.WAV,1.5298974514007568,0.2765371752745611
1092,010920141.WAV,1.4348865747451782,0.2528322244615183
1092,010920153.WAV,1.7470167875289917,0.3307078488295251
1092,010920159.WAV,2.0222668647766118,0.39938198143535186
1092,010920165.WAV,2.92927622795105,0.6256783076860881
1099,010990020.WAV,0.8779319524765015,0.1138735874010888
1099,010990048.WAV,0.9438525438308716,0.13032059252963568
1099,010990060.WAV,0.949206531047821,0.13165639752479982
1099,010990063.WAV,0.7082240581512451,0.07153193737981148
1099,010990082.WAV,0.9868157505989076,0.14103979373118652
1099,010990087.WAV,0.7840182781219482,0.09044238552599188
1099,010990123.WAV,0.7672354578971863,0.0862551183210559
1099,010990139.WAV,1.700807809829712,0.31917883676227254
1099,010990162.WAV,0.7939780354499817,0.0929273174188607
1099,010990165.WAV,0.9216678738594056,0.1247855787608062
1099,010990188.WAV,1.0600647926330566,0.1593152270251709
1099,010990202.WAV,0.694930374622345,0.06821520012541177
1099,010990218.WAV,0.8498631715774536,0.10687050423824193
1099,010990239.WAV,0.6203939914703369,0.049618578784830586
1099,010990260.WAV,1.54219651222229,0.27960575691577627
1099,010990267.WAV,0.9917779564857484,0.14227785036861937
1099,010990276.WAV,0.7579531073570251,0.08393919754725235
1099,010990279.WAV,1.031787395477295,0.15226009468355337
1099,010990291.WAV,1.4910249710083008,0.26683859898392714
1099,010990313.WAV,0.6006197333335876,0.044684956098711204
1109,011090011.WAV,1.502341389656067,0.2696620141219386
1109,011090020.WAV,1.522612690925598,0.2747196476942775
1109,011090034.WAV,1.291998267173767,0.21718198712060918
1109,011090089.WAV,1.1364457607269287,0.17837206720444224
1109,011090140.WAV,1.11710524559021,0.17354666219658407
1109,011090154.WAV,1.9998506307601929,0.3937891930780868
1109,011090184.WAV,1.424748778343201,0.25030287231236725
1109,011090220.WAV,1.496512770652771,0.26820778980947424
1109,011090235.WAV,1.487726807594299,0.26601571633875687
1109,011090246.WAV,1.5034202337265017,0.26993118273215266
1109,011090273.WAV,1.7265502214431765,0.32560149722585685
1109,011090277.WAV,1.58125901222229,0.28935174257267327
1109,011090292.WAV,1.056107997894287,0.15832801768702479
1109,011090295.WAV,1.2452858686447144,0.20552737294938597
1109,011090320.WAV,1.3468772172927856,0.23087413331518256
1109,011090329.WAV,0.7234792113304138,0.07533805588420689
1109,011090333.WAV,1.4237412214279177,0.25005148965009893
1109,011090334.WAV,1.0675222873687744,0.1611758513254766
1109,011090335.WAV,1.2630964517593384,0.20997106415133407
1109,011090359.WAV,1.3653285503387451,0.23547768985192627
1135,011350001.WAV,1.6530457735061646,0.30726234086586324
1135,011350026.WAV,1.1753065586090088,0.188067728741065
1135,011350027.WAV,1.4750605821609497,0.26285552814290547
1135,011350064.WAV,1.1042643785476685,0.17034290140250455
1135,011350116.WAV,1.4207096099853516,0.24929511098420368
1135,011350141.WAV,0.9586140513420104,0.13400354780586574
1135,011350158.WAV,1.3640716075897217,0.2351640861142361
1135,011350173.WAV,1.8284144401550293,0.35101633791748543
1135,011350190.WAV,1.3002153635025024,0.2192321299164158
1135,011350215.WAV,1.7505406141281128,0.33158703381493126
1135,011350218.WAV,1.2203476428985596,0.19930535463436558
1135,011350221.WAV,1.2240296602249146,0.2002240077684738
1135,011350225.WAV,1.61834454536438,0.2986044804691518
1135,011350249.WAV,1.413388967514038,0.24746863094517155
1135,011350257.WAV,1.2174934148788452,0.19859323264161935
1135,011350290.WAV,1.3410542011260986,0.22942130689494802
1135,011350303.WAV,1.818114280700684,0.3484464766360569
1135,011350318.WAV,1.1235007047653198,0.17514231156336527
1135,011350345.WAV,1.2428935766220093,0.2049305027096319
1135,011350374.WAV,1.4928276538848877,0.26728836337328143
1156,011560005.WAV,1.2096028327941897,0.19662455424618583
1156,011560058.WAV,1.4101728200912476,0.24666621106285516
1156,011560063.WAV,0.9211246371269226,0.12465004269928737
1156,011560068.WAV,1.47342848777771,0.2624483251105917
1156,011560072.WAV,2.0118136405944824,0.39677393092789937
1156,011560075.WAV,1.0017257928848269,0.14475980802270136
1156,011560086.WAV,1.357177972793579,0.23344414330855054
1156,011560100.WAV,1.1305067539215088,0.17689030144081122
1156,011560117.WAV,1.3666744232177734,0.23581348141096667
1156,011560184.WAV,1.3611702919006348,0.2344402158782816
1156,011560192.WAV,1.2116411924362185,0.197133119336357
1156,011560202.WAV,1.494132399559021,0.2676138938085071
1156,011560257.WAV,1.0022218227386477,0.14488356609862404
1156,011560269.WAV,1.2503973245620728,0.20680266705643077
1156,011560275.WAV,1.5838111639022827,0.28998849735455956
1156,011560289.WAV,1.054903864860535,0.15802758982716056
1156,011560320.WAV,1.080363392829895,0.16437967160433184
1156,011560353.WAV,2.1231133937835693,0.42454291136174316
1156,011560354.WAV,1.3941845893859863,0.24267719174425964
1156,011560372.WAV,0.7212247848510742,0.07477558271602328
1181,011810063.WAV,1.192799687385559,0.1924322159641181
1181,011810067.WAV,1.2210339307785034,0.1994765815613271
1181,011810133.WAV,1.6339527368545532,0.30249868105522093
1181,011810162.WAV,0.990833818912506,0.14204229065669724
1181,011810168.WAV,0.7594823241233826,0.08432073289883521
1181,011810173.WAV,1.233221411705017,0.2025173243274969
1181,011810184.WAV,1.0079327821731567,0.14630843467426172
1181,011810197.WAV,0.9904468059539796,0.14194573199448077
1181,011810206.WAV,1.4531235694885254,0.25738230418487373
1181,011810213.WAV,1.237527847290039,0.2035917680892627
1181,011810214.WAV,1.4082998037338257,0.24619889866465824
1181,011810222.WAV,1.232884407043457,0.2024332425969914
1181,011810246.WAV,0.9600122570991516,0.13435239627318066
1181,011810247.WAV,1.317610740661621,0.22357222838141635
1181,011810279.WAV,0.8011656403541565,0.09472060495303108
1181,011810280.WAV,0.7795831561088562,0.08933583485652158
1181,011810284.WAV,1.624894380569458,0.30023864622822316
1181,011810314.WAV,1.213066816329956,0.19748880855288167
1181,011810334.WAV,1.182362675666809,0.18982821042141598
1181,011810377.WAV,1.824442744255066,0.3500254107808557
1186,011860256.WAV,1.6593135595321655,0.3088261361352368
1186,011860263.WAV,1.4829274415969849,0.2648182878031531
1186,011860264.WAV,1.4690067768096924,0.26134512045975666
1186,011860284.WAV,1.2799272537231443,0.21417030266738726
1186,011860285.WAV,1.2672849893569946,0.2110160926914975
1186,011860287.WAV,1.2770007848739624,0.2134401567875925
1186,011860292.WAV,1.802851319313049,0.34463841000525597
1186,011860298.WAV,1.6438353061676023,0.3049643547519446
1186,011860301.WAV,1.348464012145996,0.23127003424010614
1186,011860308.WAV,1.4452255964279177,0.25541178176139234
1186,011860317.WAV,2.053085803985596,0.40707122148633534
1186,011860332.WAV,1.3363302946090698,0.22824270529086518
1186,011860335.WAV,1.3681421279907229,0.23617966969040924
1186,011860346.WAV,1.3562045097351074,0.2332012669692127
1186,011860359.WAV,1.3444817066192627,0.230276460030956
1186,011860361.WAV,1.439789056777954,0.25405538016262885
1186,011860363.WAV,1.5368719100952148,0.27827728341922175
1186,011860372.WAV,0.9757829308509828,0.13828713573391535
1186,011860373.WAV,1.2647736072540283,0.21038950980626234
1186,011860377.WAV,1.305907130241394,0.22065220996760662
1197,011970004.WAV,1.405725359916687,0.24555658205624045
1197,011970006.WAV,1.974309325218201,0.38741670802283745
1197,011970019.WAV,1.364332914352417,0.23522928142844482
1197,011970023.WAV,2.431004762649536,0.5013609559019059
1197,011970036.WAV,0.812882125377655,0.09764383554473069
1197,011970042.WAV,1.7486668825149536,0.3311195429624071
1197,011970075.WAV,1.7834835052490234,0.33980619399057577
1197,011970081.WAV,1.7026596069335938,0.3196408550154287
1197,011970087.WAV,0.8883536458015442,0.11647377104694984
1197,011970088.WAV,1.0146782398223877,0.14799140769182614
1197,011970092.WAV,1.8420171737670896,0.3544101823124354
1197,011970095.WAV,1.5576550960540771,0.28346263080507006
1197,011970107.WAV,2.0483715534210205,0.4058950290156699
1197,011970132.WAV,1.1674578189849854,0.18610948992377344
1197,011970141.WAV,1.7658427953720093,0.33540488569134097
1197,011970142.WAV,1.4658570289611816,0.26055926708748334
1197,011970145.WAV,1.3600181341171265,0.23415275569952823
1197,011970165.WAV,1.5172717571258545,0.27338709949058504
1197,011970173.WAV,0.6562176942825317,0.05855649350571615
1197,011970175.WAV,1.2123558521270752,0.19731142495163126
1203,012030007.WAV,1.3807154893875122,0.2393166885661108
1203,012030010.WAV,1.3642364740371704,0.23520521983665885
1203,012030013.WAV,1.6846115589141846,0.3151379169768457
1203,012030024.WAV,0.8752323985099792,0.11320005615660253
1203,012030027.WAV,2.062793254852295,0.4094932036152795
1203,012030031.WAV,1.494053840637207,0.2675942935749014
1203,012030032.WAV,1.073478937149048,0.16266201896251223
1203,012030036.WAV,0.6819564700126648,0.06497824682647049
1203,012030043.WAV,1.5401259660720823,0.27908916138088047
1203,012030044.WAV,1.719102144241333,0.32374322257419286
1203,012030053.WAV,1.2319611310958862,0.2022028878029464
1203,012030055.WAV,1.0993584394454956,0.16911888317214582
1203,012030058.WAV,1.924200415611267,0.37491467373645204
1203,012030072.WAV,1.0837572813034058,0.16522643738696083
1203,012030078.WAV,0.9978591799736024,0.14379509880097804
1203,012030083.WAV,1.78278386592865,0.33963163591617296
1203,012030093.WAV,1.0450632572174072,0.15557238545096672
1203,012030097.WAV,1.5631459951400757,0.28483259493270163
1203,012030116.WAV,2.073280334472656,0.4121097009608865
1203,012030138.WAV,0.5597550868988037,0.03448933989320535
1228,012280016.WAV,1.4285708665847778,0.2512564727522214
1228,012280033.WAV,1.3636014461517334,0.23504678213648092
1228,012280053.WAV,1.20875084400177,0.1964119854000864
1228,012280054.WAV,1.2590937614440918,0.20897240399385839
1228,012280161.WAV,1.4658869504928589,0.26056673242683837
1228,012280173.WAV,1.7577842473983765,0.33339430027140005
1228,012280198.WAV,0.9451219439506532,0.1306373043468582
1228,012280201.WAV,1.0559303760528564,0.1582837015291
1228,012280206.WAV,1.2334301471710205,0.20256940324865544
1228,012280243.WAV,1.27610182762146,0.21321586944067275
1228,012280261.WAV,1.1836975812911987,0.19016126568077243
1228,012280262.WAV,1.2259585857391355,0.2007052693465812
1228,012280276.WAV,0.9344915151596068,0.1279850417798386
1228,012280288.WAV,2.04676365852356,0.4054938636880936
1228,012280308.WAV,0.9786067605018616,0.13899167341775498
1228,012280343.WAV,0.8014397621154785,0.09478899757393575
1228,012280345.WAV,0.9059909582138062,0.12087423168813041
1228,012280355.WAV,0.9223721623420716,0.12496129678833595
1228,012280366.WAV,1.1226558685302734,0.17493152726053804
1228,012280375.WAV,1.3764631748199463,0.23825574784843753
1260,012600017.WAV,1.0549538135528564,0.15804005188767759
1260,012600072.WAV,1.8981701135635376,0.3684201854061643
1260,012600082.WAV,1.16552734375,0.18562784169462374
1260,012600129.WAV,1.3814574480056765,0.23950180518820716
1260,012600131.WAV,1.002816915512085,0.1450320400988658
1260,012600177.WAV,1.5316423177719116,0.27697251460579886
1260,012600186.WAV,1.2401351928710938,0.20424229359673232
1260,012600210.WAV,1.8839880228042605,0.3648817930061712
1260,012600219.WAV,1.4142287969589231,0.24767816606770823
1260,012600224.WAV,1.8826004266738887,0.3645355916113765
1260,012600251.WAV,1.319809913635254,0.2241209159528227
1260,012600252.WAV,1.5535744428634644,0.28244451912592805
1260,012600263.WAV,1.2055495977401731,0.19561328331625358
1260,012600281.WAV,1.005940079689026,0.1458112609186444
1260,012600295.WAV,1.1352940797805786,0.17808472599524036
1260,012600330.WAV,1.8464809656143188,0.35552388602618823
1260,012600338.WAV,1.3983830213546753,0.24372468890261614
1260,012600345.WAV,1.2572211027145386,0.20850518082282507
1260,012600357.WAV,1.6444859504699707,0.3051266887049334
1260,012600368.WAV,1.2897566556930542,0.21662271125912144
1292,012920007.WAV,1.9088610410690308,0.37108754223502727
1292,012920027.WAV,1.3328700065612793,0.22737937299819325
1292,012920054.WAV,1.3707726001739502,0.2368359652211254
1292,012920062.WAV,0.9734506011009216,0.13770522591525935
1292,012920073.WAV,0.9620774388313292,0.1348676534006223
1292,012920085.WAV,0.9010648727416992,0.11964518699422186
1292,012920110.WAV,1.1722389459609983,0.18730236787403334
1292,012920121.WAV,1.2835344076156616,0.21507027758191385
1292,012920143.WAV,0.7946978211402893,0.09310690195681343
1292,012920146.WAV,0.8777132034301758,0.11381901011934928
1292,012920155.WAV,1.3732634782791138,0.23745743241564707
1292,012920158.WAV,1.0714071989059448,0.16214512600373773
1292,012920214.WAV,0.9842629432678224,0.14040287536616694
1292,012920254.WAV,0.8499717116355896,0.10689758468239663
1292,012920259.WAV,0.7073612213134766,0.07131666197641603
1292,012920268.WAV,1.3945904970169067,0.24277846457495342
1292,012920270.WAV,0.9288872480392456,0.12658679264134362
1292,012920299.WAV,1.4932962656021118,0.26740528069999425
1292,012920301.WAV,0.7193567752838135,0.07430951949811684
1292,012920368.WAV,1.696019172668457,0.3179840850415768
1293,012930008.WAV,0.95175701379776,0.13229273591325597
1293,012930012.WAV,1.0170284509658811,0.14857777886866244
1293,012930028.WAV,1.1966444253921509,0.19339146745766747
1293,012930036.WAV,1.2654454708099363,0.21055713790429167
1293,012930037.WAV,1.6145471334457395,0.29765703670358623
1293,012930040.WAV,1.386164307594299,0.24067615363082465
1293,012930051.WAV,1.428913116455078,0.25134186314779317
1293,012930067.WAV,1.0595136880874634,0.15917772796605276
1293,012930079.WAV,1.5052003860473633,0.2703753258101995
1293,012930097.WAV,0.879173994064331,0.11418347334029538
1293,012930114.WAV,1.8396018743515012,0.35380757179182254
1293,012930127.WAV,1.616100549697876,0.29804460975990654
1293,012930139.WAV,0.9340153932571412,0.12786625068269009
1293,012930155.WAV,0.7951233983039856,0.09321308228150557
1293,012930195.WAV,1.0453212261199951,0.1556367479783151
1293,012930225.WAV,1.0198944807052612,0.1492928453578077
1293,012930240.WAV,0.861836850643158,0.10985790403176879
1293,012930261.WAV,0.8161599040031433,0.09846163224157528
1293,012930266.WAV,1.3772045373916626,0.23844071575859452
1293,012930315.WAV,0.9551344513893129,0.13313539724635906
1309,013090018.WAV,0.9477649927139282,0.13129673769949457
1309,013090027.WAV,1.2620298862457275,0.20970495900707062
1309,013090041.WAV,0.7050408720970154,0.07073774126774088
1309,013090051.WAV,1.4074318408966064,0.24598234433858443
1309,013090076.WAV,0.8721310496330261,0.11242627819380396
1309,013090105.WAV,1.093493103981018,0.16765549820421785
1309,013090128.WAV,1.36185884475708,0.23461200791061262
1309,013090147.WAV,1.3615082502365112,0.23452453554789007
1309,013090148.WAV,0.8597836494445801,0.10934563601430797
1309,013090160.WAV,0.8593062162399292,0.10922651775089282
1309,013090179.WAV,0.821347713470459,0.09975597634805011
1309,013090181.WAV,0.9702001214027404,0.1368942402252367
1309,013090184.WAV,0.560042679309845,0.0345610934039392
1309,013090185.WAV,1.0996826887130735,0.1691997824671493
1309,013090202.WAV,1.0744918584823608,0.16291474003223463
1309,013090232.WAV,1.011971354484558,0.14731604729048595
1309,013090267.WAV,0.8685591816902161,0.11153510702608668
1309,013090287.WAV,0.8090988397598267,0.09669991625212782
1309,013090339.WAV,0.6166134476661682,0.04867534356714867
1309,013090364.WAV,0.7957857847213745,0.09337834585969937
1334,013340007.WAV,1.3156999349594116,0.223095487646265
1334,013340034.WAV,1.1100428104400637,0.17178460416967614
1334,013340046.WAV,1.0615848302841189,0.15969447221288793
1334,013340091.WAV,1.1015233993530271,0.16965903467823376
1334,013340137.WAV,0.8404308557510376,0.10451716754049928
1334,013340147.WAV,1.3841899633407593,0.24018356020293916
1334,013340159.WAV,1.4429820775985718,0.25485203002169865
1334,013340204.WAV,0.8750125765800476,0.1131452111933722
1334,013340217.WAV,1.1612001657485962,0.18454822275736874
1334,013340243.WAV,0.8892684578895569,0.11670201413145614
1334,013340245.WAV,0.8984572887420654,0.11899460200197648
1334,013340255.WAV,1.0185497999191284,0.148957351222646
1334,013340259.WAV,0.7877628803253174,0.09137665341373127
1334,013340277.WAV,0.8431245684623718,0.10518924140797997
1334,013340291.WAV,0.8909263610839844,0.11711565639074353
1334,013340297.WAV,1.1613341569900513,0.18458165320133343
1334,013340313.WAV,0.8452690243721008,0.10572427722335448
1334,013340345.WAV,0.5660759806632996,0.03606638539637455
1334,013340375.WAV,1.114277482032776,0.1728411430139448
1334,013340378.WAV,1.2769938707351685,0.21343843172909613
1336,013360001.WAV,1.3796446323394775,0.239049512695884
1336,013360002.WAV,1.2168270349502563,0.19842697269343193
1336,013360016.WAV,1.0499662160873413,0.15679566012162868
1336,013360082.WAV,0.6642826199531555,0.060568670143408054
1336,013360123.WAV,0.9749044179916382,0.1380679492065151
1336,013360130.WAV,1.7236049175262451,0.32486665204877874
1336,013360140.WAV,1.1963151693344116,0.19330931898237344
1336,013360145.WAV,1.291734218597412,0.21711610773147946
1336,013360146.WAV,1.2023091316223145,0.19480479598681202
1336,013360161.WAV,1.3726110458374023,0.2372946523268403
1336,013360162.WAV,1.6708654165267944,0.31170829248928933
1336,013360171.WAV,1.4753581285476685,0.26292976514302635
1336,013360226.WAV,1.009818434715271,0.1467788997655727
1336,013360234.WAV,0.9191044569015504,0.12414601332326627
1336,013360235.WAV,1.0517579317092896,0.15724268821129897
1336,013360257.WAV,1.375360369682312,0.23798060101826188
1336,013360263.WAV,1.2626746892929075,0.2098658355830537
1336,013360268.WAV,1.4814647436141968,0.26445334870400106
1336,013360360.WAV,1.1333776712417605,0.1776065873678592
1336,013360363.WAV,1.4484074115753174,0.2562056358360023
1362,013620027.WAV,1.6625216007232666,0.3096265335351781
1362,013620030.WAV,1.677704095840454,0.31341452405416736
1362,013620106.WAV,1.330023169517517,0.2266690950334949
1362,013620108.WAV,1.1724108457565308,0.18734525639734043
1362,013620128.WAV,1.1098763942718506,0.17174308379621103
1362,013620137.WAV,1.2002979516983032,0.194303012161075
1362,013620140.WAV,1.3815842866897583,0.2395334510888997
1362,013620143.WAV,1.3390194177627563,0.22891363407641294
1362,013620146.WAV,1.9889791011810305,0.39107677653160233
1362,013620162.WAV,1.7010396718978882,0.3192366857066776
1362,013620175.WAV,1.4620169401168823,0.25960117554706086
1362,013620184.WAV,1.5005055665969849,0.2692039813487568
1362,013620185.WAV,1.4307781457901,0.2518071828060029
1362,013620210.WAV,1.0629374980926514,0.16003195908803683
1362,013620241.WAV,1.20806622505188,0.1962411748665551
1362,013620257.WAV,1.214565992355347,0.19786284882272162
1362,013620258.WAV,1.1118459701538086,0.1722344875285818
1362,013620292.WAV,1.9667775630950928,0.38553755421488933
1362,013620361.WAV,1.1638649702072144,0.1852130840957912
1362,013620366.WAV,1.0053472518920898,0.1456633520237721
1372,013720023.WAV,1.721360206604004,0.3243066028852064
1372,013720051.WAV,1.658586859703064,0.30864482653878766
1372,013720070.WAV,1.4770437479019165,0.26335032250749324
1372,013720082.WAV,1.1291730403900146,0.17655754360533346
1372,013720140.WAV,1.081587314605713,0.16468503670058235
1372,013720152.WAV,0.939554750919342,0.12924830509099042
1372,013720153.WAV,0.9338964819908142,0.12783658265079076
1372,013720167.WAV,1.3585954904556274,0.2337978100427002
1372,013720182.WAV,1.3892247676849363,0.24143972995458415
1372,013720189.WAV,0.9643930196762084,0.13544538441378268
1372,013720198.WAV,1.2105790376663208,0.1968681146604446
1372,013720199.WAV,1.129672288894653,0.17668210472572857
1372,013720201.WAV,1.0697969198226929,0.161743365828404
1372,013720215.WAV,1.055454969406128,0.15816508888627864
1372,013720233.WAV,1.8941295146942136,0.36741206716934616
1372,013720256.WAV,1.0300883054733276,0.15183617642925726
1372,013720274.WAV,1.02215576171875,0.14985702871329384
1372,013720275.WAV,0.8025936484336853,0.09507688901731323
1372,013720311.WAV,0.928501307964325,0.1264905016606179
1372,013720360.WAV,0.9766913652420044,0.13851378760067065
1404,014040005.WAV,1.9889150857925413,0.3910608048693166
1404,014040013.WAV,1.4753047227859497,0.262916440553261
1404,014040027.WAV,1.916141390800476,0.3729039693469597
1404,014040028.WAV,1.9046745300292969,0.3700430193154577
1404,014040052.WAV,0.8849641680717468,0.11562810573267202
1404,014040072.WAV,0.9380459785461426,0.12887187055892707
1404,014040081.WAV,0.9251567721366882,0.12565604922656667
1404,014040088.WAV,1.7476882934570312,0.33087538770039093
1404,014040089.WAV,0.6906702518463135,0.06715231128133309
1404,014040090.WAV,1.1420271396636963,0.17976460580446643
1404,014040096.WAV,1.4122041463851929,0.24717302135214206
1404,014040097.WAV,1.4140448570251465,0.2476322735632265
1404,014040109.WAV,1.4474724531173706,0.2559723662879462
1404,014040111.WAV,1.566585659980774,0.28569078179227225
1404,014040122.WAV,1.2141166925430298,0.1977507497628435
1404,014040124.WAV,1.6118481159210205,0.2969836392998455
1404,014040145.WAV,1.793606877326965,0.34233194731079475
1404,014040148.WAV,1.1940205097198486,0.19273680775828403
1404,014040152.WAV,0.8839071393013,0.11536437997943805
1404,014040155.WAV,1.745371699333191,0.3302974038769336
1407,014070040.WAV,1.1576898097991943,0.18367239866179183
1407,014070080.WAV,1.7901198863983154,0.3414619527232402
1407,014070092.WAV,1.549494981765747,0.2814267048706648
1407,014070101.WAV,1.2781261205673218,0.21372092492907538
1407,014070159.WAV,1.6744303703308103,0.31259773859851026
1407,014070207.WAV,1.203652024269104,0.19513984398615572
1407,014070217.WAV,1.2304686307907104,0.20183051310682718
1407,014070239.WAV,1.2734357118606567,0.21255068093598375
1407,014070248.WAV,1.4797223806381226,0.2640186339629086
1407,014070265.WAV,2.064823627471924,0.40999977596546344
1407,014070270.WAV,1.1854126453399658,0.19058916941504303
1407,014070281.WAV,1.261400580406189,0.20954794894151044
1407,014070297.WAV,1.3597465753555298,0.23408500253996276
1407,014070304.WAV,1.3646541833877563,0.2353094371637516
1407,014070308.WAV,1.1044623851776123,0.17039230350875487
1407,014070336.WAV,1.264054298400879,0.21021004423786108
1407,014070341.WAV,1.5035274028778076,0.26995792113884676
1407,014070343.WAV,1.268263816833496,0.2112603074382894
1407,014070349.WAV,1.691758632659912,0.31692109209914066
1407,014070358.WAV,1.3770533800125122,0.2384030024107767
1408,014080008.WAV,1.6859691143035889,0.31547662328989723
1408,014080073.WAV,1.7075865268707275,0.3208701079060524
1408,014080091.WAV,1.608952522277832,0.2962611966985087
1408,014080103.WAV,1.4096863269805908,0.24654483237796196
1408,014080117.WAV,1.0637893676757812,0.16024449819174832
1408,014080134.WAV,0.7464496493339539,0.08106911660267457
1408,014080149.WAV,1.4523088932037354,0.25717904470617725
1408,014080178.WAV,2.398684501647949,0.4932971402181008
1408,014080201.WAV,1.1883846521377563,0.19133067688700375
1408,014080243.WAV,1.2165584564208984,0.19835996309356316
1408,014080270.WAV,0.8397647738456726,0.10435098194828152
1408,014080279.WAV,1.3917475938796997,0.24206916810905474
1408,014080301.WAV,1.128391146659851,0.176362463283301
1408,014080333.WAV,1.3286139965057373,0.22631751026649602
1408,014080336.WAV,1.4454046487808228,0.2554564548279714
1408,014080337.WAV,1.0292283296585083,0.1516216148431707
1408,014080339.WAV,1.299669861793518,0.21909602874952747
1408,014080358.WAV,1.4673995971679688,0.2609441335865075
1408,014080361.WAV,1.429746150970459,0.2515497029542214
1408,014080362.WAV,1.4354729652404783,0.25297852726744563
1418,014180002.WAV,2.382396459579468,0.489233318794015
1418,014180008.WAV,1.4019348621368408,0.24461086334917145
1418,014180011.WAV,1.5895954370498655,0.2914316574987367
1418,014180013.WAV,1.507348895072937,0.2709113728667616
1418,014180044.WAV,0.6901631951332092,0.06702580203453251
1418,014180051.WAV,1.0845539569854736,0.16542520576508898
1418,014180063.WAV,0.8370826244354248,0.10368179309242412
1418,014180077.WAV,0.7227059602737427,0.07514513188529495
1418,014180084.WAV,1.98188591003418,0.3893070449686242
1418,014180088.WAV,1.2244535684585571,0.20032977169973573
1418,014180100.WAV,1.840061068534851,0.3539221394698938
1418,014180131.WAV,1.7987518310546875,0.34361559902883076
1418,014180139.WAV,1.46503484249115,0.26035413383835115
1418,014180143.WAV,1.454410433769226,0.25770337326191894
1418,014180150.WAV,2.05930757522583,0.4086235361939914
1418,014180155.WAV,0.9810354709625244,0.139597629957003
1418,014180158.WAV,0.9156115055084229,0.12327453161631818
1418,014180160.WAV,0.935627818107605,0.12826854622100545
1418,014180165.WAV,0.4429018497467041,0.005334780578098788
1418,014180166.WAV,0.7693348526954651,0.08677891151381595
1419,014190006.WAV,1.3527867794036863,0.23234855270900986
1419,014190025.WAV,1.450208306312561,0.25665495408953853
1419,014190027.WAV,1.256357192993164,0.20828963773793882
1419,014190030.WAV,1.0541369915008545,0.1578362570459996
1419,014190055.WAV,0.9723504781723022,0.13743074828881074
1419,014190059.WAV,1.327712893486023,0.22609268755659465
1419,014190060.WAV,1.5248265266418457,0.2752719935793918
1419,014190062.WAV,1.1212077140808103,0.17457021673270598
1419,014190064.WAV,1.264190435409546,0.21024401004480744
1419,014190071.WAV,0.9321622252464294,0.1274038903920733
1419,014190073.WAV,1.14409601688385,0.180280784945932
1419,014190081.WAV,1.1159976720809937,0.17327032567089365
1419,014190088.WAV,1.7446041107177734,0.3301058926414455
1419,014190095.WAV,1.0002081394195557,0.1443811576827417
1419,014190098.WAV,1.3005173206329346,0.21930746738488785
1419,014190107.WAV,1.1499228477478027,0.18173456312257838
1419,014190108.WAV,1.5689687728881836,0.28628536186816045
1419,014190114.WAV,1.2157424688339231,0.19815637644860015
1419,014190128.WAV,0.977706015110016,0.13876693993501724
1419,014190172.WAV,1.0702515840530396,0.16185680329573618
1420,014200011.WAV,0.8443974256515503,0.10550681575445064
1420,014200060.WAV,0.8900036215782166,0.11688543543744395
1420,014200076.WAV,1.0217807292938232,0.14976345916105813
1420,014200086.WAV,0.9652353525161744,0.13565554412646472
1420,014200087.WAV,1.0792958736419678,0.1641133285209654
1420,014200124.WAV,1.0657840967178345,0.16074217756795947
1420,014200161.WAV,1.6928269863128662,0.3171876433792221
1420,014200177.WAV,0.8716652393341064,0.11231005981320605
1420,014200206.WAV,1.279183864593506,0.2139848291366366
1420,014200207.WAV,1.1672183275222778,0.18604973746654477
1420,014200229.WAV,0.8567512631416321,0.10858906402289159
1420,014200238.WAV,1.1629706621170044,0.1849899567019984
1420,014200246.WAV,0.913821816444397,0.12282800914724165
1420,014200272.WAV,1.0287083387374878,0.15149187854728632
1420,014200295.WAV,0.8835070729255676,0.11526456452574985
1420,014200296.WAV,1.0869102478027344,0.16601309380370663
1420,014200339.WAV,1.81405770778656,0.3474343729192644
1420,014200342.WAV,1.017465591430664,0.14868684420497794
1420,014200353.WAV,1.144932985305786,0.18048960625115987
1420,014200357.WAV,1.659915566444397,0.30897633519397494
1422,014220001.WAV,1.5981860160827637,0.2935749831957367
1422,014220003.WAV,1.4831557273864746,0.26487524447592214
1422,014220021.WAV,1.7339012622833252,0.3274355615737956
1422,014220027.WAV,1.8370537757873533,0.3531718282511238
1422,014220038.WAV,0.9453192949295044,0.13068654286997522
1422,014220044.WAV,1.9811575412750244,0.3891253189787448
1422,014220048.WAV,1.2893712520599363,0.2165265541191411
1422,014220058.WAV,1.868968725204468,0.3611345198161745
1422,014220066.WAV,2.171236515045166,0.4365494969510074
1422,014220068.WAV,2.6172494888305664,0.5478284997107515
1422,014220070.WAV,1.5932732820510864,0.29234926964926955
1422,014220081.WAV,1.0481598377227783,0.15634497371825049
1422,014220087.WAV,1.367165207862854,0.23593593082182315
1422,014220102.WAV,1.7129703760147097,0.3222133633693778
1422,014220115.WAV,1.5532691478729248,0.2823683488705957
1422,014220140.WAV,1.6975641250610352,0.31836954638835846
1422,014220142.WAV,1.3672314882278442,0.23595246758947827
1422,014220159.WAV,1.8242729902267456,0.3499830576205303
1422,014220160.WAV,2.572740316390991,0.5367235843521223
1422,014220167.WAV,1.4687345027923584,0.26127718884586393
1435,014350004.WAV,1.684805989265442,0.3151864268114599
1435,014350012.WAV,1.4280074834823608,0.25111591022715285
1435,014350016.WAV,1.5103263854980469,0.27165424848856434
1435,014350017.WAV,1.3674908876419067,0.2360171870254811
1435,014350018.WAV,1.2990132570266724,0.2189322076771453
1435,014350020.WAV,1.1702078580856323,0.18679561706952222
1435,014350022.WAV,1.035276174545288,0.15313053540692603
1435,014350028.WAV,2.3384058475494385,0.47825778282261555
1435,014350085.WAV,1.9386916160583496,0.3785301881481893
1435,014350094.WAV,1.231877088546753,0.20218191941949878
1435,014350103.WAV,1.5970546007156372,0.2932926981924726
1435,014350110.WAV,0.8637977242469788,0.11034713656982514
1435,014350127.WAV,1.407978653907776,0.24611877267173934
1435,014350133.WAV,1.0221115350723269,0.1498459942873945
1435,014350146.WAV,1.6448153257369995,0.3052088669226153
1435,014350153.WAV,0.96990704536438,0.13682111856466095
1435,014350157.WAV,0.962708055973053,0.13502499063244905
1435,014350158.WAV,0.8724362254142761,0.11250241870674849
1435,014350163.WAV,1.000576376914978,0.1444730319188689
1435,014350165.WAV,1.7035526037216189,0.3198636552429551
1439,014390008.WAV,1.5566712617874146,0.2832171668779876
1439,014390009.WAV,2.0461621284484863,0.40534378359890677
1439,014390045.WAV,0.7306257486343384,0.07712109716575641
1439,014390051.WAV,1.4467138051986694,0.2557830857315482
1439,014390052.WAV,1.226506233215332,0.2008419058764512
1439,014390057.WAV,1.4866056442260742,0.2657359891808495
1439,014390064.WAV,1.4685205221176147,0.2612238012596392
1439,014390068.WAV,1.3126510381698608,0.22233479633412875
1439,014390076.WAV,1.272388935089111,0.21228951302810642
1439,014390086.WAV,1.70658278465271,0.3206196770001959
1439,014390090.WAV,1.1153929233551023,0.1731194425372344
1439,014390117.WAV,1.0313444137573242,0.15214957197023235
1439,014390124.WAV,1.2917369604110718,0.21711679180640045
1439,014390133.WAV,1.4602359533309937,0.2591568242722988
1439,014390134.WAV,1.617183804512024,0.29831487883847174
1439,014390135.WAV,1.4320541620254517,0.25212554532575215
1439,014390143.WAV,1.3000057935714722,0.21917984279854216
1439,014390154.WAV,1.6778112649917605,0.31344126246086157
1439,014390156.WAV,1.5477689504623413,0.28099606483671025
1439,014390163.WAV,1.8937246799468996,0.3673110620201433
1447,014470007.WAV,1.555504322052002,0.2829260186431385
1447,014470017.WAV,0.7802867889404297,0.08951138930091804
1447,014470026.WAV,1.0450109243392944,0.15555932854269225
1447,014470028.WAV,1.3331384658813477,0.22744635285567413
1447,014470031.WAV,1.2437150478363037,0.20513545750443682
1447,014470038.WAV,1.6488056182861328,0.30620443387175256
1447,014470039.WAV,0.6259332895278931,0.051000618321937
1447,014470048.WAV,1.0030438899993896,0.1450886696053683
1447,014470053.WAV,1.4000064134597778,0.24412972074061548
1447,014470060.WAV,1.5394779443740845,0.2789274817604249
1447,014470063.WAV,1.574729084968567,0.28772254379237594
1447,014470072.WAV,2.2994773387908936,0.4685452276096832
1447,014470084.WAV,1.9523961544036863,0.38194943254237934
1447,014470100.WAV,0.8258150815963745,0.10087057233343896
1447,014470109.WAV,1.6509745121002195,0.30674556687664023
1447,014470124.WAV,0.9492858648300172,0.13167619108392664
1447,014470140.WAV,1.2085702419281006,0.19636692568246492
1447,014470141.WAV,1.265688180923462,0.21061769340599287
1447,014470149.WAV,1.5083754062652588,0.2711674845687011
1447,014470150.WAV,1.153680682182312,0.1826721324153712
1465,014650011.WAV,2.194108486175537,0.4422559904570954
1465,014650023.WAV,1.3903814554214478,0.24172832034407662
1465,014650032.WAV,0.8563490509986877,0.10848871320622175
1465,014650037.WAV,0.71548992395401,0.07334475079161781
1465,014650038.WAV,4.251799583435059,0.9556442252146253
1465,014650040.WAV,1.908483862876892,0.37099343731980994
1465,014650041.WAV,0.6913349032402039,0.06731813996489641
1465,014650043.WAV,1.0302520990371704,0.1518770424701892
1465,014650047.WAV,1.8012948036193848,0.3442500636468512
1465,014650058.WAV,1.7931970357894895,0.34222969298130124
1465,014650059.WAV,1.8349733352661133,0.35265276409803503
1465,014650063.WAV,1.576602816581726,0.2881900346449
1465,014650085.WAV,1.2728004455566406,0.2123921837510301
1465,014650087.WAV,1.4741884469985962,0.2626379328332562
1465,014650088.WAV,1.1430490016937256,0.18001955755327906
1465,014650108.WAV,1.8798961639404297,0.36386088554256957
1465,014650113.WAV,2.1310689449310303,0.42652779935856533
1465,014650125.WAV,1.534631848335266,0.2777183942087763
1465,014650145.WAV,1.7808564901351929,0.3391507609891078
1465,014650164.WAV,1.4210169315338137,0.24937178686012987
1469,014690004.WAV,2.023369550704956,0.3996570985231396
1469,014690006.WAV,1.300061583518982,0.21919376223606482
1469,014690018.WAV,1.4245576858520508,0.25025519526461326
1469,014690020.WAV,1.1482791900634766,0.18132447507864127
1469,014690047.WAV,2.830551624298096,0.6010467922637641
1469,014690048.WAV,1.451629400253296,0.25700951309532427
1469,014690050.WAV,1.4015923738479614,0.24452541346882398
1469,014690055.WAV,1.1878479719161987,0.19119677665681775
1469,014690062.WAV,1.2588707208633425,0.20891675598615564
1469,014690067.WAV,1.4331926107406616,0.25240958512990064
1469,014690074.WAV,1.0248236656188965,0.1505226633538009
1469,014690082.WAV,1.6908308267593384,0.31668960709435656
1469,014690110.WAV,1.708675980567932,0.3211419235887867
1469,014690113.WAV,2.672361135482788,0.5615787030464452
1469,014690121.WAV,1.3163042068481443,0.22324625181037264
1469,014690125.WAV,1.377774715423584,0.23858297359977168
1469,014690136.WAV,2.826220989227295,0.5999663107972609
1469,014690144.WAV,1.6641992330551147,0.31004509815965775
1469,014690150.WAV,1.9116177558898928,0.3717753349544968
1469,014690167.WAV,1.2821496725082395,0.2147247900044281
1501,015010004.WAV,1.1141237020492554,0.1728027753335938
1501,015010014.WAV,0.9115960597991944,0.12227268902334054
1501,015010033.WAV,0.9114567637443542,0.12223793504311564
1501,015010038.WAV,0.6913148760795593,0.06731314324373441
1501,015010041.WAV,0.8694709539413452,0.11176259167970232
1501,015010079.WAV,0.9688621163368224,0.13656041166379562
1501,015010087.WAV,0.763738214969635,0.08538256588814455
1501,015010094.WAV,0.7639387249946594,0.08543259258454011
1501,015010097.WAV,1.538883924484253,0.2787792754416739
1501,015010103.WAV,1.0301826000213623,0.15185970265806162
1501,015010115.WAV,1.332472562789917,0.22728021187703815
1501,015010121.WAV,0.973420798778534,0.13769779031829213
1501,015010125.WAV,0.575833797454834,0.038500933684193384
1501,015010137.WAV,1.162629008293152,0.184904715018366
1501,015010145.WAV,0.9829397201538086,0.14007273486082158
1501,015010151.WAV,1.1798981428146362,0.18921331629461333
1501,015010156.WAV,1.7378931045532229,0.3284315151739752
1501,015010159.WAV,0.9305227398872375,0.12699484333171165
1501,015010169.WAV,1.1980764865875244,0.19374876276313716
1501,015010170.WAV,0.8059217929840088,0.09590725187303245
1502,015020001.WAV,1.2037835121154783,0.1951726498399751
1502,015020007.WAV,2.0221292972564697,0.399347658719751
1502,015020010.WAV,2.0123636722564697,0.3969111623055267
1502,015020012.WAV,1.3805309534072876,0.23927064734968964
1502,015020017.WAV,1.0258619785308838,0.1507817195521394
1502,015020022.WAV,1.1711450815200806,0.1870294517229479
1502,015020029.WAV,0.8351445198059082,0.10319824135045075
1502,015020045.WAV,0.5825716257095337,0.04018200318893422
1502,015020061.WAV,1.2117055654525757,0.19714918022580616
1502,015020065.WAV,1.4360878467559814,0.2531319385040738
1502,015020070.WAV,1.2026065587997437,0.19487900324454507
1502,015020088.WAV,2.0487005710601807,0.4059771180061881
1502,015020097.WAV,1.2726948261260986,0.2123658319953782
1502,015020099.WAV,1.8850799798965452,0.3651542332790507
1502,015020101.WAV,1.3353925943374634,0.22800875166788806
1502,015020113.WAV,1.3599456548690796,0.23413467232770388
1502,015020126.WAV,1.2021520137786863,0.19476559551960068
1502,015020136.WAV,1.71050226688385,0.32159757697093905
1502,015020161.WAV,1.4841914176940918,0.26513364634172754
1502,015020162.WAV,1.2008235454559326,0.19443414634918918
1503,015030001.WAV,1.5823359489440918,0.2896204353046814
1503,015030005.WAV,1.2759939432144165,0.21318895257965134
1503,015030006.WAV,1.2824467420578003,0.21479890803499754
1503,015030010.WAV,1.2273662090301514,0.20105646746253777
1503,015030015.WAV,1.9191644191741943,0.3736582065609284
1503,015030027.WAV,1.3135040998458862,0.22254763286171894
1503,015030030.WAV,1.136927366256714,0.17849222645143284
1503,015030041.WAV,1.831867337226868,0.3518778261821096
1503,015030067.WAV,1.9132113456726076,0.37217293119552886
1503,015030077.WAV,0.89423006772995,0.11793992205694964
1503,015030082.WAV,1.6165403127670288,0.2981543294287551
1503,015030106.WAV,1.4220353364944458,0.24962587607969425
1503,015030109.WAV,0.6745133996009827,0.06312122135509696
1503,015030115.WAV,1.0730669498443604,0.1625592292700371
1503,015030118.WAV,1.594780206680298,0.2927252431743209
1503,015030122.WAV,1.18374502658844,0.1901731031511443
1503,015030125.WAV,1.1306028366088867,0.1769142738054336
1503,015030133.WAV,1.0327907800674438,0.15251043636224634
1503,015030142.WAV,1.8427640199661253,0.35459651837243433
1503,015030150.WAV,1.1514703035354614,0.18212064905950517
2002,020020015.WAV,0.9286910891532898,0.12653785154210526
2002,020020032.WAV,0.8072561621665955,0.09624017329164353
2002,020020094.WAV,1.253304362297058,0.2075279649270029
2002,020020108.WAV,1.095223069190979,0.16808711973697202
2002,020020123.WAV,0.8536849617958069,0.10782403032212651
2002,020020174.WAV,0.6969274282455444,0.06871345947818633
2002,020020181.WAV,1.3009549379348757,0.21941665169075478
2002,020020185.WAV,0.7877694964408875,0.091378304116258
2002,020020204.WAV,0.5525230765342712,0.03268497331955378
2002,020020206.WAV,0.8980832099914551,0.11890127038884374
2002,020020208.WAV,0.9947311878204346,0.14301467341449076
2002,020020220.WAV,1.0578488111495972,0.15876234577707501
2002,020020278.WAV,0.9952392578125,0.1431414354715882
2002,020020285.WAV,0.9187613725662231,0.1240604147309794
2002,020020295.WAV,1.1826996803283691,0.18991229215192149
2002,020020303.WAV,1.3147741556167605,0.2228645082620748
2002,020020348.WAV,1.2521473169326782,0.20723928531034694
2002,020020357.WAV,0.8880321383476257,0.11639355582686728
2002,020020361.WAV,1.0239042043685913,0.15029326031616766
2002,020020377.WAV,1.0729029178619385,0.16251830374432943
2007,020070039.WAV,1.2164278030395508,0.19832736543645882
2007,020070050.WAV,1.0196654796600342,0.1492357102307115
2007,020070065.WAV,1.546047568321228,0.2805665847558826
2007,020070066.WAV,1.1433610916137695,0.18009742312471996
2007,020070070.WAV,1.2077784538269043,0.19616937674223936
2007,020070079.WAV,1.3639334440231323,0.23512961468669594
2007,020070081.WAV,1.761423945426941,0.33430239485781477
2007,020070083.WAV,1.8895161151885984,0.3662610367588178
2007,020070086.WAV,1.2229528427124023,0.19995534477885354
2007,020070091.WAV,1.125009536743164,0.17551876096662253
2007,020070095.WAV,1.1781339645385742,0.18877315869654074
2007,020070105.WAV,1.3460519313812256,0.23066822676396584
2007,020070132.WAV,1.7187470197677612,0.3236546200007312
2007,020070146.WAV,1.2988405227661133,0.21888911095712318
2007,020070152.WAV,1.2686399221420288,0.21135414467201594
2007,020070153.WAV,1.3725730180740356,0.23728516450511014
2007,020070154.WAV,1.5549204349517822,0.28278034042735634
2007,020070157.WAV,1.4643561840057373,0.26018481042421326
2007,020070165.WAV,1.4527157545089722,0.25728055547597406
2007,020070166.WAV,1.7121496200561523,0.3220085870289
2014,020140004.WAV,1.423758029937744,0.2500556833267883
2014,020140014.WAV,1.356582760810852,0.23329563956592084
2014,020140028.WAV,1.1054840087890625,0.17064719577279172
2014,020140032.WAV,1.1161339282989502,0.17330432122022785
2014,020140036.WAV,2.685943365097046,0.5649674317506816
2014,020140041.WAV,1.4457370042800903,0.2555393766053501
2014,020140045.WAV,0.6349617838859558,0.05325320268077363
2014,020140048.WAV,0.8914810419082642,0.11725404772149775
2014,020140055.WAV,1.4264217615127563,0.25072027698372
2014,020140059.WAV,1.3707233667373655,0.23682368161493547
2014,020140074.WAV,1.223216891288757,0.2000212241679832
2014,020140083.WAV,1.1126728057861328,0.17244078073084082
2014,020140087.WAV,1.2302628755569458,0.20177917774536533
2014,020140096.WAV,1.693352460861206,0.3173187478249485
2014,020140099.WAV,1.5706230401992798,0.2866980969846178
2014,020140114.WAV,1.1652113199234009,0.18554899462438315
2014,020140117.WAV,1.249942660331726,0.2066892295890986
2014,020140121.WAV,1.174958348274231,0.18798085122609984
2014,020140133.WAV,1.2968111038208008,0.21838277654604224
2014,020140173.WAV,1.5104366540908811,0.271681760197343
2016,020160042.WAV,0.9983439445495604,0.14391604622124707
2016,020160068.WAV,1.1474703550338743,0.18112267297695042
2016,020160093.WAV,1.7321264743804932,0.3269927569032026
2016,020160128.WAV,0.8385499715805054,0.104047892144703
2016,020160131.WAV,1.029887318611145,0.15178603076331018
2016,020160132.WAV,0.840133547782898,0.10444299002515411
2016,020160151.WAV,1.128767013549805,0.17645624103225185
2016,020160171.WAV,0.906823992729187,0.12108207149455863
2016,020160178.WAV,1.0055915117263794,0.14572429417651558
2016,020160207.WAV,1.2558497190475464,0.2081630243927807
2016,020160222.WAV,0.8588359951972961,0.10910919890194376
2016,020160245.WAV,0.7918038964271545,0.09238487574890683
2016,020160264.WAV,1.292289137840271,0.2172545585470094
2016,020160295.WAV,0.8633102774620056,0.11022551994582899
2016,020160312.WAV,1.4218333959579468,0.24957549247464425
2016,020160318.WAV,0.8744417428970337,0.11300278976906175
2016,020160335.WAV,0.7092390060424805,0.0717851640701277
2016,020160344.WAV,0.7849748730659485,0.09068105331744625
2016,020160347.WAV,1.779224157333374,0.33874349847201823
2016,020160371.WAV,1.367509841918945,0.23602191606515224
2022,020220021.WAV,0.837849497795105,0.10387312587358505
2022,020220023.WAV,0.8307285308837891,0.10209646433423342
2022,020220033.WAV,1.211188793182373,0.19702024697439427
2022,020220048.WAV,0.9279991388320924,0.12636521185171998
2022,020220056.WAV,0.8301094174385071,0.10194199724283604
2022,020220060.WAV,0.7423328161239624,0.08004197810881436
2022,020220072.WAV,0.8769124746322632,0.11361923050003356
2022,020220091.WAV,0.7472768425941467,0.08127549903209719
2022,020220120.WAV,0.9135987162590028,0.12277234626834493
2022,020220122.WAV,1.162934184074402,0.18498085553131052
2022,020220139.WAV,1.1146637201309204,0.17293750835064012
2022,020220141.WAV,0.8027485013008118,0.09511552437915499
2022,020220176.WAV,0.7312862277030945,0.07728588486574431
2022,020220200.WAV,1.5524368286132812,0.28216068751849466
2022,020220221.WAV,0.7530206441879272,0.08270856163559281
2022,020220232.WAV,0.8021575808525085,0.0949680913624886
2022,020220259.WAV,1.033547282218933,0.15269918155566267
2022,020220264.WAV,1.0349125862121582,0.15303982112392575
2022,020220295.WAV,1.3692957162857056,0.236467486777817
2022,020220366.WAV,1.0614194869995115,0.15965321952091358
2027,020270001.WAV,1.514846920967102,0.2727821095789428
2027,020270005.WAV,1.4764587879180908,0.26320437661022034
2027,020270020.WAV,1.288657784461975,0.21634854592774552
2027,020270030.WAV,0.5050888061523438,0.020850254118590178
2027,020270042.WAV,0.5396761298179626,0.029479695663692962
2027,020270048.WAV,0.8145524263381958,0.09806057101235646
2027,020270049.WAV,1.0538793802261353,0.15777198374581478
2027,020270077.WAV,1.3899322748184204,0.24161625102658643
2027,020270087.WAV,1.9737008810043333,0.38726490287515425
2027,020270108.WAV,1.091505765914917,0.16715966285605457
2027,020270113.WAV,1.0650568008422852,0.16056071925957097
2027,020270136.WAV,1.1399282217025757,0.17924093158125784
2027,020270142.WAV,1.3971766233444214,0.24342369593738242
2027,020270146.WAV,1.4050601720809937,0.24539061953193173
2027,020270161.WAV,1.7230061292648315,0.32471725603451296
2027,020270167.WAV,2.226686477661133,0.45038410918347316
2027,020270168.WAV,1.4551589488983154,0.2578901257153481
2027,020270170.WAV,1.3405719995498655,0.22930099893601805
2027,020270171.WAV,2.0794968605041504,0.41366070700347657
2027,020270174.WAV,1.5833715200424194,0.2898788074280989
2030,020300005.WAV,1.2903155088424685,0.21676214357345117
2030,020300012.WAV,1.5034139156341553,0.2699296063855955
2030,020300017.WAV,1.5475494861602783,0.2809413091006435
2030,020300020.WAV,1.3049137592315674,0.22040436664949467
2030,020300044.WAV,0.8968486189842224,0.11859324334887897
2030,020300053.WAV,1.5991010665893557,0.2938032857650188
2030,020300056.WAV,1.1620668172836304,0.18476444991717603
2030,020300057.WAV,1.4548933506011963,0.25782385967517607
2030,020300059.WAV,1.495548963546753,0.2679673226035537
2030,020300065.WAV,1.1990681886672974,0.19399618968781893
2030,020300073.WAV,2.141535520553589,0.42913918101345894
2030,020300083.WAV,1.6917096376419067,0.31690886797772655
2030,020300097.WAV,1.467360258102417,0.2609343185985107
2030,020300121.WAV,2.7217214107513428,0.5738939551370135
2030,020300132.WAV,1.6133638620376587,0.2973618137615991
2030,020300143.WAV,1.94184684753418,0.3793174096703047
2030,020300147.WAV,1.3415085077285769,0.22953465513511664
2030,020300156.WAV,1.632699728012085,0.3021860588163304
2030,020300171.WAV,1.428048610687256,0.2511261713509676
2030,020300173.WAV,2.2009968757629395,0.44397462459771475
2031,020310032.WAV,0.818065345287323,0.09893703456927255
2031,020310042.WAV,1.1982650756835938,0.19379581522074582
2031,020310075.WAV,1.139839768409729,0.1792188627294591
2031,020310085.WAV,0.84550541639328,0.10578325637849859
2031,020310112.WAV,1.5013999938964844,0.2694271384849375
2031,020310114.WAV,1.151419758796692,0.18210803828704872
2031,020310133.WAV,1.9778956174850464,0.38831147801948684
2031,020310141.WAV,1.2827848196029663,0.2148832574469939
2031,020310148.WAV,1.3938559293746948,0.24259519198090498
2031,020310151.WAV,1.3579418659210205,0.23363473253001474
2031,020310154.WAV,1.6469230651855469,0.30573474208252616
2031,020310174.WAV,1.314772367477417,0.22286406212625667
2031,020310219.WAV,1.0160740613937378,0.14833966131138368
2031,020310273.WAV,1.663687229156494,0.3099173546037606
2031,020310281.WAV,1.2377456426620483,0.20364610743189923
2031,020310295.WAV,1.0770472288131714,0.16355229785859346
2031,020310297.WAV,2.4285223484039307,0.5007416004169228
2031,020310322.WAV,1.2492778301239014,0.20652335629195348
2031,020310335.WAV,0.9634552001953124,0.13521140104841767
2031,020310376.WAV,1.1674039363861084,0.18609604636445667
2034,020340016.WAV,1.0858951807022097,0.1657598373710026
2034,020340019.WAV,1.4482494592666626,0.25616622717207604
2034,020340029.WAV,0.6334696412086487,0.05288091721181801
2034,020340043.WAV,0.9579426050186156,0.1338360238061939
2034,020340055.WAV,1.8032488822937007,0.3447376008687988
2034,020340056.WAV,1.0841048955917358,0.16531316618998668
2034,020340063.WAV,1.3867063522338867,0.2408113922684648
2034,020340065.WAV,2.1061511039733887,0.4203108669918705
2034,020340071.WAV,1.568507194519043,0.2861701993423319
2034,020340096.WAV,1.3020819425582886,0.21969783622566777
2034,020340098.WAV,1.2332971096038818,0.20253621074379372
2034,020340109.WAV,1.7590099573135376,0.33370011150346857
2034,020340113.WAV,1.2673540115356443,0.21103331353407354
2034,020340124.WAV,1.165472388267517,0.1856141304538161
2034,020340140.WAV,2.0507326126098637,0.4064841067498023
2034,020340144.WAV,1.248586654663086,0.2063509099270893
2034,020340156.WAV,1.163568377494812,0.1851390850347733
2034,020340162.WAV,1.9152181148529053,0.3726736145529147
2034,020340166.WAV,1.5709694623947144,0.286784528363765
2034,020340169.WAV,1.0916016101837158,0.16718357573590123
2036,020360017.WAV,0.7414371967315674,0.07981852354875496
2036,020360019.WAV,1.236975908279419,0.20345406083342946
2036,020360036.WAV,0.6959593892097473,0.06847193641749652
2036,020360055.WAV,0.9836623072624208,0.14025301834488924
2036,020360089.WAV,0.6443927884101868,0.055606212212249734
2036,020360097.WAV,0.7892624139785767,0.09175078291073477
2036,020360100.WAV,0.9602632522583008,0.13441501887083873
2036,020360131.WAV,0.757543683052063,0.08383704731611644
2036,020360136.WAV,0.8942066431045532,0.1179340776777334
2036,020360143.WAV,0.6637774705886841,0.0604426367748134
2036,020360202.WAV,0.8603219389915466,0.1094799377667302
2036,020360211.WAV,0.5323994159698486,0.027664175694590537
2036,020360220.WAV,0.6979575157165527,0.06897046345176189
2036,020360228.WAV,0.8547338247299194,0.10808571872179143
2036,020360245.WAV,0.7835336327552795,0.09032146784811065
2036,020360299.WAV,1.1853258609771729,0.19056751695667443
2036,020360301.WAV,0.7180129289627075,0.07397423355967017
2036,020360302.WAV,0.8051059246063232,0.09570369497045739
2036,020360312.WAV,0.920348346233368,0.12445636026948481
2036,020360329.WAV,0.774247944355011,0.08800471428744677
2059,020590022.WAV,1.0971815586090088,0.16857575742727096
2059,020590026.WAV,1.2953002452850342,0.2180058215221912
2059,020590047.WAV,0.8386808633804321,0.10408054928658311
2059,020590077.WAV,1.0146435499191284,0.1479827526569563
2059,020590103.WAV,1.2215304374694824,0.19960045860680128
2059,020590121.WAV,1.5976029634475708,0.29342951317666977
2059,020590122.WAV,1.370519757270813,0.23677288161645535
2059,020590123.WAV,0.9537489414215088,0.13278971634335215
2059,020590144.WAV,0.8274614810943604,0.10128134445229703
2059,020590151.WAV,1.2776857614517212,0.21361105654828746
2059,020590164.WAV,0.9237119555473328,0.12529557148559503
2059,020590181.WAV,1.0560110807418823,0.15830383712568732
2059,020590228.WAV,1.8476148843765257,0.3558067956195976
2059,020590265.WAV,1.147385597229004,0.18110152613917566
2059,020590274.WAV,1.3665233850479126,0.23577579780553673
2059,020590276.WAV,1.659134864807129,0.30878155229582127
2059,020590290.WAV,2.0014102458953857,0.3941783127385763
2059,020590322.WAV,1.9243820905685425,0.3749600011355644
2059,020590359.WAV,0.7021917104721069,0.07002688332647908
2059,020590376.WAV,1.0815833806991575,0.16468405520178261
2061,020610010.WAV,1.0452755689620972,0.1556253566437613
2061,020610014.WAV,1.204809546470642,0.19542864257236323
2061,020610061.WAV,0.7969424724578857,0.09366693624919178
2061,020610090.WAV,1.1268157958984375,0.17596941762761284
2061,020610122.WAV,1.028563141822815,0.1514556523188619
2061,020610134.WAV,1.298836350440979,0.2188880699735478
2061,020610166.WAV,0.85163813829422,0.10731335352241667
2061,020610168.WAV,0.9330260157585144,0.1276194037345717
2061,020610174.WAV,1.1016629934310913,0.16969386301442832
2061,020610175.WAV,1.058413028717041,0.15890311649885877
2061,020610194.WAV,1.2702487707138062,0.21175554793869525
2061,020610201.WAV,1.0010671615600586,0.14459548132972536
2061,020610206.WAV,1.5389703512191772,0.27880083867287886
2061,020610207.WAV,0.8496728539466858,0.10682302051600917
2061,020610291.WAV,1.1281332969665527,0.1762981304983405
2061,020610302.WAV,1.250910401344299,0.20693067829381864
2061,020610316.WAV,1.0445265769958496,0.15543848522078066
2061,020610328.WAV,1.0957289934158323,0.1682133464310878
2061,020610341.WAV,1.3083775043487549,0.2212685614714148
2061,020610343.WAV,1.3383454084396362,0.22874547061540193
2089,020890003.WAV,0.8476563096046448,0.10631989828281804
2089,020890037.WAV,1.1109832525253296,0.1720192418675742
2089,020890112.WAV,0.6824849247932434,0.06511009483189353
2089,020890134.WAV,1.083359718322754,0.16512724652341784
2089,020890156.WAV,1.0324376821517944,0.15242233940937847
2089,020890165.WAV,0.7963934540748596,0.09352995768186134
2089,020890206.WAV,1.26289963722229,0.20992195946896244
2089,020890207.WAV,1.1741563081741333,0.18778074444051754
2089,020890215.WAV,1.2382347583770752,0.20376814044932554
2089,020890219.WAV,1.2424638271331787,0.20482328140136438
2089,020890259.WAV,0.6884382963180542,0.06659544455326274
2089,020890260.WAV,0.7937275171279907,0.09286481379075412
2089,020890267.WAV,1.1432534456253052,0.18007056574847427
2089,020890274.WAV,0.9710803627967834,0.13711385801726103
2089,020890306.WAV,0.9277600646018982,0.12630556349284877
2089,020890313.WAV,1.8048280477523804,0.3451315982808989
2089,020890326.WAV,1.2419220209121704,0.2046881022485
2089,020890340.WAV,1.0569591522216797,0.15854037833640908
2089,020890346.WAV,0.7883448004722595,0.09152184088011356
2089,020890371.WAV,1.315839409828186,0.22313028624007167
2112,021120025.WAV,0.9965968132019044,0.14348014178463983
2112,021120059.WAV,1.085554599761963,0.16567486336886092
2112,021120074.WAV,0.8478959798812866,0.10637969535362857
2112,021120075.WAV,0.8662406802177429,0.11095664732442351
2112,021120085.WAV,2.1013150215148926,0.41910427780080295
2112,021120108.WAV,0.7511409521102905,0.08223958366367523
2112,021120135.WAV,1.5758928060531616,0.28801288898275257
2112,021120151.WAV,1.0792855024337769,0.16411074093322078
2112,021120161.WAV,0.7699177861213684,0.0869243517904951
2112,021120164.WAV,0.8384044170379639,0.10401157668911501
2112,021120171.WAV,1.12624192237854,0.17582623777241177
2112,021120187.WAV,1.0746463537216189,0.16295328616691288
2112,021120232.WAV,1.000080943107605,0.14434942255488556
2112,021120233.WAV,0.7285584807395935,0.07660531954652702
2112,021120250.WAV,1.187320351600647,0.1910651368481098
2112,021120256.WAV,1.009778618812561,0.14676896580802448
2112,021120296.WAV,1.347889065742493,0.23112658670341427
2112,021120309.WAV,0.7894327044487,0.09179326991180556
2112,021120321.WAV,1.535800576210022,0.2780099885794436
2112,021120354.WAV,1.3154194355010986,0.22302550380760935
2116,021160002.WAV,0.8171783685684204,0.09871573633233366
2116,021160027.WAV,0.9345542788505554,0.12800070114705162
2116,021160075.WAV,0.8508723378181458,0.10712228842274651
2116,021160080.WAV,0.6651319265365601,0.06078056978578039
2116,021160089.WAV,0.967236876487732,0.13615491881878436
2116,021160090.WAV,0.965312659740448,0.1356748320649977
2116,021160120.WAV,0.8179396390914917,0.09890567122126476
2116,021160134.WAV,0.8878002166748047,0.11633569201126823
2116,021160185.WAV,1.099132418632507,0.16906249160474626
2116,021160188.WAV,0.9250072240829468,0.1256187374009851
2116,021160195.WAV,0.9516668319702148,0.1322702357968331
2116,021160198.WAV,0.9499154686927797,0.13183327550545648
2116,021160203.WAV,1.32128643989563,0.22448930516896756
2116,021160207.WAV,1.0838289260864258,0.16524431256207003
2116,021160212.WAV,1.1785110235214231,0.18886723386937018
2116,021160232.WAV,1.7387752532958984,0.3286516088442054
2116,021160249.WAV,0.9226179718971252,0.12502262559212168
2116,021160303.WAV,1.880947589874268,0.3641232134035738
2116,021160310.WAV,0.8770078420639038,0.11364302441032872
2116,021160326.WAV,1.1885794401168823,0.1913792759487816
2129,021290009.WAV,0.9334045648574828,0.12771385068724952
2129,021290011.WAV,0.6242364645004272,0.050577265173010394
2129,021290068.WAV,1.1114530563354492,0.1721364566181657
2129,021290121.WAV,0.9004330039024353,0.11948753746732252
2129,021290134.WAV,0.7281420826911926,0.07650142938570079
2129,021290144.WAV,0.7509932518005371,0.0822027328451056
2129,021290148.WAV,0.7366423010826111,0.07862221035269618
2129,021290160.WAV,1.191704511642456,0.1921589726467661
2129,021290169.WAV,0.5531978607177734,0.03285333010608596
2129,021290173.WAV,1.0205543041229248,0.14945746947466235
2129,021290200.WAV,0.951660692691803,0.13226870406385785
2129,021290209.WAV,0.766417384147644,0.08605101118430522
2129,021290235.WAV,0.8924216032028198,0.11748871516178375
2129,021290261.WAV,0.9477124810218812,0.13128363617763833
2129,021290282.WAV,1.0243606567382812,0.1504071439193179
2129,021290291.WAV,0.6023298501968384,0.0451116255238852
2129,021290319.WAV,0.5477582216262817,0.03149615520523799
2129,021290324.WAV,0.7739671468734741,0.08793465609282147
2129,021290326.WAV,0.9811981916427612,0.1396382283164441
2129,021290371.WAV,1.132636308670044,0.17742161945770216
2168,021680007.WAV,1.0828710794448853,0.16500533247554303
2168,021680016.WAV,1.04495370388031,0.15554505219651513
2168,021680048.WAV,1.078887939453125,0.16401155006967785
2168,021680052.WAV,0.7877314686775208,0.09136881629452781
2168,021680122.WAV,0.8504166603088379,0.10700859814511748
2168,021680154.WAV,0.7409245371818542,0.07969061640972452
2168,021680169.WAV,0.5685974359512329,0.036695481513384615
2168,021680190.WAV,0.9553426504135132,0.13318734232677215
2168,021680237.WAV,0.743465006351471,0.0803244564375997
2168,021680246.WAV,0.9433374404907228,0.13019207567165397
2168,021680249.WAV,0.6350530385971069,0.05327597047868732
2168,021680251.WAV,1.0259273052215576,0.1507980183806916
2168,021680266.WAV,0.5956783294677734,0.043452089507961505
2168,021680288.WAV,0.8235099911689758,0.10029545865041103
2168,021680297.WAV,0.7163789868354797,0.07356656952034443
2168,021680318.WAV,0.9772089123725892,0.13864291417760372
2168,021680332.WAV,1.0038517713546753,0.1452902337679561
2168,021680369.WAV,1.07910418510437,0.1640655027612721
2168,021680379.WAV,0.6634851694107056,0.060369708439758724
2168,021680380.WAV,0.6657610535621643,0.060937535237758744
2170,021700029.WAV,1.0288726091384888,0.1515328635577697
2170,021700034.WAV,1.067313551902771,0.16112377240431805
2170,021700062.WAV,1.153056502342224,0.18251640127248933
2170,021700077.WAV,1.427037477493286,0.25087389641706315
2170,021700120.WAV,1.0365819931030271,0.15345633352364244
2170,021700131.WAV,1.1218127012252808,0.17472115935114094
2170,021700139.WAV,0.6663448214530945,0.06108318371115301
2170,021700153.WAV,0.8345433473587036,0.10304825048842764
2170,021700176.WAV,0.5921244621276855,0.04256540944081241
2170,021700211.WAV,1.3696709871292114,0.23656111581482844
2170,021700224.WAV,0.6259196400642395,0.05099721281852601
2170,021700232.WAV,1.0654747486114502,0.1606649960714395
2170,021700236.WAV,1.2273404598236084,0.2010500431067581
2170,021700240.WAV,0.5703045725822449,0.03712140737886188
2170,021700277.WAV,0.8410998582839966,0.1046840818212198
2170,021700287.WAV,1.051198959350586,0.15710322615458147
2170,021700291.WAV,1.3706929683685305,0.236816097306029
2170,021700300.WAV,0.8432798981666565,0.10522799573937319
2170,021700362.WAV,2.011371612548828,0.3966636461536813
2170,021700379.WAV,1.3280242681503296,0.22617037467370835
2179,021790008.WAV,1.3767074346542358,0.23831669000118103
2179,021790025.WAV,0.6341980695724487,0.053062658072891206
2179,021790030.WAV,0.897990345954895,0.11887810106869381
2179,021790035.WAV,1.0321155786514282,0.1523419754773566
2179,021790039.WAV,1.3696849346160889,0.2365645956742091
2179,021790040.WAV,1.7220895290374756,0.3244885668141887
2179,021790043.WAV,1.1228570938110352,0.17498173241126083
2179,021790055.WAV,1.3417572975158691,0.22959672749859908
2179,021790075.WAV,1.6558328866958618,0.3079577178942392
2179,021790081.WAV,1.7488560676574707,0.3311667441319551
2179,021790083.WAV,1.0810163021087646,0.1645425706626901
2179,021790084.WAV,1.3413656949996948,0.2294990237544496
2179,021790108.WAV,1.379584789276123,0.23903458201717379
2179,021790112.WAV,1.4532207250595093,0.25740654423098686
2179,021790125.WAV,1.1226661205291748,0.17493408510589478
2179,021790149.WAV,1.0504872798919678,0.15692566409900385
2179,021790152.WAV,0.9437562823295592,0.13029657555143148
2179,021790168.WAV,1.464916467666626,0.26032459964719734
2179,021790169.WAV,0.8178434371948242,0.09888166911425453
2179,021790173.WAV,0.8825996518135071,0.11503816546929144
2208,022080028.WAV,1.9372639656066892,0.3781739933110707
2208,022080038.WAV,1.305069088935852,0.2204431209808879
2208,022080085.WAV,1.1434835195541382,0.18012796855706134
2208,022080100.WAV,1.276424765586853,0.21329644156940972
2208,022080116.WAV,1.041634202003479,0.15471684566391639
2208,022080124.WAV,0.7932952046394348,0.09275695302114736
2208,022080146.WAV,1.2155941724777222,0.19811937691809126
2208,022080179.WAV,0.8962684869766235,0.11844850201831472
2208,022080181.WAV,0.7913454174995422,0.09227048652516284
2208,022080186.WAV,0.7491135597229004,0.08173375487318801
2208,022080187.WAV,0.8936920166015625,0.11780567978930315
2208,022080189.WAV,0.9965680241584778,0.14347295899796944
2208,022080192.WAV,0.7481288909912109,0.08148808274939051
2208,022080202.WAV,0.9177322387695312,0.12380364869650676
2208,022080204.WAV,0.9104499220848083,0.1219867308351745
2208,022080210.WAV,0.835692822933197,0.10333504146345399
2208,022080294.WAV,1.0846078395843506,0.16543864932440575
2208,022080299.WAV,1.190527319908142,0.19186526656656025
2208,022080340.WAV,1.3865567445755005,0.24077406557168926
2208,022080341.WAV,0.641204833984375,0.05481082640466439
2236,022360092.WAV,1.4056437015533447,0.24553620852055022
2236,022360126.WAV,0.8667363524436951,0.11108031617318259
2236,022360147.WAV,2.093529462814331,0.41716180244908196
2236,022360159.WAV,1.029520869255066,0.15169460266300108
2236,022360185.WAV,0.4914620518684387,0.017450416632484617
2236,022360186.WAV,0.8588355779647827,0.10910909480358622
2236,022360221.WAV,1.117913007736206,0.17374819661678406
2236,022360222.WAV,1.7944070100784302,0.34253157821817115
2236,022360227.WAV,0.8005191683769226,0.09455931198361778
2236,022360231.WAV,0.8519701957702637,0.1073962009438256
2236,022360253.WAV,1.2897497415542605,0.21662098620062512
2236,022360259.WAV,1.26812744140625,0.21122628214656733
2236,022360262.WAV,0.9411159753799438,0.1296378262737161
2236,022360265.WAV,0.938723623752594,0.1290409411627681
2236,022360293.WAV,1.0065586566925049,0.14596559416929636
2236,022360310.WAV,1.0048668384552002,0.14554349020066024
2236,022360311.WAV,0.913269340991974,0.12269016805066305
2236,022360321.WAV,1.2740641832351685,0.21270748280482885
2236,022360326.WAV,1.0737347602844238,0.162725846126879
2236,022360350.WAV,0.8868119120597839,0.1160891127446407
2242,022420015.WAV,0.8524459004402161,0.10751488794261665
2242,022420045.WAV,0.8782406449317932,0.11395060531447546
2242,022420067.WAV,0.7955565452575684,0.09332115124782739
2242,022420073.WAV,0.8857094049453735,0.11581404027043474
2242,022420086.WAV,1.1126855611801147,0.17244396316634278
2242,022420106.WAV,0.5630464553833008,0.03531052722226702
2242,022420129.WAV,1.0065748691558838,0.1459696391340465
2242,022420138.WAV,1.0364553928375244,0.15342474710772566
2242,022420146.WAV,0.9957591891288756,0.1432711568962786
2242,022420164.WAV,1.054659724235535,0.15796667741680495
2242,022420168.WAV,1.4020302295684814,0.24463465725946662
2242,022420172.WAV,0.7778944373130798,0.08891450418997005
2242,022420273.WAV,0.6288860440254211,0.05173732239825693
2242,022420288.WAV,0.9266467690467834,0.12602779933254066
2242,022420292.WAV,0.9057133793830872,0.12080497653797759
2242,022420306.WAV,1.2227262258529663,0.19989880449951472
2242,022420342.WAV,0.8393288850784302,0.10424222890703871
2242,022420346.WAV,1.205925226211548,0.19570700158042878
2242,022420348.WAV,1.108149766921997,0.17131229505031717
2242,022420362.WAV,0.9074910879135132,0.12124850989707328
2244,022440038.WAV,0.8074506521224976,0.09628869799745171
2244,022440039.WAV,1.1574256420135498,0.18360648953027423
2244,022440062.WAV,1.0269911289215088,0.15106343945003411
2244,022440073.WAV,0.6920389533042908,0.06749379850765042
2244,022440126.WAV,1.1640708446502686,0.18526444919964088
2244,022440134.WAV,0.8038387298583984,0.09538753338741046
2244,022440139.WAV,1.0282491445541382,0.1513773108692151
2244,022440144.WAV,2.316046953201294,0.4726793005539156
2244,022440165.WAV,0.9157511591911316,0.12330937482370666
2244,022440180.WAV,1.2163162231445312,0.19829952656141345
2244,022440189.WAV,1.0261390209197998,0.15085084086154685
2244,022440215.WAV,0.9659128785133362,0.13582458498791786
2244,022440277.WAV,0.9043027758598328,0.12045303486232431
2244,022440286.WAV,0.725628137588501,0.07587420703912648
2244,022440312.WAV,0.9144333004951476,0.12298057272581539
2244,022440337.WAV,0.8726361393928528,0.1125522966912047
2244,022440340.WAV,0.7242069244384766,0.07551961829095288
2244,022440352.WAV,1.2532676458358765,0.20751880427153926
2244,022440361.WAV,0.8340237140655518,0.1029186034197069
2244,022440362.WAV,1.2409321069717407,0.20444112145963625
2251,022510066.WAV,1.3148155212402344,0.22287482887066526
2251,022510069.WAV,1.176102638244629,0.18826634840725384
2251,022510089.WAV,0.7666435241699219,0.08610743249409264
2251,022510093.WAV,1.1452652215957642,0.18057249828615066
2251,022510095.WAV,0.7257148027420044,0.0758958297551072
2251,022510122.WAV,1.2531038522720337,0.20747793823060737
2251,022510152.WAV,0.9266059398651124,0.12601761256469557
2251,022510166.WAV,0.97971773147583,0.13926885760149962
2251,022510190.WAV,1.0168414115905762,0.14853111306209607
2251,022510211.WAV,1.568831443786621,0.28625109863733544
2251,022510230.WAV,1.1700921058654783,0.18676673721090145
2251,022510237.WAV,1.209731936454773,0.19665676525224782
2251,022510255.WAV,1.1497557163238523,0.181692864294786
2251,022510266.WAV,0.993469536304474,0.14269989485247975
2251,022510276.WAV,1.542921543121338,0.2797866501187952
2251,022510291.WAV,0.7830469608306885,0.09020004454963568
2251,022510300.WAV,1.34226655960083,0.2297237869795752
2251,022510320.WAV,0.6759174466133118,0.06347152719941743
2251,022510323.WAV,1.231079339981079,0.20198288335987977
2251,022510368.WAV,0.9554848074913024,0.13322281012430584
2252,022520012.WAV,0.8013495206832886,0.09476648258631895
2252,022520036.WAV,1.1348780393600464,0.17798092506157773
2252,022520067.WAV,0.7972099184989929,0.09373366329637578
2252,022520159.WAV,0.6786861419677734,0.06416230902886769
2252,022520174.WAV,0.6713752746582031,0.06233826786564081
2252,022520200.WAV,0.8397068977355957,0.10433654201897113
2252,022520203.WAV,0.8338580131530762,0.10287726150056906
2252,022520209.WAV,0.8965999484062195,0.11853120072778434
2252,022520221.WAV,1.3902827501296997,0.2417036936469211
2252,022520225.WAV,0.993320643901825,0.14266274661003142
2252,022520226.WAV,0.7179871797561646,0.07396780920389048
2252,022520258.WAV,1.590604543685913,0.2916834268120474
2252,022520272.WAV,0.8185087442398071,0.09904766138095111
2252,022520290.WAV,1.3642224073410034,0.2352017102348903
2252,022520337.WAV,1.339788794517517,0.2291055914477191
2252,022520345.WAV,1.700680136680603,0.31914698266486485
2252,022520358.WAV,0.9212478399276732,0.12468078145714989
2252,022520360.WAV,0.4904989302158355,0.017210120445294394
2252,022520366.WAV,1.2475897073745728,0.20610217433734127
2252,022520375.WAV,0.7505651712417603,0.08209592793026821
2282,022820020.WAV,0.9760441184043884,0.1383523013057362
2282,022820021.WAV,0.9335635304450988,0.12775351216147277
2282,022820026.WAV,0.9451867938041688,0.1306534842058589
2282,022820042.WAV,0.6348867416381836,0.05323447984761012
2282,022820062.WAV,0.9318563938140868,0.1273275862959955
2282,022820072.WAV,1.191732406616211,0.19216593236552745
2282,022820079.WAV,1.076452136039734,0.1634038238583517
2282,022820106.WAV,0.8970614671707153,0.11864634838241897
2282,022820107.WAV,0.9146449565887452,0.12303338033547676
2282,022820121.WAV,0.643527090549469,0.055390222991545446
2282,022820134.WAV,0.8508100509643555,0.10710674802508499
2282,022820142.WAV,0.839053750038147,0.10417358347583716
2282,022820155.WAV,0.963932454586029,0.13533047469825102
2282,022820191.WAV,0.9169203639030457,0.12360108816392529
2282,022820197.WAV,1.069030523300171,0.16155215201679454
2282,022820281.WAV,1.0927183628082275,0.16746220242545753
2282,022820291.WAV,0.9059674739837646,0.12086837243772025
2282,022820293.WAV,0.7998077869415283,0.09438182428400982
2282,022820317.WAV,0.7050080895423889,0.07072956211107692
2282,022820357.WAV,0.7392228841781616,0.07926605869408923
2327,023270032.WAV,1.5446325540542605,0.28021354261187825
2327,023270080.WAV,0.9167959094047546,0.1235700371109901
2327,023270098.WAV,1.1851729154586792,0.19052935747303854
2327,023270118.WAV,1.1244100332260132,0.1753691864980296
2327,023270120.WAV,1.1800493001937866,0.18925102964243115
2327,023270140.WAV,0.8044010400772095,0.0955278282309883
2327,023270148.WAV,1.0571736097335815,0.15859388489218532
2327,023270161.WAV,0.7798393368721008,0.08939975124805194
2327,023270171.WAV,1.2434461116790771,0.2050683586774045
2327,023270214.WAV,1.3085733652114868,0.2213174282146835
2327,023270237.WAV,0.9933702945709229,0.14267513431457884
2327,023270268.WAV,0.9002189040184021,0.11943412013870988
2327,023270280.WAV,1.0103155374526978,0.14690292552298626
2327,023270286.WAV,1.3219881057739258,0.22466436886396415
2327,023270303.WAV,1.030797839164734,0.15201320312185332
2327,023270315.WAV,1.038079023361206,0.15382983843050071
2327,023270319.WAV,0.8822386860847473,0.11494810551882426
2327,023270321.WAV,1.1568373441696167,0.18345971084614096
2327,023270331.WAV,0.9584820866584778,0.13397062298249482
2327,023270364.WAV,0.8004140257835388,0.09453307919751736
2355,023550002.WAV,1.7109177112579346,0.3217012291926623
2355,023550003.WAV,0.8606221079826355,0.10955482909938422
2355,023550008.WAV,1.7668086290359497,0.3356458585178552
2355,023550013.WAV,1.020941138267517,0.1495539835232971
2355,023550099.WAV,1.8785961866378784,0.3635365448028587
2355,023550123.WAV,0.8120364546775818,0.09743284304518837
2355,023550138.WAV,1.090975046157837,0.16702724974526204
2355,023550167.WAV,1.0217463970184326,0.14975489335335188
2355,023550175.WAV,0.6929399371147156,0.06771859147516393
2355,023550201.WAV,0.8162941932678223,0.09849513704150967
2355,023550202.WAV,0.6977270841598511,0.06891297141601122
2355,023550230.WAV,0.7506948113441467,0.08212827277707568
2355,023550233.WAV,1.3860952854156494,0.24065893278824854
2355,023550237.WAV,1.3376859426498413,0.2285809357257109
2355,023550257.WAV,1.188787817955017,0.19143126564277654
2355,023550260.WAV,1.22616446018219,0.20075663445043093
2355,023550290.WAV,0.8858872652053833,0.11585841591313523
2355,023550310.WAV,0.9822702407836914,0.13990570161054958
2355,023550319.WAV,1.0954207181930542,0.16813643261605873
2355,023550341.WAV,1.292270302772522,0.2172498592497261
2380,023800015.WAV,1.3915308713912964,0.242015096447909
2380,023800042.WAV,1.247304916381836,0.20603111977272234
2380,023800056.WAV,1.767996072769165,0.3359421224434178
2380,023800093.WAV,1.1113215684890747,0.17210365076434628
2380,023800114.WAV,1.7732759714126587,0.33725944254452134
2380,023800124.WAV,0.7841097116470337,0.09046519793748736
2380,023800160.WAV,0.5251200199127197,0.025847986521761068
2380,023800186.WAV,1.1646809577941897,0.1854166707407542
2380,023800242.WAV,1.115919589996338,0.1732508444068395
2380,023800260.WAV,1.204374074935913,0.19531999362947797
2380,023800277.WAV,1.658490538597107,0.3086207946893895
2380,023800278.WAV,1.092305064201355,0.1673590855667159
2380,023800280.WAV,0.7329438328742981,0.07769945276906204
2380,023800298.WAV,0.9448240399360656,0.13056297811957365
2380,023800326.WAV,1.1816970109939575,0.18966212892755577
2380,023800330.WAV,0.8883233666419983,0.11646621648043112
2380,023800338.WAV,1.0676426887512207,0.1612058911372242
2380,023800352.WAV,1.4911898374557495,0.2668797327063499
2380,023800363.WAV,0.9223182201385498,0.12494783835782522
2380,023800368.WAV,1.0279191732406616,0.15129498393959387
2402,024020047.WAV,0.9233766198158264,0.12521190614851968
2402,024020051.WAV,1.0381009578704834,0.1538353110298686
2402,024020053.WAV,1.729066014289856,0.32622918057944317
2402,024020069.WAV,0.9687506556510924,0.13653260253113816
2402,024020084.WAV,1.2737528085708618,0.21262979568771515
2402,024020142.WAV,1.08873450756073,0.16646824156526516
2402,024020158.WAV,1.3180763721466064,0.22368840214843247
2402,024020175.WAV,0.7878570556640625,0.09140014990014775
2402,024020176.WAV,1.2652016878128052,0.21049631472109973
2402,024020205.WAV,1.1075268983840942,0.17115689107370194
2402,024020233.WAV,1.1966047286987305,0.19338156324250708
2402,024020238.WAV,1.0682570934295654,0.1613591834043008
2402,024020253.WAV,0.9767290353775024,0.13852318619523724
2402,024020256.WAV,0.8529751896858215,0.10764694414475479
2402,024020260.WAV,0.9441179633140564,0.1303868139562259
2402,024020265.WAV,1.2500845193862915,0.2067246230306626
2402,024020291.WAV,1.7635968923568726,0.33484453910389
2402,024020321.WAV,1.3442102670669556,0.23020873661377841
2402,024020328.WAV,1.0622193813323977,0.15985279094351432
2402,024020337.WAV,1.4611642360687256,0.2593884282466342
2427,024270011.WAV,1.071895718574524,0.16226701030922472
2427,024270019.WAV,0.8718154430389404,0.11234753522192092
2427,024270028.WAV,1.0661828517913818,0.1608416658553811
2427,024270051.WAV,0.7816504836082458,0.08985162734694488
2427,024270053.WAV,0.9481415152549744,0.13139067903157864
2427,024270057.WAV,1.0259193181991575,0.15079602564070435
2427,024270077.WAV,1.8638874292373655,0.35986675053326056
2427,024270127.WAV,1.3520703315734863,0.23216980095791753
2427,024270155.WAV,0.951794683933258,0.13230213450782252
2427,024270168.WAV,0.6096352934837341,0.046934313408464046
2427,024270176.WAV,1.439367651939392,0.2539502408215121
2427,024270178.WAV,0.7554940581321716,0.08332567157029169
2427,024270183.WAV,0.7604913115501404,0.08457247246975799
2427,024270197.WAV,1.1822426319122314,0.18979825983683193
2427,024270206.WAV,1.21078622341156,0.1969198069305608
2427,024270245.WAV,1.0774085521697998,0.16364244703622424
2427,024270270.WAV,1.171452879905701,0.1871062465684256
2427,024270292.WAV,0.9762744903564452,0.1384097784702929
2427,024270313.WAV,0.9616934061050416,0.13477183829810252
2427,024270336.WAV,0.6853992938995361,0.06583722185931964
2430,024300001.WAV,1.227287769317627,0.20103689697132002
2430,024300052.WAV,1.2727692127227783,0.21238439124540845
2430,024300061.WAV,0.6524982452392578,0.057628501261817094
2430,024300063.WAV,1.5017768144607544,0.2695211541729913
2430,024300065.WAV,0.7384125590324402,0.07906388481255006
2430,024300068.WAV,1.315223217010498,0.22297654783717705
2430,024300080.WAV,1.0634688138961792,0.16016452091076874
2430,024300082.WAV,1.428459644317627,0.25122872310433975
2430,024300093.WAV,0.7761390209197998,0.08847653265740585
2430,024300099.WAV,1.932459831237793,0.37697537507995216
2430,024300118.WAV,0.8168705701828003,0.09863894148685604
2430,024300131.WAV,0.9455863833427428,0.13075318068999556
2430,024300132.WAV,1.4027312994003296,0.24480957224252395
2430,024300135.WAV,1.5369086265563965,0.2782864440746854
2430,024300189.WAV,1.021761775016785,0.149758730121387
2430,024300221.WAV,1.423640489578247,0.25002635733234957
2430,024300270.WAV,1.0396345853805542,0.15421794684980264
2430,024300330.WAV,1.1674309968948364,0.18610279788650294
2430,024300345.WAV,1.0164273977279663,0.14842781774902722
2430,024300360.WAV,0.7608782052993774,0.08466900138958666
2438,024380040.WAV,0.9367443323135376,0.128547113425786
2438,024380041.WAV,0.57899010181427,0.03928842288779952
2438,024380116.WAV,1.3168785572052002,0.22338955063512525
2438,024380142.WAV,0.6693411469459534,0.06183075863023901
2438,024380154.WAV,0.8849695324897766,0.11562944414012613
2438,024380194.WAV,1.3548297882080078,0.23285827775230797
2438,024380197.WAV,1.05631422996521,0.15837947201803806
2438,024380200.WAV,0.7829757332801819,0.09018227347288399
2438,024380204.WAV,0.9243460297584534,0.12545377124666995
2438,024380234.WAV,0.809236466884613,0.09673425383892251
2438,024380247.WAV,0.7519799470901489,0.08244891058949688
2438,024380265.WAV,1.037633180618286,0.15371860189987083
2438,024380276.WAV,0.8530433773994446,0.10766395679061583
2438,024380278.WAV,1.2169712781906128,0.19846296098275332
2438,024380315.WAV,0.994235098361969,0.14289090046737413
2438,024380317.WAV,1.0928186178207395,0.16748721577365525
2438,024380325.WAV,0.9048538208007812,0.12059051905024853
2438,024380354.WAV,1.559840202331543,0.2840078087747079
2438,024380363.WAV,0.986256778240204,0.14090033167446903
2438,024380369.WAV,0.94910991191864,0.13163229131943202
2441,024410049.WAV,0.9253132939338684,0.12569510098183861
2441,024410052.WAV,1.244741439819336,0.2053915394639885
2441,024410092.WAV,1.1633684635162354,0.18508920705031703
2441,024410098.WAV,1.1068100929260254,0.17097805009544595
2441,024410110.WAV,1.123194932937622,0.17506602233848143
2441,024410149.WAV,0.9557680487632751,0.1332934780378825
2441,024410158.WAV,0.5844945311546326,0.04066176277645428
2441,024410160.WAV,1.4827494621276855,0.26477388241806477
2441,024410173.WAV,0.8304404616355896,0.1020245918539481
2441,024410222.WAV,0.8013811111450195,0.09477436431910422
2441,024410228.WAV,1.170803427696228,0.18694421003931552
2441,024410240.WAV,1.7799561023712158,0.3389261167335337
2441,024410241.WAV,2.074060201644897,0.4123042756623252
2441,024410294.WAV,1.5149216651916504,0.27280075805613657
2441,024410312.WAV,0.8265998959541321,0.1010663813439742
2441,024410318.WAV,1.1732580661773682,0.18755663554792504
2441,024410322.WAV,1.1292465925216677,0.17657589465864862
2441,024410350.WAV,0.7325878143310547,0.07761062712769143
2441,024410368.WAV,1.2090688943862915,0.19649133809092076
2441,024410377.WAV,1.005041241645813,0.14558700331411248
2448,024480016.WAV,1.80340576171875,0.3447767418512345
2448,024480028.WAV,0.6166670918464661,0.048688727641689716
2448,024480094.WAV,1.1054272651672363,0.17063303839616614
2448,024480095.WAV,1.1555778980255127,0.1831454825183055
2448,024480105.WAV,1.5365620851516724,0.2781999829531504
2448,024480127.WAV,1.3772029876708984,0.23844032910755222
2448,024480159.WAV,0.8719968199729919,0.11239278826506355
2448,024480186.WAV,1.1295758485794067,0.17665804313394265
2448,024480188.WAV,1.3542146682739258,0.2327048070309042
2448,024480212.WAV,0.8601977229118347,0.10944894619857076
2448,024480228.WAV,1.0003443956375122,0.14441515323207593
2448,024480232.WAV,1.126537799835205,0.17590005837910247
2448,024480241.WAV,1.615445852279663,0.2978812645657303
2448,024480244.WAV,0.8737863898277283,0.1128392809917522
2448,024480251.WAV,1.2421622276306152,0.20474803316005594
2448,024480255.WAV,1.203466534614563,0.19509356483063164
2448,024480270.WAV,0.6576010584831238,0.05890163904574136
2448,024480292.WAV,1.1150387525558472,0.17303107790287584
2448,024480297.WAV,1.1420328617095947,0.17976603343908412
2448,024480335.WAV,0.9960964918136596,0.14335531298275378
2450,024500006.WAV,1.457930088043213,0.25858151726374967
2450,024500021.WAV,0.9178506731987,0.12383319775885457
2450,024500033.WAV,1.1595005989074707,0.18412418553352114
2450,024500095.WAV,1.5200623273849487,0.27408333904820925
2450,024500126.WAV,1.160419464111328,0.18435343985921496
2450,024500139.WAV,1.065273642539978,0.1606148206631046
2450,024500141.WAV,0.7946099042892456,0.09308496694576007
2450,024500147.WAV,1.458429217338562,0.25870604864175695
2450,024500151.WAV,1.3666001558303833,0.23579495190332436
2450,024500156.WAV,0.8408201336860657,0.1046142913080853
2450,024500164.WAV,0.9918829798698424,0.14230405341233188
2450,024500228.WAV,1.133812427520752,0.1777150578564172
2450,024500250.WAV,1.2074013948440552,0.19607530156940992
2450,024500268.WAV,1.6801398992538452,0.3140222502654936
2450,024500284.WAV,1.3178653717041016,0.22363575812190442
2450,024500317.WAV,1.2607351541519165,0.20938192693242594
2450,024500327.WAV,1.224399209022522,0.20031620917086754
2450,024500333.WAV,1.4147756099700928,0.24781459440086315
2450,024500350.WAV,2.310053586959839,0.4711839722614163
2450,024500363.WAV,1.0030924081802368,0.1451007747572309
2451,024510017.WAV,1.1723328828811646,0.1873258048756741
2451,024510043.WAV,1.4844181537628174,0.2651902163634543
2451,024510061.WAV,1.5124707221984863,0.27218925456155096
2451,024510070.WAV,1.5508862733840942,0.2817738282794833
2451,024510114.WAV,1.3296489715576172,0.22657573367797426
2451,024510164.WAV,1.324967384338379,0.22540769062158492
2451,024510179.WAV,1.0038654804229736,0.14529365414256104
2451,024510195.WAV,1.235311508178711,0.2030387976140032
2451,024510206.WAV,0.8172672986984253,0.09873792415368388
2451,024510215.WAV,1.311762452125549,0.22211309657495357
2451,024510224.WAV,1.0543586015701294,0.15789154814504794
2451,024510247.WAV,0.7827743291854858,0.0901320237085794
2451,024510252.WAV,1.408132553100586,0.2461571700944781
2451,024510275.WAV,1.563616156578064,0.28494989891045674
2451,024510316.WAV,1.2822444438934326,0.21474843520278394
2451,024510323.WAV,1.1030573844909668,0.17004175972533145
2451,024510336.WAV,1.3881081342697144,0.24116113300741573
2451,024510351.WAV,1.48277485370636,0.2647802175466809
2451,024510352.WAV,1.5568275451660156,0.2832561591484838
2451,024510375.WAV,0.8536139726638794,0.10780631873015054
2488,024880041.WAV,1.2552095651626587,0.20800330776992446
2488,024880059.WAV,1.0271143913269043,0.15109419307909058
2488,024880070.WAV,1.8406167030334477,0.3540607687397511
2488,024880098.WAV,1.3776251077651978,0.23854564690299615
2488,024880118.WAV,1.6277141571044922,0.3009421726708753
2488,024880155.WAV,0.936044692993164,0.12837255535138312
2488,024880176.WAV,1.1868761777877808,0.1909543167109101
2488,024880190.WAV,1.20990252494812,0.19669932660928827
2488,024880194.WAV,1.013903260231018,0.1477980524282901
2488,024880195.WAV,1.6905055046081543,0.31660844011786227
2488,024880207.WAV,0.9630964398384094,0.1351218913321261
2488,024880210.WAV,0.9940757751464844,0.14285114976598726
2488,024880234.WAV,1.1432702541351318,0.1800747594251638
2488,024880245.WAV,0.8028445839881897,0.09513949674377736
2488,024880258.WAV,1.925580978393555,0.37525912033036246
2488,024880267.WAV,2.178569793701172,0.43837912968315373
2488,024880269.WAV,0.9887226819992064,0.14151556783873212
2488,024880299.WAV,1.210247039794922,0.19678528211022964
2488,024880303.WAV,1.0258270502090454,0.15077300503249383
2488,024880339.WAV,1.0169397592544556,0.148555650532088
2538,025380004.WAV,1.0085995197296145,0.1464747838496128
2538,025380051.WAV,1.0673753023147583,0.16113917896123417
2538,025380065.WAV,1.1722040176391602,0.18729365335438777
2538,025380091.WAV,1.6058380603790283,0.2954841470730446
2538,025380107.WAV,1.1766101121902466,0.18839296175241196
2538,025380133.WAV,1.146816372871399,0.18095950623710141
2538,025380149.WAV,0.9694780111312866,0.13671407571072058
2538,025380151.WAV,0.73139888048172,0.07731399142228046
2538,025380152.WAV,1.0615277290344238,0.15968022560909864
2538,025380158.WAV,1.1411969661712646,0.17955747981534706
2538,025380162.WAV,1.4676096439361572,0.26099653967393255
2538,025380175.WAV,0.7000229954719543,0.06948579493517323
2538,025380202.WAV,1.2160390615463257,0.19823037550961817
2538,025380217.WAV,1.561304807662964,0.28437322375206575
2538,025380251.WAV,2.1750009059906006,0.43748870207513313
2538,025380256.WAV,1.2535456418991089,0.2075881635200497
2538,025380277.WAV,1.1548287868499756,0.18295858135293705
2538,025380298.WAV,1.0576698780059814,0.15871770245288372
2538,025380340.WAV,1.1835227012634275,0.19011763359776865
2538,025380347.WAV,1.1838690042495728,0.19020403523452797
2621,026210005.WAV,1.364349603652954,0.23523344536274646
2621,026210047.WAV,0.9557995796203612,0.1333013448994738
2621,026210096.WAV,1.36626398563385,0.2357110783695339
2621,026210123.WAV,0.987066686153412,0.14110240145765066
2621,026210132.WAV,1.4715487957000732,0.2619793471386741
2621,026210135.WAV,1.0685511827468872,0.1614325578751735
2621,026210136.WAV,0.8089921474456787,0.0966732968149851
2621,026210141.WAV,1.0792721509933472,0.1641074097857795
2621,026210157.WAV,1.28271746635437,0.21486645299784787
2621,026210177.WAV,0.994556486606598,0.14297108594506883
2621,026210185.WAV,1.081024408340454,0.16454459314506517
2621,026210203.WAV,1.2080549001693726,0.1962383493397075
2621,026210213.WAV,1.15969717502594,0.18417323073111705
2621,026210220.WAV,1.3693257570266724,0.23647498185955998
2621,026210231.WAV,1.5173685550689695,0.2734112503095345
2621,026210242.WAV,0.8494189977645874,0.10675968410104225
2621,026210262.WAV,0.93812495470047,0.12889157489089023
2621,026210287.WAV,1.1025166511535645,0.16990684825395788
2621,026210299.WAV,1.0575525760650637,0.15868843594322077
2621,026210302.WAV,1.6874372959136963,0.31584293053889123
2740,027400077.WAV,1.0729893445968628,0.16253986697553444
2740,027400094.WAV,2.076244592666626,0.4128492751776359
2740,027400125.WAV,0.8724372386932373,0.11250267151704538
2740,027400126.WAV,1.284020185470581,0.2151914778124798
2740,027400145.WAV,0.8529492020606995,0.10764046030419935
2740,027400146.WAV,1.168672800064087,0.18641262434093378
2740,027400151.WAV,0.963729739189148,0.13527989776767987
2740,027400171.WAV,1.1907225847244265,0.19191398459788964
2740,027400173.WAV,1.9869518280029297,0.390570977483503
2740,027400176.WAV,0.7210071682929993,0.0747212879869685
2740,027400201.WAV,1.0732154846191406,0.16259628828532183
2740,027400238.WAV,0.8938394784927368,0.11784247112309704
2740,027400246.WAV,1.1907031536102295,0.19190913658866696
2740,027400276.WAV,0.9578168988227844,0.1338046604581861
2740,027400283.WAV,1.38960599899292,0.2415348461109891
2740,027400286.WAV,1.012637972831726,0.14748236672344908
2740,027400289.WAV,1.371894359588623,0.2371158410909722
2740,027400295.WAV,0.9892488121986388,0.14164683586759172
2740,027400321.WAV,1.1167306900024414,0.17345321161389984
2740,027400372.WAV,0.8812341690063477,0.11469748128744656
2799,027990028.WAV,0.9097663164138794,0.12181617311194001
2799,027990046.WAV,0.9715780019760132,0.13723801761541998
2799,027990056.WAV,1.1682112216949463,0.18629746181510523
2799,027990059.WAV,0.9679587483406068,0.13633502384852478
2799,027990066.WAV,1.293619155883789,0.21758639436846325
2799,027990153.WAV,1.356431484222412,0.23325789647571518
2799,027990156.WAV,1.175623893737793,0.18814690297757217
2799,027990160.WAV,0.73442542552948,0.07806910603669126
2799,027990162.WAV,0.9917779564857484,0.14227785036861937
2799,027990167.WAV,0.5354880690574646,0.02843478609308106
2799,027990201.WAV,1.3510562181472778,0.23191678246431638
2799,027990232.WAV,1.2549322843551636,0.2079341269757413
2799,027990242.WAV,1.1665643453598022,0.1858865707266957
2799,027990247.WAV,1.2240533828735352,0.2002299265036597
2799,027990264.WAV,1.2733659744262695,0.2125332816390804
2799,027990309.WAV,0.999895453453064,0.14430314339936146
2799,027990328.WAV,1.0170550346374512,0.14858441142115728
2799,027990330.WAV,0.8559320569038391,0.10838467433345617
2799,027990341.WAV,0.7880935072898865,0.0914591439264858
2799,027990358.WAV,1.2510488033294678,0.20696520920613456
2892,028920012.WAV,1.4573166370391846,0.25842846293577604
2892,028920027.WAV,1.2218273878097534,0.19967454689498285
2892,028920044.WAV,1.4142765998840332,0.2476900927652437
2892,028920050.WAV,1.5595741271972656,0.2839414237649843
2892,028920120.WAV,1.707498550415039,0.32084815802380506
2892,028920122.WAV,1.3130427598953247,0.2224325298206661
2892,028920128.WAV,0.6341447234153748,0.05304934835431985
2892,028920131.WAV,0.9062350988388062,0.12093514409848602
2892,028920174.WAV,1.2638200521469116,0.2101516004456986
2892,028920200.WAV,0.9937090873718262,0.14275966218090239
2892,028920207.WAV,1.0835648775100708,0.16517843317294031
2892,028920213.WAV,1.1898950338363647,0.1917075129413033
2892,028920214.WAV,1.926921248435974,0.3755935139971729
2892,028920224.WAV,1.6220134496688845,0.2995198619405943
2892,028920235.WAV,1.3072611093521118,0.2209900240090221
2892,028920239.WAV,0.7368773221969604,0.07868084747037979
2892,028920242.WAV,0.9404800534248352,0.12947916550562918
2892,028920259.WAV,1.1476784944534302,0.18117460318616965
2892,028920315.WAV,3.4236886501312256,0.7490328388901768
2892,028920321.WAV,1.4750378131866455,0.2628498473468225
2897,028970002.WAV,0.8333010077476501,0.1027382901932514
2897,028970016.WAV,1.132826328277588,0.17746902882396523
2897,028970022.WAV,1.542500615119934,0.27968162974723
2897,028970039.WAV,1.137203812599182,0.17856119904890086
2897,028970052.WAV,0.8591421246528625,0.10918557735399123
2897,028970057.WAV,0.878214955329895,0.11394419582988968
2897,028970088.WAV,0.6409366130828857,0.05474390603195925
2897,028970129.WAV,1.9007421731948853,0.36906190716682463
2897,028970146.WAV,1.3301156759262085,0.22669217512648118
2897,028970153.WAV,1.2762093544006348,0.21324269707453056
2897,028970158.WAV,1.3553205728530884,0.23298072716316445
2897,028970190.WAV,0.9806020855903624,0.13948950150590542
2897,028970198.WAV,0.8240296244621277,0.1004251057191318
2897,028970221.WAV,0.9976643323898317,0.14374648486800626
2897,028970245.WAV,0.7802969813346863,0.08951393227508084
2897,028970251.WAV,0.7858119010925293,0.09088988949386806
2897,028970273.WAV,0.9751034379005432,0.13811760412306232
2897,028970279.WAV,0.8923354148864746,0.11746721141535452
2897,028970294.WAV,1.176714301109314,0.18841895659940947
2897,028970329.WAV,0.8162913918495178,0.09849443809539474
2917,029170012.WAV,0.9950011968612672,0.14308203992301394
2917,029170043.WAV,0.892253041267395,0.11744665942533708
2917,029170055.WAV,0.8543119430541992,0.10798046041112322
2917,029170086.WAV,0.905665397644043,0.12079300522686032
2917,029170104.WAV,0.7796109914779663,0.08934277970408896
2917,029170149.WAV,0.6649456024169922,0.060734082433541225
2917,029170156.WAV,0.8776922225952148,0.11381377545908436
2917,029170161.WAV,0.940143883228302,0.12939529197183874
2917,029170177.WAV,1.316813826560974,0.22337340051851237
2917,029170181.WAV,0.8861754536628723,0.1159303181358084
2917,029170196.WAV,1.1075657606124878,0.1711665870921472
2917,029170197.WAV,0.6707136631011963,0.06217319761296816
2917,029170211.WAV,0.8294500708580017,0.10177749209553288
2917,029170226.WAV,0.8791722655296326,0.11418304207567129
2917,029170231.WAV,0.9899731874465942,0.1418275654874774
2917,029170252.WAV,0.6175416707992554,0.048906932670290254
2917,029170309.WAV,1.0806576013565063,0.16445307581759241
2917,029170321.WAV,1.3539186716079712,0.23263095668182562
2917,029170359.WAV,1.6014331579208374,0.29438513609889905
2917,029170362.WAV,0.9638869166374208,0.1353191131060851
2937,029370015.WAV,1.096323013305664,0.1683615527498388
2937,029370032.WAV,0.8317312598228455,0.10234664242979308
2937,029370040.WAV,0.9498264193534852,0.13181105794171838
2937,029370106.WAV,0.6540667414665222,0.05801983673020278
2937,029370108.WAV,1.191023349761963,0.19198902464248294
2937,029370123.WAV,0.6618187427520752,0.05995393959973869
2937,029370126.WAV,0.9107039570808412,0.12205011186372328
2937,029370142.WAV,1.2747951745986938,0.2128898631272412
2937,029370153.WAV,0.8021420240402222,0.09496420998087171
2937,029370185.WAV,0.5069617629051208,0.021317551645593152
2937,029370193.WAV,1.0286155939102173,0.15146873896952426
2937,029370210.WAV,0.651069700717926,0.057272083356789544
2937,029370217.WAV,0.7461386919021606,0.08099153358391842
2937,029370221.WAV,1.6263644695281982,0.300605429355423
2937,029370230.WAV,0.8758265376091003,0.11334829221774137
2937,029370235.WAV,1.134375810623169,0.1778556203814858
2937,029370239.WAV,0.8243680000305176,0.10050952948709779
2937,029370270.WAV,1.181573748588562,0.18963137529849924
2937,029370303.WAV,1.0794318914413452,0.1641472645855239
2937,029370379.WAV,0.7416537404060364,0.0798725505963189
2981,029810020.WAV,1.1176384687423706,0.17367969989752188
2981,029810027.WAV,0.9328836798667908,0.12758389132345618
2981,029810135.WAV,0.647526741027832,0.056388124718130456
2981,029810139.WAV,0.978959858417511,0.1390797703706228
2981,029810147.WAV,0.9324944615364076,0.1274867824270641
2981,029810158.WAV,0.8403388857841492,0.10449422128825836
2981,029810200.WAV,1.3676493167877195,0.23605671465895892
2981,029810204.WAV,1.8173729181289675,0.3482615087258999
2981,029810216.WAV,0.9955455660820008,0.1432178585372175
2981,029810221.WAV,1.253488302230835,0.20757385743148474
2981,029810234.WAV,1.2258679866790771,0.20068266513180086
2981,029810235.WAV,1.0270967483520508,0.15108979120568597
2981,029810243.WAV,0.9574168920516968,0.13370485987569183
2981,029810283.WAV,1.4688464403152466,0.2613051169480729
2981,029810294.WAV,0.9584845900535583,0.1339712475726401
2981,029810301.WAV,1.232595443725586,0.20236114704879707
2981,029810315.WAV,0.8586265444755554,0.109056941526458
2981,029810349.WAV,1.2084344625473022,0.1963330491026822
2981,029810350.WAV,1.0136576890945437,0.14773678310928015
2981,029810360.WAV,1.14483642578125,0.18046551491698606
3002,030020008.WAV,0.8515927195549011,0.10730202167263858
3002,030020012.WAV,1.599448800086975,0.29389004431043253
3002,030020022.WAV,1.3699177503585815,0.23662268255771715
3002,030020047.WAV,1.385991096496582,0.2406329379412511
3002,030020048.WAV,0.9411405324935912,0.12964395320561706
3002,030020065.WAV,1.213316559791565,0.19755111885546714
3002,030020077.WAV,2.1356050968170166,0.4276595567017545
3002,030020092.WAV,1.054773449897766,0.15799505165483183
3002,030020100.WAV,1.8029199838638303,0.34465554162066847
3002,030020112.WAV,0.6492464542388916,0.05681718840552791
3002,030020117.WAV,1.478028655052185,0.26359605411606657
3002,030020126.WAV,1.377346754074097,0.23847619842732223
3002,030020136.WAV,2.79944109916687,0.593284802332053
3002,030020138.WAV,1.0960761308670044,0.1682999562645622
3002,030020144.WAV,1.9922555685043333,0.39189424606218026
3002,030020152.WAV,1.0656840801239014,0.16071722370453742
3002,030020159.WAV,1.2243090867996216,0.20029372392563857
3002,030020161.WAV,1.133737325668335,0.17769632015205974
3002,030020162.WAV,1.202856183052063,0.1949412838047426
3002,030020172.WAV,1.1880918741226196,0.19125762958239764
3007,030070015.WAV,1.2079145908355713,0.19620334254918573
3007,030070017.WAV,0.855320155620575,0.10823200665652485
3007,030070019.WAV,1.1890069246292114,0.19148593215167967
3007,030070022.WAV,1.0328466892242432,0.15252438554215683
3007,030070025.WAV,1.0571683645248413,0.15859257622711906
3007,030070043.WAV,0.990078330039978,0.14185379827357783
3007,030070049.WAV,1.094607710838318,0.16793358953079254
3007,030070054.WAV,1.2021582126617432,0.19476714212376992
3007,030070058.WAV,1.1005758047103882,0.16942261243706355
3007,030070066.WAV,1.091855525970459,0.1672469270220621
3007,030070093.WAV,1.289957880973816,0.21667291640984424
3007,030070094.WAV,1.341991662979126,0.22965520103314943
3007,030070099.WAV,1.118397831916809,0.17386915890824708
3007,030070108.WAV,1.336677312850952,0.22832928538195166
3007,030070111.WAV,1.37004816532135,0.23665522073004577
3007,030070112.WAV,1.5980335474014282,0.2935369426816523
3007,030070135.WAV,1.039249062538147,0.15412175996743446
3007,030070138.WAV,1.316765069961548,0.2233612358818741
3007,030070152.WAV,1.105052471160889,0.1705395283287062
3007,030070159.WAV,1.5251280069351196,0.27534721207831236
3012,030120001.WAV,1.6888411045074463,0.31619317689843596
3012,030120003.WAV,1.4722189903259275,0.2621465588432733
3012,030120018.WAV,1.1979913711547852,0.19372752669819873
3012,030120021.WAV,1.7400976419448853,0.3289815411528356
3012,030120029.WAV,1.877145528793335,0.36317460968488147
3012,030120044.WAV,1.172337532043457,0.18732696482880098
3012,030120072.WAV,1.51616370677948,0.2731106439953431
3012,030120079.WAV,1.3844822645187378,0.24025648853799383
3012,030120089.WAV,1.2555491924285889,0.20808804383296312
3012,030120097.WAV,1.4400979280471802,0.25413244268959734
3012,030120106.WAV,1.4136838912963867,0.24754221361275933
3012,030120121.WAV,1.0788722038269043,0.1640076240744792
3012,030120141.WAV,1.4484144449234009,0.2562073906368866
3012,030120150.WAV,1.5839309692382812,0.2900183884543679
3012,030120154.WAV,1.8173236846923828,0.3482492251197099
3012,030120155.WAV,1.8134807348251345,0.3472904197619787
3012,030120157.WAV,1.032810926437378,0.15251546282579617
3012,030120163.WAV,2.657352924346924,0.5578341958985202
3012,030120165.WAV,1.567558526992798,0.2859335094196708
3012,030120173.WAV,1.8189582824707031,0.34865705274216896
3014,030140009.WAV,1.18264901638031,0.18989965163707714
3014,030140010.WAV,1.3048434257507324,0.220386818640652
3014,030140017.WAV,1.4573930501937866,0.2584475278064001
3014,030140025.WAV,1.3316199779510498,0.22706749431899945
3014,030140043.WAV,1.331931233406067,0.22714515169372526
3014,030140053.WAV,1.068230152130127,0.16135246162464242
3014,030140075.WAV,1.017581820487976,0.14871584303315014
3014,030140086.WAV,1.6378540992736816,0.303472060183008
3014,030140089.WAV,1.2560027837753296,0.20820121361880442
3014,030140092.WAV,0.9180325269699096,0.12387856977154862
3014,030140095.WAV,1.473225712776184,0.26239773330882665
3014,030140099.WAV,1.3331286907196045,0.22744391397986888
3014,030140126.WAV,1.4259774684906006,0.2506094271041325
3014,030140128.WAV,1.80679190158844,0.34562157437865193
3014,030140129.WAV,1.5529441833496094,0.28228727112126495
3014,030140132.WAV,1.5220792293548584,0.27458655050856395
3014,030140134.WAV,1.9835458993911743,0.3897212077196992
3014,030140144.WAV,0.8515719771385193,0.10729684649714938
3014,030140147.WAV,2.035245180130005,0.4026200352026442
3014,030140173.WAV,1.4697545766830444,0.2615316944588586
3020,030200005.WAV,1.2837470769882202,0.21512333800187203
3020,030200011.WAV,1.432904601097107,0.2523377275208092
3020,030200016.WAV,1.2318140268325806,0.2021661856963161
3020,030200018.WAV,1.3653981685638428,0.23549505940644175
3020,030200019.WAV,1.22740375995636,0.20106583631471656
3020,030200021.WAV,1.5805634260177612,0.2891781957394579
3020,030200037.WAV,1.9165682792663572,0.3730104768379183
3020,030200041.WAV,1.4360482692718506,0.2531220640313012
3020,030200049.WAV,1.438202142715454,0.2536594494953174
3020,030200057.WAV,1.3333991765975952,0.2275113994579435
3020,030200076.WAV,0.7671717405319214,0.08623922101473994
3020,030200078.WAV,1.099165439605713,0.169070730246186
3020,030200087.WAV,1.145520806312561,0.1806362659657417
3020,030200101.WAV,1.2719908952713013,0.21219020319501206
3020,030200105.WAV,1.316498637199402,0.223294761644987
3020,030200108.WAV,1.2089694738388062,0.19646653293943803
3020,030200137.WAV,1.3537384271621704,0.23258598619136775
3020,030200151.WAV,1.259927749633789,0.20918048173938955
3020,030200153.WAV,1.5478144884109497,0.2810074264288762
3020,030200164.WAV,1.4107142686843872,0.24680130098855593
3021,030210005.WAV,1.4739081859588623,0.26256800847937634
3021,030210032.WAV,1.595855951309204,0.2929936384824503
3021,030210041.WAV,1.3802834749221802,0.23920890215247373
3021,030210042.WAV,1.7375142574310305,0.32833699386532766
3021,030210044.WAV,2.707533597946167,0.5703541351024026
3021,030210045.WAV,1.2253180742263794,0.20054546349656135
3021,030210047.WAV,1.2232002019882202,0.20001706023368163
3021,030210050.WAV,1.2839505672454834,0.21517410825796432
3021,030210060.WAV,1.7316510677337646,0.3268741442603813
3021,030210074.WAV,1.4379091262817385,0.2535863427059356
3021,030210079.WAV,1.0577161312103271,0.1587292424993769
3021,030210082.WAV,2.016041755676269,0.3978288339408351
3021,030210118.WAV,1.4796324968338013,0.2639962082024554
3021,030210123.WAV,1.4620991945266724,0.25962169779469046
3021,030210137.WAV,0.8696718215942383,0.11181270760326151
3021,030210143.WAV,0.902062714099884,0.11989414565187889
3021,030210152.WAV,1.2366797924041748,0.20338018074196298
3021,030210164.WAV,1.2240701913833618,0.20023412018034922
3021,030210165.WAV,1.816083312034607,0.34793975557393353
3021,030210175.WAV,1.3549615144729614,0.23289114309090317
3023,030230003.WAV,1.1421740055084229,0.17980124842632098
3023,030230018.WAV,0.7878965139389038,0.09140999463053237
3023,030230056.WAV,1.162227749824524,0.1848046021407991
3023,030230060.WAV,1.1729694604873655,0.1874846292268942
3023,030230086.WAV,0.9701700210571288,0.13688673027229978
3023,030230092.WAV,1.1476300954818726,0.18116252777669486
3023,030230119.WAV,0.9089345932006836,0.12160866047177837
3023,030230170.WAV,1.1218422651290894,0.17472853546333247
3023,030230182.WAV,1.1227933168411257,0.17496582023375098
3023,030230194.WAV,1.1468620300292969,0.18097089757165521
3023,030230209.WAV,1.2584565877914429,0.2088134309306989
3023,030230253.WAV,0.955416738986969,0.13320582722083268
3023,030230260.WAV,0.9103176593780518,0.12195373165583392
3023,030230276.WAV,0.8661779165267944,0.1109409879572105
3023,030230280.WAV,1.1216915845870972,0.17469094108506614
3023,030230311.WAV,0.9569594264030457,0.13359072346224476
3023,030230330.WAV,0.9754047393798828,0.13819277800840107
3023,030230336.WAV,1.469967007637024,0.26158469539404106
3023,030230340.WAV,0.823539137840271,0.100302730664245
3023,030230374.WAV,1.1255803108215332,0.17566116751973906
3027,030270013.WAV,1.2419835329055786,0.20470344932064036
3027,030270014.WAV,1.387497067451477,0.24100867352719954
3027,030270026.WAV,1.878751277923584,0.36357523964947613
3027,030270033.WAV,1.4137593507766724,0.24756104054428033
3027,030270049.WAV,1.091865062713623,0.16724930641309158
3027,030270053.WAV,1.0605634450912476,0.15943963943362674
3027,030270054.WAV,2.22737455368042,0.4505557822462527
3027,030270073.WAV,1.9990439414978027,0.39358792633937767
3027,030270075.WAV,1.2991931438446045,0.21897708894043957
3027,030270083.WAV,1.782536268234253,0.33956986097656916
3027,030270093.WAV,1.622627854347229,0.2996731542076708
3027,030270116.WAV,2.0971758365631104,0.4180715626092173
3027,030270121.WAV,1.2128311395645142,0.19743000785206474
3027,030270140.WAV,1.8334709405899048,0.35227792078372266
3027,030270141.WAV,0.9714725017547609,0.137211695602156
3027,030270147.WAV,1.0989726781845093,0.16902263680500193
3027,030270151.WAV,1.3150832653045654,0.22294163027381889
3027,030270161.WAV,1.7547006607055664,0.33262495392439395
3027,030270168.WAV,1.0263334512710571,0.1508993506961611
3027,030270175.WAV,0.9088459014892578,0.12158653213520387
3046,030460032.WAV,1.419567346572876,0.2490101194236434
3046,030460038.WAV,0.9108672738075256,0.12209085893510369
3046,030460048.WAV,1.6971973180770874,0.31827802906088565
3046,030460051.WAV,1.458091378211975,0.2586217587145364
3046,030460052.WAV,1.2288752794265747,0.2014329763505708
3046,030460071.WAV,1.3046023845672607,0.22032667953238097
3046,030460085.WAV,1.4374401569366455,0.25346933615205913
3046,030460097.WAV,1.5576252937316897,0.2834551952081028
3046,030460106.WAV,1.81707227230072,0.3481864984236943
3046,030460110.WAV,2.283665180206299,0.46460013779797016
3046,030460114.WAV,1.3566662073135376,0.23331645923742914
3046,030460126.WAV,1.6096060276031494,0.2964242444688062
3046,030460133.WAV,1.1290438175201416,0.17652530285688353
3046,030460142.WAV,1.2468523979187012,0.20591821766837184
3046,030460146.WAV,1.4180562496185305,0.24863310491501664
3046,030460147.WAV,2.13330340385437,0.4270852906767808
3046,030460157.WAV,1.4250330924987793,0.2503738079074347
3046,030460158.WAV,2.1710610389709477,0.4365057161560645
3046,030460160.WAV,1.2468502521514893,0.20591768230539018
3046,030460163.WAV,2.0898420810699463,0.41624181090751966
3049,030490010.WAV,1.1021350622177124,0.16981164287038938
3049,030490013.WAV,1.6026633977890017,0.2946920775417067
3049,030490029.WAV,2.1072418689727783,0.4205830098408714
3049,030490040.WAV,1.153423547744751,0.18260797808473792
3049,030490055.WAV,1.3582700490951538,0.23371661332381796
3049,030490062.WAV,1.4028979539871216,0.24485115210076472
3049,030490063.WAV,1.3729859590530396,0.2373881921366882
3049,030490071.WAV,1.286833643913269,0.21589342790857483
3049,030490076.WAV,2.690821409225464,0.566184490262279
3049,030490078.WAV,1.5556167364120483,0.2829540657148989
3049,030490095.WAV,1.6645190715789795,0.3101248969863102
3049,030490126.WAV,1.2234970331192017,0.2000911187794753
3049,030490127.WAV,1.53932785987854,0.2788900360940979
3049,030490130.WAV,0.6731357574462891,0.06277750344968944
3049,030490138.WAV,2.2412304878234863,0.4540127994730363
3049,030490140.WAV,1.2433198690414429,0.20503686148865127
3049,030490142.WAV,1.3456302881240845,0.23056302793807334
3049,030490166.WAV,1.482248067855835,0.264648785934688
3049,030490168.WAV,1.5644423961639404,0.2851560434007765
3049,030490170.WAV,1.265570044517517,0.21058821869961478
3060,030600004.WAV,1.7733653783798218,0.3372817493354231
3060,030600011.WAV,1.0424741506576538,0.154926410528841
3060,030600020.WAV,0.8561223745346069,0.10843215805568895
3060,030600023.WAV,1.291178822517395,0.21697753794639804
3060,030600039.WAV,1.0452440977096558,0.1556175046533639
3060,030600041.WAV,1.3128236532211304,0.22237786331176299
3060,030600042.WAV,1.3777449131011963,0.23857553800280448
3060,030600052.WAV,2.6643266677856445,0.5595741255888538
3060,030600054.WAV,1.5612748861312866,0.2843657584127106
3060,030600055.WAV,1.7806423902511597,0.33909734366049515
3060,030600070.WAV,1.654705047607422,0.3076763251626111
3060,030600085.WAV,1.6745082139968872,0.31261716037778875
3060,030600099.WAV,1.582215428352356,0.28959036575054586
3060,030600104.WAV,1.4066816568374634,0.24579517549172517
3060,030600140.WAV,1.4075570106506348,0.24601357384584685
3060,030600147.WAV,1.3146307468414309,0.22282872816946844
3060,030600154.WAV,1.4387495517730713,0.25379602654041167
3060,030600156.WAV,1.7160314321517944,0.32297708840507655
3060,030600160.WAV,1.5034735202789309,0.26994447757953
3060,030600168.WAV,1.643701434135437,0.30493095405036785
3068,030680003.WAV,1.486228108406067,0.2656417950384685
3068,030680005.WAV,1.2217614650726318,0.19965809935449128
3068,030680009.WAV,1.1544229984283447,0.18285733826463116
3068,030680016.WAV,1.1570074558258057,0.18350215323362998
3068,030680027.WAV,1.8377853631973269,0.3533543572854757
3068,030680034.WAV,1.477384090423584,0.26343523702485916
3068,030680037.WAV,1.4481697082519531,0.2561463295145917
3068,030680045.WAV,1.1778830289840698,0.18871055097007663
3068,030680054.WAV,2.316736459732056,0.47285133052534967
3068,030680056.WAV,1.2530486583709717,0.20746416750502403
3068,030680072.WAV,1.331080675125122,0.22693293975628034
3068,030680075.WAV,1.52457857131958,0.27521012941262435
3068,030680090.WAV,1.6031492948532104,0.2948133075146604
3068,030680092.WAV,1.987578630447388,0.39072736295891797
3068,030680097.WAV,1.0243343114852903,0.15040057085159877
3068,030680105.WAV,2.470703601837158,0.5112657064252474
3068,030680114.WAV,1.4727346897125244,0.2622752244131944
3068,030680119.WAV,1.1414644718170166,0.17962422173372497
3068,030680140.WAV,2.3963069915771484,0.49270395803444256
3068,030680162.WAV,1.7627723217010498,0.33463881100700044
3075,030750012.WAV,1.2882853746414185,0.2162556307080429
3075,030750030.WAV,1.6687662601470947,0.311184558781305
3075,030750034.WAV,1.477689504623413,0.2635114370225794
3075,030750042.WAV,2.701837539672852,0.5689329843252486
3075,030750057.WAV,1.0376722812652588,0.1537283574030919
3075,030750058.WAV,1.7500407695770264,0.3314623239825968
3075,030750061.WAV,1.6622912883758545,0.3095690712418152
3075,030750074.WAV,2.039999008178711,0.40380610214608215
3075,030750076.WAV,1.6886541843414309,0.31614654083425753
3075,030750078.WAV,1.6877928972244265,0.3159316520819043
3075,030750088.WAV,1.297199010848999,0.2184795582761678
3075,030750093.WAV,2.068429708480835,0.4108994831984991
3075,030750098.WAV,1.1959922313690186,0.19322874685363642
3075,030750108.WAV,1.3767378330230713,0.2383242743100876
3075,030750119.WAV,1.7202956676483154,0.32404100336153674
3075,030750128.WAV,1.2152773141860962,0.19804032165113558
3075,030750146.WAV,1.6294742822647097,0.30138131902776033
3075,030750155.WAV,1.6938972473144531,0.31745467053750953
3075,030750165.WAV,0.723358690738678,0.07530798633007138
3075,030750170.WAV,1.5625686645507812,0.2846885525482523
3083,030830001.WAV,1.2660506963729858,0.21070814000750235
3083,030830004.WAV,1.1220508813858032,0.17478058464210314
3083,030830013.WAV,1.5884793996810913,0.29115320926350763
3083,030830021.WAV,1.4793307781219482,0.26392093021875906
3083,030830030.WAV,1.3242416381835938,0.22522661896423876
3083,030830033.WAV,1.13031005859375,0.17684122650082748
3083,030830043.WAV,1.0647790431976318,0.16049141949583637
3083,030830069.WAV,1.061679482460022,0.15971808766885578
3083,030830074.WAV,0.6491237282752991,0.05678656861721684
3083,030830093.WAV,1.6446871757507324,0.30517689385565616
3083,030830094.WAV,1.025004506111145,0.1505677825561981
3083,030830102.WAV,1.3177765607833862,0.2236136000429421
3083,030830116.WAV,1.796794295310974,0.3431271992776347
3083,030830118.WAV,1.312249779701233,0.22223468345656186
3083,030830124.WAV,1.3690389394760132,0.23640342167434727
3083,030830129.WAV,1.2465031147003174,0.20583107247191582
3083,030830135.WAV,1.662248611450195,0.30955842346695817
3083,030830147.WAV,1.8504719734191892,0.3565196314296527
3083,030830154.WAV,0.797471821308136,0.09379900732252386
3083,030830169.WAV,1.822535753250122,0.34954962180211613
3088,030880003.WAV,0.9717208743095398,0.1372736638672809
3088,030880015.WAV,1.4222720861434937,0.24968494446200198
3088,030880018.WAV,2.6621429920196533,0.5590293045278704
3088,030880019.WAV,1.949483156204224,0.38122264755241386
3088,030880025.WAV,1.4938427209854126,0.26754161980598545
3088,030880041.WAV,1.4553687572479248,0.2579424723179975
3088,030880049.WAV,1.808927178382873,0.34615432003016045
3088,030880057.WAV,1.989315629005432,0.39116073929255624
3088,030880058.WAV,1.3359211683273315,0.228140629415699
3088,030880067.WAV,1.3440533876419067,0.2301695956313429
3088,030880086.WAV,1.1717957258224487,0.1871917856759366
3088,030880092.WAV,1.4364044666290283,0.25321093428625363
3088,030880096.WAV,2.237048625946045,0.4529694365065936
3088,030880099.WAV,1.843153715133667,0.354693746238378
3088,030880105.WAV,1.5296348333358765,0.2764716527940858
3088,030880123.WAV,1.647777795791626,0.3059479950035465
3088,030880131.WAV,1.1868605613708496,0.19095042045809926
3088,030880146.WAV,1.075776219367981,0.16323518451913469
3088,030880172.WAV,1.165752649307251,0.18568405480769604
3088,030880173.WAV,2.297640323638916,0.46808689741262266
3208,032080019.WAV,0.8774815201759338,0.113761205788526
3208,032080038.WAV,0.9329715371131896,0.12760581146331557
3208,032080043.WAV,1.089130163192749,0.1665669565506022
3208,032080056.WAV,1.3478233814239502,0.2311101986476984
3208,032080058.WAV,1.134049415588379,0.17777418572350065
3208,032080071.WAV,1.551616072654724,0.2819559111780169
3208,032080078.WAV,1.2906854152679443,0.21685443420300846
3208,032080079.WAV,1.409144639968872,0.24640968296748547
3208,032080083.WAV,1.2590936422348022,0.20897237425147056
3208,032080088.WAV,1.636410355567932,0.30311185012352715
3208,032080092.WAV,1.297998547554016,0.21867904047160477
3208,032080093.WAV,1.5789932012557983,0.28878642900644813
3208,032080099.WAV,0.8015201091766357,0.0948090439433594
3208,032080103.WAV,1.2363383769989014,0.20329499854310631
3208,032080110.WAV,0.8314538598060608,0.10227743189322203
3208,032080119.WAV,1.6956169605255127,0.317883734224907
3208,032080132.WAV,1.2218177318572998,0.19967213776156542
3208,032080145.WAV,1.477318525314331,0.26341887871153125
3208,032080150.WAV,0.7475975751876831,0.0813555209266586
3208,032080161.WAV,1.9387845993041992,0.37855338721072707
3214,032140001.WAV,1.4168051481246948,0.24832095855433198
3214,032140007.WAV,0.9951892495155334,0.14312895853987717
3214,032140013.WAV,1.3633091449737549,0.2349738538014263
3214,032140017.WAV,1.6643961668014526,0.31009423258441726
3214,032140025.WAV,1.2628514766693115,0.20990994354426343
3214,032140054.WAV,3.148913621902466,0.680477229700008
3214,032140060.WAV,1.57430899143219,0.2876177316175257
3214,032140069.WAV,2.019566535949707,0.3987082568653444
3214,032140073.WAV,0.8179952502250671,0.09891954604520561
3214,032140078.WAV,1.694318413734436,0.31755975039385054
3214,032140082.WAV,1.468830108642578,0.26130104224093476
3214,032140087.WAV,2.102189779281616,0.41932252744298526
3214,032140094.WAV,1.877639651298523,0.3632978918825982
3214,032140110.WAV,0.7178974151611328,0.07394541318582518
3214,032140117.WAV,1.2662044763565063,0.21074650768785333
3214,032140121.WAV,1.768064260482788,0.33595913508927877
3214,032140135.WAV,1.5378185510635376,0.27851346772128915
3214,032140150.WAV,1.0783859491348269,0.16388630487436176
3214,032140164.WAV,1.961625576019287,0.38425214769596916
3214,032140169.WAV,1.768808126449585,0.336144727589581
3412,034120002.WAV,1.1274590492248535,0.17612990755255373
3412,034120012.WAV,1.2344802618026731,0.20283140394339297
3412,034120027.WAV,1.2726845741271973,0.21236327415002146
3412,034120035.WAV,1.7864089012145996,0.3405360721888798
3412,034120047.WAV,1.2750515937805176,0.21295383900354733
3412,034120050.WAV,0.964386522769928,0.13544376345364384
3412,034120052.WAV,1.460150122642517,0.2591354097530332
3412,034120067.WAV,0.7352628707885742,0.07827804631147064
3412,034120077.WAV,1.112903714179993,0.17249839173614304
3412,034120085.WAV,1.5193047523498535,0.2738943261733021
3412,034120101.WAV,1.5480200052261353,0.2810587023055623
3412,034120111.WAV,0.9608030319213868,0.13454969240310935
3412,034120125.WAV,1.8370704650878904,0.3531759921854255
3412,034120155.WAV,2.143803834915161,0.42970511916982934
3412,034120161.WAV,1.050685167312622,0.15697503646286629
3412,034120162.WAV,1.1285701990127563,0.17640713634988017
3412,034120165.WAV,1.1395385265350342,0.17914370371531427
3412,034120170.WAV,1.2125065326690674,0.1973490193298976
3412,034120173.WAV,1.011463284492493,0.14718928523338856
3412,034120174.WAV,1.2651830911636353,0.2104916749085922
3423,034230011.WAV,1.5759170055389404,0.28801892668748996
3423,034230034.WAV,1.873177170753479,0.362184515335112
3423,034230035.WAV,1.6183286905288696,0.29860052473156506
3423,034230043.WAV,1.4919202327728271,0.26706196431682294
3423,034230051.WAV,1.223499417304993,0.20009171362723274
3423,034230058.WAV,1.6036771535873413,0.2949450068081442
3423,034230063.WAV,1.6633156538009644,0.3098246475807731
3423,034230072.WAV,1.2694218158721924,0.21154922499404835
3423,034230079.WAV,1.5773179531097412,0.28836845922972587
3423,034230081.WAV,1.147758722305298,0.18119461981320553
3423,034230083.WAV,1.9916229248046875,0.3917364032097599
3423,034230085.WAV,0.9678550958633424,0.13630916284227274
3423,034230108.WAV,0.983306050300598,0.14016413321874283
3423,034230112.WAV,1.1863638162612915,0.19082648392784932
3423,034230115.WAV,1.9040876626968384,0.36989659753997883
3423,034230123.WAV,1.6404134035110474,0.30411059950816655
3423,034230141.WAV,1.2914642095565796,0.21704874122295628
3423,034230154.WAV,0.9677565693855286,0.136284580758699
3423,034230164.WAV,1.1452230215072632,0.18056196948084505
3423,034230168.WAV,1.6058223247528076,0.2954802210778459
3631,036310007.WAV,2.1945488452911377,0.44236585883788326
3631,036310021.WAV,1.272652268409729,0.212355213962909
3631,036310035.WAV,2.680140972137451,0.5635197507635484
3631,036310036.WAV,1.0093250274658203,0.14665579602218318
3631,036310041.WAV,1.1686286926269531,0.18640161965742227
3631,036310047.WAV,0.869162917137146,0.11168573734944895
3631,036310062.WAV,1.2106508016586304,0.1968860195779417
3631,036310063.WAV,1.722577452659607,0.32461030240773625
3631,036310080.WAV,0.9206293225288392,0.12452646307769191
3631,036310097.WAV,1.116915225982666,0.17349925283032094
3631,036310098.WAV,1.5683788061141968,0.286138166790597
3631,036310100.WAV,1.2691010236740112,0.211469188228293
3631,036310110.WAV,1.3662896156311035,0.2357174729829257
3631,036310116.WAV,0.9897833466529846,0.1417802007347961
3631,036310120.WAV,1.1442610025405884,0.18032194841074264
3631,036310134.WAV,1.4549102783203125,0.25782808309425354
3631,036310148.WAV,1.6962485313415527,0.31804130939583675
3631,036310159.WAV,0.7600057721138,0.08445133172396777
3631,036310170.WAV,1.2669042348861694,0.21092109550464402
3631,036310171.WAV,1.3146531581878662,0.22283431973838777
3636,036360016.WAV,1.4061846733093262,0.2456711794766995
3636,036360027.WAV,1.7445217370986938,0.330085340651428
3636,036360029.WAV,1.247966170310974,0.20619610079823134
3636,036360032.WAV,1.6369298696517944,0.30324146744986014
3636,036360033.WAV,1.4285049438476562,0.25124002521172994
3636,036360034.WAV,2.0751848220825195,0.4125848653494809
3636,036360044.WAV,1.471733808517456,0.2620255073246467
3636,036360055.WAV,1.6250663995742798,0.3002815644939181
3636,036360061.WAV,0.9693339467048644,0.13667813203498091
3636,036360062.WAV,1.451543211936951,0.2569880093488951
3636,036360071.WAV,1.327854037284851,0.2261279025438315
3636,036360106.WAV,1.7891658544540403,0.3412239243931249
3636,036360111.WAV,1.5100886821746826,0.27159494216715363
3636,036360114.WAV,1.345339059829712,0.23049036728450953
3636,036360142.WAV,1.5306943655014038,0.27673600313746505
3636,036360151.WAV,1.657841444015503,0.3084588473874431
3636,036360154.WAV,1.4593843221664429,0.258944344653363
3636,036360160.WAV,1.1898633241653442,0.19169960146613022
3636,036360167.WAV,2.0479960441589355,0.4058013404938826
3636,036360174.WAV,0.9381216764450072,0.1288907569752238
3837,038370004.WAV,1.1976511478424072,0.19364264192322075
3837,038370013.WAV,1.4564218521118164,0.2582052165724318
3837,038370019.WAV,0.8569652438163757,0.10864245160911634
3837,038370045.WAV,1.5508323907852173,0.2817603847201665
3837,038370052.WAV,1.1655025482177734,0.18562165527794697
3837,038370056.WAV,1.797811508178711,0.34338099107332043
3837,038370060.WAV,1.7195899486541748,0.3238649284253525
3837,038370061.WAV,1.750796675682068,0.33165092046407385
3837,038370068.WAV,1.1811248064041138,0.18951936546578482
3837,038370070.WAV,1.7629092931747437,0.3346729850106619
3837,038370081.WAV,1.5147119760513306,0.27274844119587505
3837,038370097.WAV,1.226802945137024,0.200915934679857
3837,038370105.WAV,1.8772475719451904,0.36320006916889724
3837,038370107.WAV,0.9422963857650756,0.12993233539839438
3837,038370128.WAV,1.2983152866363523,0.21875806599617256
3837,038370142.WAV,1.5209802389144895,0.27431235543480004
3837,038370153.WAV,1.1977922916412354,0.19367785691045755
3837,038370160.WAV,0.8265136480331421,0.10104486272635102
3837,038370167.WAV,1.0332348346710205,0.15262122675705816
3837,038370170.WAV,1.4057948589324951,0.24557392186836804
4005,040050015.WAV,1.206068992614746,0.19574287090019868
4005,040050041.WAV,1.5481371879577637,0.28108793907283747
4005,040050060.WAV,0.8094280362129211,0.0967820498562279
4005,040050071.WAV,0.6850336790084839,0.06574600195572558
4005,040050094.WAV,1.0662678480148315,0.16086287217793163
4005,040050107.WAV,0.8816867470741272,0.11481039826299103
4005,040050110.WAV,2.5884222984313965,0.5406361954762825
4005,040050125.WAV,0.8144910931587219,0.09804526855379789
4005,040050142.WAV,0.7860789895057678,0.09095652731388845
4005,040050180.WAV,0.9999271631240844,0.14431105487453458
4005,040050183.WAV,1.3649513721466064,0.23538358493670888
4005,040050203.WAV,0.9728708267211914,0.1375605738118587
4005,040050205.WAV,1.1207497119903564,0.17445594647851356
4005,040050255.WAV,0.8842910528182983,0.11546016533956999
4005,040050264.WAV,1.7072880268096924,0.32079563296682856
4005,040050271.WAV,0.5312190651893616,0.02736968144110613
4005,040050281.WAV,0.8188889622688293,0.09914252472705912
4005,040050295.WAV,0.6573086977005005,0.05882869583949277
4005,040050306.WAV,1.626275658607483,0.3005832712764607
4005,040050358.WAV,0.6825933456420898,0.06513714553366035
5015,050150021.WAV,1.3544667959213257,0.232767712181247
5015,050150024.WAV,1.384082913398743,0.2401568515386329
5015,050150028.WAV,1.515469312667847,0.27293739458600663
5015,050150041.WAV,0.9788608551025392,0.13905506931749767
5015,050150069.WAV,1.3082044124603271,0.22122537552422913
5015,050150070.WAV,1.3429914712905884,0.22990465044020633
5015,050150091.WAV,1.560519099235535,0.28417719167362154
5015,050150093.WAV,1.59251606464386,0.29216034600152596
5015,050150108.WAV,0.7229281067848206,0.07520055682508872
5015,050150116.WAV,1.987638235092163,0.39074223415285236
5015,050150125.WAV,1.1186803579330444,0.17393964836749645
5015,050150129.WAV,1.47910475730896,0.2638645386513595
5015,050150142.WAV,1.800469994544983,0.34404427606518584
5015,050150145.WAV,1.499120831489563,0.268858493771271
5015,050150159.WAV,0.7863692045211792,0.0910289351571554
5015,050150163.WAV,1.1939398050308228,0.19271667216169677
5015,050150165.WAV,2.830667734146118,0.6010757613495484
5015,050150170.WAV,1.4716953039169312,0.262015900533365
5015,050150173.WAV,0.9690943956375122,0.1366183647065583
5015,050150175.WAV,0.961614727973938,0.134752208322109
5017,050170001.WAV,1.7387312650680542,0.32864063390308174
5017,050170002.WAV,1.7374110221862793,0.32831123695743314
5017,050170005.WAV,0.9491397738456726,0.13163974178759322
5017,050170051.WAV,1.3280608654022217,0.2261795055867841
5017,050170092.WAV,1.1761252880096436,0.18827199946094894
5017,050170099.WAV,0.8540172576904297,0.10790693722831118
5017,050170100.WAV,1.2762815952301023,0.21326072096157908
5017,050170101.WAV,1.7388941049575806,0.32868126200491077
5017,050170102.WAV,0.930673897266388,0.1270325566795295
5017,050170113.WAV,1.327023148536682,0.22592059810038487
5017,050170117.WAV,1.14082670211792,0.1794650999586261
5017,050170123.WAV,0.9361292123794556,0.12839364270438225
5017,050170129.WAV,1.398767590522766,0.24382063784588134
5017,050170131.WAV,1.4648821353912354,0.260316033839491
5017,050170132.WAV,1.3026468753814695,0.21983878540177867
5017,050170136.WAV,1.3048813343048096,0.22039627671999432
5017,050170145.WAV,1.2323477268218994,0.20229934236680538
5017,050170151.WAV,1.7225852012634275,0.3246122356629477
5017,050170154.WAV,1.2589969635009766,0.2089482531749088
5017,050170165.WAV,0.7914776802062988,0.09230348570450345
5029,050290009.WAV,0.8310757279396057,0.10218308903890172
5029,050290028.WAV,0.9906537532806396,0.14199736477982122
5029,050290038.WAV,1.0993118286132812,0.16910725389848905
5029,050290042.WAV,1.4752562046051023,0.26290433540139835
5029,050290060.WAV,1.169350028038025,0.18658159084641726
5029,050290062.WAV,0.9918889999389648,0.14230555540291928
5029,050290068.WAV,1.242506980895996,0.2048340481457729
5029,050290079.WAV,0.958697497844696,0.13402436747737403
5029,050290087.WAV,0.9446983337402344,0.13053161477156586
5029,050290120.WAV,1.028952956199646,0.15155290992719336
5029,050290126.WAV,1.1258528232574463,0.17572915861840752
5029,050290129.WAV,1.6170822381973269,0.2982895383240074
5029,050290132.WAV,1.240618109703064,0.20436278000998945
5029,050290136.WAV,0.7169150114059448,0.07370030616739717
5029,050290145.WAV,0.9741631746292114,0.13788301103874598
5029,050290149.WAV,0.963472545146942,0.1352157285658526
5029,050290156.WAV,0.7108281254768372,0.07218164497161472
5029,050290162.WAV,1.2676126956939695,0.21109785451574917
5029,050290167.WAV,1.020787477493286,0.14951564558533395
5029,050290174.WAV,1.0613559484481812,0.1596373668281795
5039,050390001.WAV,0.938801407814026,0.12906034807085262
5039,050390011.WAV,1.492611050605774,0.2672343214545235
5039,050390020.WAV,1.6530870199203491,0.30727263173206587
5039,050390021.WAV,1.8544355630874636,0.3575085360839074
5039,050390038.WAV,1.228182077407837,0.20126002436511284
5039,050390040.WAV,1.7830642461776731,0.3397015900124407
5039,050390048.WAV,1.045378804206848,0.15565111355165576
5039,050390049.WAV,1.8354660272598269,0.35277568938709736
5039,050390057.WAV,1.5241025686264038,0.2750913680578636
5039,050390059.WAV,1.459535002708435,0.25898193903162936
5039,050390081.WAV,1.249078392982483,0.2064735972770487
5039,050390084.WAV,1.361636757850647,0.2345565978420128
5039,050390087.WAV,0.9153352379798888,0.12320560363243185
5039,050390090.WAV,1.4040158987045288,0.24513007621419972
5039,050390092.WAV,1.7587251663208008,0.3336290569388497
5039,050390097.WAV,1.64541494846344,0.30535847113359604
5039,050390114.WAV,1.362108588218689,0.2346743182131981
5039,050390129.WAV,1.1447207927703855,0.18043666480075313
5039,050390130.WAV,1.2839126586914062,0.215164650178622
5039,050390175.WAV,1.4548505544662476,0.25781318215793114
5072,050720001.WAV,1.0511854887008667,0.15709986526475225
5072,050720003.WAV,1.1450412273406982,0.18051661233934493
5072,050720006.WAV,1.4337925910949707,0.25255927856804505
5072,050720017.WAV,2.518468141555786,0.5231828269118018
5072,050720025.WAV,1.105093240737915,0.17054970022535734
5072,050720040.WAV,1.2987676858901978,0.2188709383581353
5072,050720045.WAV,1.7605822086334229,0.3340923838570721
5072,050720063.WAV,0.9670596718788148,0.1361107067592172
5072,050720072.WAV,1.1593096256256104,0.1840765382281551
5072,050720076.WAV,1.2106660604476929,0.19688982660358892
5072,050720078.WAV,1.2164974212646484,0.19834473499097424
5072,050720079.WAV,1.048891544342041,0.1565275324949901
5072,050720102.WAV,1.0744343996047974,0.1629004042012818
5072,050720124.WAV,1.3975961208343506,0.24352835940029324
5072,050720126.WAV,1.2451967000961304,0.20550512564325998
5072,050720136.WAV,1.5214000940322876,0.27441710812487463
5072,050720138.WAV,1.060224533081055,0.15935508182491534
5072,050720150.WAV,1.2927014827728271,0.21735743746664812
5072,050720158.WAV,0.9408276081085204,0.1295658794374611
5072,050720175.WAV,1.2006011009216309,0.19437864705342575
5195,051950005.WAV,1.053005576133728,0.15755397204273539
5195,051950011.WAV,1.1118381023406982,0.17223252453098245
5195,051950018.WAV,0.8374758958816528,0.10377991323000377
5195,051950025.WAV,1.3028149604797363,0.21988072216867396
5195,051950032.WAV,1.300899624824524,0.21940285122278355
5195,051950033.WAV,0.7934321165084839,0.09279111215361485
5195,051950038.WAV,0.8484099507331848,0.10650792965892553
5195,051950044.WAV,0.6657395362854004,0.06093216673674842
5195,051950050.WAV,1.2756606340408323,0.21310579286316975
5195,051950051.WAV,0.5521634817123413,0.03259525540654712
5195,051950067.WAV,1.3151915073394775,0.2229686363620039
5195,051950075.WAV,0.9143980741500854,0.12297178385020016
5195,051950086.WAV,0.8942440152168274,0.11794340191633032
5195,051950088.WAV,1.0731596946716309,0.16258236884779917
5195,051950096.WAV,0.9896553158760072,0.14174825741022487
5195,051950138.WAV,1.0353678464889526,0.15315340730319724
5195,051950154.WAV,0.8399690985679626,0.1044019604010889
5195,051950163.WAV,0.7779895067214966,0.08893822374429552
5195,051950164.WAV,0.8572523593902588,0.1087140861502987
5195,051950170.WAV,0.9309502840042114,0.12710151440580364
5218,052180017.WAV,0.6168423295021057,0.04873244895185708
5218,052180027.WAV,0.7964226007461548,0.0935372296956953
5218,052180028.WAV,0.9193940162658693,0.12421825758339994
5218,052180037.WAV,1.0181196928024292,0.14885004068721483
5218,052180041.WAV,0.7919811010360718,0.092429087808474
5218,052180042.WAV,1.2634141445159912,0.21005032761500483
5218,052180046.WAV,0.7173396348953247,0.07380624855298637
5218,052180068.WAV,1.2329574823379517,0.20245147468075506
5218,052180084.WAV,1.5114887952804563,0.27194426651267445
5218,052180090.WAV,1.5241633653640747,0.27510653667567675
5218,052180093.WAV,1.0803674459457395,0.16438068284551935
5218,052180098.WAV,0.915739357471466,0.12330643032730759
5218,052180104.WAV,1.0528254508972168,0.1575090312946654
5218,052180112.WAV,1.325140118598938,0.22545078734160703
5218,052180117.WAV,1.8948463201522827,0.3675909081476022
5218,052180124.WAV,1.5051292181015017,0.27035756960464186
5218,052180137.WAV,0.8324848413467407,0.10253465893470665
5218,052180143.WAV,1.6050736904144287,0.29529343888202886
5218,052180146.WAV,1.4012420177459717,0.24443800059087714
5218,052180160.WAV,1.1493030786514282,0.18157993244804768
5220,052200004.WAV,1.6215535402297974,0.29940511580819584
5220,052200008.WAV,1.699385166168213,0.3188238911054445
5220,052200020.WAV,1.3797670602798462,0.23908005812822544
5220,052200044.WAV,1.582404851913452,0.28963762640486956
5220,052200050.WAV,1.2215375900268557,0.19960224315007344
5220,052200064.WAV,2.799431324005127,0.5932823634562479
5220,052200066.WAV,1.3072662353515625,0.22099130293170047
5220,052200076.WAV,1.859737992286682,0.35883147749631816
5220,052200089.WAV,1.197118043899536,0.19350963396467072
5220,052200092.WAV,0.9934960007667542,0.14270649766258664
5220,052200094.WAV,0.9907817840576172,0.1420293081043925
5220,052200095.WAV,1.4313513040542605,0.25195018420687687
5220,052200101.WAV,1.0265601873397827,0.15095592071788785
5220,052200110.WAV,1.2537182569503784,0.20763123049768392
5220,052200142.WAV,1.6446800231933594,0.305175109312384
5220,052200150.WAV,2.0029168128967285,0.394554197036464
5220,052200152.WAV,2.181648969650269,0.4391473755618087
5220,052200155.WAV,1.2823649644851685,0.21477850475691943
5220,052200162.WAV,1.8353770971298216,0.35275350156574703
5220,052200168.WAV,1.103648662567139,0.17018928196916147
5401,054010004.WAV,0.935391128063202,0.12820949270989168
5401,054010009.WAV,1.276951789855957,0.21342793266617835
5401,054010014.WAV,1.0405398607254028,0.15444381054327946
5401,054010032.WAV,0.8552981615066528,0.10822651918596304
5401,054010046.WAV,1.1359453201293943,0.17824720866016833
5401,054010051.WAV,2.473104953765869,0.5118648370864795
5401,054010055.WAV,1.1610115766525269,0.18450117029976007
5401,054010061.WAV,1.0524532794952393,0.15741617555973855
5401,054010072.WAV,1.220240354537964,0.19927858648528354
5401,054010079.WAV,1.44486665725708,0.2553222274315189
5401,054010091.WAV,1.1980916261672974,0.1937525400463965
5401,054010095.WAV,1.0890920162200928,0.1665574389864841
5401,054010105.WAV,1.429421067237854,0.2514685954625028
5401,054010107.WAV,1.0364488363265991,0.15342311127639288
5401,054010123.WAV,1.2657259702682495,0.21062712174294737
5401,054010130.WAV,1.3885383605957031,0.2412684732852348
5401,054010136.WAV,1.086728811264038,0.16596782588937006
5401,054010148.WAV,0.9996035695075988,0.14423031916266432
5401,054010155.WAV,1.4456233978271484,0.25551103210971093
5401,054010165.WAV,1.1107361316680908,0.1719575858975219
5406,054060017.WAV,1.7245190143585205,0.32509471667895784
5406,054060036.WAV,1.1315475702285769,0.1771499822292951
5406,054060044.WAV,1.4577958583831787,0.25854802733500926
5406,054060049.WAV,1.0241267681121826,0.15034878935431903
5406,054060064.WAV,0.858818769454956,0.10910490112689669
5406,054060076.WAV,0.9528825879096984,0.13257356353951455
5406,054060077.WAV,1.1325968503952026,0.17741177472731753
5406,054060091.WAV,1.104862093925476,0.17049202973527947
5406,054060099.WAV,0.7983086109161377,0.09400778401416993
5406,054060104.WAV,1.3244450092315674,0.22527735947794317
5406,054060113.WAV,0.817995548248291,0.0989196204011753
5406,054060116.WAV,1.1111327409744265,0.17205653882196195
5406,054060119.WAV,1.108388066291809,0.1713717500836672
5406,054060126.WAV,1.9024991989135744,0.3695002802216252
5406,054060139.WAV,1.3773173093795776,0.23846885205751853
5406,054060147.WAV,0.8737506866455078,0.11283037314658545
5406,054060149.WAV,1.535930037498474,0.2780422888126691
5406,054060153.WAV,1.0020252466201782,0.14483452090102808
5406,054060172.WAV,1.2058427333831787,0.1956864198480234
5406,054060173.WAV,1.4295696020126345,0.2515056544777876
5408,054080004.WAV,0.9541539549827576,0.13289076610613693
5408,054080008.WAV,1.1265627145767212,0.17590627453816707
5408,054080011.WAV,1.153762936592102,0.1826926546630008
5408,054080019.WAV,1.4432451725006104,0.2549176714717254
5408,054080021.WAV,1.434368133544922,0.2527028748166763
5408,054080033.WAV,1.549058198928833,0.28131772876151295
5408,054080035.WAV,1.3247129917144775,0.22534422036587257
5408,054080042.WAV,1.2334954738616943,0.20258570207720764
5408,054080065.WAV,1.2095654010772705,0.19661521513639493
5408,054080081.WAV,1.313220739364624,0.22247693520575448
5408,054080109.WAV,1.1505675315856934,0.18189540995617362
5408,054080123.WAV,0.9118216633796692,0.1223289764923825
5408,054080138.WAV,1.62468421459198,0.3001862103984102
5408,054080150.WAV,1.0781115293502808,0.1638178378974874
5408,054080151.WAV,1.5639901161193848,0.2850432007812017
5408,054080154.WAV,1.7896987199783323,0.3413568728668991
5408,054080163.WAV,1.6157119274139404,0.29794764957545383
5408,054080165.WAV,1.1841524839401243,0.19027476263288032
5408,054080167.WAV,0.7619670033454895,0.08494065348918772
5408,054080174.WAV,1.167785882949829,0.18619134097518883
5414,054140003.WAV,0.9871894717216492,0.14113303611715566
5414,054140010.WAV,1.1694329977035522,0.18660229154837407
5414,054140015.WAV,1.8586498498916624,0.3585599889798504
5414,054140019.WAV,0.9737659692764282,0.13778390940236665
5414,054140021.WAV,1.3400630950927734,0.22917402868220557
5414,054140039.WAV,1.1909775733947754,0.19197760356554125
5414,054140051.WAV,1.5165395736694336,0.27320442174429393
5414,054140057.WAV,1.1776092052459717,0.18864223270514166
5414,054140077.WAV,1.3203493356704712,0.2242555002579297
5414,054140098.WAV,1.2746527194976809,0.21285432097373788
5414,054140104.WAV,1.442164421081543,0.25464802698330546
5414,054140106.WAV,1.5524327754974363,0.2821596762773071
5414,054140113.WAV,1.6387498378753662,0.3036955444854553
5414,054140115.WAV,1.950905919075012,0.38157762295162956
5414,054140118.WAV,1.2889697551727295,0.21642638175679854
5414,054140119.WAV,1.0056664943695068,0.14574300213848515
5414,054140122.WAV,1.3209666013717651,0.22440950634231513
5414,054140127.WAV,1.4603184461593628,0.25917740600470407
5414,054140154.WAV,1.4802186489105225,0.26414245152360694
5414,054140158.WAV,1.4121979475021362,0.24717147474797288
5418,054180014.WAV,1.1786315441131592,0.18889730342350572
5418,054180015.WAV,0.8969613313674927,0.11862136477660906
5418,054180021.WAV,0.9037849307060242,0.12032383392942161
5418,054180022.WAV,1.0978049039840698,0.16873128037343768
5418,054180029.WAV,0.6110407114028931,0.04728496129024501
5418,054180033.WAV,1.1958400011062622,0.1931907658243278
5418,054180059.WAV,0.9585859775543212,0.1339965434735226
5418,054180063.WAV,1.4608583450317385,0.25931210927936255
5418,054180075.WAV,0.8122475743293762,0.09748551681410428
5418,054180076.WAV,1.3867878913879397,0.2408317360617672
5418,054180077.WAV,0.8340435028076172,0.10292354065609313
5418,054180079.WAV,0.7536365985870361,0.08286224055371166
5418,054180087.WAV,1.250696063041687,0.20687720148043034
5418,054180091.WAV,1.47377347946167,0.2625343995810844
5418,054180096.WAV,1.2378625869750977,0.2036752847143987
5418,054180111.WAV,0.7001678347587585,0.069521931936434
5418,054180123.WAV,1.2887715101242063,0.2163769201657724
5418,054180126.WAV,0.7743391394615173,0.08802746721416652
5418,054180130.WAV,0.8594430088996887,0.10926064714097244
5418,054180174.WAV,0.9213667511940002,0.12471044948904919
5424,054240002.WAV,1.2620056867599487,0.20969892130233322
5424,054240025.WAV,1.0165183544158936,0.14845051119097122
5424,054240038.WAV,1.1741307973861694,0.18777437956951357
5424,054240039.WAV,0.8564004898071289,0.10850154704658721
5424,054240048.WAV,1.5121653079986572,0.2721130545638307
5424,054240053.WAV,1.1636199951171875,0.1851519634887205
5424,054240079.WAV,1.683326005935669,0.314817175066067
5424,054240091.WAV,1.1393208503723145,0.17908939411506555
5424,054240093.WAV,0.7309682369232178,0.07720654704610388
5424,054240094.WAV,1.0859134197235107,0.1657643879563465
5424,054240097.WAV,1.580309510231018,0.28911484445329716
5424,054240099.WAV,1.829171895980835,0.3512053210500048
5424,054240109.WAV,1.0873535871505735,0.1661237057441912
5424,054240115.WAV,0.8102855086326599,0.09699598685216926
5424,054240116.WAV,1.1622942686080933,0.18482119839322994
5424,054240117.WAV,1.4015804529190063,0.2445224392300371
5424,054240125.WAV,1.395605206489563,0.24303163178049395
5424,054240126.WAV,0.823957622051239,0.10040714131685896
5424,054240138.WAV,0.8020709753036499,0.09494648351770182
5424,054240152.WAV,1.0809872150421145,0.1645353135200501
5428,054280012.WAV,0.6246799826622009,0.05068792172707681
5428,054280018.WAV,1.2123148441314695,0.1973011935702043
5428,054280021.WAV,1.3019845485687256,0.21967353669477888
5428,054280023.WAV,1.2428793907165527,0.20492696336547553
5428,054280024.WAV,0.9713120460510254,0.13717166234808434
5428,054280030.WAV,1.0830382108688354,0.16504703130333528
5428,054280040.WAV,1.274651288986206,0.21285396406508342
5428,054280042.WAV,1.5280704498291016,0.27608134343808155
5428,054280049.WAV,3.1967992782592773,0.6924245684526373
5428,054280053.WAV,0.8084195852279663,0.09653044412605052
5428,054280057.WAV,1.557161808013916,0.2833395568040683
5428,054280062.WAV,1.0870835781097412,0.16605633923566807
5428,054280078.WAV,1.2484506368637085,0.2063169738625308
5428,054280109.WAV,1.865661382675171,0.36030934700713835
5428,054280118.WAV,1.353639841079712,0.2325613892366001
5428,054280125.WAV,1.4591388702392578,0.25888310507674084
5428,054280128.WAV,1.585116624832153,0.2903142062441124
5428,054280146.WAV,1.3696415424346924,0.2365537694450248
5428,054280148.WAV,1.605167031288147,0.2953167271717302
5428,054280175.WAV,1.127578854560852,0.176159798652362
5432,054320015.WAV,1.138148069381714,0.17879678850321087
5432,054320019.WAV,1.5038089752197266,0.27002817265899315
5432,054320020.WAV,0.9132975339889526,0.122697202125394
5432,054320024.WAV,1.2995258569717407,0.2190600999449818
5432,054320037.WAV,1.363419532775879,0.23500139525259292
5432,054320041.WAV,1.0827927589416504,0.16498579172671315
5432,054320058.WAV,1.2180477380752563,0.19873153474520996
5432,054320061.WAV,1.6037541627883911,0.29496422039070747
5432,054320067.WAV,1.211503982543945,0.1970988858479197
5432,054320073.WAV,1.8702484369277956,0.36145380434994767
5432,054320076.WAV,0.955356240272522,0.1331907329589892
5432,054320080.WAV,1.5923519134521484,0.2921193907334304
5432,054320092.WAV,0.9669654369354248,0.13608719540160674
5432,054320099.WAV,0.8747188448905945,0.11307192594966312
5432,054320100.WAV,0.971937656402588,0.1373277503996206
5432,054320118.WAV,1.125415325164795,0.17562000405492847
5432,054320129.WAV,1.2434043884277344,0.20505794884165038
5432,054320136.WAV,1.0234192609786987,0.1501722682823168
5432,054320140.WAV,1.0840297937393188,0.16529442848562922
5432,054320149.WAV,0.8096535801887512,0.09683832245407595
5547,055470005.WAV,1.4888839721679688,0.2663044256978009
5547,055470009.WAV,1.2213289737701416,0.19955019397130278
5547,055470040.WAV,1.549596667289734,0.281452075127517
5547,055470046.WAV,2.47739839553833,0.5129360389279675
5547,055470047.WAV,1.2816522121429443,0.214600675019851
5547,055470080.WAV,1.5378535985946655,0.2785222119833226
5547,055470082.WAV,1.5656794309616089,0.2854646801596925
5547,055470088.WAV,1.807403564453125,0.3457741825708075
5547,055470104.WAV,2.0577120780944824,0.40822546407475346
5547,055470105.WAV,1.990023851394653,0.3913374388188857
5547,055470120.WAV,1.7352076768875122,0.32776150840245133
5547,055470122.WAV,1.890408515930176,0.3664836882744049
5547,055470126.WAV,1.5519782304763794,0.2820462685523628
5547,055470129.WAV,1.8665001392364504,0.36051861444818434
5547,055470131.WAV,2.273286819458008,0.46201076551009945
5547,055470141.WAV,1.6488443613052368,0.30621410014781003
5547,055470152.WAV,1.696810007095337,0.31818139604269946
5547,055470170.WAV,1.829029321670532,0.3511697491541135
5547,055470172.WAV,0.918476939201355,0.12398944939352408
5547,055470175.WAV,1.0914859771728516,0.16715472561966835
5551,055510024.WAV,1.2887158393859863,0.21636303047063768
5551,055510029.WAV,0.8752442598342896,0.11320301552419551
5551,055510046.WAV,1.8462485074996948,0.3554658883698437
5551,055510061.WAV,0.8647871017456055,0.11059398351794347
5551,055510067.WAV,1.4822137355804443,0.26464022012698174
5551,055510070.WAV,1.3045532703399658,0.22031442566857898
5551,055510078.WAV,0.7690186500549316,0.08670001982999356
5551,055510079.WAV,1.9912837743759155,0.3916517861162727
5551,055510084.WAV,1.3791143894195557,0.23891721855464296
5551,055510088.WAV,1.772331476211548,0.3370237936054358
5551,055510093.WAV,1.6225866079330444,0.2996628633414682
5551,055510096.WAV,1.0257679224014282,0.1507582528081108
5551,055510100.WAV,0.9889853596687316,0.14158110519040135
5551,055510110.WAV,1.5252217054367063,0.27537058959517724
5551,055510122.WAV,1.0943063497543335,0.1678584007742598
5551,055510130.WAV,1.181202054023743,0.18953863853312394
5551,055510143.WAV,1.5638524293899536,0.28500884832321305
5551,055510156.WAV,1.79139244556427,0.3417794527137412
5551,055510164.WAV,1.0818078517913818,0.16474006011813988
5551,055510165.WAV,1.86500883102417,0.3601465371759438
6010,060100004.WAV,1.756869196891785,0.3331659977021181
6010,060100009.WAV,1.5675612688064575,0.2859341934945917
6010,060100031.WAV,1.5594178438186646,0.28390243149448813
6010,060100034.WAV,1.331265211105347,0.2269789809727015
6010,060100037.WAV,1.5404402017593384,0.27916756231530304
6010,060100041.WAV,1.34504234790802,0.23041633848110368
6010,060100047.WAV,1.3839775323867798,0.2401305592677567
6010,060100066.WAV,0.8577811121940613,0.10884600851169143
6010,060100081.WAV,1.566775918006897,0.28573825064331115
6010,060100092.WAV,1.0614439249038696,0.1596593167104268
6010,060100100.WAV,1.3231141567230225,0.22494531545977423
6010,060100101.WAV,1.720354437828064,0.32405566635875616
6010,060100105.WAV,0.9455385804176332,0.13074125399246017
6010,060100124.WAV,1.842698574066162,0.3545801898014943
6010,060100128.WAV,1.527350902557373,0.2759018183849046
6010,060100132.WAV,1.3982908725738523,0.2437016980367934
6010,060100147.WAV,0.8376973271369934,0.10383515971547033
6010,060100154.WAV,1.5503917932510376,0.2816504568546029
6010,060100159.WAV,1.5642211437225342,0.2851008415288917
6010,060100164.WAV,2.940157890319824,0.6283932523355414
6048,060480005.WAV,1.1237646341323853,0.1752081612101071
6048,060480008.WAV,1.232686996459961,0.20238398920268044
6048,060480012.WAV,1.4299732446670532,0.2516063622031117
6048,060480018.WAV,1.4002448320388794,0.2441892055163534
6048,060480037.WAV,2.204511880874634,0.4448516086464185
6048,060480050.WAV,1.9399104118347168,0.3788342743217614
6048,060480082.WAV,1.312965750694275,0.22241331623810276
6048,060480084.WAV,1.0456887483596802,0.15572844376011505
6048,060480090.WAV,1.85576331615448,0.3578398067999917
6048,060480094.WAV,1.1212282180786133,0.17457533242341952
6048,060480102.WAV,0.9219689965248108,0.12486070803256313
6048,060480104.WAV,1.4895586967468262,0.2664727676131391
6048,060480131.WAV,1.3862303495407104,0.2406926309137041
6048,060480134.WAV,1.7270339727401731,0.32572219183582896
6048,060480135.WAV,1.4130892753601074,0.247393858582069
6048,060480145.WAV,1.4569429159164429,0.25833522054980695
6048,060480147.WAV,1.4895573854446411,0.26647244044687257
6048,060480148.WAV,1.3866020441055298,0.24078536767907946
6048,060480168.WAV,1.7302252054214478,0.3265183955590808
6048,060480169.WAV,1.276299238204956,0.21326512283498375
6067,060670002.WAV,1.1111769676208496,0.17206757324786123
6067,060670003.WAV,1.438780426979065,0.25380372981886967
6067,060670017.WAV,1.1899020671844482,0.19170926774218758
6067,060670029.WAV,0.9329218864440918,0.12759342375876817
6067,060670035.WAV,1.2496715784072876,0.20662159539908462
6067,060670036.WAV,1.0835589170455933,0.16517694605354685
6067,060670038.WAV,1.273478865623474,0.21256144768039223
6067,060670041.WAV,1.518073797225952,0.2735872062761673
6067,060670044.WAV,1.0864914655685425,0.165908608795123
6067,060670049.WAV,1.1674362421035769,0.18610410655156925
6067,060670060.WAV,0.961732029914856,0.13478147483177205
6067,060670062.WAV,1.5172946453094482,0.2733928100290559
6067,060670072.WAV,1.5106258392333984,0.2717289613668912
6067,060670075.WAV,0.6541725397109985,0.05804623309943646
6067,060670080.WAV,1.0246903896331787,0.1504894113641634
6067,060670094.WAV,1.1395467519760132,0.17914575594007723
6067,060670111.WAV,1.547824144363403,0.28100983556229353
6067,060670140.WAV,0.9677486419677734,0.13628260288990574
6067,060670144.WAV,1.081586241722107,0.16468476901909154
6067,060670149.WAV,1.686730980873108,0.3156667068907677
6099,060990011.WAV,1.1476644277572632,0.18117109358440112
6099,060990014.WAV,1.2939189672470093,0.21766119647395368
6099,060990023.WAV,1.0814560651779177,0.1646522903315387
6099,060990029.WAV,1.2001041173934937,0.1942546510384001
6099,060990030.WAV,1.1164146661758425,0.17337436454365932
6099,060990034.WAV,1.1784030199050903,0.18884028726596094
6099,060990035.WAV,1.365809440612793,0.2355976706445896
6099,060990039.WAV,1.1430925130844116,0.1800304135248512
6099,060990059.WAV,0.9641571044921876,0.13538652422819009
6099,060990078.WAV,1.3568469285964966,0.23336154869743844
6099,060990083.WAV,0.8495041728019714,0.10678093503717462
6099,060990089.WAV,1.8601326942443848,0.3589299545425523
6099,060990093.WAV,1.4608498811721802,0.25930999756982387
6099,060990117.WAV,1.2174463272094729,0.19858148439841114
6099,060990121.WAV,1.073784351348877,0.16273821896023247
6099,060990124.WAV,1.2489856481552124,0.2064504576992867
6099,060990129.WAV,1.3934249877929688,0.24248767324875872
6099,060990155.WAV,1.8169217109680176,0.34814893378781586
6099,060990168.WAV,1.5644328594207764,0.28515366400974695
6099,060990175.WAV,1.2393124103546145,0.20403701163566088
6121,061210013.WAV,1.322369933128357,0.22475963373230837
6121,061210031.WAV,0.8908244371414185,0.11709022664911559
6121,061210059.WAV,0.864762544631958,0.11058785658604248
6121,061210060.WAV,0.715419590473175,0.07332720278277513
6121,061210063.WAV,0.8004926443099976,0.09455269430231694
6121,061210068.WAV,0.8374907374382019,0.10378361615729345
6121,061210069.WAV,1.1598162651062012,0.18420294337659812
6121,061210071.WAV,0.5301961898803711,0.02711447688199664
6121,061210075.WAV,0.8480473756790161,0.10641746818622211
6121,061210086.WAV,1.6227413415908811,0.2997014689609221
6121,061210095.WAV,0.6317816972732544,0.05245977987078762
6121,061210109.WAV,1.7780945301055908,0.3384616596045721
6121,061210128.WAV,0.71556556224823,0.07336362233672067
6121,061210129.WAV,0.9668394923210144,0.1360557725688232
6121,061210140.WAV,0.92555034160614,0.12575424372011598
6121,061210141.WAV,0.7798370718955994,0.08939918614268244
6121,061210142.WAV,0.5487720370292664,0.03174909934286946
6121,061210147.WAV,1.2101818323135376,0.19676901302406527
6121,061210148.WAV,0.8202999830245972,0.09949457050106994
6121,061210174.WAV,0.7468118667602539,0.08115948884821436
6401,064010049.WAV,1.4598132371902466,0.2590513577649155
6401,064010056.WAV,1.3473280668258667,0.23098661902610293
6401,064010057.WAV,1.6215590238571167,0.2994064839580378
6401,064010066.WAV,2.233643054962158,0.45211975596995346
6401,064010067.WAV,1.3722296953201294,0.23719950642804757
6401,064010086.WAV,0.9546443819999696,0.1330131262898298
6401,064010092.WAV,1.3523902893066406,0.2322496295269578
6401,064010093.WAV,1.7256053686141968,0.3253657590596075
6401,064010103.WAV,0.9919087886810304,0.14231049263930556
6401,064010107.WAV,1.6151658296585083,0.2978113996966262
6401,064010109.WAV,1.400320291519165,0.24420803244787445
6401,064010120.WAV,0.5508887767791748,0.03227722005306444
6401,064010123.WAV,0.8315752744674683,0.10230772451526657
6401,064010135.WAV,1.2131192684173584,0.19750189520354403
6401,064010141.WAV,1.0127943754196167,0.14752138873633316
6401,064010150.WAV,1.078198790550232,0.1638396093254075
6401,064010161.WAV,1.2604544162750244,0.20931188360899458
6401,064010164.WAV,1.5178337097167969,0.2735273051069993
6401,064010172.WAV,1.4697129726409912,0.2615213143654923
6401,064010173.WAV,1.2552621364593506,0.2080164241629747
6504,065040005.WAV,1.4964148998260498,0.2681833713090338
6504,065040007.WAV,1.3225842714309692,0.22481311054569678
6504,065040009.WAV,1.7027448415756226,0.319662120822755
6504,065040011.WAV,1.3758583068847656,0.23810483497239046
6504,065040028.WAV,1.333821415901184,0.2276167469957753
6504,065040042.WAV,1.7717463970184326,0.3368778179657749
6504,065040044.WAV,1.2216817140579224,0.19963820169700694
6504,065040045.WAV,1.61232590675354,0.2971028467904242
6504,065040049.WAV,1.27965247631073,0.21410174646334937
6504,065040077.WAV,2.240278959274292,0.45377539573306636
6504,065040112.WAV,1.5060497522354126,0.2705872403237658
6504,065040118.WAV,1.1431337594985962,0.18004070439105388
6504,065040124.WAV,1.8044589757919312,0.3450395158480566
6504,065040125.WAV,1.4534651041030884,0.2574675161261182
6504,065040126.WAV,2.1059679985046387,0.42026518268410373
6504,065040127.WAV,1.8442678451538088,0.3549717185954012
6504,065040133.WAV,1.416841983795166,0.2483301489521835
6504,065040134.WAV,1.5748164653778076,0.28774434496268386
6504,065040137.WAV,1.3351527452468872,0.22794890998349573
6504,065040160.WAV,1.3182742595672607,0.2237377745122949
6902,069020006.WAV,0.843821108341217,0.10536302618029822
6902,069020020.WAV,1.2304002046585083,0.2018134409761904
6902,069020024.WAV,1.7324289083480835,0.32706821334122615
6902,069020037.WAV,2.211060047149658,0.4464853580120599
6902,069020044.WAV,1.6987953186035156,0.31867672577026895
6902,069020048.WAV,1.131991982460022,0.17726086185127046
6902,069020059.WAV,0.7394201755523682,0.07931528234601234
6902,069020065.WAV,1.1925729513168335,0.1923756459423914
6902,069020075.WAV,0.5108121633529663,0.022278215902566262
6902,069020090.WAV,1.7109005451202393,0.3216969462888092
6902,069020091.WAV,1.3924418687820437,0.24224238777600357
6902,069020096.WAV,1.7604577541351318,0.33406133280413697
6902,069020103.WAV,1.3552364110946655,0.23295972903732895
6902,069020114.WAV,1.8361341953277588,0.35294239547110284
6902,069020123.WAV,1.7857064008712769,0.3403608002971681
6902,069020143.WAV,0.970056414604187,0.1368583857766607
6902,069020155.WAV,1.5721261501312256,0.28707311875325736
6902,069020163.WAV,1.0018792152404783,0.14479808647588857
6902,069020168.WAV,2.3337924480438232,0.4771067524120872
6902,069020175.WAV,1.2191152572631836,0.1989978778285764
6912,069120003.WAV,1.025454878807068,0.15068014929756704
6912,069120014.WAV,1.30117928981781,0.2194726268647241
6912,069120020.WAV,1.1554385423660278,0.18311071366688672
6912,069120025.WAV,0.9970059394836426,0.14358221765980603
6912,069120052.WAV,1.1898689270019531,0.19170099935836002
6912,069120059.WAV,1.115604043006897,0.1731721163061504
6912,069120061.WAV,1.2874006032943726,0.21603488270527957
6912,069120072.WAV,1.440871238708496,0.2543253815597032
6912,069120083.WAV,1.0047295093536377,0.14550922696983518
6912,069120087.WAV,0.9818663597106934,0.13980493440044955
6912,069120092.WAV,1.2512601613998413,0.20701794245982622
6912,069120093.WAV,1.1534208059310913,0.18260729400981693
6912,069120094.WAV,1.8609453439712524,0.3591327084006549
6912,069120106.WAV,0.8344594836235046,0.10302732671856182
6912,069120121.WAV,1.3732450008392334,0.23745282234552736
6912,069120123.WAV,1.3237383365631104,0.22510104660265604
6912,069120140.WAV,1.087515950202942,0.16616421487646874
6912,069120151.WAV,1.0744951963424685,0.16291557281909505
6912,069120165.WAV,1.3047751188278198,0.2203697762524031
6912,069120170.WAV,1.1679599285125732,0.18623476486147747
7001,070010001.WAV,2.0322539806365967,0.4018737392062365
7001,070010002.WAV,1.50311541557312,0.26985513144637163
7001,070010003.WAV,1.6350301504135132,0.3027674927567805
7001,070010004.WAV,1.8242546319961548,0.3499784772927985
7001,070010005.WAV,2.08156418800354,0.4141764994938998
7001,070010006.WAV,1.6043431758880615,0.29511117752916793
7001,070010007.WAV,1.4527517557144165,0.2572895376771105
7001,070010008.WAV,1.9756072759628296,0.3877405431419545
7001,070010009.WAV,1.8415535688400269,0.3542945141660131
7001,070010010.WAV,1.84433913230896,0.35498950454334677
7001,070010011.WAV,2.0245296955108643,0.3999465514418802
7001,070010012.WAV,1.5043232440948486,0.2701564813202598
7001,070010013.WAV,1.2422637939453125,0.20477337367452028
7001,070010014.WAV,2.2303054332733154,0.4512870285943986
7001,070010015.WAV,1.2998329401016235,0.21913671633613221
7001,070010016.WAV,1.270366668701172,0.21178496316029768
7001,070010017.WAV,2.0529396533966064,0.4070347573188079
7001,070010018.WAV,1.7632699012756348,0.3347629557339654
7001,070010019.WAV,1.602867603302002,0.2947430262521261
7001,070010020.WAV,1.8563252687454224,0.357980012416406
7551,075510004.WAV,0.9382218718528748,0.1289157554522277
7551,075510010.WAV,1.421553373336792,0.24950562760554004
7551,075510017.WAV,1.0770933628082275,0.1635638081626987
7551,075510036.WAV,1.1018587350845337,0.16974270001530914
7551,075510038.WAV,1.2164437770843506,0.19833135091643325
7551,075510041.WAV,0.7520895600318909,0.08247625871514239
7551,075510057.WAV,1.454803705215454,0.25780149339949865
7551,075510076.WAV,0.9802328944206238,0.1393973893306753
7551,075510086.WAV,0.6998127698898315,0.06943334423416633
7551,075510090.WAV,1.5391731262207031,0.278851430474644
7551,075510091.WAV,1.5154130458831787,0.2729233561789324
7551,075510099.WAV,1.472044587135315,0.262103045729821
7551,075510129.WAV,1.1435115337371826,0.18013495801821058
7551,075510131.WAV,1.4679687023162842,0.2610861237461939
7551,075510137.WAV,0.875244140625,0.11320298578180762
7551,075510142.WAV,1.222126841545105,0.19974925977330962
7551,075510144.WAV,0.7648196816444397,0.08565238883089166
7551,075510163.WAV,1.451172113418579,0.25689542129545906
7551,075510165.WAV,1.0398236513137815,0.15426511827696274
7551,075510167.WAV,1.0942226648330688,0.1678375216179758
8002,080020001.WAV,1.7655444145202637,0.335330440494505
8002,080020002.WAV,1.747262954711914,0.3307692668604745
8002,080020003.WAV,1.8987315893173216,0.3685602720530269
8002,080020004.WAV,1.4572503566741943,0.2584119261681209
8002,080020005.WAV,1.8483905792236328,0.35600032933746084
8002,080020006.WAV,1.97637939453125,0.3879331845881817
8002,080020007.WAV,2.1241860389709477,0.42481053336778807
8002,080020008.WAV,1.6737987995147705,0.31244016342758063
8002,080020009.WAV,1.8759841918945312,0.3628848593422621
8002,080020010.WAV,1.5208004713058472,0.27426750391389376
8002,080020011.WAV,1.9566941261291504,0.38302176459460646
8002,080020012.WAV,1.8564817905426023,0.35801906417167784
8002,080020013.WAV,2.1932036876678467,0.44203024573317007
8002,080020014.WAV,2.041476249694824,0.40417466981655414
8002,080020015.WAV,1.2432724237442017,0.20502502401827946
8002,080020016.WAV,1.7437288761138916,0.32988752402971167
8002,080020017.WAV,2.2028815746307373,0.44444485174992276
8002,080020018.WAV,1.7792216539382937,0.3387428738818731
8002,080020019.WAV,1.8325973749160769,0.352059968565419
8002,080020020.WAV,1.5945967435836792,0.2926794696393906
8057,080570004.WAV,1.802048921585083,0.34443821399251007
8057,080570009.WAV,0.7843866348266602,0.09053428950450693
8057,080570013.WAV,1.783161163330078,0.3397257705737782
8057,080570014.WAV,1.249943494796753,0.20668943778581364
8057,080570031.WAV,1.9139423370361328,0.3723553115179412
8057,080570053.WAV,0.7954244613647461,0.09328819668206859
8057,080570067.WAV,1.1091927289962769,0.1715725112017826
8057,080570071.WAV,1.10121488571167,0.169582061378429
8057,080570072.WAV,1.4678442478179932,0.26105507269325867
8057,080570080.WAV,1.6304906606674194,0.301634902626731
8057,080570081.WAV,2.6991891860961914,0.568272227436352
8057,080570087.WAV,1.3881514072418213,0.2411719294942122
8057,080570089.WAV,1.0558130741119385,0.158254435019437
8057,080570102.WAV,1.1702229976654053,0.18679939435278162
8057,080570127.WAV,1.6938518285751345,0.31744333868773156
8057,080570138.WAV,1.2765218019485474,0.21332065187313506
8057,080570143.WAV,1.271488904953003,0.2120649579996959
8057,080570144.WAV,1.6293797492980957,0.30135773331418025
8057,080570146.WAV,1.2129896879196167,0.19746956522793044
8057,080570157.WAV,1.4559615850448608,0.25809038121286976
8063,080630011.WAV,1.3132208585739136,0.22247696494814231
8063,080630014.WAV,1.5875202417373655,0.290913902010714
8063,080630019.WAV,1.4668715000152588,0.26081237480824804
8063,080630030.WAV,0.9276270866394044,0.126272385859181
8063,080630038.WAV,1.0192251205444336,0.14912584184992358
8063,080630044.WAV,0.8800424933433533,0.1144001615071146
8063,080630053.WAV,1.4662725925445557,0.2606629490515945
8063,080630062.WAV,1.3189254999160769,0.22390025717722303
8063,080630086.WAV,1.047725796699524,0.15623668168401963
8063,080630090.WAV,1.3823492527008057,0.2397243079918547
8063,080630091.WAV,1.421248197555542,0.24942948709259558
8063,080630093.WAV,1.3207117319107056,0.2243459171170513
8063,080630094.WAV,1.4361461400985718,0.25314648253174166
8063,080630123.WAV,1.2000939846038818,0.19425212293543123
8063,080630125.WAV,0.989392638206482,0.14168272005855564
8063,080630140.WAV,0.876424252986908,0.11349742055051629
8063,080630147.WAV,1.2365608215332031,0.20335049783886974
8063,080630152.WAV,1.0282535552978516,0.15137841133756627
8063,080630155.WAV,1.2936893701553345,0.2176039126349181
8063,080630170.WAV,1.5768591165542605,0.28825398077881836
8068,080680011.WAV,1.5707006454467771,0.2867174592791205
8068,080680020.WAV,1.491713523864746,0.26701039101625823
8068,080680029.WAV,1.1919605731964111,0.19222285929590863
8068,080680031.WAV,1.296959400177002,0.2184197760765512
8068,080680056.WAV,1.7175716161727903,0.3233613600563433
8068,080680060.WAV,1.456818461418152,0.25830416949687185
8068,080680066.WAV,0.9946604371070862,0.14299702130729053
8068,080680069.WAV,0.9202202558517456,0.1244244020737196
8068,080680084.WAV,1.7324247360229492,0.3270671723576508
8068,080680090.WAV,1.6577882766723633,0.30844558228245356
8068,080680095.WAV,1.1465376615524292,0.18088996853426384
8068,080680106.WAV,0.6669256091117859,0.06122808862485052
8068,080680108.WAV,1.0842115879058838,0.1653397856271294
8068,080680129.WAV,1.5112746953964231,0.2718908491840618
8068,080680133.WAV,1.1779545545578003,0.18872839640279795
8068,080680151.WAV,0.9575510621070862,0.13373833493323833
8068,080680153.WAV,1.4205721616744995,0.24926081801099073
8068,080680170.WAV,1.1427478790283203,0.1799444282815221
8068,080680173.WAV,1.6084789037704468,0.29614303019150534
8068,080680174.WAV,1.2290427684783936,0.20147476440552667
8153,081530002.WAV,0.6608846783638,0.059720893119591556
8153,081530014.WAV,1.1550636291503906,0.1830171738570389
8153,081530016.WAV,0.7445100545883179,0.08058519308085282
8153,081530018.WAV,1.4472572803497314,0.2559186812778428
8153,081530023.WAV,1.0539991855621338,0.15780187484562305
8153,081530038.WAV,1.0767678022384644,0.16348258170142863
8153,081530065.WAV,0.860473096370697,0.10951765111454803
8153,081530073.WAV,1.3150662183761597,0.22293737711235365
8153,081530085.WAV,0.959926962852478,0.13433111559466043
8153,081530088.WAV,0.9466257691383362,0.13101250456982497
8153,081530096.WAV,1.26655113697052,0.2108329985517762
8153,081530100.WAV,1.1375277042388916,0.17864200911674086
8153,081530107.WAV,0.9064266085624696,0.12098292524459753
8153,081530109.WAV,1.6143778562545776,0.29761480251281236
8153,081530125.WAV,1.0627518892288208,0.15998565019012487
8153,081530139.WAV,1.1189218759536743,0.17399990644531896
8153,081530146.WAV,1.0447722673416138,0.15549978428217862
8153,081530165.WAV,1.1042044162750244,0.17032794098140644
8153,081530167.WAV,1.0698822736740112,0.16176466137811815
8153,081530170.WAV,1.514132380485535,0.27260383370605634
8581,085810002.WAV,1.197411298751831,0.19358280023882843
8581,085810012.WAV,1.3273049592971802,0.22599090910530714
8581,085810018.WAV,1.3828831911087036,0.23985752414711972
8581,085810038.WAV,1.2500786781311035,0.20672316565365703
8581,085810040.WAV,1.3259481191635132,0.22565238124658274
8581,085810043.WAV,1.255160570144653,0.2079910836485103
8581,085810048.WAV,1.0594112873077393,0.15915217925487332
8581,085810056.WAV,1.022963523864746,0.15005856313349383
8581,085810078.WAV,0.9534200429916382,0.13270765709522173
8581,085810084.WAV,1.0906647443771362,0.16694983030963914
8581,085810086.WAV,1.1614800691604614,0.18461805788408506
8581,085810112.WAV,1.3858689069747925,0.24060245199368543
8581,085810116.WAV,1.3597368001937866,0.2340825636641575
8581,085810119.WAV,1.3196250200271606,0.22407478550923796
8581,085810120.WAV,0.9701868295669556,0.13689092394898933
8581,085810121.WAV,1.3785902261734009,0.2387864412751832
8581,085810152.WAV,1.082678198814392,0.16495720929197108
8581,085810159.WAV,1.3967784643173218,0.2433243563619001
8581,085810163.WAV,1.0071159601211548,0.14610463983258368
8581,085810167.WAV,1.2744420766830444,0.21280176617437338
8584,085840013.WAV,1.239437699317932,0.20406827088531107
8584,085840020.WAV,1.0052605867385864,0.14564172930779137
8584,085840022.WAV,1.6018844842910769,0.29449774077937096
8584,085840036.WAV,0.8602066040039062,0.10945116200646698
8584,085840040.WAV,0.724678099155426,0.07563717507900489
8584,085840059.WAV,1.170536994934082,0.18687773580242842
8584,085840072.WAV,0.6990224123001099,0.06923615220259521
8584,085840075.WAV,0.919843852519989,0.12433049048402339
8584,085840077.WAV,0.6643477082252502,0.06058490948718451
8584,085840086.WAV,0.5581236481666565,0.034082300444024854
8584,085840089.WAV,0.7528864741325378,0.08267508657804631
8584,085840092.WAV,0.9384069442749025,0.12896193050939428
8584,085840099.WAV,1.6224356889724731,0.2996252094784261
8584,085840115.WAV,1.245302438735962,0.20553150714129978
8584,085840117.WAV,1.22868812084198,0.20138628080161655
8584,085840123.WAV,1.01750385761261,0.14869639151148392
8584,085840141.WAV,0.8469630479812622,0.10614693142616616
8584,085840147.WAV,0.6983185410499573,0.06906053827342301
8584,085840157.WAV,1.0585198402404783,0.15892976567838926
8584,085840167.WAV,1.2894179821014404,0.21653821313518576
8585,085850006.WAV,0.944926381111145,0.13058851195955917
8585,085850024.WAV,0.6374777555465698,0.05388093064794172
8585,085850039.WAV,0.899701714515686,0.11930508278894045
8585,085850042.WAV,1.4225099086761477,0.24974428052580058
8585,085850044.WAV,0.8581084609031677,0.10892768110877957
8585,085850046.WAV,0.9636794924736024,0.13526736135119313
8585,085850056.WAV,1.4442893266677856,0.2551781850470696
8585,085850075.WAV,0.8857614398002625,0.11582702282273954
8585,085850088.WAV,0.7145422697067261,0.0731083136792536
8585,085850092.WAV,1.2096059322357178,0.19662532754827036
8585,085850094.WAV,0.6643714904785156,0.060590843093564356
8585,085850101.WAV,0.8306476473808289,0.10207628412406433
8585,085850108.WAV,1.006622552871704,0.1459815360891941
8585,085850112.WAV,1.015455722808838,0.14818538754550745
8585,085850119.WAV,0.93794846534729,0.12884754128565026
8585,085850120.WAV,0.6833990216255188,0.06533815946207264
8585,085850138.WAV,1.3846791982650757,0.24030562296275335
8585,085850146.WAV,0.8782955408096313,0.11396430168408911
8585,085850161.WAV,0.952106237411499,0.13237986623851805
8585,085850170.WAV,0.9721386432647704,0.1373778960655676
9034,090340002.WAV,1.1807087659835815,0.1894155645321222
9034,090340007.WAV,1.5075711011886597,0.27096681267774936
9034,090340021.WAV,1.3375285863876345,0.22854167577372395
9034,090340032.WAV,0.9958803057670592,0.14330137516235344
9034,090340039.WAV,1.2656269073486328,0.21060240581862824
9034,090340041.WAV,1.0955729484558103,0.1681744136453673
9034,090340043.WAV,1.1143765449523926,0.1728658589382638
9034,090340054.WAV,0.9558424949645996,0.13331205215910663
9034,090340071.WAV,1.3342567682266235,0.22772536619627273
9034,090340085.WAV,1.306489109992981,0.22079741230518282
9034,090340088.WAV,0.9089128375053406,0.12160323248599228
9034,090340090.WAV,1.8528891801834104,0.3571227178284714
9034,090340108.WAV,1.3363566398620603,0.2282492783585842
9034,090340114.WAV,2.1668174266815186,0.43544694663270556
9034,090340126.WAV,1.1458330154418943,0.18071416127957043
9034,090340131.WAV,1.362197995185852,0.2346966250040998
9034,090340155.WAV,1.444706916809082,0.25528237263177445
9034,090340158.WAV,1.1765692234039309,0.188382760113373
9034,090340164.WAV,1.687627911567688,0.3158904886170937
9034,090340168.WAV,1.1627247333526611,0.1849285981558247
9070,090700006.WAV,1.306953191757202,0.2209131994211566
9070,090700008.WAV,1.147781252861023,0.1812002411245127
9070,090700019.WAV,1.9568750858306885,0.3830669135393915
9070,090700042.WAV,1.3946627378463743,0.24279648846200194
9070,090700045.WAV,1.0467636585235596,0.15599663087152935
9070,090700047.WAV,1.2891052961349487,0.21646019885180554
9070,090700054.WAV,1.3399572372436523,0.22914761744177795
9070,090700055.WAV,1.0507164001464844,0.15698282896848795
9070,090700057.WAV,1.3571181297302246,0.23342921262984032
9070,090700059.WAV,1.619455099105835,0.29888156055453885
9070,090700065.WAV,1.4747655391693115,0.26278191573292986
9070,090700081.WAV,1.3668608665466309,0.23585999850559372
9070,090700082.WAV,1.520764946937561,0.2742586406823089
9070,090700108.WAV,1.0493239164352417,0.15663540813579077
9070,090700111.WAV,1.241578221321106,0.20460232520188595
9070,090700117.WAV,1.2399439811706543,0.2041945868065905
9070,090700127.WAV,0.8016982078552246,0.0948534790708356
9070,090700148.WAV,0.994239866733551,0.14289209016288887
9070,090700164.WAV,1.5812315940856934,0.2893449018234634
9070,090700172.WAV,1.1595021486282349,0.18412457218456343
9088,090880018.WAV,0.8060463666915894,0.0959383326683555
9088,090880060.WAV,1.1423254013061523,0.17983902125891452
9088,090880064.WAV,0.9767144322395324,0.13851954275272327
9088,090880065.WAV,1.6221661567687988,0.2995579619394544
9088,090880086.WAV,0.8192310929298401,0.09922788538024302
9088,090880090.WAV,1.0768104791641235,0.16349322947628572
9088,090880093.WAV,1.4890484809875488,0.26634547019306
9088,090880095.WAV,1.2204712629318235,0.1993361974905856
9088,090880100.WAV,1.1641637086868286,0.18528761851979078
9088,090880120.WAV,0.9134274125099182,0.12272960645697722
9088,090880126.WAV,1.613088607788086,0.29729313858800976
9088,090880130.WAV,1.670933961868286,0.31172539436231395
9088,090880132.WAV,1.4447418451309204,0.25529108715142
9088,090880140.WAV,1.226340651512146,0.20080059369970119
9088,090880142.WAV,1.2019745111465454,0.1947213091040639
9088,090880145.WAV,1.252127766609192,0.20723440755873643
9088,090880147.WAV,1.300555944442749,0.21931710391855738
9088,090880154.WAV,0.8185623288154602,0.09906103058429822
9088,090880157.WAV,1.2029614448547363,0.1949675463332309
9088,090880163.WAV,1.684462547302246,0.3151007389920095
9101,091010017.WAV,1.7153608798980713,0.3228097874733138
9101,091010032.WAV,1.4329912662506104,0.2523593502367899
9101,091010049.WAV,0.8904556035995483,0.11699820370104907
9101,091010050.WAV,1.474600315093994,0.26274069278334344
9101,091010055.WAV,1.3009501695632937,0.21941546199524006
9101,091010063.WAV,1.322136163711548,0.22470130890969744
9101,091010070.WAV,1.106147050857544,0.17081262293411884
9101,091010072.WAV,1.2371734380722046,0.2035033439701283
9101,091010082.WAV,1.2467608451843262,0.20589537551448847
9101,091010100.WAV,1.318626046180725,0.2238255442988962
9101,091010107.WAV,1.1073490381240845,0.17111251543100145
9101,091010109.WAV,1.5658509731292725,0.285507479455836
9101,091010123.WAV,1.1180013418197632,0.17377023572619496
9101,091010127.WAV,1.230273962020874,0.20178194378743716
9101,091010133.WAV,1.7315877676010132,0.3268583510524229
9101,091010138.WAV,1.8953419923782349,0.36771457699636134
9101,091010139.WAV,1.016777515411377,0.14851517114219834
9101,091010142.WAV,1.397642731666565,0.24353998867394996
9101,091010149.WAV,1.1509692668914795,0.181995641803292
9101,091010151.WAV,1.292022466659546,0.21718802482534658
9107,091070001.WAV,0.9336665868759156,0.12777922445578552
9107,091070033.WAV,1.0935050249099731,0.16765847244300472
9107,091070038.WAV,1.0496759414672852,0.1567232374071678
9107,091070040.WAV,1.152099609375,0.18227765912506536
9107,091070049.WAV,1.3505836725234983,0.23179888363880383
9107,091070056.WAV,1.104429841041565,0.17038418383686663
9107,091070061.WAV,1.111141562461853,0.17205873975866418
9107,091070065.WAV,1.165258765220642,0.18556083209475496
9107,091070074.WAV,1.1713910102844238,0.18709081026912153
9107,091070089.WAV,1.1911715269088743,0.192025994430604
9107,091070108.WAV,1.16265869140625,0.1849121208729453
9107,091070135.WAV,0.7252092361450195,0.075769692288155
9107,091070138.WAV,1.1956616640090942,0.19314627121207587
9107,091070140.WAV,0.7815945148468018,0.08983766329584039
9107,091070142.WAV,1.1647813320159912,0.1854417138313398
9107,091070143.WAV,0.9239593744277954,0.12535730181161703
9107,091070162.WAV,1.047818660736084,0.1562598510041696
9107,091070163.WAV,1.4097470045089722,0.24655997125338727
9107,091070174.WAV,0.9143638610839844,0.12296324778488177
9107,091070175.WAV,0.7817508578300476,0.08987667043753053
9118,091180015.WAV,0.8523374199867249,0.1074878223696559
9118,091180025.WAV,1.496495008468628,0.2682033581936817
9118,091180035.WAV,1.3733879327774048,0.23748848346858228
9118,091180042.WAV,0.8996475338935852,0.119291564873654
9118,091180044.WAV,0.9810131788253784,0.1395920681304715
9118,091180050.WAV,1.9702786207199097,0.3864110584042125
9118,091180056.WAV,0.9447324872016908,0.13054013596569033
9118,091180064.WAV,0.8175438046455383,0.09880691162234592
9118,091180075.WAV,0.945853054523468,0.13081971441165843
9118,091180078.WAV,1.2478517293930054,0.2061675481058772
9118,091180088.WAV,1.7171272039413452,0.323250480434368
9118,091180091.WAV,1.051526427268982,0.1571849284940575
9118,091180101.WAV,1.5862377882003784,0.2905939334020199
9118,091180110.WAV,1.2161407470703125,0.1982557457664704
9118,091180133.WAV,1.581794500350952,0.2894853453789805
9118,091180151.WAV,1.3357220888137815,0.22809095962795775
9118,091180157.WAV,1.013897180557251,0.14779653556650882
9118,091180159.WAV,1.3697044849395752,0.2365694734258196
9118,091180161.WAV,1.0009536743164062,0.14456716657647412
9118,091180163.WAV,1.5759525299072266,0.28802778991907496
9553,095530005.WAV,0.8986248970031738,0.11903641979932023
9553,095530010.WAV,0.6638138294219971,0.06045170820311341
9553,095530011.WAV,1.2829862833023071,0.21493352208249242
9553,095530016.WAV,1.0232571363449097,0.15013181863481503
9553,095530028.WAV,1.1067665815353394,0.17096719412387376
9553,095530041.WAV,0.8507056832313538,0.10708070856450574
9553,095530049.WAV,1.5684431791305542,0.2861542276800463
9553,095530059.WAV,0.9395989179611206,0.12925932464569587
9553,095530066.WAV,1.2494959831237793,0.20657778486175363
9553,095530082.WAV,1.4250484704971311,0.25037764467546975
9553,095530083.WAV,1.3426799774169922,0.22982693358070475
9553,095530085.WAV,1.4967594146728516,0.26826932680997506
9553,095530116.WAV,1.075128436088562,0.16307356438345486
9553,095530118.WAV,1.0211793184280396,0.14961340881425925
9553,095530129.WAV,0.9230353236198424,0.12512675369205084
9553,095530144.WAV,1.0142039060592651,0.14787306273049564
9553,095530152.WAV,0.7670157551765442,0.08620030310021343
9553,095530154.WAV,1.537287950515747,0.27838108435288444
9553,095530161.WAV,1.6197675466537476,0.29895951535314336
9553,095530173.WAV,0.9643599987030028,0.13543714577234298
9555,095550027.WAV,1.636241436004639,0.30306970515991694
9555,095550043.WAV,1.4850810766220093,0.2653556137823935
9555,095550044.WAV,0.9689250588417052,0.13657611564459043
9555,095550046.WAV,1.351628661155701,0.23205960541086315
9555,095550051.WAV,1.195167899131775,0.19302307824152268
9555,095550053.WAV,1.1809287071228027,0.1894704392377404
9555,095550073.WAV,1.6911113262176514,0.3167595909330122
9555,095550075.WAV,1.1676889657974243,0.18616716041385137
9555,095550081.WAV,1.5553557872772217,0.28288895962785376
9555,095550082.WAV,1.2004063129425049,0.19433004799164785
9555,095550092.WAV,0.8137651085853577,0.09786413741167599
9555,095550100.WAV,0.9870643615722656,0.1411018214810872
9555,095550107.WAV,0.6283892393112183,0.051613370996813096
9555,095550116.WAV,1.0616629123687744,0.15971395347694203
9555,095550126.WAV,1.1480077505111694,0.18125675166146368
9555,095550134.WAV,1.8337873220443728,0.35235685708112685
9555,095550143.WAV,0.8708046078681946,0.11209533464398619
9555,095550146.WAV,1.0856866836547852,0.16570781793461972
9555,095550148.WAV,1.5497982501983645,0.2815023695054034
9555,095550173.WAV,1.150360107421875,0.18184365820128165
9556,095560005.WAV,1.2272043228149414,0.20101607729981172
9556,095560008.WAV,1.0626201629638672,0.15995278485152967
9556,095560010.WAV,1.4417442083358765,0.25454318506606743
9556,095560017.WAV,1.2559975385665894,0.20819990495373822
9556,095560031.WAV,1.328611969947815,0.2263170046459023
9556,095560037.WAV,2.066078424453736,0.4103128443401721
9556,095560051.WAV,1.1596922874450684,0.1841720112932144
9556,095560054.WAV,0.9432196617126464,0.1301626901924394
9556,095560069.WAV,1.6830220222473145,0.31474133197700116
9556,095560080.WAV,0.941693902015686,0.12978201737010475
9556,095560083.WAV,1.0777124166488647,0.1637182603829022
9556,095560108.WAV,0.6729061603546143,0.06272021961065385
9556,095560115.WAV,1.1440260410308838,0.18026332616425297
9556,095560129.WAV,1.5571106672286987,0.2833267973196725
9556,095560133.WAV,1.692452073097229,0.3170941035693743
9556,095560150.WAV,1.2831828594207764,0.21498256728008833
9556,095560153.WAV,2.063856363296509,0.4097584462302948
9556,095560163.WAV,1.1952903270721436,0.19305362367386406
9556,095560164.WAV,1.0200278759002686,0.1493261270898331
9556,095560170.WAV,1.0202138423919678,0.14937252521490865
9558,095580008.WAV,1.0354132652282717,0.15316473915297538
9558,095580012.WAV,1.173592209815979,0.18764000346112167
9558,095580016.WAV,1.561678409576416,0.28446643639564706
9558,095580039.WAV,1.2160462141036987,0.19823216005289032
9558,095580045.WAV,1.29547381401062,0.2180491264389283
9558,095580056.WAV,1.056945562362671,0.15853698770419197
9558,095580067.WAV,1.143275499343872,0.18007606809023005
9558,095580071.WAV,1.332247257232666,0.22722399876396585
9558,095580078.WAV,1.2590279579162598,0.20895598619575476
9558,095580088.WAV,1.4192476272583008,0.24893035033937885
9558,095580097.WAV,1.4046539068222046,0.24528925747407435
9558,095580099.WAV,2.0508341789245605,0.4065094472642665
9558,095580101.WAV,0.7846274971961975,0.09059438399919612
9558,095580102.WAV,1.386683702468872,0.2408057412147697
9558,095580116.WAV,1.857695817947388,0.3583219606497353
9558,095580128.WAV,1.3299349546432495,0.22664708566647188
9558,095580133.WAV,1.367518424987793,0.23602405751707886
9558,095580157.WAV,1.414163589477539,0.24766189698154398
9558,095580166.WAV,1.0748114585876465,0.1629944793741113
9558,095580173.WAV,1.122101902961731,0.17479331438411103
9600,096000002.WAV,2.36152720451355,0.4840264974041253
9600,096000003.WAV,1.8514775037765503,0.3567705084713273
9600,096000004.WAV,1.5987657308578491,0.2937196204279434
9600,096000005.WAV,1.429407238960266,0.2514651453455099
9600,096000006.WAV,1.915951132774353,0.3728565004959209
9600,096000007.WAV,1.4493778944015503,0.25644776861564345
9600,096000008.WAV,1.8056930303573608,0.345347409047276
9600,096000009.WAV,2.468023538589477,0.5105970380611775
9600,096000010.WAV,2.113487482070923,0.42214127302610127
9600,096000011.WAV,1.711207151412964,0.32177344371040817
9600,096000012.WAV,1.6281696557998655,0.30105581833492245
9600,096000013.WAV,1.6719263792037964,0.311972999741323
9600,096000014.WAV,1.763954520225525,0.3349337662674968
9600,096000015.WAV,1.5009872913360596,0.26932417033813516
9600,096000016.WAV,1.4677932262420654,0.2610423429512507
9600,096000017.WAV,1.4819633960723877,0.2645777611124569
9600,096000018.WAV,1.4403986930847168,0.2542074827341907
9600,096000020.WAV,1.885854721069336,0.3653475290578111
9600,096000021.WAV,1.3347784280776978,0.22785551888558722
9600,096000022.WAV,1.519970178604126,0.27406034818238656
9601,096010001.WAV,1.288627028465271,0.2163408723916753
9601,096010002.WAV,1.2850375175476074,0.21544529935055343
9601,096010004.WAV,1.1804617643356323,0.1893539383044577
9601,096010005.WAV,1.5297712087631226,0.27650567808580784
9601,096010006.WAV,1.5874937772750854,0.2909072992006072
9601,096010007.WAV,1.263589859008789,0.21009416789472365
9601,096010008.WAV,2.1559152603149414,0.43272688629253875
9601,096010009.WAV,1.9477121829986568,0.38078079463823256
9601,096010010.WAV,1.7631524801254272,0.33473365948191447
9601,096010011.WAV,1.3183091878890991,0.22374648903194053
9601,096010012.WAV,1.7632339000701904,0.334753973532829
9601,096010013.WAV,1.3140748739242554,0.22269003941483548
9601,096010015.WAV,1.1162221431732178,0.17332633058725086
9601,096010016.WAV,1.238586664199829,0.20385593997831467
9601,096010018.WAV,1.5180820226669312,0.2735892585009303
9601,096010019.WAV,1.4858691692352295,0.2655522407085952
9601,096010020.WAV,1.573342204093933,0.28737652085190857
9601,096010021.WAV,1.8989595174789429,0.3686171394986324
9601,096010022.WAV,1.314793586730957,0.22286935627129736
9601,096010023.WAV,1.2122803926467896,0.1972925980201102
9604,096040001.WAV,1.43925678730011,0.2539225804007941
9604,096040002.WAV,2.0833635330200195,0.4146254310963937
9604,096040004.WAV,1.5426795482635498,0.27972627307142117
9604,096040005.WAV,1.96395480632782,0.3848332842125406
9604,096040006.WAV,1.2992327213287354,0.21898696341321203
9604,096040007.WAV,1.3566795587539673,0.23331979038487047
9604,096040008.WAV,1.6454973220825195,0.30537902312361354
9604,096040009.WAV,1.377803087234497,0.23859005228808453
9604,096040010.WAV,1.3947906494140625,0.2428284020441854
9604,096040011.WAV,1.5541325807571411,0.2825837729859304
9604,096040012.WAV,1.4447941780090332,0.2553041440596945
9604,096040014.WAV,2.1845712661743164,0.4398764804580281
9604,096040015.WAV,1.1590107679367063,0.18400197406176758
9604,096040016.WAV,1.3912074565887451,0.24193440534962055
9604,096040018.WAV,1.426218032836914,0.250669447242852
9604,096040019.WAV,1.8164427280426023,0.3480294288733584
9604,096040021.WAV,1.1627405881881714,0.18493255389341132
9604,096040023.WAV,1.4560688734054563,0.25811714936195174
9604,096040024.WAV,2.038121461868286,0.4033376595371462
9604,096040025.WAV,1.5694636106491089,0.2864088225202044
9606,096060001.WAV,1.8946292400360107,0.36753674725929286
9606,096060002.WAV,3.1533308029174805,0.681579304140104
9606,096060003.WAV,2.02124547958374,0.39912714865609045
9606,096060004.WAV,2.518629550933838,0.5232230981049765
9606,096060005.WAV,1.7652246952056885,0.33525067141024045
9606,096060006.WAV,1.6700060367584229,0.3114938796151421
9606,096060007.WAV,1.7572616338729858,0.3332639096429826
9606,096060008.WAV,1.5453908443450928,0.2804027339411126
9606,096060009.WAV,1.7819732427597046,0.33942938767866415
9606,096060010.WAV,1.6879088878631592,0.31596059142530086
9606,096060011.WAV,1.5630772113800049,0.28481543357490124
9606,096060012.WAV,1.3710620403289795,0.2369081797388712
9606,096060013.WAV,2.984574317932129,0.6394750281164088
9606,096060014.WAV,2.1311612129211426,0.4265508199667758
9606,096060015.WAV,1.4288272857666016,0.25132044862852754
9606,096060016.WAV,2.032467603683472,0.4019270375652978
9606,096060017.WAV,1.476620078086853,0.2632446180610071
9606,096060019.WAV,1.7923816442489624,0.34202625504827777
9606,096060020.WAV,1.5079811811447144,0.27106912649201853
9606,096060022.WAV,1.7079111337661743,0.3209510964282195
9607,096070002.WAV,1.9008880853652956,0.3690983118495763
9607,096070003.WAV,1.1319022178649902,0.17723846583320516
9607,096070005.WAV,1.7463397979736328,0.3305389418088174
9607,096070006.WAV,1.9664621353149412,0.385458855856588
9607,096070007.WAV,1.626783013343811,0.30070985487923096
9607,096070008.WAV,1.239220142364502,0.2040139910274503
9607,096070011.WAV,1.539547085762024,0.27894473234538886
9607,096070012.WAV,1.205126404762268,0.1955076978393189
9607,096070013.WAV,1.5439132452011108,0.28003407704347694
9607,096070014.WAV,1.2216805219650269,0.1996379042731283
9607,096070015.WAV,1.6528770923614502,0.3072202553870287
9607,096070016.WAV,2.349462509155273,0.4810163892974604
9607,096070017.WAV,1.029674410820007,0.15173291085857624
9607,096070018.WAV,1.5322566032409668,0.2771257771304876
9607,096070019.WAV,1.5787559747695925,0.2887272416545891
9607,096070020.WAV,1.610185146331787,0.2965687329890736
9607,096070021.WAV,1.4410053491592407,0.2543588417460557
9607,096070022.WAV,1.3565455675125122,0.23328635994090577
9607,096070023.WAV,1.5454797744750977,0.2804249217624628
9607,096070024.WAV,1.5834391117095947,0.28989567136202066
9608,096080003.WAV,1.6152148246765137,0.2978236238180403
9608,096080005.WAV,1.2260081768035889,0.20071764217993474
9608,096080006.WAV,1.9529577493667605,0.38208954893163005
9608,096080007.WAV,1.2744626998901367,0.2128069116074747
9608,096080008.WAV,1.7957803010940552,0.3428742105264214
9608,096080009.WAV,1.6220319271087646,0.29952447201071397
9608,096080010.WAV,1.654147744178772,0.30753727949932375
9608,096080012.WAV,1.6213457584381104,0.29935327482614027
9608,096080013.WAV,1.603760838508606,0.2949658859644281
9608,096080014.WAV,1.6281312704086304,0.30104624128602875
9608,096080015.WAV,1.327995777130127,0.22616326624300767
9608,096080017.WAV,1.0757410526275637,0.1632264105147134
9608,096080018.WAV,1.2957656383514404,0.21812193580443154
9608,096080021.WAV,1.6697667837142944,0.3114341866426892
9608,096080022.WAV,1.4646527767181396,0.26025880948523117
9608,096080023.WAV,1.4680076837539673,0.261095849507027
9608,096080024.WAV,1.7553117275238037,0.3327774134046102
9608,096080025.WAV,1.38976788520813,0.24157523627371516
9608,096080026.WAV,1.9366512298583984,0.3780211174374244
9608,096080027.WAV,1.408319354057312,0.24620377641626875
9609,096090001.WAV,1.7735081911087036,0.3373173807160901
9609,096090003.WAV,1.651287078857422,0.30682355141763273
9609,096090005.WAV,1.8877677917480469,0.36582483489833195
9609,096090006.WAV,1.640765905380249,0.30419854774909494
9609,096090007.WAV,2.163450002670288,0.43460678366018346
9609,096090008.WAV,1.916658878326416,0.37303308105269883
9609,096090010.WAV,2.01146936416626,0.396688034911734
9609,096090011.WAV,1.6805055141448977,0.31411347016908764
9609,096090014.WAV,1.6292515993118286,0.30132576024722113
9609,096090015.WAV,2.298307180404663,0.4682532763303616
9609,096090017.WAV,1.7107417583465576,0.3216573294281677
9609,096090018.WAV,2.031600952148437,0.4017108104054903
9609,096090019.WAV,1.973021149635315,0.3870953117795255
9609,096090020.WAV,1.88862943649292,0.3660398128778487
9609,096090021.WAV,2.340939521789551,0.4788899275343822
9609,096090023.WAV,1.916867017745972,0.37308501126191806
9609,096090024.WAV,1.5867284536361694,0.2907163530704885
9609,096090025.WAV,1.8596131801605225,0.3588003372162194
9609,096090026.WAV,2.791067123413086,0.5911955185538109
9609,096090027.WAV,1.1757707595825195,0.1881835455994267
9610,096100001.WAV,1.1383137702941897,0.17883813042234872
9610,096100002.WAV,1.5864684581756592,0.29065148492254633
9610,096100003.WAV,1.4509096145629885,0.25682992855737163
9610,096100004.WAV,1.8026416301727293,0.34458609314499444
9610,096100005.WAV,1.159934639930725,0.184232477567752
9610,096100006.WAV,1.8687447309494016,0.36107863386936867
9610,096100007.WAV,1.192438006401062,0.19234197755932372
9610,096100008.WAV,2.510721206665039,0.5212499880937503
9610,096100009.WAV,1.8018670082092283,0.34439282710862207
9610,096100010.WAV,1.2978339195251465,0.2186379662339578
9610,096100011.WAV,1.449013590812683,0.2563568758783159
9610,096100012.WAV,1.3082857131958008,0.2212456598327557
9610,096100013.WAV,0.7720705270767212,0.08746145470182651
9610,096100014.WAV,2.024244785308838,0.3998754671348733
9610,096100015.WAV,1.6866474151611328,0.31564585747687157
9610,096100016.WAV,1.6341273784637451,0.302542253653449
9610,096100017.WAV,2.193963050842285,0.44221970474389527
9610,096100018.WAV,1.485442876815796,0.26544588192957574
9610,096100019.WAV,1.5439916849136353,0.28005364753469475
9610,096100020.WAV,1.9173542261123655,0.3732065684011383
9611,096110001.WAV,2.3805997371673584,0.4887850415240541
9611,096110002.WAV,1.231555700302124,0.2021017339418041
9611,096110003.WAV,0.6328529715538025,0.052727059839371926
9611,096110004.WAV,1.3961338996887207,0.2431635392706927
9611,096110005.WAV,0.9433035254478456,0.13018361396230527
9611,096110006.WAV,1.831748485565185,0.35184817302140403
9611,096110008.WAV,2.3586318492889404,0.48330411428756426
9611,096110009.WAV,1.3515021800994873,0.23202804873733415
9611,096110011.WAV,1.2499287128448486,0.2066857497297179
9611,096110012.WAV,1.1881505250930786,0.19127226283722912
9611,096110013.WAV,2.07912015914917,0.41356672105781067
9611,096110014.WAV,1.559105396270752,0.2838244766958836
9611,096110015.WAV,1.766987442970276,0.33569047209965863
9611,096110016.WAV,1.307833909988403,0.22113293618273236
9611,096110017.WAV,1.2759511470794678,0.2131782750624064
9611,096110018.WAV,1.6585183143615725,0.30862772466576305
9611,096110019.WAV,1.3801318407058716,0.23917106983510442
9611,096110021.WAV,1.8905245065689087,0.36651262761780135
9611,096110022.WAV,1.2167575359344482,0.19840963288130434
9611,096110023.WAV,1.393966555595398,0.24262279291684738
9612,096120001.WAV,1.448259711265564,0.2561687850174327
9612,096120002.WAV,1.851853847503662,0.35686440518982954
9612,096120003.WAV,1.1253857612609863,0.17561262794273694
9612,096120004.WAV,2.483808279037476,0.5145352871236809
9612,096120005.WAV,1.2034891843795776,0.19509921588432674
9612,096120006.WAV,1.5319794416427612,0.2770566260786923
9612,096120007.WAV,1.5245853662490845,0.27521182472873285
9612,096120008.WAV,1.5746876001358032,0.28771219344139753
9612,096120009.WAV,0.9915087819099426,0.14221069205681128
9612,096120010.WAV,1.808301568031311,0.34599823197862434
9612,096120011.WAV,1.0732557773590088,0.16260634121242154
9612,096120012.WAV,1.610491156578064,0.29664508169873316
9612,096120013.WAV,1.3827921152114868,0.2398348009627879
9612,096120014.WAV,1.5886576175689695,0.2911976741333716
9612,096120015.WAV,1.1034212112426758,0.17013253349310745
9612,096120016.WAV,1.0469951629638672,0.15605439058877088
9612,096120017.WAV,1.0277364253997805,0.15124938885899084
9612,096120018.WAV,1.3444525003433228,0.23026917314592812
9612,096120019.WAV,1.34051513671875,0.22928681181700464
9612,096120020.WAV,2.142058849334717,0.4292697500962036
9613,096130001.WAV,1.513394474983215,0.2724197283251474
9613,096130002.WAV,2.0674777030944824,0.41066196048897763
9613,096130003.WAV,1.6414638757705688,0.3043726894300677
9613,096130004.WAV,2.547542095184326,0.5304366978891597
9613,096130005.WAV,1.532371997833252,0.2771545677619447
9613,096130006.WAV,0.9095453023910522,0.121761030724831
9613,096130007.WAV,1.3603830337524414,0.2342437971487951
9613,096130008.WAV,1.1169286966323853,0.17350261372015016
9613,096130009.WAV,1.7913841009140017,0.3417773707465904
9613,096130010.WAV,1.7526084184646606,0.332102945274906
9613,096130011.WAV,1.5578570365905762,0.28351301441012
9613,096130012.WAV,1.0335124731063845,0.152690496778405
9613,096130013.WAV,1.2805852890014648,0.2143344806484239
9613,096130014.WAV,0.9525483846664428,0.13249018075512395
9613,096130016.WAV,1.1071721315383911,0.17106837772740394
9613,096130017.WAV,1.2250486612319946,0.20047824569997755
9613,096130018.WAV,0.9986205101013184,0.14398504856110306
9613,096130019.WAV,1.2763155698776243,0.21326919754212173
9613,096130020.WAV,0.9644937515258788,0.13547051673153193
9613,096130021.WAV,1.113644003868103,0.17268309196480916
9614,096140002.WAV,1.2704205513000488,0.2117984067196144
9614,096140003.WAV,1.9378145933151243,0.3783113734006375
9614,096140004.WAV,1.426026463508606,0.2506216512255466
9614,096140005.WAV,2.1163032054901123,0.42284378822756585
9614,096140006.WAV,1.3678563833236694,0.23610837718668734
9614,096140007.WAV,1.402512788772583,0.24475505444556014
9614,096140008.WAV,1.8998857736587524,0.3688482378523742
9614,096140009.WAV,1.421810507774353,0.24956978193617338
9614,096140010.WAV,1.9087867736816408,0.371069012727385
9614,096140011.WAV,1.5290281772613523,0.27632029378222067
9614,096140012.WAV,1.5136942863464355,0.27249453043063787
9614,096140014.WAV,2.36037278175354,0.4837384721200024
9614,096140015.WAV,1.7810763120651243,0.33920560595233806
9614,096140016.WAV,1.8228498697280884,0.3496279929941508
9614,096140017.WAV,2.252118825912476,0.45672940969621045
9614,096140018.WAV,1.3093122243881226,0.22150177153469522
9614,096140019.WAV,1.4742683172225952,0.2626578602331284
9614,096140020.WAV,1.627548098564148,0.3009007415245738
9614,096140021.WAV,1.6795440912246704,0.3138735978109246
9614,096140022.WAV,1.6300586462020874,0.3015271162130939
9615,096150003.WAV,1.6769250631332395,0.31322015754944377
9615,096150005.WAV,1.6186120510101318,0.29867122238752963
9615,096150006.WAV,1.8158189058303835,0.34787378695764026
9615,096150007.WAV,1.5005121231079102,0.2692056171800895
9615,096150009.WAV,1.4289170503616333,0.25134284464659284
9615,096150010.WAV,1.7167593240737915,0.3231586954254043
9615,096150011.WAV,2.014256000518799,0.3973832929705584
9615,096150012.WAV,1.464359998703003,0.26018576218062506
9615,096150013.WAV,1.5797903537750244,0.28898531635412783
9615,096150016.WAV,1.804810643196106,0.34512725589227
9615,096150017.WAV,2.1128039360046387,0.4219707301740607
9615,096150018.WAV,2.5817711353302,0.5389767486875223
9615,096150019.WAV,2.357877016067505,0.48311578548757816
9615,096150020.WAV,2.179518699645996,0.4386158790905905
9615,096150021.WAV,1.9086089134216309,0.37102463708468447
9615,096150024.WAV,1.713401436805725,0.3223209118439119
9615,096150025.WAV,2.251720428466797,0.4566300106359523
9615,096150026.WAV,2.3969619274139404,0.4928673627133945
9615,096150027.WAV,2.11741304397583,0.4231206898586257
9615,096150028.WAV,1.803655982017517,0.34483917112337137
9616,096160001.WAV,1.2261844873428345,0.20076163117159287
9616,096160002.WAV,1.2491594552993774,0.2064938221007996
9616,096160003.WAV,1.4331344366073608,0.25239507084462054
9616,096160004.WAV,1.137063980102539,0.17852631122793064
9616,096160005.WAV,1.3759175539016724,0.23811961693916137
9616,096160006.WAV,1.5991109609603882,0.2938057543832119
9616,096160007.WAV,1.6164472103118896,0.2981311006238295
9616,096160008.WAV,1.3595207929611206,0.23402867045733897
9616,096160009.WAV,1.2142112255096436,0.19777433547642356
9616,096160010.WAV,1.7657549381256104,0.3353829655514815
9616,096160011.WAV,1.1603208780288696,0.18432884290444737
9616,096160012.WAV,1.538370966911316,0.2786512939466739
9616,096160013.WAV,1.3537174463272097,0.2325807515311029
9616,096160014.WAV,1.346108317375183,0.23068229491342782
9616,096160015.WAV,1.582601547241211,0.2896867013448534
9616,096160016.WAV,1.932767629623413,0.3770521699254298
9616,096160017.WAV,1.7073382139205933,0.3208081545121214
9616,096160018.WAV,1.8349195718765257,0.35263935028110605
9616,096160019.WAV,1.5363059043884275,0.27813606656161993
9616,096160020.WAV,1.1954467296600342,0.19309264568674814
9617,096170001.WAV,1.5618098974227903,0.28449924224946643
9617,096170002.WAV,1.9507997035980225,0.38155112248403844
9617,096170003.WAV,1.0476347208023071,0.1562139584996878
9617,096170004.WAV,1.4375381469726562,0.25349378439488734
9617,096170006.WAV,1.667920470237732,0.3109735365393749
9617,096170007.WAV,0.8741565942764282,0.11293164597727923
9617,096170008.WAV,1.370351791381836,0.236730974591948
9617,096170009.WAV,1.0364118814468384,0.15341389113615347
9617,096170010.WAV,1.0754896402359009,0.16316368381869775
9617,096170011.WAV,0.90432870388031,0.12045950383168577
9617,096170012.WAV,1.0274851322174072,0.15118669190536302
9617,096170013.WAV,1.2109383344650269,0.1969577582174816
9617,096170014.WAV,1.5146509408950806,0.27273321309328624
9617,096170015.WAV,0.7400069832801819,0.07946168925029723
9617,096170018.WAV,1.4528849124908447,0.25732275992436004
9617,096170020.WAV,1.2262179851531982,0.20076998878258404
9617,096170021.WAV,1.002782940864563,0.14502356351832316
9617,096170022.WAV,1.3160362243652344,0.2231793909224433
9617,096170023.WAV,1.1119606494903564,0.17226309970571171
9617,096170024.WAV,1.4729307889938354,0.2623241506412388
9618,096180001.WAV,1.25542950630188,0.20805818247554272
9618,096180002.WAV,1.617986798286438,0.29851522356315696
9618,096180004.WAV,2.071988105773926,0.4117872934763872
9618,096180005.WAV,1.2312809228897097,0.20203317773776622
9618,096180007.WAV,1.4952250719070437,0.2678865125357138
9618,096180008.WAV,1.0066295862197876,0.14598329089007836
9618,096180009.WAV,1.5526468753814695,0.28221309360591973
9618,096180010.WAV,1.630686640739441,0.3016837991123875
9618,096180011.WAV,1.3521132469177246,0.23218050821755035
9618,096180012.WAV,1.184357762336731,0.19032597902479068
9618,096180013.WAV,0.8311147093772888,0.10219281479973488
9618,096180014.WAV,1.4691041707992554,0.26136941999064556
9618,096180015.WAV,1.9595465660095213,0.38373344045153457
9618,096180016.WAV,1.1394895315170288,0.1791314795939001
9618,096180017.WAV,0.8681107759475708,0.11142323103411764
9618,096180018.WAV,1.7543878555297852,0.3325469098986258
9618,096180019.WAV,1.340793490409851,0.2293562602926786
9618,096180020.WAV,1.756499409675598,0.33307373681494845
9618,096180021.WAV,1.1093308925628662,0.1716069826293227
9618,096180022.WAV,1.2002099752426147,0.19428106227882772
9619,096190001.WAV,1.1490598917007446,0.18151925797679505
9619,096190002.WAV,1.9888346195220947,0.3910407287575052
9619,096190003.WAV,2.509643316268921,0.5209810574226393
9619,096190004.WAV,1.5831797122955322,0.2898309519260178
9619,096190005.WAV,1.4228453636169434,0.24982797560526374
9619,096190006.WAV,1.4544793367385864,0.2577205643621072
9619,096190007.WAV,1.532773733139038,0.2772547996090631
9619,096190008.WAV,1.564925193786621,0.28527650007164573
9619,096190009.WAV,1.5528525114059448,0.2822643992249937
9619,096190010.WAV,1.5134016275405884,0.27242151286841965
9619,096190011.WAV,2.264770030975342,0.45988585035119034
9619,096190012.WAV,1.645862698554993,0.30547018354243194
9619,096190013.WAV,1.5745468139648438,0.2876770676813243
9619,096190014.WAV,1.4262633323669434,0.2506807493502422
9619,096190015.WAV,1.9247064590454104,0.3750409301729558
9619,096190016.WAV,1.4699511528015137,0.26158073965645445
9619,096190017.WAV,1.5930211544036863,0.29228636449892664
9619,096190019.WAV,1.3371244668960571,0.22844084907884812
9619,096190020.WAV,1.7869014739990234,0.34065896773555426
9619,096190021.WAV,1.8336087465286253,0.3523123029840991
9622,096220001.WAV,1.3929705619812012,0.24237429526620227
9622,096220002.WAV,1.380461812019348,0.2392533967647256
9622,096220003.WAV,1.028645157814026,0.1514761150817158
9622,096220004.WAV,1.3184324502944946,0.223777242660997
9622,096220005.WAV,0.4215197265148163,0.0
9622,096220006.WAV,1.6296807527542114,0.30143283284354927
9622,096220007.WAV,1.8099675178527832,0.34641388184909283
9622,096220008.WAV,1.4574663639068604,0.2584658193749395
9622,096220009.WAV,1.5395289659500122,0.27894021150243276
9622,096220010.WAV,0.9582279324531556,0.13390721221155827
9622,096220011.WAV,1.4053022861480713,0.24545102632169355
9622,096220012.WAV,1.4289871454238892,0.25136033317065987
9622,096220013.WAV,1.5079981088638306,0.2710733499110959
9622,096220014.WAV,1.801701545715332,0.34435154467426
9622,096220015.WAV,1.33399760723114,0.22766070624504556
9622,096220016.WAV,1.5139583349227903,0.2725604098197676
9622,096220017.WAV,1.258407473564148,0.20880117706689685
9622,096220018.WAV,1.1664760112762451,0.1858645316172848
9622,096220019.WAV,1.0232126712799072,0.15012072472413993
9622,096220020.WAV,1.1425437927246094,0.17989350931349044
9623,096230001.WAV,1.653598427772522,0.3074002265760236
9623,096230002.WAV,1.864469170570373,0.3600118933860609
9623,096230004.WAV,2.514636516571045,0.5222268470809182
9623,096230005.WAV,1.6470606327056885,0.30576906479812693
9623,096230006.WAV,2.041637420654297,0.4042148815249529
9623,096230007.WAV,1.284703016281128,0.21536184221019314
9623,096230008.WAV,2.150717258453369,0.43142999921190106
9623,096230009.WAV,1.5660336017608645,0.2855530447940512
9623,096230010.WAV,1.790798902511597,0.34163136536454175
9623,096230011.WAV,1.7910667657852173,0.34169819651008326
9623,096230012.WAV,1.9607183933258057,0.38402580812428644
9623,096230013.WAV,1.4765808582305908,0.26323483281539817
9623,096230014.WAV,1.4606363773345947,0.25925672895315055
9623,096230015.WAV,1.6515756845474243,0.3068955577386634
9623,096230016.WAV,1.3743553161621094,0.23772984294613878
9623,096230017.WAV,1.901678681373596,0.36929556336592306
9623,096230018.WAV,1.4950824975967407,0.2678509406398225
9623,096230019.WAV,2.3891470432281494,0.4909175707342577
9623,096230020.WAV,1.0634769201278689,0.16016654339314387
9623,096230021.WAV,1.8637067079544067,0.3598216610732512
9624,096240001.WAV,1.184220314025879,0.19029168605157779
9624,096240002.WAV,1.5236577987670898,0.27498039920872464
9624,096240003.WAV,1.8659782409667969,0.3603884022740941
9624,096240004.WAV,1.8144514560699463,0.3475326120263955
9624,096240005.WAV,1.4121606349945068,0.24716216538056987
9624,096240006.WAV,1.112407922744751,0.172374693144996
9624,096240007.WAV,1.821022868156433,0.34917216115767125
9624,096240008.WAV,1.0491663217544556,0.15659608869902805
9624,096240009.WAV,1.334731101989746,0.22784371115760324
9624,096240010.WAV,1.3811875581741333,0.2394344684220718
9624,096240011.WAV,2.113109827041626,0.4220470491413325
9624,096240012.WAV,1.3693203926086426,0.2364736434521059
9624,096240013.WAV,1.4040768146514893,0.24514527457440075
9624,096240014.WAV,1.428080677986145,0.25113417205330435
9624,096240015.WAV,1.506839394569397,0.2707842539010097
9624,096240016.WAV,1.6004981994628906,0.2941518665508429
9624,096240017.WAV,1.5969656705856323,0.2932705103711223
9624,096240019.WAV,1.335991144180298,0.22815808819737812
9624,096240020.WAV,1.3858376741409302,0.24059465948806377
9624,096240021.WAV,1.1828783750534058,0.189956875991337
9625,096250001.WAV,1.5126140117645264,0.2722250049117695
9625,096250002.WAV,1.2881540060043335,0.2162228545966113
9625,096250003.WAV,2.2990143299102783,0.46842970817520024
9625,096250004.WAV,1.8479177951812744,0.3558823710271726
9625,096250005.WAV,1.8046220541000368,0.3450802034346614
9625,096250007.WAV,1.5238276720046997,0.2750227821114378
9625,096250008.WAV,1.922991752624512,0.3746131156658489
9625,096250009.WAV,1.3887065649032593,0.24131043979451786
9625,096250010.WAV,1.6400245428085327,0.30401357983893795
9625,096250011.WAV,1.606174349784851,0.29556805034922284
9625,096250012.WAV,1.6723289489746094,0.31207343978515645
9625,096250013.WAV,1.8017908334732056,0.34437382172277387
9625,096250014.WAV,2.0522677898406982,0.4068671292207785
9625,096250015.WAV,1.4847103357315063,0.2652631149561211
9625,096250016.WAV,2.12900185585022,0.4260120663529178
9625,096250017.WAV,1.4634755849838257,0.2599651034050253
9625,096250018.WAV,1.4256408214569092,0.2505254346007906
9625,096250020.WAV,1.604182243347168,0.29507102530554485
9625,096250021.WAV,1.3574552536010742,0.2335133241027337
9625,096250023.WAV,1.646493911743164,0.3056276694861979
9626,096260002.WAV,1.5602874755859375,0.2841194022139921
9626,096260003.WAV,1.2790530920028689,0.21395220173714438
9626,096260004.WAV,1.6095260381698608,0.2964042873265462
9626,096260005.WAV,1.2167863845825195,0.19841683053916861
9626,096260006.WAV,1.6771117448806765,0.31326673412884665
9626,096260007.WAV,1.3060636520385742,0.22069126172287853
9626,096260008.WAV,1.8583979606628416,0.3584971433142833
9626,096260009.WAV,2.1108145713806152,0.4214743892053038
9626,096260011.WAV,2.157140254974365,0.43303251907027995
9626,096260012.WAV,1.9392296075820925,0.3786644155446419
9626,096260013.WAV,2.6734089851379395,0.5618401386358132
9626,096260014.WAV,1.7437200546264648,0.32988532309300933
9626,096260015.WAV,2.1071455478668213,0.42055897799147324
9626,096260016.WAV,1.6545770168304443,0.3076443818380399
9626,096260017.WAV,1.6941051483154297,0.317506541261953
9626,096260018.WAV,1.7003620862960815,0.3190676299740305
9626,096260019.WAV,1.2685608863830566,0.2113344254688588
9626,096260020.WAV,1.5145500898361206,0.2727080510331491
9626,096260021.WAV,1.910665512084961,0.3715377527601995
9626,096260022.WAV,2.264648914337158,0.4598556320851155
9628,096280001.WAV,2.4439005851745605,0.504578427936793
9628,096280002.WAV,1.316449761390686,0.22328256726596066
9628,096280003.WAV,1.7245256900787354,0.32509638225267845
9628,096280004.WAV,2.3246495723724365,0.47482563023209035
9628,096280005.WAV,1.688353419303894,0.3160715007896642
9628,096280006.WAV,1.441904067993164,0.25458306960819976
9628,096280007.WAV,0.8955858945846558,0.11827819710537713
9628,096280008.WAV,1.9172354936599727,0.37317694498282084
9628,096280009.WAV,1.5756950378417969,0.28796354636127797
9628,096280010.WAV,1.758463740348816,0.333563831882253
9628,096280011.WAV,1.3791024684906006,0.23891424431585603
9628,096280012.WAV,2.2715513706207275,0.46157777582750337
9628,096280013.WAV,1.498150110244751,0.2686163015068542
9628,096280014.WAV,1.720128893852234,0.32399939376090814
9628,096280015.WAV,1.9939583539962769,0.3923190863305004
9628,096280016.WAV,1.6009643077850342,0.29426815928741046
9628,096280017.WAV,1.1498104333877563,0.18170651605081792
9628,096280018.WAV,1.3217846155166626,0.22461359860787186
9628,096280019.WAV,2.4524567127227783,0.5067131580836989
9628,096280020.WAV,1.78080415725708,0.3391377040808333
9629,096290001.WAV,1.7670942544937134,0.3357171212791892
9629,096290002.WAV,1.649667263031006,0.3064194118512694
9629,096290004.WAV,1.529386281967163,0.27640963991537904
9629,096290005.WAV,0.9427015781402588,0.13003342977476098
9629,096290006.WAV,0.7395921349525452,0.07935818574051329
9629,096290007.WAV,1.5203272104263306,0.27414942663405406
9629,096290008.WAV,1.9676584005355835,0.38575732071885305
9629,096290009.WAV,2.2108583450317383,0.4464350338917856
9629,096290010.WAV,1.5773626565933228,0.28837961262517675
9629,096290011.WAV,1.7610080242156982,0.33419862366653996
9629,096290012.WAV,1.202863335609436,0.19494306834801475
9629,096290014.WAV,1.4683164358139038,0.2611728822916075
9629,096290015.WAV,1.1140815019607544,0.1727922465282882
9629,096290016.WAV,1.6595160961151123,0.30887666845222617
9629,096290017.WAV,2.1982595920562744,0.44329167988746787
9629,096290018.WAV,1.39762544631958,0.243535676027709
9629,096290020.WAV,1.1490083932876587,0.18150640926523567
9629,096290021.WAV,1.6060322523117063,0.29553259742288296
9629,096290022.WAV,1.6249860525131226,0.3002615181244944
9629,096290023.WAV,1.0936903953552246,0.1677047218561409
9630,096300001.WAV,1.1428554058074951,0.17997125591537985
9630,096300002.WAV,1.3422847986221311,0.22972833756491914
9630,096300003.WAV,1.0438159704208374,0.1552611908466939
9630,096300004.WAV,1.400935173034668,0.2443614436845025
9630,096300005.WAV,1.5654720067977903,0.2854129284048005
9630,096300006.WAV,1.1785314083099363,0.18887231981769578
9630,096300007.WAV,1.1826114654541016,0.18989028278489847
9630,096300008.WAV,1.4408389329910278,0.25431732137259067
9630,096300009.WAV,1.4477263689041138,0.25603571757410704
9630,096300010.WAV,0.9334254264831544,0.12771905560512664
9630,096300011.WAV,1.4750241041183472,0.2628464269722176
9630,096300012.WAV,1.5044355392456057,0.27018449864963245
9630,096300013.WAV,1.2894985675811768,0.21655831898938518
9630,096300014.WAV,1.0022939443588257,0.14490156024328468
9630,096300015.WAV,1.243067741394043,0.20497395633830848
9630,096300016.WAV,0.9716227650642396,0.13724918588206478
9630,096300017.WAV,1.4054404497146606,0.24548549774923364
9630,096300018.WAV,1.1805251836776731,0.18936976125480395
9630,096300019.WAV,1.514897346496582,0.2727946906090113
9630,096300020.WAV,1.4124387502670288,0.24723155437146813
9631,096310001.WAV,1.2684789896011353,0.21131399244839286
9631,096310002.WAV,1.643396496772766,0.30485487302219905
9631,096310003.WAV,1.3746719360351562,0.23780883872831868
9631,096310004.WAV,1.537215232849121,0.2783629414962844
9631,096310005.WAV,1.6151957511901855,0.2978188650359813
9631,096310006.WAV,1.141399383544922,0.1796079823899486
9631,096310007.WAV,1.2773302793502808,0.21352236474766226
9631,096310008.WAV,1.668222188949585,0.3110488145230712
9631,096310009.WAV,2.060986042022705,0.40904230901518623
9631,096310010.WAV,2.1282780170440674,0.42583147057377746
9631,096310011.WAV,1.6502981185913086,0.30657680856787184
9631,096310012.WAV,1.6756372451782229,0.3128988505332956
9631,096310013.WAV,1.6172484159469604,0.2983309992126967
9631,096310014.WAV,1.4257251024246216,0.2505464624690139
9631,096310015.WAV,1.613573431968689,0.29741410087947273
9631,096310016.WAV,1.7729763984680176,0.33718469992380673
9631,096310017.WAV,1.6205401420593262,0.299152275768922
9631,096310018.WAV,1.6726773977279663,0.3121603767848974
9631,096310019.WAV,1.3022048473358154,0.2197285006275607
9631,096310020.WAV,1.573604702949524,0.287442013589996
9633,096330003.WAV,2.019423484802246,0.39867256599990164
9633,096330005.WAV,2.455188751220703,0.5073947941288794
9633,096330006.WAV,1.951131820678711,0.38163398477664134
9633,096330007.WAV,1.8372167348861692,0.3532124860953407
9633,096330008.WAV,1.457769751548767,0.2585415137520659
9633,096330009.WAV,2.287055253982544,0.46544595182418735
9633,096330010.WAV,1.4976149797439575,0.2684827879277105
9633,096330011.WAV,1.468448042869568,0.261205717887815
9633,096330012.WAV,1.3472900390625,0.23097713120437272
9633,096330013.WAV,1.141144037246704,0.17954427419513327
9633,096330014.WAV,2.455893278121948,0.5075705716411848
9633,096330015.WAV,1.302739143371582,0.2198618060099893
9633,096330016.WAV,1.178838133811951,0.18894884698168266
9633,096330017.WAV,1.2092679738998413,0.19654100787866188
9633,096330018.WAV,1.4639772176742554,0.26009025937317787
9633,096330019.WAV,1.260536789894104,0.20933243559901202
9633,096330020.WAV,1.5888330936431885,0.29124145492831477
9633,096330021.WAV,1.2399849891662598,0.20420481818801747
9633,096330022.WAV,1.2438994646072388,0.2051814689784701
9633,096330023.WAV,1.5470798015594482,0.28082412409243984
9634,096340004.WAV,1.981184959411621,0.3891321597279547
9634,096340005.WAV,1.631368637084961,0.30185395531338577
9634,096340006.WAV,1.964768886566162,0.38503639497929754
9634,096340007.WAV,1.2462539672851562,0.20576891088126972
9634,096340008.WAV,1.368334174156189,0.23622758467726604
9634,096340009.WAV,0.9390460848808287,0.12912139432195358
9634,096340010.WAV,2.208484172821045,0.44584268449498765
9634,096340011.WAV,1.779178023338318,0.33873198816791306
9634,096340012.WAV,1.7693525552749634,0.3362805610749785
9634,096340013.WAV,1.852773070335388,0.35709374874268696
9634,096340014.WAV,2.074471235275269,0.41240682741569756
9634,096340015.WAV,1.6328781843185425,0.3022305831709703
9634,096340016.WAV,1.608836054801941,0.29623213838556073
9634,096340017.WAV,1.2987940311431885,0.2188775114258543
9634,096340018.WAV,1.615469455718994,0.29788715355852835
9634,096340019.WAV,1.669884204864502,0.31146348289474
9634,096340020.WAV,1.9218120574951167,0.37431878499549764
9634,096340021.WAV,2.21697998046875,0.44796236499363185
9634,096340022.WAV,1.2737773656845093,0.21263592261961614
9634,096340023.WAV,0.987090229988098,0.14110827557925473
9635,096350006.WAV,1.6266595125198364,0.3006790417653987
9635,096350007.WAV,1.0657548904418943,0.16073489068293148
9635,096350008.WAV,1.1279668807983398,0.17625661012487545
9635,096350009.WAV,1.772139310836792,0.3369758488761909
9635,096350010.WAV,1.7229301929473877,0.3246983101334405
9635,096350011.WAV,1.922938585281372,0.3745998505608593
9635,096350012.WAV,1.894519567489624,0.3675093842624534
9635,096350013.WAV,1.3207390308380127,0.22435272812387327
9635,096350014.WAV,1.9214046001434328,0.37421712551376174
9635,096350015.WAV,1.1899505853652954,0.19172137289405025
9635,096350016.WAV,1.2595815658569336,0.20909410984501817
9635,096350018.WAV,1.718661189079285,0.3236332054814657
9635,096350019.WAV,1.4900991916656494,0.2666076195997369
9635,096350020.WAV,1.6274302005767822,0.3008713263029714
9635,096350021.WAV,1.4869176149368286,0.2658138250099026
9635,096350023.WAV,0.8142878413200378,0.09799455778248134
9635,096350024.WAV,1.3089768886566162,0.2214181061976199
9635,096350025.WAV,1.4311798810958862,0.2519074146531213
9635,096350026.WAV,1.7857975959777832,0.3403835532238878
9635,096350027.WAV,1.4110426902770996,0.24688324126713487
9639,096390001.WAV,1.7038718461990356,0.31994330535766813
9639,096390002.WAV,1.1750999689102173,0.18801618518288812
9639,096390003.WAV,0.8938809037208557,0.1178528066028815
9639,096390004.WAV,1.1801058053970337,0.189265127534281
9639,096390005.WAV,1.0380357503890991,0.1538190419437043
9639,096390006.WAV,1.81137216091156,0.34676433640535265
9639,096390007.WAV,1.388588309288025,0.24128093534575187
9639,096390008.WAV,0.8633385896682739,0.11023258376294787
9639,096390009.WAV,1.1627289056777954,0.18492963913940016
9639,096390010.WAV,0.87452232837677,0.11302289562326115
9639,096390011.WAV,1.398518204689026,0.2437584167704596
9639,096390012.WAV,0.8565883636474609,0.10854842104986867
9639,096390013.WAV,1.433125615119934,0.2523928699079182
9639,096390014.WAV,0.9325171709060668,0.12749244835195309
9639,096390015.WAV,1.2861719131469729,0.21572832791351435
9639,096390016.WAV,0.8411567807197571,0.10469828381142723
9639,096390017.WAV,1.370309591293335,0.2367204457866424
9639,096390018.WAV,1.698864459991455,0.3186939763552329
9639,096390019.WAV,1.2869162559509275,0.21591403938336798
9639,096390020.WAV,1.2258965969085691,0.2006898033048893
9640,096400001.WAV,1.1567504405975342,0.18343802864538453
9640,096400002.WAV,1.6102851629257202,0.29659368685249565
9640,096400004.WAV,1.9608668088912964,0.3840628373971833
9640,096400006.WAV,1.9452979564666748,0.3801784517991107
9640,096400007.WAV,1.4453067779541016,0.255432036327531
9640,096400008.WAV,1.3627973794937134,0.2348461697303049
9640,096400010.WAV,1.597780466079712,0.29347379959220654
9640,096400012.WAV,0.894092857837677,0.1179056885685125
9640,096400013.WAV,1.8208860158920288,0.3491380168963978
9640,096400014.WAV,0.9939889907836914,0.14282949730761868
9640,096400016.WAV,0.9808706045150756,0.13955649623458022
9640,096400018.WAV,1.1428086757659912,0.17995959689933524
9640,096400019.WAV,1.369060516357422,0.23640880504655162
9640,096400020.WAV,2.169105768203736,0.436017881510238
9640,096400021.WAV,1.8379923105239868,0.3534059900708161
9640,096400022.WAV,2.050245761871338,0.4063626388377455
9640,096400024.WAV,1.7914050817489624,0.34178260540685534
9640,096400025.WAV,1.0462712049484253,0.15587376506724274
9640,096400026.WAV,1.2165086269378662,0.19834753077543396
9640,096400028.WAV,1.2011256217956543,0.1945095135600491
9643,096430002.WAV,2.2886440753936768,0.46584235836970467
9643,096430003.WAV,1.2239311933517456,0.20019944055609404
9643,096430004.WAV,1.8466342687606807,0.3555621347369875
9643,096430005.WAV,1.2031315565109253,0.19500998872071992
9643,096430006.WAV,1.257057785987854,0.20846443375144466
9643,096430007.WAV,1.8134374618530276,0.34727962327518225
9643,096430008.WAV,1.213894605636597,0.19769533969424372
9643,096430009.WAV,0.6987849473953247,0.06917690536596027
9643,096430010.WAV,0.871052622795105,0.11215721368194753
9643,096430011.WAV,0.7299582362174988,0.07695455466488424
9643,096430012.WAV,0.8007980585098267,0.09462889430003718
9643,096430013.WAV,0.7951585650444031,0.09322185628592691
9643,096430014.WAV,0.6547830700874329,0.05819855873890728
9643,096430015.WAV,1.2235044240951538,0.20009296280752317
9643,096430016.WAV,1.3080600500106812,0.2211893574925198
9643,096430017.WAV,0.9258700609207152,0.1258340128043805
9643,096430018.WAV,0.9782614707946776,0.13890552459129255
9643,096430019.WAV,0.7371691465377808,0.07875365683588298
9643,096430020.WAV,0.911169171333313,0.12216618153238182
9643,096430021.WAV,1.49097740650177,0.26682673177116745
9645,096450001.WAV,1.313969969749451,0.22266386611351088
9645,096450002.WAV,1.2248793840408323,0.20043601150920357
9645,096450003.WAV,0.9765307307243348,0.13847370973301726
9645,096450004.WAV,1.428654432296753,0.25127732216611764
9645,096450005.WAV,1.5013307332992554,0.26940985815758567
9645,096450006.WAV,2.2823596000671387,0.4642743991660294
9645,096450007.WAV,1.5788123607635498,0.288741309804051
9645,096450008.WAV,1.6808249950408936,0.3141931797685764
9645,096450010.WAV,1.7763999700546265,0.338038871561015
9645,096450011.WAV,0.7956334352493286,0.09334033508800285
9645,096450012.WAV,1.683125615119934,0.31476717811205923
9645,096450013.WAV,1.7087407112121582,0.3211580737053995
9645,096450014.WAV,1.3176389932632446,0.2235792773273413
9645,096450015.WAV,0.9346123933792114,0.12801520056113774
9645,096450016.WAV,1.7608871459960938,0.3341684648852409
9645,096450017.WAV,1.358235478401184,0.23370798803133594
9645,096450018.WAV,1.3975510597229004,0.24351711677767876
9645,096450019.WAV,1.0479276180267334,0.1562870355466818
9645,096450020.WAV,1.1206004619598389,0.17441870900890163
9645,096450021.WAV,0.7554473876953125,0.083314027425441
9646,096460002.WAV,1.1859261989593506,0.19071729962198244
9646,096460003.WAV,1.2843133211135864,0.21526461434424957
9646,096460004.WAV,1.4974132776260376,0.26843246380743624
9646,096460005.WAV,1.6742931604385376,0.31256350511007314
9646,096460006.WAV,1.2215911149978638,0.19961559748222654
9646,096460007.WAV,0.9557424187660216,0.13328708342449064
9646,096460008.WAV,1.803203582763672,0.3447262987614088
9646,096460009.WAV,1.157293438911438,0.1835735052221276
9646,096460010.WAV,1.1425083875656128,0.17988467582429338
9646,096460011.WAV,1.7767287492752075,0.33812090106675763
9646,096460012.WAV,1.0046589374542236,0.14549161947621678
9646,096460013.WAV,1.4528297185897827,0.25730898919877676
9646,096460014.WAV,1.5814908742904663,0.28940959151707835
9646,096460015.WAV,1.161587119102478,0.18464476654839138
9646,096460016.WAV,0.9676838517189026,0.13626643790209897
9646,096460017.WAV,1.7247912883758545,0.32516264829285046
9646,096460018.WAV,1.393423318862915,0.24248725685532854
9646,096460019.WAV,1.4597561359405518,0.25903711116112627
9646,096460020.WAV,1.463411569595337,0.2599491317427397
9646,096460021.WAV,0.917116403579712,0.1236499995207758
9647,096470002.WAV,1.5049198865890503,0.2703053419715439
9647,096470003.WAV,1.6625276803970337,0.3096280503969594
9647,096470004.WAV,1.5362030267715454,0.2781103988808892
9647,096470005.WAV,1.4072381258010864,0.2459340129582974
9647,096470007.WAV,1.831473708152771,0.35177961681736625
9647,096470008.WAV,1.7133948802947998,0.32231927601257904
9647,096470010.WAV,1.3320343494415283,0.2271708788592319
9647,096470011.WAV,1.5561649799346924,0.28309085095670816
9647,096470012.WAV,1.4291716814041138,0.2514063743870809
9647,096470013.WAV,1.134358286857605,0.17785124825046908
9647,096470014.WAV,1.6032367944717407,0.2948351384273562
9647,096470015.WAV,1.6064213514328003,0.2956296765768873
9647,096470016.WAV,1.0961953401565552,0.16832969865243116
9647,096470017.WAV,1.2824221849441528,0.21479278110309655
9647,096470018.WAV,1.3806638717651367,0.23930381011216353
9647,096470019.WAV,1.011781096458435,0.1472685784394471
9647,096470020.WAV,1.7644487619400024,0.33505707820760144
9647,096470021.WAV,1.3939357995986938,0.24261511938077715
9647,096470022.WAV,1.658972144126892,0.3087409539363801
9647,096470023.WAV,1.6560298204421997,0.3080068523189987
9649,096490001.WAV,2.238898992538452,0.45343109785109537
9649,096490002.WAV,1.7813163995742798,0.33926550712150616
9649,096490003.WAV,2.058401346206665,0.40839743456141164
9649,096490004.WAV,1.5402274131774902,0.2791144721529569
9649,096490005.WAV,1.4886852502822876,0.2662548451372233
9649,096490006.WAV,1.3145169019699097,0.22280032418905352
9649,096490007.WAV,1.935302495956421,0.3776846120610752
9649,096490008.WAV,1.8357458114624023,0.3528454947714258
9649,096490009.WAV,1.682923436164856,0.3147167350222335
9649,096490010.WAV,1.187895894050598,0.191208733096741
9649,096490011.WAV,2.092813730239868,0.4169832291523168
9649,096490012.WAV,2.00794529914856,0.39580879044155215
9649,096490013.WAV,1.9807709455490112,0.3890288644148858
9649,096490014.WAV,2.1887524127960205,0.44091966497014357
9649,096490015.WAV,3.045689821243286,0.654723177074734
9649,096490016.WAV,1.2324618101119995,0.20232780583199597
9649,096490017.WAV,1.1058353185653689,0.1707348465898416
9649,096490018.WAV,1.9446604251861568,0.38001938950878744
9649,096490019.WAV,1.0948026180267334,0.16798221833495822
9649,096490020.WAV,1.986852049827576,0.3905460831048567
