Speaker,Audio filename,Raw Mean of Per Token Losses,Normalized Per Token Losses
3049,30490062,2.617038488388061,0.6064281330087088
3049,30490055,2.1272687911987305,0.3591018663820785
3049,30490071,2.580634117126465,0.588044477824056
3049,30490138,2.4291341304779053,0.5115392830216757
3049,30490142,2.3699965476989746,0.48167570091365064
3049,30490166,2.406996726989746,0.5003602301138409
3049,30490127,3.014166593551636,0.8069718011577934
3049,30490010,3.042009353637696,0.8210319725897638
3049,30490170,2.624814033508301,0.610354665329128
3049,30490013,2.189356803894043,0.39045537083595316
3049,30490140,3.150811195373535,0.8759752519985428
3049,30490029,3.0381176471710205,0.819066719866426
3049,30490063,2.510375022888184,0.552564701157095
3049,30490130,2.776090145111084,0.6867468066298715
3049,30490126,3.2030045986175537,0.9023321287938241
3049,30490078,2.572500228881836,0.5839369876623596
3049,30490168,2.715247392654419,0.6560221397042695
3049,30490076,2.8168344497680664,0.7073220623366655
3049,30490040,2.7221944332122803,0.6595302897901975
8002,80020002,2.350179672241211,0.4716684794556866
8002,80020005,2.785675048828125,0.6915870375913128
8002,80020014,2.568838119506836,0.5820876779870264
8002,80020008,2.364998579025269,0.4791518025592233
1435,14350153,2.718242883682251,0.6575348172277645
1435,14350110,2.373415231704712,0.48340208447059074
1435,14350158,2.7201318740844727,0.658488728722404
1435,14350028,2.676408290863037,0.636408982540157
1435,14350133,3.131996393203736,0.866474062348224
1435,14350103,2.9368579387664795,0.7679321033658161
1435,14350020,2.2922160625457764,0.4423977359441028
1435,14350022,2.540698766708374,0.5678777317349969
1435,14350157,2.5587832927703857,0.5770101430301374
1435,14350012,2.5676369667053223,0.5814811140453385
1435,14350165,2.5410819053649902,0.568071210943868
1435,14350016,2.4915127754211426,0.5430395523514767
1435,14350094,2.4867215156555176,0.5406200388595829
1435,14350004,2.6647284030914307,0.6305108164148389
1435,14350163,2.7750816345214844,0.6862375240825632
9034,90340155,2.291809797286988,0.44219257815199586
9034,90340043,2.6060831546783447,0.6008958556922018
9034,90340126,1.9021072387695312,0.24539869840383866
9034,90340131,2.7230236530303955,0.6599490332179844
9034,90340071,2.9626588821411133,0.7809611883355757
9034,90340088,2.222051858901977,0.40696587758773906
9034,90340054,2.847893238067627,0.7230062792250528
9034,90340114,2.248031616210937,0.4200852608814897
9034,90340039,2.744197368621826,0.6706414383583911
9034,90340158,1.9603371620178225,0.2748039262192864
9034,90340002,2.154477596282959,0.37284190015605956
9034,90340108,2.361976385116577,0.4776256404860121
9034,90340007,2.454418897628784,0.5243077068295151
9034,90340090,2.3309590816497803,0.4619623728087908
9034,90340041,2.48030686378479,0.5373807369836171
9034,90340032,2.159219264984131,0.37523637091276674
9034,90340085,2.5015804767608643,0.5481235887876933
9034,90340021,2.662604808807373,0.6294384335191233
9034,90340164,2.7287850379943848,0.6628584452169702
2168,21680379,2.271695137023926,0.4320349798851454
2168,21680016,2.1819567680358887,0.3867184649959149
2168,21680249,2.448195457458496,0.521164963961337
2168,21680251,2.5267326831817627,0.5608250714380142
2168,21680266,2.581080436706543,0.5882698624407373
2168,21680122,1.8554743528366089,0.2218497984902602
2168,21680052,2.0355684757232666,0.3127945982820203
2168,21680246,2.5013320446014404,0.5479981343162287
2168,21680369,2.3787283897399902,0.48608514867077257
2168,21680332,2.71592378616333,0.6563637081644856
2168,21680190,1.9344767332077024,0.26174480200707884
2168,21680169,2.6201624870300293,0.608005704927712
2168,21680297,2.8393349647521973,0.7186844810410845
2168,21680007,2.213330030441284,0.4025614865367607
2168,21680237,2.181261777877808,0.3863675055100041
2168,21680380,1.745773196220398,0.1664523787106893
2168,21680318,2.4652109146118164,0.5297575116767773
2168,21680154,2.592693328857422,0.5941341967940003
2168,21680048,2.220773458480835,0.4063203047700873
2168,21680288,2.521724224090576,0.5582958755819126
1408,14080333,2.192688465118408,0.3921378092085509
1408,14080361,2.289936065673828,0.4412463721143366
1408,14080134,2.76538348197937,0.6813401041825945
1408,14080201,2.536036252975464,0.5655232330363763
1408,14080336,2.5243170261383057,0.5596052012797802
1408,14080149,2.623521566390991,0.6097019890433218
1408,14080008,2.8216590881347656,0.7097584315157045
1408,14080270,2.345256805419922,0.4691825063973353
1408,14080301,2.637734651565552,0.6168793814251775
1408,14080362,2.213339328765869,0.40256618204960837
1408,14080091,2.071812152862549,0.33109710537284676
1408,14080117,2.5281026363372803,0.5615168769975495
1408,14080337,2.726627349853516,0.6617688454408138
1408,14080243,2.416863203048706,0.5053426508361264
1408,14080339,2.077420949935913,0.33392946280202696
5017,50170102,2.0692899227142334,0.32982341741351406
5017,50170002,2.498457670211792,0.5465466188575169
5017,50170129,2.5195000171661377,0.5571726848292314
5017,50170101,2.3753151893615723,0.4843615342624349
5017,50170092,2.276063919067383,0.43424114853689033
5017,50170099,2.5144975185394287,0.5546464989172629
5017,50170051,1.9696754217147827,0.27951960569250267
5017,50170131,2.2552168369293213,0.4237136883349736
5017,50170001,2.220810413360596,0.40633896642371237
5017,50170113,2.4009954929351807,0.49732969796294213
5017,50170145,2.098536491394043,0.3445924908876953
5017,50170165,1.99176561832428,0.2906748198428041
5017,50170151,2.056421995162964,0.3233253092236007
5017,50170005,2.8247063159942627,0.7112972353542742
5017,50170136,2.8062403202056885,0.7019721876346198
5017,50170123,2.1010682582855225,0.3458709947576405
5017,50170100,2.20740270614624,0.3995682776931112
5017,50170154,2.165287971496582,0.37830097563125153
5017,50170117,2.345287322998047,0.46919791731129645
1,10149,2.92458438873291,0.7617341468048481
1,10063,1.8051252365112305,0.1964242586086209
1,10135,2.6562066078186035,0.6262074390889646
1,10075,2.59351658821106,0.5945499302776543
1,10145,2.369081497192383,0.4812136142903479
1,10011,2.508395195007324,0.5515649181138679
1,10121,2.410968065261841,0.5023656956907955
1,10115,1.9845871925354004,0.2870498237256319
1,10069,2.3486886024475098,0.47091551183136804
1,10053,2.395336866378784,0.49447217740080973
1,10122,2.347354888916016,0.47024200673216165
1,10106,2.4370222091674805,0.5155226430873262
1,10089,2.2231602668762207,0.4075256067987173
1,10168,2.392433881759644,0.4930062142102597
1,10035,2.597008228302002,0.5963131555507825
1,10133,2.712757110595703,0.6547645850454901
1,10140,2.8420326709747314,0.7200467817556934
1,10095,2.696504831314087,0.6465574305768426
1,10173,2.74682354927063,0.6719676197434036
2450,24500363,2.3327198028564453,0.4628515103056875
2450,24500095,2.545989513397217,0.5705494785452386
2450,24500327,2.609962224960327,0.6028547273339769
2450,24500268,2.004308223724365,0.2970086452819364
2450,24500147,1.9666237831115725,0.27797857449527463
2450,24500021,1.9787850379943848,0.2841198237087762
2450,24500284,2.0249369144439697,0.3074258211308193
2450,24500151,2.14228630065918,0.3666854808241279
2450,24500250,2.231964588165283,0.41197165547649706
2450,24500139,2.1619322299957275,0.3766063770843563
2450,24500156,2.02733850479126,0.30863858782089937
2450,24500350,2.5166561603546143,0.5557365802844808
2450,24500317,1.974623441696167,0.2820182807150954
2450,24500333,2.156203508377075,0.3737134595792194
2450,24500033,2.327498435974121,0.4602147992451543
2450,24500141,2.545210838317871,0.5701562594436999
2450,24500164,2.0999104976654053,0.3452863432092411
2450,24500228,2.0198898315429688,0.3048771208367357
2450,24500126,1.9681833982467647,0.27876615647712266
2450,24500006,2.52388858795166,0.559388846495498
2022,20220021,2.355524778366089,0.4743676769564217
2022,20220259,2.315139055252075,0.4539734994886707
2022,20220023,2.5720231533050537,0.5836960717339518
2022,20220366,2.372471332550049,0.48292542971768426
2022,20220200,2.270179748535156,0.4312697316887638
2022,20220120,2.3158116340637207,0.45431314158464187
2022,20220122,2.6001038551330566,0.5978764001357125
2022,20220176,2.55869460105896,0.5769653550614379
2022,20220141,2.824831247329712,0.7113603237833025
2022,20220072,1.9601560831069944,0.2747124841165247
2022,20220295,2.511085033416748,0.5529232457022212
2022,20220033,2.017144203186035,0.30349062017129713
2022,20220221,2.444679975509644,0.5193896989116767
2022,20220056,2.4841737747192383,0.539333468339361
2022,20220048,2.081414222717285,0.335946004973391
2022,20220264,2.1872215270996094,0.38937708844973684
2022,20220091,2.5363121032714844,0.565662533250853
2022,20220139,2.5930323600769043,0.5943054024162869
2022,20220232,2.6108486652374268,0.603302366225441
2022,20220060,2.2497925758361816,0.4209745187761519
2448,24480094,2.3839712142944336,0.48873269553018484
2448,24480228,2.488339900970459,0.5414372988905828
2448,24480232,1.9797955751419067,0.2846301296370899
2448,24480186,2.100457668304444,0.3455626560806534
2448,24480159,2.211268186569214,0.40152028666226347
2448,24480016,2.0094645023345947,0.29961248775253735
2448,24480244,2.154353618621826,0.37277929331809256
2448,24480292,2.298771381378174,0.44570807250160793
2448,24480255,2.25147032737732,0.4218217578507172
2448,24480335,2.557176113128662,0.5761985416941074
2448,24480188,2.4705617427825928,0.5324595987238802
2448,24480127,2.2574474811553955,0.42484012982731845
2448,24480105,2.552191972732544,0.5736816264100687
2448,24480095,2.130568027496338,0.3607679306585928
2448,24480241,2.062785625457764,0.32653884597778793
2448,24480251,2.131063222885132,0.36101799681716484
2448,24480028,2.133824110031128,0.36241220293958365
2448,24480270,2.211256265640259,0.4015142667739974
2448,24480297,2.182896614074707,0.38719307298681105
1502,15020161,2.5219242572784424,0.5583968893070171
1502,15020070,2.61408805847168,0.6049382106628599
1502,15020162,2.505593776702881,0.5501502443713443
1502,15020097,2.465245485305786,0.529774969352749
1502,15020088,2.5882787704467773,0.5919049117713137
1502,15020010,2.6449406147003174,0.6205182834842441
1502,15020017,2.95389175415039,0.7765339217091859
1502,15020099,2.843416213989258,0.720745449987852
1502,15020007,2.358260154724121,0.4757490005179513
1502,15020029,2.3698792457580566,0.48161646521311263
1502,15020101,2.712190628051758,0.654478519955087
1502,15020113,2.286410331726074,0.43946592996076717
1502,15020001,2.784827947616577,0.6911592643311267
1502,15020065,2.5054707527160645,0.5500881191244386
1502,15020061,2.9416592121124268,0.7703566735638535
457,4570010,2.5791280269622803,0.5872839251405223
457,4570129,2.793982744216919,0.6957822977239286
457,4570304,2.547060012817383,0.5710900645115308
457,4570300,2.339083909988404,0.4660652878554058
457,4570289,2.5742006301879883,0.58479566452463
1029,10290066,2.013286590576172,0.30154258432840086
1029,10290229,2.512373208999634,0.5535737548282514
1029,10290260,2.20644474029541,0.39908451947205104
1029,10290320,1.8982300758361816,0.24344078994418605
1029,10290294,2.072361707687378,0.33137462222191194
1029,10290341,2.276219129562378,0.43431952748211444
1029,10290287,2.033110857009888,0.3115535381170901
1029,10290361,2.2799770832061768,0.43621723705910653
1029,10290362,2.1975600719451904,0.3945978967473581
1029,10290236,2.409375190734864,0.5015613182206854
1029,10290094,2.8765289783477783,0.7374668936244809
1029,10290179,2.129953145980835,0.3604574248218294
1029,10290330,2.0259811878204346,0.3079531633429259
1029,10290096,2.055327892303467,0.3227728038785419
1029,10290003,2.801087617874145,0.6993701511304987
1029,10290152,1.9473881721496584,0.2682648827891637
1029,10290123,2.224695205688477,0.4083007276118552
1029,10290189,2.47690749168396,0.535664105645668
1029,10290252,2.5799660682678223,0.5877071232856262
1029,10290276,2.5206902027130127,0.5577737104737147
3636,36360071,2.3701300621032715,0.4817431236622304
3636,36360061,2.046742677688598,0.31843740074709215
3636,36360111,2.324615478515625,0.4587589494668908
3636,36360114,2.219191551208496,0.4055214655971814
3636,36360062,2.0982983112335205,0.34447221352013935
3636,36360174,2.456324815750122,0.5252701665654925
3636,36360142,2.490581512451172,0.5425692786801323
3636,36360151,2.2478621006011963,0.41999965807034656
3636,36360029,2.0277352333068848,0.30883892970239357
3636,36360034,2.4653067588806152,0.5298059115784365
3636,36360044,2.564828395843506,0.5800628283698553
3636,36360167,2.5397698879241943,0.5674086620413056
3636,36360160,2.493976354598999,0.5442836224605404
3636,36360154,2.955851554870605,0.7775235913401258
3636,36360016,2.7336909770965576,0.6653358700339836
3636,36360032,2.658627510070801,0.6274299579980357
3636,36360055,2.2428090572357178,0.4174479478321299
3636,36360027,2.318215131759644,0.4555268714568447
3636,36360106,2.022806406021118,0.30634994669990945
3636,36360033,2.5763943195343018,0.5859034443633501
1336,13360268,2.289095878601074,0.44082209038934483
1336,13360082,2.1569631099700928,0.3740970468595327
1336,13360226,2.727144241333008,0.66202986779603
1336,13360140,2.4635162353515625,0.5289017243608746
1336,13360130,2.3954105377197266,0.4945093803102941
1336,13360257,2.7999815940856934,0.6988116258971743
1336,13360234,2.392263650894165,0.49292025020582
1336,13360145,2.3886613845825195,0.4911011603695826
1336,13360363,2.513203859329224,0.5539932206426307
1336,13360002,2.571993350982666,0.5836810220132868
1336,13360146,2.222461700439453,0.40717284134632636
1336,13360161,2.6603214740753174,0.6282853841206425
1336,13360263,2.902858018875122,0.7507626596444271
1336,13360001,2.293977737426758,0.44328735503206074
1336,13360235,2.471075773239136,0.5327191763059128
1336,13360016,2.522420644760132,0.5586475574544157
1336,13360123,2.207852840423584,0.39979558867403775
1336,13360360,2.35841703414917,0.47582822224753263
4005,40050264,2.631567478179932,0.6137650524296151
4005,40050205,2.475811719894409,0.535110757516252
4005,40050041,2.11429762840271,0.35255162595978085
4005,40050255,2.342193603515625,0.4676356359084891
4005,40050142,2.197807550430298,0.3947228696277615
4005,40050094,2.3949294090271,0.4942664176198762
4005,40050183,2.175981283187866,0.3837009358036708
4005,40050281,2.6009514331817627,0.5983044141914292
4005,40050358,2.124758005142212,0.3578339575154813
4005,40050306,2.400969982147217,0.49731681540205275
4005,40050071,2.047717571258545,0.31892970720949043
4005,40050125,2.3456952571868896,0.46940391788776104
4005,40050110,2.721715450286865,0.6592884106796669
4005,40050060,2.5872936248779297,0.5914074282050067
4005,40050107,2.4744982719421387,0.5344474862270977
4005,40050271,2.2947683334350586,0.44368659402186583
4005,40050295,2.2837347984313965,0.4381148262383333
4005,40050180,2.2013981342315674,0.39653605997349806
4005,40050015,2.302842140197754,0.4477637439467014
4005,40050203,2.240011215209961,0.41603508005608625
104,1040071,2.507927179336548,0.5513285773005426
104,1040115,2.43625283241272,0.5151341194986351
104,1040038,2.452014684677124,0.5230936157640166
104,1040022,2.58555006980896,0.590526959347213
104,1040120,2.8930823802948,0.745826110470729
104,1040069,2.357796669006348,0.47551494726216725
104,1040122,2.256232023239136,0.4242263420197113
104,1040134,2.844578504562378,0.7213323890937927
104,1040104,2.539592027664185,0.5673188453083763
104,1040136,2.1512768268585205,0.3712255601566231
104,1040062,2.7792203426361084,0.6883275088907731
104,1040173,2.1465165615081787,0.36882169837422085
104,1040100,2.5513172149658203,0.5732398870091052
104,1040050,1.7589186429977417,0.17309062989943658
104,1040067,2.094902992248535,0.3427576289442008
104,1040026,1.7642830610275269,0.1757995796191626
104,1040149,2.6566712856292725,0.6264420943335757
104,1040073,2.122998714447021,0.3569455424051763
104,1040106,2.4870376586914062,0.5407796862963986
5428,54280148,2.7353641986846924,0.6661808215510076
5428,54280040,2.1088573932647705,0.34980438975068273
5428,54280125,2.181276798248291,0.38637509056921904
5428,54280024,2.4913995265960693,0.5429823634129493
5428,54280062,2.236217737197876,0.4141194312120612
5428,54280023,2.215519905090332,0.4036673400112355
5428,54280049,2.0120418071746826,0.3009139875956591
5428,54280042,2.1624796390533447,0.37688281035353366
5428,54280053,2.1992573738098145,0.39545500843867953
5428,54280078,2.7602434158325195,0.6787444487600355
5428,54280012,1.9371200799942017,0.26307965203119466
5428,54280118,2.189458131790161,0.39050653988621453
5428,54280021,2.251279830932617,0.4217255600362254
5428,54280175,2.4356110095977783,0.5148100087143904
5428,54280128,2.487119674682617,0.5408211031276692
5428,54280146,2.5699424743652344,0.5826453604359941
5428,54280109,2.601925849914551,0.5987964798582966
5428,54280018,2.834287166595459,0.716135419553705
1181,11810246,2.313966989517212,0.4533816240743519
1181,11810247,2.019542694091797,0.3047018216904279
1181,11810162,2.8766977787017822,0.7375521352423283
1181,11810168,3.261444091796875,0.9318431862449889
1181,11810063,2.7447292804718018,0.6709100457728226
1181,11810222,2.5847103595733643,0.5901029184177519
1181,11810133,3.0426666736602783,0.8213639092287538
9628,96280012,2.2908010482788086,0.4416831752069218
9628,96280018,1.9560256004333496,0.27262665303121847
9628,96280027,2.551736831665039,0.5734517870760706
9628,96280026,2.4835071563720703,0.5389968361875229
9628,96280015,2.346156120300293,0.46963664676812666
9628,96280021,2.524260997772217,0.5595769078049296
9628,96280030,2.4352152347564697,0.5146101484239572
1044,10440038,1.791442632675171,0.18951475125460493
1044,10440119,2.701131582260132,0.6488938696106651
1044,10440017,2.3071377277374268,0.4499329504844928
1044,10440107,2.4067625999450684,0.5002419995082955
1044,10440077,2.357717037200928,0.4754747344085498
1044,10440099,2.6826934814453125,0.6395829084295533
1044,10440053,2.2006609439849854,0.3961637900831251
1044,10440106,2.3754770755767822,0.484443284345088
1044,10440150,2.424118757247925,0.5090065956303799
1044,10440008,2.2346911430358887,0.4133485243207099
1044,10440154,2.5280840396881104,0.5615074859718544
1044,10440149,2.365579843521118,0.4794453323110762
1044,10440012,2.4322283267974854,0.5131018052200137
1044,10440039,1.5124716758728027,0.048638650427737185
1044,10440117,2.194890260696411,0.3932496825712918
1044,10440006,2.005468368530273,0.2975945008079893
1044,10440127,2.2260308265686035,0.4089751958931841
1044,10440064,2.680002927780152,0.6382242196479043
1044,10440120,2.4453938007354736,0.5197501698210482
9556,95560133,2.5539391040802,0.5745639012343421
9556,95560115,2.593562602996826,0.5945731670463611
9556,95560163,2.905234336853028,0.7519626641713831
9556,95560153,2.7060158252716064,0.6513603382310343
9556,95560008,2.358771324157715,0.4760071333267998
9556,95560164,2.388389825820923,0.490964027314882
9556,95560031,2.4018681049346924,0.49777035378401757
9556,95560083,2.6873719692230225,0.6419454737784503
9556,95560051,2.445202589035034,0.5196536108132604
9556,95560037,2.3829774856567383,0.4882308776443264
9556,95560010,3.058479070663452,0.8293489298203834
9556,95560108,2.612656354904175,0.6042152220821061
9556,95560069,2.7676310539245605,0.682475093916277
9556,95560080,2.630686044692993,0.6133199418912226
9556,95560017,2.6480512619018555,0.6220891131283891
9556,95560170,2.726839780807495,0.6618761198497148
9556,95560150,2.236132860183716,0.41407656960760686
2036,20360301,2.326908826828003,0.45991705557151497
2036,20360136,2.5554511547088623,0.5753274638620088
2036,20360312,2.5203702449798584,0.5576121366726537
2036,20360245,2.333504676818848,0.4632478597491251
2036,20360089,2.4168858528137207,0.505354088623832
2036,20360017,1.94642174243927,0.26777685044743427
2036,20360220,2.2335355281829834,0.4127649563521981
2036,20360302,2.1853513717651367,0.3884326883785577
2036,20360202,2.2932677268981934,0.44292881048693433
2036,20360329,2.7368593215942383,0.6669358359373364
2036,20360131,2.142237424850464,0.3666607992822367
2036,20360019,2.537915229797364,0.5664720878248729
2036,20360211,2.8866565227508545,0.7425811498997931
2036,20360097,2.372359275817871,0.48286884276798314
2036,20360143,2.8243720531463623,0.7111284376872938
2036,20360299,2.1886208057403564,0.39008370293440675
2036,20360036,1.9426437616348269,0.2658690274581553
2036,20360228,2.5549139976501465,0.5750562076967404
2036,20360100,2.369576930999756,0.4814638008466853
2036,20360055,2.259351253509521,0.4258015059834076
5408,54080081,2.423182725906372,0.5085339140037292
5408,54080033,2.2904045581817627,0.4414829537231927
5408,54080123,2.77449917793274,0.685943392341884
5408,54080011,2.029326677322388,0.30964258478591267
5408,54080150,2.1537110805511475,0.3724548213405522
5408,54080138,2.672553777694702,0.6344625118682098
5408,54080109,2.4716503620147705,0.5330093349203365
5408,54080167,2.5434000492095947,0.5692418384160857
5408,54080154,2.561573505401612,0.5784191580776913
5408,54080021,2.4316635131835938,0.512816582913968
5408,54080004,2.617576837539673,0.606699991162804
5408,54080019,2.504605770111084,0.5496513160318536
5408,54080165,2.1757514476776123,0.3835848723579013
5408,54080163,2.415673017501831,0.5047416251916433
5408,54080042,2.31615686416626,0.4544874775488271
5408,54080035,2.215701103210449,0.4037588423128796
5408,54080065,2.4778528213500977,0.5361414827851664
5408,54080174,2.780944585800171,0.6891982255295758
5408,54080008,2.815135955810547,0.7064643486565175
5408,54080151,2.173837900161743,0.38261855989343363
9624,96240016,2.7928802967071533,0.6952255784570834
9624,96240020,2.923398733139038,0.761135408717906
9624,96240010,2.33941650390625,0.46623324273802835
9624,96240004,2.7715659141540527,0.6844621386351374
9624,96240007,2.449084520339966,0.5216139272282195
6121,61210109,2.2208638191223145,0.40636593552314404
6121,61210086,1.857954978942871,0.22310247703954422
6121,61210031,1.8593922853469849,0.22382829496778278
6121,61210140,2.563323497772217,0.5793028776751482
6121,61210075,2.5749456882476807,0.5851719075412586
6121,61210068,1.67898690700531,0.132726315893396
6121,61210148,2.0622098445892334,0.326248085374537
6121,61210141,2.1621992588043213,0.376741222581516
6121,61210013,1.9514570236206048,0.2703195910521341
6121,61210069,1.8628429174423216,0.22557081182527583
6121,61210059,2.304624319076538,0.4486637172424771
6121,61210174,2.174642562866211,0.3830249023513924
6121,61210128,1.7754329442977903,0.18143010151217176
6121,61210129,1.6142128705978394,0.1000164102154133
6121,61210142,1.99017071723938,0.28986941899168805
6121,61210063,1.7926855087280271,0.19014238480522405
6121,61210071,2.239785671234131,0.41592118377009235
6121,61210095,2.269179105758667,0.4307644222677113
6121,61210147,2.299283027648926,0.44596644610598724
6121,61210060,2.2817201614379883,0.4370974651213694
1260,12600263,2.2031495571136475,0.3974205019575473
1260,12600082,2.2920100688934326,0.44229371227486525
1260,12600210,2.374794006347656,0.4840983447474426
1260,12600295,2.415170431137085,0.5044878267023462
1260,12600338,2.846379518508911,0.7222418738130286
1260,12600219,2.3484537601470947,0.4707969200325267
1260,12600281,2.8916659355163574,0.7451108273469559
1260,12600072,2.2834584712982178,0.43797528522832596
1260,12600131,2.3315000534057617,0.4622355553383045
1260,12600330,2.098207950592041,0.3444265827670826
1260,12600186,2.725909471511841,0.6614063277694316
1260,12600224,2.514593601226806,0.5546950192166872
1260,12600357,1.949977159500122,0.26957228212278606
1260,12600252,2.459287166595459,0.526766108799608
1260,12600368,2.9022557735443115,0.7504585348892258
3007,30070019,2.221874952316284,0.406876542445871
3007,30070138,2.417149305343628,0.5054871281545118
3007,30070135,2.0715818405151367,0.3309808011315464
3007,30070022,1.8358852863311768,0.21195761709706062
3007,30070152,1.872339129447937,0.23036625481801765
3007,30070043,2.4072370529174805,0.5004815910612846
3007,30070112,2.5174150466918945,0.5561198063714979
3007,30070049,2.00586485862732,0.29779472229171866
3007,30070159,2.331756591796875,0.4623651033337902
3007,30070099,2.862920999526977,0.7305950707710104
3007,30070058,2.8187031745910645,0.7082657400212528
3007,30070094,2.278111934661865,0.43527536534099875
3007,30070066,2.303122043609619,0.4479050909231884
3007,30070093,2.4995312690734863,0.5470887699947581
3007,30070015,2.173213005065918,0.38230299735052686
3007,30070025,2.195093870162964,0.393352502262876
3007,30070111,2.1719448566436768,0.38166260163678356
3007,30070017,2.0249080657958984,0.3074112530012153
2538,25380152,2.508867025375366,0.5518031852914386
2538,25380107,2.2899301052093506,0.44124336217020355
2538,25380133,2.132420063018799,0.3617031804996075
2538,25380162,1.855657935142517,0.22194250476955746
2538,25380251,2.4511520862579346,0.5226580166490847
2538,25380051,2.22929048538208,0.4106212741406551
2538,25380091,1.8951666355133057,0.24189379905757447
2538,25380151,2.2140958309173584,0.40294820415897237
2538,25380149,2.375091791152954,0.48424872155632903
2538,25380340,2.1307506561279297,0.3608601553468288
2538,25380347,2.179687261581421,0.3855723986678229
2538,25380256,2.1439671516418457,0.3675342850696418
2538,25380277,2.4572882652282715,0.5257566939351553
2538,25380217,2.2027220726013184,0.3972046287643266
2538,25380202,2.5169789791107178,0.5558995988587255
2538,25380298,2.1300926208496094,0.3605278575145424
2538,25380065,2.52264142036438,0.5587590457851032
2538,25380175,2.233050584793091,0.412520067297535
7551,75510137,2.8368327617645264,0.7174209064940388
7551,75510091,2.6027753353118896,0.5992254570961361
7551,75510004,2.4676034450531006,0.5309657032517753
7551,75510163,2.613562822341919,0.6046729743858571
7551,75510086,1.886296987533569,0.2374147613920966
7551,75510057,2.0286991596221924,0.309325697867587
7551,75510167,2.3144214153289795,0.4536111022150541
7551,75510099,2.445340633392334,0.5197233211193814
7551,75510036,2.433194637298584,0.5135897773628605
7551,75510131,2.465798139572144,0.5300540513727635
7551,75510142,2.311599016189575,0.4521858334691823
7551,75510090,2.7371442317962646,0.6670797112668952
7551,75510038,2.648547410964966,0.6223396608780224
7551,75510144,2.368938446044922,0.4811413756311552
7551,75510076,2.606667280197144,0.6011908302172387
7551,75510129,2.182242155075073,0.38686258112100413
7551,75510017,2.37147855758667,0.48242409342288683
7551,75510165,2.384184598922729,0.4888404515301471
7551,75510010,2.7272214889526367,0.6620688766719939
7551,75510041,2.7976346015930176,0.6976264302953527
103,1030077,2.643914222717285,0.6199999711045364
103,1030054,2.513075590133667,0.5539284466448876
103,1030103,2.878952980041504,0.7386909777045011
103,1030099,2.0933570861816406,0.3419769698338583
103,1030013,2.8168344497680664,0.7073220623366655
103,1030060,2.860581874847412,0.7294138482954448
103,1030155,2.41927170753479,0.5065589090614008
103,1030102,2.4501149654388428,0.5221342863699378
103,1030065,2.462928771972656,0.5286050642671231
103,1030053,2.450659990310669,0.5224095156614618
103,1030121,2.542351484298706,0.5687123290442032
103,1030090,2.964240312576294,0.781759786712951
103,1030061,2.503700256347656,0.5491940453191636
103,1030032,2.266329765319824,0.429325548574358
103,1030136,2.433058977127075,0.5135212710343927
103,1030078,2.6511991024017334,0.6236787248239245
103,1030144,2.566673040390014,0.5809943458801449
103,1030008,1.969830870628357,0.2795981050354921
103,1030048,2.3553144931793213,0.4742614861274085
103,1030143,2.606642484664917,0.6011783088496453
575,5750150,2.455487012863159,0.5248470888181539
575,5750168,2.4961209297180176,0.5453666003596042
575,5750290,3.037074089050293,0.8185397388476153
575,5750089,2.5360991954803467,0.5655550180464212
575,5750249,2.570007085800171,0.5826779882303962
575,5750298,2.5471861362457275,0.5711537549293856
575,5750330,2.126893758773804,0.3589124806972285
575,5750297,2.2706215381622314,0.4314928287479042
575,5750067,2.4618465900421143,0.5280585788103306
575,5750179,2.5719361305236816,0.5836521265496096
575,5750321,2.464226484298706,0.5292603893037663
575,5750303,2.7351837158203125,0.6660896804426594
3027,30270116,1.7064459323883057,0.14659270712208172
3027,30270013,2.077282667160034,0.3338596320981405
3027,30270151,2.243136405944824,0.4176132539639158
3027,30270147,2.553619861602783,0.5744026886265771
3027,30270175,2.698203086853028,0.6474150238592254
3027,30270033,1.9555416107177728,0.27238224556761614
3027,30270073,1.912920832633972,0.25085939924886236
3027,30270014,2.158738374710083,0.37499352862011415
3027,30270168,2.4536259174346924,0.5239072638620571
3027,30270053,1.893397569656372,0.2410004476388915
3027,30270083,2.0217607021331787,0.30582188210121075
3027,30270026,1.9504907131195068,0.26983161890928775
3027,30270121,2.300290822982788,0.44647536745999983
3027,30270049,2.172461748123169,0.38192362399199997
3027,30270054,2.05055832862854,0.320364246583292
3027,30270093,2.038761854171753,0.3144072059507318
3027,30270140,1.9310028553009035,0.2599905463674671
3027,30270161,1.9593888521194456,0.2743250441077213
3027,30270141,1.9048562049865725,0.2467868846379918
3027,30270075,1.9891362190246584,0.28934701308795974
306,3060025,2.568235158920288,0.5817831920385294
306,3060235,2.5438077449798584,0.5694477185947847
306,3060226,2.6171278953552246,0.6064732821707043
5432,54320080,2.6357686519622803,0.615886581452339
5432,54320076,2.414398431777954,0.5040979787382364
5432,54320019,2.210296869277954,0.4010297861663451
5432,54320099,2.4600327014923096,0.5271425926117671
5432,54320140,2.057600736618042,0.3239205557753485
5432,54320015,1.9003193378448489,0.2444958355616954
5432,54320100,2.64120888710022,0.6186338176614375
5432,54320020,2.685242891311645,0.6408703217341322
736,7360250,2.51577091217041,0.5552895433818433
736,7360108,3.3436062335968018,0.973333821345609
736,7360205,2.858794450759888,0.7285112262488321
1293,12930051,2.160804033279419,0.3760366548588566
1293,12930036,2.496192455291748,0.5454027196892005
1293,12930040,2.243141889572144,0.41761602311251844
1293,12930079,2.610973358154297,0.6033653342567041
1293,12930225,2.229515314102173,0.4107348092333528
1293,12930127,2.209763288497925,0.40076033596755634
1293,12930315,2.2419257164001465,0.41700187411161516
1293,12930008,2.0026509761810303,0.29617176041518933
1293,12930012,2.213042736053467,0.40241640722954874
1293,12930261,2.795684814453125,0.6966418173705563
1293,12930037,2.083418846130371,0.33695830938421134
1293,12930240,1.919061183929444,0.2539601834958265
1293,12930139,1.91471803188324,0.2517669576038535
1293,12930028,2.518637657165528,0.5567372061120651
1293,12930155,2.1177356243133545,0.35428776173571197
1293,12930114,1.939742088317871,0.26440372645531407
1293,12930195,2.241719007492065,0.41689748924908143
1293,12930266,2.2340757846832275,0.4130377776884159
1293,12930067,2.200629234313965,0.39614777718033733
1293,12930097,2.3441457748413086,0.4686214528109388
9614,96140008,2.418113946914673,0.5059742575130012
9614,96140011,2.193920612335205,0.3927600248597306
9614,96140018,2.124575138092041,0.35774161242948
9614,96140002,2.601702690124512,0.5986837875499563
24,240116,2.4998202323913574,0.5472346920863272
24,240350,2.5426933765411377,0.5688849794396736
24,240031,2.192532777786255,0.39205918946779617
24,240071,2.0879056453704834,0.33922407492979
24,240115,2.430847406387329,0.5124044613632736
24,240152,2.002288341522217,0.2959886354141358
24,240248,2.2175509929656982,0.4046930085740065
24,240284,2.7043919563293457,0.6505403090514318
24,240287,2.4404456615448,0.5172514345995728
24,240060,2.168637752532959,0.37999256423401373
24,240099,2.134002208709717,0.3625021400702787
24,240329,2.163425207138061,0.3773603078907971
24,240151,1.8778423070907595,0.23314527603716073
24,240010,2.09234356880188,0.3414651589334782
24,240073,2.0141913890838623,0.3019994938477947
24,240289,2.4021096229553223,0.4978923167202879
24,240352,2.275154590606689,0.43378195145995513
24,240324,2.384627103805542,0.4890639097825834
24,240320,1.948003888130188,0.2685758100181055
9101,91010049,2.2428975105285645,0.41749261540306415
9101,91010050,2.299145698547364,0.4458970969931627
9101,91010017,2.324634075164795,0.45876834049258586
9101,91010142,2.5025107860565186,0.5485933808679765
9101,91010107,2.03359317779541,0.31179710279633455
9101,91010082,2.836199760437012,0.7171012504271114
9101,91010123,2.2621564865112305,0.42721810609017663
9101,91010138,2.5954174995422363,0.5955098616605597
9101,91010032,2.178236722946167,0.3848398986636089
9101,91010072,2.218984365463257,0.40541683993911726
9101,91010070,2.7676773071289062,0.6824984510827493
9101,91010133,2.7491111755371094,0.67312283630166
9101,91010063,1.9705790281295776,0.2799759132230699
9101,91010151,2.212934255599976,0.40236162624632776
9101,91010055,2.309498071670532,0.4511248883611719
9101,91010100,2.253916025161743,0.4230567981273813
9101,91010127,2.343907356262207,0.46850105504561756
9101,91010109,2.004067659378052,0.296887163936728
9101,91010139,2.4275007247924805,0.5107144379314604
75,750091,2.408741950988769,0.5012415417559916
75,750029,3.135319948196411,0.8681524071968006
75,750005,3.0291171073913574,0.8145215838277869
75,750108,2.962024688720703,0.7806409302798215
75,750085,2.507946252822876,0.5513382091217683
75,750082,3.000870704650879,0.8002575789791283
75,750149,2.8497326374053955,0.7239351479845054
75,750015,2.5884206295013428,0.5919765484416798
75,750106,2.29702091217041,0.44482411210862016
75,750101,2.997234344482422,0.7984212722624499
75,750123,3.1368567943573,0.8689284911920608
75,750140,2.816490411758423,0.707148328361307
75,750024,2.5204546451568604,0.5576547574815774
3083,30830001,2.1121938228607178,0.35148923607858695
3083,30830043,3.120318651199341,0.8605769798027935
3083,30830030,3.011143445968628,0.805445157493521
3083,30830069,2.167178153991699,0.3792554891147176
3083,30830102,2.600011110305786,0.5978295654050026
3083,30830118,2.558276653289795,0.5767542977788299
3083,30830154,2.5908303260803223,0.5931934086557807
3083,30830093,2.3652617931365967,0.47928472169213776
3083,30830004,2.742156982421875,0.6696110742827727
3083,30830021,2.6589174270629883,0.6275763616806663
3083,30830129,2.4157776832580566,0.5047944798106193
3083,30830135,2.420212984085083,0.5070342394388888
3083,30830094,2.374251127243042,0.48382419903580665
3083,30830116,2.0736424922943115,0.3320213990172173
3083,30830074,2.817413330078125,0.7076143881108653
3083,30830169,2.978926420211792,0.7891760482612037
3083,30830033,2.396477222442627,0.4950480399123408
3083,30830013,2.531578302383423,0.5632720356204014
49,490088,2.2001092433929443,0.39588518965417185
49,490002,2.6012542247772217,0.598457319353387
49,490162,2.318239688873291,0.45553927242667236
49,490151,2.022984743118286,0.3064400042283696
49,490032,1.9502729177474976,0.26972163555066697
49,490092,2.435056686401367,0.5145300839100188
49,490175,2.274693250656128,0.4335489817840589
49,490087,2.506884813308716,0.5508021982705585
49,490134,2.6600546836853027,0.6281506590212481
49,490144,2.630058765411377,0.6130031753706627
49,490086,2.4252963066101074,0.5096012401933011
49,490102,2.0983357429504395,0.3444911159692948
49,490047,2.249412775039673,0.42078272513599535
49,490157,2.58008360862732,0.5877664793839298
49,490052,1.6538270711898804,0.12002098051458487
49,490164,2.3131234645843506,0.45295565678064575
2897,28970039,1.876428484916687,0.23243131728880606
2897,28970245,2.4602301120758057,0.5272422819614532
2897,28970129,2.1836998462677,0.38759869305817796
2897,28970146,2.5255558490753174,0.5602307880683889
2897,28970329,2.020132303237915,0.30499956536406725
2897,28970273,2.458549976348877,0.526393838909235
2897,28970198,2.456142902374268,0.5251783030705527
2897,28970190,2.1302683353424072,0.3606165906675839
2897,28970088,2.6943583488464355,0.6454734894956563
2897,28970294,2.13634729385376,0.3636863724899778
2897,28970251,2.378718852996826,0.48608033276015983
2897,28970158,2.0461370944976807,0.3181315904231766
2897,28970057,1.860002040863037,0.22413621225259162
2897,28970016,2.1139049530029297,0.35235333084029696
2897,28970221,2.403295516967773,0.4984911752049951
2897,28970002,1.909790635108948,0.24927869698796112
2897,28970022,2.289466619491577,0.44100930891441925
2897,28970279,1.960309267044068,0.274789839680744
2897,28970052,2.509570360183716,0.552158358699136
5418,54180059,2.3582558631896973,0.47574683335817547
5418,54180015,2.50765061378479,0.55118891589277
5418,54180091,2.332924127578736,0.4629546911905681
5418,54180130,2.0847418308258057,0.3376263965839784
5418,54180014,2.314292430877685,0.45354596702401506
5418,54180087,2.0694735050201416,0.3299161236928113
5418,54180021,2.191561460494995,0.3915686889718778
5418,54180022,2.307826280593872,0.4502806592307401
5418,54180111,2.1562769412994385,0.3737505420909385
5418,54180063,2.537362813949585,0.5661931262026233
5418,54180123,2.2607340812683105,0.42649981302227047
5418,54180126,2.708700895309448,0.6527162578640809
5418,54180075,2.4492850303649902,0.5217151817488547
5418,54180174,2.451577663421631,0.5228729266601829
5418,54180033,2.5002756118774414,0.5474646518180907
5418,54180096,2.369523763656616,0.4814369521450187
5418,54180029,2.356240749359131,0.47472923144568113
5418,54180077,2.8223533630371094,0.7101090298083196
5418,54180076,2.4261374473571777,0.5100260035093541
5418,54180079,2.0738556385040283,0.33212903461941423
2129,21290144,2.2600574493408203,0.426158124164289
2129,21290291,1.8624083995819087,0.22535138689797785
2129,21290282,2.3157215118408203,0.45426763122935043
2129,21290068,2.2836363315582275,0.4380651019612557
2129,21290009,1.8364603519439693,0.21224801650701508
2129,21290169,2.5970678329467773,0.5963432549921129
2129,21290261,2.266662836074829,0.42949374425251186
2129,21290326,2.054240465164185,0.3222236696709123
2129,21290324,1.9058918952941888,0.24730989253054647
2129,21290160,1.9837714433670044,0.28663788277158553
2129,21290134,2.031683921813965,0.31083295749164275
2129,21290235,2.122258424758911,0.35657170734385446
2129,21290011,1.8778750896453853,0.23316183072989205
2129,21290148,2.070559024810791,0.3304642947183186
2129,21290319,2.1370339393615723,0.36403311805410243
2129,21290200,1.920196771621704,0.25453363805205087
2129,21290371,1.6441439390182495,0.11513114567383143
2129,21290209,1.6639857292175293,0.12515094869827137
2129,21290173,2.7155871391296387,0.6561937065198521
2129,21290121,1.819581627845764,0.2037245169099865
9618,96180010,2.649394989013672,0.6227676749337393
9618,96180019,2.423382043838501,0.5086345665355375
9618,96180016,2.702226400375366,0.6494467361490198
9618,96180008,2.7316997051239014,0.6643303078980213
2327,23270331,1.861061453819275,0.22467119972279626
2327,23270268,2.034345865249634,0.3121771985414533
2327,23270280,2.233607292175293,0.4128011960795598
2327,23270364,1.94903028011322,0.26909412239781294
2327,23270315,2.064082622528076,0.3271938098211348
2327,23270120,2.066054105758667,0.32818937894257527
2327,23270080,1.8663098812103271,0.2273215759296935
2327,23270214,2.237782716751098,0.414909722143629
2327,23270321,2.1140496730804443,0.35242641228384686
2327,23270171,1.962902903556824,0.27609958677079005
2327,23270286,2.1515145301818848,0.3713455967286482
2327,23270098,1.8983792066574097,0.24351609874639446
2327,23270148,2.2813990116119385,0.43693528933148185
2327,23270303,1.764742732048035,0.176031706510702
2327,23270237,1.9568557739257808,0.2730458780500665
2327,23270032,2.3841776847839355,0.488836959994953
2327,23270118,1.9484400749206543,0.26879607772976055
2327,23270161,1.6767183542251587,0.13158073115636515
2327,23270319,1.906219482421875,0.247475319060098
2327,23270140,2.0763580799102783,0.33339272956422505
111,1110099,2.735488176345825,0.6662434283889745
111,1110067,2.6744182109832764,0.6354040223930212
111,1110137,2.2872445583343506,0.4398872017416261
111,1110009,2.556980609893799,0.5760998155265441
111,1110039,2.466437339782715,0.5303768377815895
111,1110072,2.802008867263794,0.6998353680957
111,1110040,3.0079307556152344,0.8038227976058184
111,1110047,2.787724018096924,0.6926217359864829
111,1110114,2.717656135559082,0.6572385183273092
111,1110023,2.712197542190552,0.6544820114902815
111,1110151,2.3052477836608887,0.448978557398792
111,1110076,2.5173654556274414,0.5560947636363113
111,1110094,2.349597454071045,0.4713744681127724
3412,34120052,1.9794564247131348,0.28445886381592056
3412,34120035,2.186199426651001,0.388860943229805
3412,34120085,2.120722770690918,0.35579622533742084
3412,34120162,2.9921700954437256,0.7958639033292633
3412,34120050,2.7933082580566406,0.695441692445835
3412,34120077,2.296231985092163,0.44442571590317226
3412,34120170,2.726869344711304,0.6618910491726148
3412,34120101,2.2039988040924072,0.3978493587976214
3412,34120174,2.461928129196167,0.5280997548460703
3412,34120012,2.8509230613708496,0.724536294026754
3412,34120173,1.975978136062622,0.2827023808176502
3412,34120165,2.377705335617065,0.4855685218597793
3412,34120027,2.8313560485839844,0.7146552494268467
3412,34120161,2.185826301574707,0.38867252072707725
3412,34120125,2.482004165649414,0.5382378486749385
3412,34120067,3.102101802825928,0.8513777477479
3412,34120111,2.596956491470337,0.596287029235708
3412,34120155,2.3266642093658447,0.4597935274642956
3412,34120002,2.495562791824341,0.5450847491909873
3412,34120047,2.924596071243286,0.7617400462953489
2242,22420172,2.2384653091430664,0.4152544209457437
2242,22420138,2.387727975845337,0.49062980311835036
2242,22420164,2.041598558425904,0.3158396985625235
2242,22420288,2.208293914794922,0.40001832453988195
2242,22420073,2.004485607147217,0.2970982212193357
2242,22420342,2.37439227104187,0.48389547451287684
2242,22420348,1.964015245437622,0.27666130254489574
2242,22420273,2.375181198120117,0.4842938707183245
2242,22420168,1.9162358045578003,0.25253340977788785
2242,22420362,2.320098638534546,0.45647801380288155
2242,22420129,2.3046586513519287,0.4486810545206833
2242,22420086,2.216448307037353,0.40413616890939597
2242,22420346,2.0398528575897217,0.3149581461248415
2242,22420067,2.234729528427124,0.41336790836092663
2242,22420045,2.202988624572754,0.39733923346595545
2242,22420292,2.758807182312012,0.6780191726217412
2242,22420015,2.5741629600524902,0.5847766416777093
2242,22420146,2.11613392829895,0.3534789295482844
2242,22420306,2.1258034706115723,0.3583619017164147
2242,22420106,2.244834899902344,0.418470967644064
960,9600127,2.838399171829224,0.7182119198121991
960,9600120,2.4077956676483154,0.5007636830254322
960,9600215,2.9831411838531494,0.7913044399565511
960,9600270,2.56542444229126,0.5803638227831583
960,9600267,2.6385059356689453,0.6172688681959914
960,9600287,2.6105294227600098,0.603141153617676
960,9600186,2.730122327804565,0.6635337562826563
960,9600262,2.8154852390289307,0.7066407313827131
960,9600140,2.373095750808716,0.4832407514650604
960,9600129,2.223534345626831,0.4077145108925063
1046,10460061,2.837462902069092,0.7177391177877827
1046,10460158,2.008300542831421,0.2990247058622394
1046,10460050,2.6940455436706543,0.645315527627555
1046,10460053,2.6213021278381348,0.6085812062459471
1046,10460162,2.898789405822754,0.7487080717792215
1046,10460034,2.3226892948150635,0.4577862559208611
1046,10460111,2.8526973724365234,0.725432294196274
1046,10460020,2.6745593547821045,0.6354752978700914
1046,10460079,2.4441263675689697,0.5191101353006008
1046,10460152,2.832258701324463,0.7151110753663524
9645,96450002,2.77384090423584,0.6856109741118318
9645,96450018,2.771808385848999,0.684584583162469
9645,96450021,2.7925987243652344,0.6950833886962392
1203,12030007,2.395076036453247,0.4943404622455484
1203,12030072,2.34964919090271,0.4714005944278471
1203,12030010,2.5683090686798096,0.5818205153457788
1203,12030032,2.155499219894409,0.37335780458046075
1203,12030055,2.3102903366088867,0.45152497013533444
1203,12030083,2.604155778884888,0.5999225601573458
1203,12030043,1.8476608991622925,0.21790412292515526
1203,12030044,2.043140411376953,0.3166183109108548
1203,12030116,2.4381444454193115,0.516089355368693
1203,12030138,2.9946727752685547,0.7971277186718394
1203,12030097,2.379578351974488,0.48651436670414305
1203,12030031,2.840951919555664,0.7195010186854925
1203,12030027,2.6694796085357666,0.6329101030821588
1203,12030058,2.8916146755218506,0.7450849418274118
1203,12030078,2.4290361404418945,0.5114897995401287
1203,12030024,2.396941661834717,0.4952825747591866
1203,12030036,2.496301412582397,0.5454577414679521
1203,12030093,2.787909984588623,0.6927156462434333
3837,38370056,2.272428035736084,0.43240508261574273
3837,38370107,2.3175837993621826,0.455208058174274
3837,38370013,1.8061425685882568,0.19693799587324623
3837,38370060,2.3461804389953613,0.4696489273401895
3837,38370070,2.201054334640503,0.3963624463959049
3837,38370068,2.2342050075531006,0.41310303327722
3837,38370081,2.148055076599121,0.36959862515383823
3837,38370105,2.192875862121582,0.3922324418520934
3837,38370061,2.174731492996216,0.3830698107178573
3837,38370167,2.255723237991333,0.4239694131885158
3837,38370142,2.5033063888549805,0.5489951482108532
3837,38370128,2.2809085845947266,0.4366876311282163
3837,38370052,2.150733709335327,0.3709512940472216
3837,38370170,2.670170307159424,0.6332588954082942
3837,38370097,2.0134518146514893,0.30162601997976835
3837,38370004,2.3201444149017334,0.4565011301738232
3837,38370160,2.071882724761963,0.33113274311138163
3837,38370019,2.604900360107422,0.6002985623784435
3837,38370153,2.350362777709961,0.4717609449394532
5,50114,2.46484899520874,0.5295747478690197
5,50003,2.500889778137207,0.5477747964615579
5,50100,3.011019229888916,0.8053824302577887
5,50055,2.359472274780273,0.47636110275684385
5,50174,2.7508199214935303,0.6739857270857169
5,50040,2.742887496948242,0.6699799730357167
5,50175,3.0560302734375,0.8281123243727698
5,50028,2.292191982269287,0.4423855757698053
1407,14070101,2.491400718688965,0.5429829654017758
1407,14070297,2.715963125228882,0.6563835737957636
1407,14070281,2.7091305255889893,0.6529332146371899
1407,14070270,2.561476469039917,0.5783701561872051
1407,14070217,2.4141502380371094,0.5039726446645371
1407,14070092,2.4615402221679688,0.5279038676818929
1407,14070239,2.535568952560425,0.565287253416347
1407,14070248,2.499903440475464,0.5472767109064244
1407,14070159,2.6688263416290283,0.6325802132051789
1407,14070358,2.11948561668396,0.35517148133316934
1407,14070080,2.528215885162353,0.561574065936077
1407,14070265,2.373793363571167,0.4835930353263901
1407,14070207,2.952918291091919,0.7760423376333797
1407,14070040,2.694007396697998,0.6452962639851035
112,1120159,2.7474594116210938,0.6722887205835152
112,1120031,2.139484643936157,0.36527068668383833
112,1120136,2.474393606185913,0.5343946316081217
112,1120090,2.777224540710449,0.6873196591972698
112,1120162,2.5020110607147217,0.5483410271518633
112,1120010,2.637821674346924,0.6169233266095197
112,1120078,2.656856298446656,0.6265355229994652
112,1120063,2.552498340606689,0.5738363375385062
112,1120038,2.671327829360962,0.6338434265589284
1228,12280016,2.7425472736358643,0.6698081654246034
1228,12280173,2.631409883499145,0.6136854695067374
1228,12280262,2.401409864425659,0.4975389492790704
1228,12280288,2.9144608974456787,0.7566219372915465
1228,12280343,2.6773157119750977,0.6368672164349692
1228,12280206,3.055602550506592,0.8278963307817838
1228,12280375,2.6367669105529785,0.6163906868957388
1228,12280243,2.5305657386779785,0.5627607063110823
1228,12280033,2.87518310546875,0.7367872482392429
1228,12280355,2.8708152770996094,0.7345815611785594
1228,12280276,2.3179214000701904,0.4553785414099686
1228,12280161,2.202188491821289,0.39693517856553784
567,5670137,2.677816867828369,0.6371202925376743
567,5670189,2.693256139755249,0.6449168906265766
567,5670198,2.425414085388184,0.50966071668937
567,5670159,2.333122730255127,0.4630549825290803
2030,20300020,2.148250102996826,0.36969711052587095
2030,20300017,2.4307451248168945,0.5123528107219509
2030,20300173,2.387202024459839,0.49036420564805183
2030,20300044,1.997087836265564,0.293362459158068
2030,20300059,2.466719150543213,0.530519147940199
2030,20300005,2.229045867919922,0.4104977460334355
2030,20300143,2.0515835285186768,0.3208819569741731
2030,20300171,2.503369808197021,0.5490271740164284
2030,20300012,2.22353458404541,0.40771463129027163
2030,20300083,2.0367519855499268,0.31339225278907457
2030,20300132,2.221336841583252,0.4066048046895413
2030,20300156,2.3700459003448486,0.481700623251072
2030,20300147,2.4735472202301025,0.5339672195412316
2030,20300057,2.6376118659973145,0.6168173765760369
2030,20300056,2.5196778774261475,0.5572625015621612
2030,20300065,2.7186641693115234,0.6577475600790871
8063,80630140,1.8198702335357664,0.2038702584049077
8063,80630170,2.453913688659668,0.5240525839647997
8063,80630155,2.1686785221099854,0.3800131522518838
8063,80630152,2.2353127002716064,0.41366240129490206
8063,80630123,2.371346235275269,0.4823572726631339
8063,80630053,2.496450185775757,0.5455328696735126
8063,80630038,2.173776149749756,0.38258737687221533
8063,80630147,2.143505334854126,0.3673010745982147
8063,80630093,2.2074239253997803,0.39957899309422495
8063,80630044,1.9890319108963013,0.2892943390656316
8063,80630086,2.3242204189300537,0.45855945036975376
8063,80630125,1.9996471405029297,0.2946548689699081
8063,80630091,2.443474292755127,0.5187808474124475
8063,80630019,2.550264596939087,0.5727083308752124
8063,80630030,2.131057024002075,0.3610148664752665
8063,80630062,2.194164752960205,0.3928833121714196
8063,80630090,2.418635368347168,0.5062375674257585
8063,80630011,2.9068965911865234,0.7528020773912022
8063,80630014,2.5302720069885254,0.5626123762642067
8063,80630094,2.3170299530029297,0.45492837416543297
1064,10640034,2.7573113441467285,0.6772637970421159
1064,10640017,2.7171146869659424,0.6569650950022649
1064,10640166,2.27774429321289,0.43508971198687363
1064,10640005,2.5007269382476807,0.5476925647878436
1064,10640028,2.307974100112915,0.4503553058452393
1064,10640314,2.685774564743042,0.6411388087507986
1064,10640250,2.255021810531616,0.42361520296294086
1064,10640284,2.228682041168213,0.41031401904355536
1064,10640098,2.6234164237976074,0.6096488936288152
1064,10640036,2.030727863311768,0.3103501624527051
1064,10640212,2.520240068435669,0.5575463994927884
1064,10640280,3.0383548736572266,0.8191865156429207
1064,10640277,2.8419342041015625,0.7199970574786158
1064,10640242,2.2313332557678223,0.4116528421939266
1064,10640210,2.6256773471832275,0.6107906256373558
1064,10640286,2.58381724357605,0.5896519083888588
9623,96230010,2.4651265144348145,0.5297148908678536
9623,96230004,2.6413393020629883,0.618699675239068
9623,96230016,2.7273221015930176,0.6621196845289595
9623,96230013,2.523506164550781,0.5591957284799226
56,560086,2.2763612270355225,0.4343912845502459
56,560154,2.5171244144439697,0.5559730414955716
56,560016,2.1676676273345947,0.37950266572692215
56,560075,2.2888150215148926,0.44068026182179654
56,560033,2.3694849014282227,0.48141732730927134
56,560088,3.016606569290161,0.80820395188809
56,560134,2.1788272857666016,0.3851381239283095
56,560074,2.4139556884765625,0.503874400088035
56,560017,2.37866735458374,0.4860543268428502
8153,81530109,2.797412633895874,0.6975143399758387
8153,81530023,2.754366636276245,0.6757767642426343
8153,81530146,2.59275221824646,0.5941639350420346
8153,81530125,2.6234493255615234,0.6096655085204296
8153,81530016,2.7259843349456787,0.6614441326677426
8153,81530167,2.7205376625061035,0.6586936457189806
8153,81530165,2.57712721824646,0.5862735470939472
8153,81530018,2.679333448410034,0.6378861427228822
8153,81530038,2.9069972038269043,0.7528528852481676
8153,81530139,2.357997179031372,0.47561620178280195
8153,81530002,2.6593849658966064,0.6278124616984609
8153,81530065,2.7484476566314697,0.6727877693207712
8153,81530107,2.6714835166931152,0.6339220462996832
8153,81530088,3.137223720550537,0.86911378335289
8153,81530014,2.2933390140533447,0.44296480941876537
8153,81530085,2.387054443359375,0.4902896794313182
8153,81530073,2.7856194972991943,0.6915589849119931
8153,81530170,2.692593097686768,0.6445820644412187
8153,81530100,2.5433921813964844,0.5692378652898301
1156,11560353,2.483320713043213,0.5389026851350419
1156,11560075,2.124174118041992,0.35753910338820993
1156,11560068,2.289713382720948,0.4411339206015271
1156,11560072,1.9296990633010864,0.2593321511878083
1156,11560202,1.962931752204895,0.2761141549003938
1156,11560372,2.3976752758026123,0.49565303868307964
1156,11560184,2.0915470123291016,0.34106290999954003
1156,11560117,2.2936010360717773,0.44309712656285327
1156,11560005,2.409098148345948,0.5014214160173821
1156,11560086,2.037874460220337,0.3139590854682065
1156,11560269,2.025252103805542,0.30758498697657377
1156,11560257,1.980055332183838,0.2847613030024073
1156,11560192,1.9262809753417969,0.25760606862528146
1156,11560063,2.152561664581299,0.37187438371393877
1156,11560058,2.449882984161377,0.5220171393442802
1156,11560275,2.0523693561553955,0.3212787880086715
1156,11560354,2.105796337127685,0.34825860284172416
1156,11560320,2.2387614250183105,0.4154039549702727
1156,11560289,1.7942606210708618,0.19093779264181832
1156,11560100,2.1626410484313965,0.37696431964065613
135,1350219,1.8472744226455688,0.21770895814756963
135,1350124,2.175697326660156,0.383557542065173
135,1350317,2.0860073566436768,0.33826546792230305
135,1350285,2.481053113937378,0.5377575819890724
135,1350134,2.313563585281372,0.4531779110554285
135,1350180,2.196693181991577,0.3941601304726504
135,1350375,2.1716244220733643,0.38150078704019197
135,1350091,2.200359344482422,0.3960114869099939
135,1350356,2.0393171310424805,0.3146876123461647
135,1350174,2.3392446041107178,0.46614643594923166
135,1350350,1.952720165252685,0.2709574584128057
135,1350312,2.2765066623687744,0.4344647271870917
135,1350002,2.1153368949890137,0.35307643981881587
135,1350194,2.2942023277282715,0.4434007697269934
135,1350163,2.264796733856201,0.42855139094334305
135,1350243,2.3227460384368896,0.4578149105890076
135,1350119,2.1296565532684326,0.36030765000177
135,1350343,1.965992450714112,0.2776597612127044
135,1350318,1.980043172836304,0.284755162716376
135,1350216,1.922980785369873,0.25593952275770604
44,440049,2.43656587600708,0.5152922017645015
44,440132,2.699591398239136,0.6481161000466905
44,440089,2.5373692512512207,0.566196376942287
44,440090,2.5351970195770264,0.5650994329024458
44,440173,2.6870551109313965,0.6417854651483387
44,440045,2.793608903884888,0.6955935140279051
44,440032,2.1963372230529785,0.39398037660902585
2441,24410049,2.216991662979126,0.404410555416563
2441,24410318,2.111672878265381,0.3512261669613602
2441,24410228,2.6669437885284424,0.631629552450203
2441,24410052,2.436931610107422,0.5154768919365041
2441,24410173,2.4230754375457764,0.5084797350093345
2441,24410322,2.55440354347229,0.5747984360811876
2441,24410241,2.190986633300781,0.3912784099596883
2441,24410240,2.1956186294555664,0.39361749774434796
2441,24410350,2.0590691566467285,0.3246620856119614
2441,24410149,2.315169095993042,0.45398866960710127
2441,24410160,2.3452866077423096,0.4691975561180005
2441,24410377,2.538358688354492,0.5666960276683698
2441,24410110,2.4928314685821533,0.5437054723914682
2441,24410312,1.882980942726136,0.23574020907312776
2441,24410222,2.3534128665924072,0.4733011935512069
2441,24410294,2.513084173202514,0.5539327809644389
2441,24410158,2.2334258556365967,0.4127095733801506
2441,24410098,2.3541502952575684,0.4736735838393452
2441,24410092,2.5111749172210693,0.5529686356597473
2441,24410368,2.1122817993164062,0.35153366285399057
9646,96460020,2.247861862182617,0.41999953767258125
9646,96460005,1.9352033138275144,0.26211171419689505
9646,96460008,2.325604200363159,0.45925823899967766
9646,96460011,2.202267408370972,0.39697503022585934
9646,96460002,2.5450031757354736,0.5700513929901051
9646,96460017,2.37097430229187,0.4821694521492327
8068,80680170,2.038776159286499,0.314414429816651
8068,80680031,2.0900652408599854,0.34031463788806915
8068,80680129,2.104864358901977,0.3477879679770838
8068,80680095,2.365492105484009,0.4794010259334379
8068,80680174,2.2621524333953857,0.4272160593281661
8068,80680069,2.4719367027282715,0.5331539326364872
8068,80680066,2.246912956237793,0.41952035456660297
8068,80680153,2.1565253734588623,0.3738759965624031
8068,80680020,2.2237799167633057,0.4078385205907872
8068,80680173,2.6114659309387207,0.6036140760398575
8068,80680056,2.481250762939453,0.5378573917365236
8068,80680108,2.252511501312256,0.4223475348918745
8068,80680106,2.288603067398072,0.44057322820842637
8068,80680011,2.562927961349488,0.5791031377824808
8068,80680151,2.268637418746948,0.4304908785449014
8068,80680060,2.19126033782959,0.39141662659427723
8068,80680133,2.080453872680664,0.33546104277467725
8068,80680084,2.052695035934448,0.32144325135609997
8068,80680090,2.5075387954711914,0.5511324493408344
5220,52200142,2.1383748054504395,0.36471023508626865
5220,52200101,2.027852773666382,0.3088982858006969
5220,52200004,2.400235891342163,0.49694611068262884
5220,52200076,2.83790922164917,0.717964502404464
5220,52200020,2.461254835128784,0.5277597515568034
5220,52200110,2.208967447280884,0.40035844822691413
5220,52200092,2.5105412006378174,0.5526486183995237
5220,52200150,2.28877329826355,0.4406591922128652
5220,52200094,2.717836618423462,0.6573296594356574
5220,52200064,2.4654107093811035,0.5298584050041165
5220,52200152,2.5077478885650635,0.551238038181021
5220,52200066,2.6276791095733643,0.6118014852749921
5220,52200050,2.32940936088562,0.4611797873342033
5220,52200162,2.205669403076172,0.39869298593922664
5220,52200089,2.6469757556915283,0.6215459988090254
5220,52200095,1.779993772506714,0.18373325056388312
5220,52200168,2.224440336227417,0.4081720224007267
5220,52200008,2.102980852127075,0.3468368256310469
5220,52200155,2.237276077270508,0.4146538768923219
811,8110286,2.273360252380371,0.43287583787814843
811,8110247,2.110868453979492,0.35081994490116675
811,8110049,2.592496633529663,0.5940348686376103
811,8110106,2.4862520694732666,0.5403829756596655
811,8110110,2.208739995956421,0.40024358875879773
811,8110147,2.272683620452881,0.43253414902016696
811,8110107,2.188279628753662,0.38991141373223204
811,8110371,2.093674421310425,0.3421372192595008
811,8110204,1.8069472312927248,0.19734433833120524
811,8110287,2.686579942703247,0.6415455124020536
811,8110116,1.867299437522888,0.22782128685465886
811,8110224,2.2404158115386963,0.4162393950638362
811,8110258,2.35546875,0.4743393834815711
811,8110113,2.2107298374176025,0.4012484285081682
811,8110175,2.612851619720459,0.6043138278519041
811,8110340,2.1153581142425537,0.3530871552199294
811,8110209,2.167388439178467,0.37936167994373104
811,8110307,2.081622362136841,0.3360511122225164
811,8110159,1.9408502578735352,0.2649633352685268
811,8110043,2.012051820755005,0.3009190443018025
1418,14180013,2.420297145843506,0.507076739850047
1418,14180139,2.5148580074310303,0.5548285403384287
1418,14180063,2.487351894378662,0.5409383705510921
1418,14180088,2.261591911315918,0.42693300418189606
1418,14180131,2.265317916870117,0.4288145804583351
1418,14180100,2.432497978210449,0.5132379750925921
1418,14180044,2.4883744716644287,0.5414547565665545
1418,14180077,2.3276350498199463,0.4602837871646833
1418,14180051,2.5802769660949707,0.5878641219716051
1418,14180160,2.121354579925537,0.3561152794155219
1418,14180166,1.9812090396881104,0.28534390778879637
1418,14180011,2.709674119949341,0.653207721542122
1418,14180150,2.2247583866119385,0.40833263301966516
1418,14180084,2.718683958053589,0.6577575530936087
1418,14180155,2.4163317680358887,0.5050742842172257
1418,14180165,2.0565602779388428,0.3233951399274869
1418,14180002,2.5066511631011963,0.5506842084605438
1418,14180158,2.0350966453552246,0.3125563311044496
6401,64010164,2.5250093936920166,0.5599548363902728
6401,64010107,2.717123031616211,0.656969308924051
6401,64010109,2.703191041946411,0.6499338655075092
6401,64010093,2.3713414669036865,0.4823548647078272
6401,64010049,2.308543920516968,0.4506430565043572
6401,64010103,2.1463828086853027,0.3687541552278758
6401,64010086,2.70894718170166,0.652840628755658
6401,64010067,2.137022018432617,0.36402709816583634
6401,64010172,2.6876823902130127,0.6421022316688986
6401,64010066,2.796135187149048,0.6968692487492479
6401,64010092,2.231318235397339,0.41164525713471145
6401,64010141,2.491694450378418,0.5431312954486515
70,700048,2.136866569519043,0.36394859882284714
70,700120,2.4579927921295166,0.5261124693316793
70,700053,2.0836710929870605,0.33708569021992096
70,700174,2.5915024280548096,0.593532809956221
70,700015,2.3473358154296875,0.47023237491093595
70,700008,2.4648454189300537,0.52957294190254
70,700151,2.135913133621216,0.3634671281593277
70,700123,2.317741870880127,0.4552878818926819
70,700130,2.0242903232574463,0.30709930239126815
70,700046,2.102118968963623,0.346401587709411
70,700034,2.372809171676636,0.4830960333511446
70,700037,2.267660617828369,0.42999760890038086
70,700082,2.2206780910491943,0.40627214566395875
70,700109,2.210322141647339,0.40104254832946895
70,700012,2.191222906112671,0.39139772414512175
9613,96130016,2.970900535583496,0.7851230982871974
9613,96130012,2.905515670776367,0.752104733534462
9613,96130019,2.789909601211548,0.6937254223011818
9613,96130009,2.626864433288574,0.6113900861108897
9613,96130006,2.5432233810424805,0.5691526236719827
2007,20070065,2.250265598297119,0.42121338794254914
2007,20070086,2.4289779663085938,0.5114604224853904
2007,20070105,2.1760284900665283,0.38372477456120435
2007,20070095,2.641587734222412,0.6188251297105326
2007,20070166,2.536301374435425,0.5656571153514135
2007,20070157,2.419032573699951,0.5064381501027836
2007,20070152,2.245832681655884,0.4189748322919328
2007,20070039,2.083042621612549,0.3367683217105345
2007,20070079,2.321455955505371,0.4571634382808548
2007,20070132,2.189984083175659,0.39077213735651306
2007,20070146,2.5116288661956787,0.5531978730049188
2007,20070070,2.4442474842071533,0.519171297365384
2007,20070154,2.404998540878296,0.49935117644268445
2007,20070050,1.8395757675170896,0.21382125410646668
2007,20070066,2.2000842094421387,0.3958725478888133
2007,20070153,2.0096323490142822,0.2996972477793235
2007,20070081,1.943830847740173,0.266468487931689
2007,20070165,1.9665035009384155,0.27791783382267
2007,20070091,1.9891717433929443,0.2893649523549925
9107,91070142,2.4934260845184326,0.5440057444181791
9107,91070056,2.243443250656128,0.4177682058878843
9107,91070040,2.518960237503052,0.5569001042885448
9107,91070038,2.3702521324157715,0.48180476731807487
9107,91070108,2.847825050354004,0.7229718454641708
9107,91070143,2.8184845447540283,0.7081553352704532
9107,91070033,2.5984370708465576,0.5970346993583523
9107,91070162,2.2813832759857178,0.43692734307897074
9107,91070140,2.667136907577514,0.631727074640113
9107,91070175,2.66471266746521,0.6305028701623275
9107,91070138,2.167200088500977,0.37926656570912753
9107,91070061,2.634150743484497,0.6150695622168697
9107,91070065,2.533467531204224,0.5642260675128065
9107,91070174,2.272957324981689,0.4326723656547554
9107,91070074,2.580604314804077,0.588029428103391
9107,91070049,2.314747810363769,0.4537759267557785
9107,91070135,2.3220221996307373,0.4574493829734926
9107,91070163,2.579986572265625,0.5877174774934438
1447,14470140,2.144774913787842,0.3679421926985499
1447,14470109,2.4240260124206543,0.50895976089967
1447,14470063,2.3990848064422607,0.49636483027165845
1447,14470039,2.276324987411499,0.434372984089917
1447,14470141,2.35083532333374,0.4719995733103196
1447,14470060,2.564709186553955,0.5800026294871946
1447,14470084,2.4491384029388428,0.5216411371231823
1447,14470007,2.7797467708587646,0.6885933471566023
1447,14470038,2.433084487915039,0.5135341535952821
1447,14470017,2.7883851528167725,0.6929555989897184
1447,14470100,2.805126190185547,0.701409568877274
1447,14470028,2.904856443405152,0.7517718337133491
1447,14470026,2.702591896057129,0.6496313059232571
1447,14470031,2.515698194503784,0.5552528220634204
1447,14470053,2.9723141193389893,0.7858369366377865
1447,14470048,2.754425048828125,0.675806261695138
1447,14470124,2.7094180583953857,0.6530784143421672
120,1200209,2.320598602294922,0.45673048791675985
120,1200161,2.222598075866699,0.4072417088680901
120,1200145,1.8371847867965696,0.21261384511694348
120,1200168,2.4216887950897217,0.5077795016062266
120,1200210,1.9532830715179443,0.2712417175367292
120,1200162,2.485585451126098,0.5400463435078272
120,1200016,2.3502438068389893,0.471700866454558
120,1200159,2.3645617961883545,0.4789312338531547
120,1200350,2.2595109939575195,0.4258821724861731
120,1200050,2.370368719100952,0.48186364182531694
120,1200015,2.35081434249878,0.47198897830697206
120,1200114,2.277373552322388,0.43490249346179966
120,1200338,2.1915578842163086,0.3915668830053979
120,1200306,2.183790445327759,0.387644444209
120,1200146,1.816650986671448,0.20224458757865904
120,1200081,1.82785439491272,0.20790213876998287
120,1200103,1.8307114839553835,0.20934492539070892
120,1200126,2.293884992599488,0.4432405203013513
120,1200121,2.295562267303467,0.4440875185803853
1362,13620162,2.448446273803711,0.5212916224104548
1362,13620292,2.438138723373413,0.5160864658223253
1362,13620241,2.558845996856689,0.5770418076424165
1362,13620366,2.616341352462769,0.6060760899429102
1362,13620108,2.3267064094543457,0.4598148378687573
1362,13620185,2.4204063415527344,0.5071318820265641
1362,13620128,2.244414091110229,0.41825846558827184
1362,13620210,2.405709743499756,0.4997103229766374
1362,13620258,2.5954079627990723,0.595505045749947
1362,13620027,2.240215301513672,0.4161381405432011
1362,13620361,2.382861852645874,0.48817248472814556
1362,13620137,2.602910280227661,0.5992936022313079
1362,13620146,2.1206960678100586,0.3557827407877049
1362,13620106,2.679837703704834,0.6381407839965366
1362,13620175,2.5779917240142822,0.5867101093910018
1362,13620143,2.419339895248413,0.5065933428222827
1362,13620184,2.6791563034057617,0.6377966871832487
1362,13620140,2.371746063232422,0.48255917971557716
1469,14690150,2.210204601287842,0.40098319223116563
1469,14690110,2.093985319137573,0.34229421794547943
1469,14690167,2.2851483821868896,0.43882866458892245
1469,14690125,2.5808513164520264,0.5881541601882637
1469,14690047,1.6379069089889526,0.11198154013302997
1469,14690074,2.575636625289917,0.5855208202651593
1469,14690055,2.187341690063477,0.3894377689234588
1469,14690113,2.0275895595550537,0.3087653666677824
1469,14690136,2.4316227436065674,0.512795994896098
1469,14690062,2.7704315185546875,0.6838892860677394
1469,14690082,2.64563512802124,0.6208690021746243
1469,14690004,2.2415196895599365,0.4167968367172731
1469,14690006,1.958221435546875,0.2737355164498263
1469,14690018,2.444420576095581,0.5192587061430071
1469,14690050,2.049158096313477,0.31965715050756105
1469,14690020,2.251357316970825,0.4217646893099548
1469,14690048,2.413189172744751,0.5034873212725274
1469,14690067,2.540768623352051,0.567913008280236
1469,14690121,2.368936777114868,0.48114053284679803
1042,10420175,2.679037570953369,0.6377367290961188
1042,10420034,2.4978833198547363,0.5462565806408582
1042,10420105,2.2594897747039795,0.42587145708505936
1042,10420129,2.379164695739746,0.4863054765813103
1042,10420167,2.507010698318481,0.5508657682906478
1042,10420023,2.5281031131744385,0.5615171177930801
1042,10420157,2.524606466293335,0.55975136416688
1042,10420134,2.3514564037323,0.47231320948898137
1042,10420133,3.225088119506836,0.9134839718066962
1042,10420107,2.538931131362915,0.5669851027029059
1042,10420025,2.9317452907562256,0.7653502936862692
1042,10420047,2.162551164627075,0.37691892968313
1042,10420060,2.4732797145843506,0.5338321332485413
1042,10420022,2.667672872543335,0.6319977288165551
482,4820114,2.0543503761291504,0.3222791730407252
482,4820370,2.31953239440918,0.456192069110244
482,4820144,2.1618869304656982,0.37658350150894526
482,4820239,2.527423858642578,0.5611741045596802
482,4820214,2.5232529640197754,0.559067866053152
482,4820201,1.9452601671218872,0.26719027253478955
482,4820041,1.8615731000900269,0.22492957332717545
482,4820005,2.4387142658233643,0.5163771060278105
482,4820268,2.5513064861297607,0.5732344691096659
482,4820378,2.4779419898986816,0.5361865115493966
482,4820329,2.13228726387024,0.3616361189443239
482,4820353,2.282966136932373,0.4377266638429379
482,4820119,2.033146619796753,0.3115715977818879
482,4820055,2.3741087913513184,0.4837523215699099
482,4820265,2.020155906677246,0.3050114847428341
482,4820015,2.1278207302093506,0.35938058720879706
482,4820371,2.3152427673339844,0.45402587251658544
482,4820220,2.3285722732543945,0.4607570707801608
482,4820258,2.3785712718963623,0.48600580654342596
482,4820045,1.9429259300231927,0.2660115182134124
3023,30230374,2.530335187911988,0.5626442816720173
3023,30230276,2.1025547981262207,0.3466216748244181
3023,30230340,2.2776525020599365,0.4350433588472252
3023,30230086,2.3890397548675537,0.4912922316231473
3023,30230003,1.8543004989624023,0.22125702009270154
3023,30230280,2.0061113834381104,0.29791921358106055
3023,30230092,2.068022489547729,0.3291833828930667
3023,30230018,1.8916484117507928,0.2401171494336125
3023,30230253,1.964832663536072,0.27707408628329944
3023,30230056,2.248335361480713,0.42023864763450913
3023,30230194,2.4212918281555176,0.5075790393269669
3023,30230119,2.2301225662231445,0.41104146234162575
3023,30230170,1.9999154806137085,0.29479037665477714
3023,30230260,1.9205282926559448,0.25470105114472996
3023,30230311,1.9947876930236816,0.2922009217171323
3023,30230209,2.149067640304565,0.3701099544631571
3023,30230060,1.9510087966918943,0.2700932432533305
3023,30230336,1.909581422805786,0.2491730479488916
3023,30230330,2.453218698501587,0.5237016244788885
3023,30230182,2.530457019805908,0.562705804930096
1037,10370204,2.152621269226074,0.37190448315526903
1037,10370131,1.9894458055496216,0.28950334958622903
1037,10370309,2.367523670196533,0.4804269352917395
1037,10370102,2.2949330806732178,0.4437697888777027
1037,10370290,2.19374418258667,0.39267093051339297
1037,10370217,2.244513511657715,0.41830867145641093
1037,10370380,2.7469401359558105,0.6720264942506456
1037,10370265,1.9650249481201167,0.2771711870810306
1037,10370251,2.110929489135742,0.3508507667290889
1037,10370234,2.1750643253326416,0.3832378859982456
1037,10370216,1.953377723693848,0.2712895154495619
1037,10370099,1.848945140838623,0.21855264548805764
1037,10370140,1.955714583396912,0.2724695941463572
1037,10370202,1.7730251550674438,0.18021420448019354
1037,10370352,1.891119360923767,0.23984998679236513
1037,10370246,2.256976127624512,0.4246021034452786
1037,10370025,2.183305263519287,0.38739943475657135
1037,10370253,2.040008544921875,0.31503676586559626
1037,10370232,2.348933219909668,0.47103903993858764
1037,10370070,2.1565370559692383,0.3738818960529039
9633,96330005,2.401109457015991,0.49738724809476575
9633,96330020,2.392745018005371,0.4931633332940034
9633,96330023,2.5315403938293457,0.5632528923757153
2112,21120085,2.1646053791046143,0.377956276829137
2112,21120164,2.4198641777038574,0.5068580975082239
2112,21120321,2.536844491958618,0.565931381460815
2112,21120354,2.585512161254883,0.5905078161025269
2112,21120309,2.3841676712036133,0.48883190328880943
2112,21120161,2.192131996154785,0.3918568008242914
2112,21120074,2.407689332962036,0.500709985622099
2112,21120059,2.5609660148620605,0.5781123845716526
2112,21120135,2.434440851211548,0.5142190964821941
2112,21120025,2.119403600692749,0.35513006450189877
2112,21120171,2.4743831157684326,0.5343893341064475
2112,21120232,2.029995918273926,0.30998054131316877
2112,21120187,2.4829111099243164,0.5386958417742201
2112,21120233,2.6454365253448486,0.6207687108361121
2112,21120256,2.415809631347656,0.5048106131111719
2112,21120075,1.861700773239136,0.22499404633050502
2112,21120151,2.438145399093628,0.5160898369597543
2112,21120296,2.660468578338623,0.6283596695418457
2112,21120108,2.513502597808838,0.5541440790425779
1075,10750011,2.5569844245910645,0.5761017418907891
1075,10750002,2.3028132915496826,0.4477491758170976
1075,10750102,2.552138328552246,0.5736545369128713
1075,10750117,2.4833998680114746,0.5389426571931285
1075,10750099,2.2696666717529297,0.4310106356977931
1075,10750043,2.752338171005249,0.674752420055282
1075,10750021,2.6388373374938965,0.6174362210897878
1075,10750024,2.7318575382232666,0.6644100112186638
1075,10750003,2.810563564300537,0.7041553603131884
1075,10750035,2.7023189067840576,0.6494934504819644
1075,10750026,2.7676119804382324,0.6824654620950513
1075,10750097,2.003370761871338,0.296535241268694
1075,10750010,2.4036221504211426,0.49865612014348526
1075,10750168,2.9737277030944824,0.7865507749883757
1075,10750060,2.5537383556365967,0.5744625263159416
1075,10750163,2.6850178241729736,0.6407566662436693
2488,24880098,2.744051694869995,0.6705678753237797
2488,24880070,2.4386377334594727,0.5163384583451424
2488,24880194,1.9979374408721924,0.29379149659479
2488,24880176,2.345200538635254,0.4691540925247196
2488,24880258,2.584472417831421,0.5899827614479615
2488,24880339,2.185096740722656,0.3883041035651943
2488,24880303,2.6972546577453613,0.6469360815487778
2488,24880059,2.603273868560791,0.5994772088234225
2488,24880041,2.092347383499145,0.34146708529772296
2488,24880207,2.507061004638672,0.5508911722191309
2488,24880118,2.6279263496398926,0.6119263377576302
2488,24880234,2.0272858142852783,0.3086119799147632
2488,24880299,2.3062689304351807,0.44949422102766234
2488,24880195,2.3781235218048096,0.48577969954015277
2488,24880269,2.166581392288208,0.3789541335081189
2488,24880267,2.583422899246216,0.5894527704850178
2488,24880245,1.984453201293945,0.28698216018152134
2488,24880190,2.4912972450256348,0.5429307127716264
2488,24880155,2.3589518070220947,0.47609827443514796
2488,24880210,2.47481632232666,0.5346080968460362
145,1450159,2.2413859367370605,0.416729293570928
145,1450043,1.8629727363586424,0.22563636840849322
145,1450170,2.71082091331482,0.653786834793317
145,1450037,2.2924509048461914,0.44251632774294414
145,1450173,2.4651310443878174,0.5297171784253948
145,1450090,2.441695213317871,0.517882439287621
145,1450098,2.2489547729492188,0.4205514410288135
145,1450146,2.450669050216675,0.5224140907765441
145,1450049,2.345407485961914,0.4692585977850182
145,1450142,2.302058696746826,0.4473681168898561
145,1450094,2.160367488861084,0.3758162065505536
145,1450172,1.9094336032867432,0.24909840133439254
1109,11090034,2.445343255996704,0.5197246454948
1109,11090246,2.1828744411468506,0.38718187599463605
1109,11090277,2.5003817081451416,0.5475182288236585
1109,11090359,2.539478778839112,0.567261656369849
1109,11090335,2.3137965202331543,0.4532955396721473
1109,11090273,2.768786668777466,0.6830586618847886
1109,11090089,3.0070455074310303,0.803375760703181
1109,11090329,2.5037178993225098,0.5492029547537974
1109,11090295,2.2819395065307617,0.4372082310654649
1109,11090333,2.655410051345825,0.6258051901550267
1109,11090140,2.704983711242676,0.6508391363049589
2236,22360253,2.717580795288086,0.6572004726334676
2236,22360159,2.925124168395996,0.7620067273455352
2236,22360310,2.9166290760040283,0.7577168345693771
2236,22360092,2.3841609954833984,0.48882853215138045
2236,22360350,2.606528282165528,0.6011206383200566
2236,22360311,2.974827527999878,0.7871061698798022
2236,22360293,2.137359380722046,0.3641974610037658
2236,22360221,2.5209882259368896,0.5579242076803662
2236,22360265,2.477332353591919,0.5358786544634703
2236,22360147,2.375756025314331,0.4845841497305138
2236,22360186,3.054792642593384,0.8274873395729877
2236,22360262,2.747128963470459,0.67212184928078
2236,22360259,2.8600919246673584,0.7291664308877096
2236,22360126,1.801721692085266,0.1947055203097785
2236,22360222,3.0197386741638184,0.8097856173311141
2236,22360326,2.244271755218506,0.4181865881223753
2236,22360227,2.4549927711486816,0.5245975042506431
1061,10610073,2.5533034801483154,0.5742429207919958
1061,10610080,2.1462624073028564,0.3686933543563885
1061,10610069,2.6749460697174072,0.6356705830454422
1061,10610057,2.525130033493042,0.5600157576595254
1061,10610102,2.755985736846924,0.6765943854669304
1061,10610015,2.452999830245972,0.5235910993303238
1061,10610017,2.60223650932312,0.5989533581465102
1061,10610087,2.3735127449035645,0.4834513271566071
1061,10610035,2.800074815750122,0.6988587014234148
1501,15010014,2.9213335514068604,0.7600925232746941
1501,15010145,2.273510694503784,0.43295180886806606
1501,15010087,2.8025453090667725,0.7001062630676725
1501,15010038,2.739905595779419,0.6684741581848449
1501,15010115,2.7442381381988525,0.6706620263762609
1501,15010004,2.549832820892334,0.5724902905222157
1501,15010103,2.68103575706482,0.6387457827672754
1501,15010121,2.7377562522888184,0.6673887723304747
1501,15010169,2.4986352920532227,0.5466363151926811
1501,15010170,2.297372579574585,0.44500169881246887
1501,15010079,2.698815107345581,0.6477240849228046
1501,15010151,2.2064218521118164,0.3990729612865803
1501,15010137,2.879589796066284,0.739012560135674
1501,15010097,1.9607861042022705,0.27503063521138604
1501,15010094,2.328526258468628,0.46073383401145385
1501,15010041,2.553682804107666,0.5744344736366219
1501,15010159,2.38326096534729,0.4883740305872931
1501,15010033,3.202798128128052,0.9022278643290561
1033,10330325,2.1759796142578125,0.3837000930193136
1033,10330033,2.081017255783081,0.33574554269413126
1033,10330268,1.7291114330291748,0.1580384410801028
1033,10330026,2.059788942337036,0.3250255664654661
1033,10330346,2.017267227172852,0.3035527454182031
1033,10330035,1.81267774105072,0.20023815881958174
1033,10330277,2.054605722427368,0.3224081190473841
1033,10330053,1.923863410949707,0.25638523528492496
1033,10330257,2.127893209457397,0.35941718812945445
1033,10330147,3.1582727432250977,0.8797432204620338
1033,10330103,1.9102071523666384,0.2494890318839772
1033,10330241,2.033623456954956,0.3118123933125302
1033,10330139,2.033541202545166,0.31177085608349453
1033,10330129,2.033605098724365,0.3118031226846002
1033,10330235,2.758655071258545,0.6779423588474661
1033,10330085,2.0910403728485107,0.34080706474823275
1033,10330052,1.8489736318588257,0.21856703302101355
1033,10330345,1.914653182029724,0.2517342094116859
1033,10330197,2.1202640533447266,0.355564580036943
1033,10330206,2.1651127338409424,0.37821248327374046
461,4610151,2.5659217834472656,0.5806149725216182
461,4610231,2.605024576187134,0.6003612896141758
461,4610176,2.778332233428955,0.6878790272149519
461,4610148,2.301197052001953,0.4469329993659855
461,4610177,2.2137770652771,0.4027872323467382
461,4610230,2.862238645553589,0.7302504923666614
461,4610246,2.3650941848754883,0.47920008206311693
461,4610362,2.1699814796447754,0.3806711260393639
461,4610239,2.4004576206207275,0.4970580806043775
5424,54240079,2.212110042572021,0.4019454111716122
5424,54240138,2.4834508895874023,0.5389684223149073
5424,54240116,2.260540246963501,0.42640192963906454
5424,54240152,2.250770568847656,0.42146839040949924
5424,54240002,2.528428792953491,0.5616815811405088
5424,54240038,2.0069260597229004,0.2983306127451629
5424,54240093,2.323740005493164,0.4583168488726316
5424,54240126,2.25659728050232,0.4244107913961833
5424,54240094,2.8436074256896973,0.7208420089956397
5424,54240125,2.1582934856414795,0.3747688663900247
5424,54240117,2.5839593410491943,0.5897236654569903
5424,54240109,2.2123379707336426,0.40206051143525945
5424,54240099,2.577722311019897,0.5865740599161885
5424,54240053,2.3012990951538086,0.4469845296095428
5424,54240039,2.479240894317627,0.5368424385748661
5424,54240091,2.42256236076355,0.5082206390183633
5424,54240048,2.169739961624145,0.3805491631030934
5424,54240115,2.58294939994812,0.5892136605230899
5424,54240097,2.034137964248657,0.312072211690093
131,1310078,2.73080849647522,0.663880261051251
131,1310061,2.405125856399536,0.49941546884936583
131,1310096,2.582470417022705,0.5889717814125596
131,1310081,2.4632725715637207,0.5287786778447164
131,1310123,2.5363926887512207,0.5657032276955315
131,1310152,2.360236167907715,0.476746857196933
131,1310144,2.477126121520996,0.5357745103964676
131,1310020,2.5666284561157227,0.58097183149803
131,1310148,2.8348283767700195,0.716408722480984
131,1310129,2.3018479347229004,0.4472616852653123
131,1310162,2.369539737701416,0.48144501879529533
131,1310122,2.4256701469421387,0.5097900238893246
131,1310154,2.446033239364624,0.5200730766276395
131,1310155,2.642169713973999,0.6191190206556815
131,1310062,1.970248341560364,0.27980892152256953
131,1310165,2.543215036392212,0.5691484097501963
131,1310023,2.3315954208374023,0.46228371444443306
131,1310076,2.0689053535461426,0.32962921581805105
131,1310022,2.414609670639038,0.5042046511583108
131,1310168,2.3458170890808105,0.46946544114584
53,530037,2.0023436546325684,0.2960165676956904
53,530094,2.7564823627471924,0.6768451740120943
53,530055,1.9188942909240725,0.2538759050601015
53,530115,2.518322706222534,0.5565781606640757
53,530154,1.9902634620666504,0.28991625372239793
53,530163,2.6367452144622803,0.6163797306990945
53,530076,2.306906223297119,0.44981604425436583
53,530054,2.2015748023986816,0.396625274717601
53,530109,2.496361255645752,0.5454879613070479
53,530030,2.07373046875,0.3320658257926207
53,530003,2.568420886993408,0.5818769818977144
53,530019,2.758245944976806,0.6777357562821748
53,530174,1.878009796142578,0.23322985546729857
53,530006,2.0504260063171387,0.3202974258235388
5218,52180042,2.268171548843384,0.430255621311464
5218,52180112,2.4776649475097656,0.5360466093460933
5218,52180124,2.136672258377075,0.36385047464411036
5218,52180160,2.270045280456543,0.43120182734912305
5218,52180068,2.234151840209961,0.4130761845755534
5218,52180104,2.126982927322388,0.35895750946145866
5218,52180098,2.1042983531951904,0.34750214368221155
5218,52180028,2.198483228683472,0.3950640768946819
5218,52180017,1.885220050811768,0.23687092468614135
5218,52180137,1.9274766445159912,0.25820986341836716
5218,52180090,1.853886961936951,0.2210481901687521
5218,52180046,2.186392545700073,0.3889584654197148
5218,52180084,2.2499301433563232,0.4210439882867424
5218,52180117,1.9664947986602783,0.27791343930423584
5218,52180037,2.089019536972046,0.33978657328937045
5218,52180093,2.002214193344116,0.295951191709121
5218,52180146,2.090742826461792,0.34065680833711187
5218,52180027,2.018117666244507,0.30398220424710354
5218,52180143,2.279876947402954,0.4361666699976715
1050,10500163,2.610881805419922,0.6033191015148208
1050,10500152,2.0407583713531494,0.31541541683753127
1050,10500083,2.8672494888305664,0.7327808922004161
1050,10500100,2.1649889945983887,0.3781499968335388
1050,10500131,2.943807363510132,0.7714414574293972
1050,10500073,2.280681610107422,0.4365730124556305
1050,10500113,2.9553353786468506,0.7772629301782058
1050,10500167,2.44722843170166,0.5206766306251943
1050,10500108,2.685311079025269,0.6409047554950146
1050,10500071,2.46781587600708,0.5310729776606763
1050,10500110,2.921759366989136,0.7603075536835578
9639,96390015,2.454179525375366,0.5241868274731328
9639,96390014,2.3205676078796387,0.45671483620726827
9639,96390020,2.314021587371826,0.4534091951626106
9639,96390007,2.4278478622436523,0.5108897370777682
3060,30600104,2.4899747371673584,0.54226286636739
3060,30600011,2.702423572540283,0.6495463051009404
3060,30600140,2.297413110733032,0.4450221664325732
3060,30600156,2.4685933589935303,0.5314655947733887
3060,30600147,2.5242919921875,0.5595925595144214
3060,30600055,3.157156467437744,0.8791795181248002
3060,30600154,3.144019365310669,0.8725454808578391
3060,30600099,2.812102794647217,0.7049326482861019
3060,30600039,2.5106444358825684,0.5527007506319078
3060,30600085,2.518084764480591,0.5564580036942851
3060,30600042,3.174241781234741,0.8878073423854796
3060,30600020,2.5055911540985107,0.5501489199959259
2034,20340055,2.4915213584899902,0.5430438866710284
2034,20340016,1.906330943107605,0.24753160501538563
2034,20340169,2.173328161239624,0.38236114947117705
2034,20340140,2.512941837310791,0.5538609034985423
2034,20340144,2.115886688232422,0.35335407706564637
2034,20340065,2.489601850509644,0.542074564262428
2034,20340043,2.3352646827697754,0.4641366360527256
2034,20340096,2.5104217529296875,0.5525882991190979
2034,20340113,2.431896686553955,0.512934331928452
2034,20340098,2.1999988555908203,0.39582944548882815
2034,20340029,2.2109599113464355,0.40136461235170307
2034,20340166,2.546355724334717,0.5707344095127721
2034,20340162,2.253479480743408,0.42283634981907825
2034,20340056,2.1401281356811523,0.3655956402524404
2034,20340124,2.437208652496338,0.5156167941398074
2034,20340063,2.513734102249145,0.5542609852727044
2034,20340156,2.206777334213257,0.39925247435467404
2034,20340019,2.448983192443848,0.5215627581779584
3631,36310116,2.077833414077759,0.3341377509360325
3631,36310170,2.732977390289306,0.6649755195223771
3631,36310036,2.207106351852417,0.39941862327081734
3631,36310062,2.529299259185791,0.5621211533816964
3631,36310035,2.826744794845581,0.7123266362477702
3631,36310110,2.5253942012786865,0.5601491583835011
3631,36310120,1.944539189338684,0.2668261896924584
3631,36310097,2.666329860687256,0.6313195282045011
3631,36310148,2.469210624694824,0.531777304587805
3631,36310100,2.677611351013184,0.6370165096639678
3631,36310171,2.260862112045288,0.426564466622248
3631,36310080,2.5904464721679688,0.5929995682536137
3631,36310021,2.004545927047729,0.2971286818539617
3631,36310041,2.374620199203491,0.48401057477652387
3631,36310134,2.388521432876587,0.4910304868813392
3631,36310007,2.402642011642456,0.4981611649302501
3631,36310098,1.9954639673233032,0.2925424299784657
3631,36310047,2.4204540252685547,0.5071559615796285
3631,36310159,1.97241759300232,0.2809043605903443
3631,36310063,1.9691027402877808,0.27923041026020134
2427,24270245,2.0026142597198486,0.2961532191593298
2427,24270270,1.9780923128128047,0.2837700080016353
2427,24270206,2.328641891479492,0.46079222692763444
2427,24270057,2.20192551612854,0.39680237983038846
2427,24270155,2.46097183227539,0.5276168394093669
2427,24270011,2.052241086959839,0.32121401401092886
2427,24270127,2.112325668334961,0.3515558160428097
2427,24270178,1.9502432346344,0.2697066460288847
2427,24270019,1.5794285535812378,0.08245085784611772
2427,24270176,2.415095090866089,0.5044497810085048
2427,24270051,2.024653673171997,0.30728278858561764
2427,24270292,1.897535800933838,0.24309019165157086
2427,24270028,1.874074935913086,0.23124281074843833
2427,24270168,2.178485155105591,0.3849653531350735
2427,24270336,1.807595014572144,0.19767145905958294
2427,24270077,2.020421028137207,0.3051453670578711
2427,24270313,2.109084129333496,0.3499188880255032
2427,24270197,2.10947585105896,0.3501167015539258
2427,24270183,2.371459484100342,0.4824144616016611
2427,24270053,2.0072929859161377,0.29851590490599234
2438,24380276,2.06013560295105,0.325200624816243
2438,24380265,2.536560535430908,0.5657879877223176
2438,24380278,2.5464446544647217,0.5707793178792367
2438,24380154,2.602051258087158,0.5988598090828557
2438,24380247,2.76635217666626,0.6818292803030944
2438,24380200,2.522433042526245,0.5586538181382125
2438,24380204,3.03153395652771,0.8157420559748477
2438,24380194,2.315610647201538,0.4542116462684761
2438,24380315,2.8338711261749268,0.7159253254532195
2438,24380369,2.8455071449279785,0.7218013383897185
2438,24380041,2.1659812927246094,0.3786510923328056
2438,24380363,2.4012317657470703,0.49744901214837534
2438,24380116,2.0094542503356934,0.29960731064862867
2438,24380040,1.939211130142212,0.26413560063194386
2438,24380142,2.1138176918029785,0.3523092652581895
2438,24380354,2.6124184131622314,0.6040950651123155
2438,24380234,2.3591222763061523,0.47618435883735255
2438,24380325,2.6165499687194824,0.606181437987566
2438,24380197,2.474162578582764,0.5342779661735259
2438,24380317,1.7972683906555176,0.19245667065022742
3012,30120001,2.7420899868011475,0.6695772425107173
3012,30120141,2.487220287322998,0.5408719109846346
3012,30120155,2.8294692039489746,0.713702421512095
3012,30120165,2.218592405319214,0.4052189060129293
3012,30120021,2.32000732421875,0.45643190145876356
3012,30120018,2.794454574584961,0.6960205649014991
3012,30120079,2.5103423595428467,0.5525482066632458
3012,30120097,2.1469085216522217,0.3690196323004088
3012,30120163,2.335789442062378,0.46440163153419756
3012,30120044,1.976013422012329,0.28272019968691775
3012,30120029,2.44973087310791,0.5219403255700054
3012,30120072,2.7931947708129883,0.6953843831095422
3012,30120154,2.5528876781463623,0.5740329470892759
3012,30120150,2.5501363277435303,0.5726435568774696
3012,30120106,2.604646921157837,0.6001705795539071
3012,30120173,2.6677258014678955,0.6320244571204564
3012,30120121,2.317495584487915,0.4551635110011051
3012,30120089,2.3635001182556152,0.4783951026041796
3012,30120157,2.249335527420044,0.42074371626003126
9070,90700082,2.515054702758789,0.5549278684948186
9070,90700172,2.691725254058838,0.6441438165754495
9070,90700057,2.009645462036133,0.29970386965641616
9070,90700164,2.044492721557617,0.3173012070357565
9070,90700065,2.353074073791504,0.47313010832668556
9070,90700081,2.0137243270874023,0.30176363462553046
9070,90700055,2.195291757583618,0.3934524324080927
9070,90700059,2.224946975708008,0.4084278676520342
9070,90700047,1.718662142753601,0.15276170802048983
9070,90700045,2.0730223655700684,0.33170824442961677
9070,90700042,1.8077616691589355,0.1977556170975422
9070,90700108,2.07757306098938,0.3340062765763018
9070,90700054,2.3816750049591064,0.4875731446523769
9070,90700111,1.8665509223937988,0.22744329807043318
9070,90700006,2.267777442932129,0.43005660380538824
9070,90700127,2.0236167907714844,0.30675917870423597
9070,90700019,1.9270429611206048,0.25799085988324755
9070,90700117,2.4295036792755127,0.5117258995579236
9070,90700008,2.0854969024658203,0.33800769630675054
9070,90700148,2.0190107822418213,0.30443321427599657
1135,11350374,2.266011953353882,0.4291650583531851
1135,11350221,2.526944637298584,0.5609321050513846
1135,11350141,2.4576239585876465,0.5259262139887274
1135,11350173,2.4927845001220703,0.5436817540316999
1135,11350158,2.1093504428863525,0.35005337232936695
48,480010,2.867912530899048,0.7331157183857743
48,480015,3.347311496734619,0.9752049230164651
2089,20890340,2.3034067153930664,0.44804884585498195
2089,20890260,2.625948905944824,0.6109277586920566
2089,20890371,2.1307380199432373,0.36085377426526677
2089,20890215,2.3724374771118164,0.4829083332350085
2089,20890259,2.410414457321167,0.5020861320797197
2089,20890112,1.9701255559921265,0.2797469166734291
2089,20890219,2.494117259979248,0.5443547775398451
2089,20890326,2.127681016921997,0.35931003411831874
2089,20890037,2.470409154891968,0.5323825441540747
2089,20890306,1.9225047826766968,0.25569914861924237
2089,20890156,2.364428758621216,0.4788640519001056
2089,20890313,2.029989957809448,0.3099775313690355
2089,20890134,2.2461133003234863,0.419116540461716
2089,20890267,2.1230475902557373,0.35697022394706746
2089,20890207,2.637432098388672,0.6167265966609848
2089,20890206,2.2182936668396,0.4050680476129821
2089,20890274,2.226487874984741,0.4092059984093047
2089,20890165,2.281651735305786,0.4370629109627223
2089,20890346,2.594006299972534,0.594797227287624
2089,20890003,1.83120346069336,0.20959336617944935
560,5600065,2.8250253200531006,0.711458327564274
560,5600154,2.684731721878052,0.6406121889252842
560,5600153,2.569896459579468,0.5826221236672874
560,5600180,2.079049587249756,0.33475189993693577
560,5600146,2.871760129928589,0.7350586975225272
560,5600145,2.47343373298645,0.5339099102049388
560,5600199,2.721372365951538,0.6591151582953699
560,5600060,2.5461208820343018,0.5706158177139308
93,930101,2.385829210281372,0.4896709553153328
93,930056,2.094268083572388,0.3424370096951507
93,930155,2.653573036193848,0.6248775253732274
93,930026,2.4263181686401367,0.5101172650154676
93,930099,2.2229018211364746,0.4073950956211093
93,930005,2.204521894454956,0.39811351149473595
93,930014,2.2250313758850098,0.4084704884609579
93,930148,2.6884477138519287,0.6424887084955794
93,930035,2.540975570678711,0.5680175135405349
93,930095,2.6056952476501465,0.6006999685280242
93,930162,2.529862403869629,0.5624055329033849
93,930040,1.9445217847824097,0.26681740065559
93,930111,2.675977230072021,0.6361913033804562
93,930089,2.534840106964112,0.5649191974477606
93,930050,2.043881416320801,0.316992507165473
93,930091,2.469205617904663,0.5317747762347335
93,930051,2.689907550811768,0.6432259040126412
5029,50290042,2.687116861343384,0.6418166481695567
5029,50290132,2.718111276626587,0.6574683576613073
5029,50290145,1.9312480688095093,0.2601143754690999
5029,50290149,2.4747884273529053,0.5345940103074937
5029,50290156,2.393440008163452,0.49351429277991465
5029,50290136,2.5649213790893555,0.5801097834983305
5029,50290068,2.3310036659240723,0.4619848871909059
5029,50290167,2.3718461990356445,0.4826097467770122
5029,50290087,2.235201358795166,0.4136061755384971
5029,50290038,2.46673583984375,0.5305275757837714
5029,50290060,2.2335612773895264,0.4127779593108528
5029,50290062,2.472818851470948,0.5335994043681759
5029,50290009,2.576664447784424,0.5860398550314588
5029,50290079,2.5250535011291504,0.5599771099768572
5029,50290162,2.1265368461608887,0.35873224524254266
5029,50290174,2.1608681678771973,0.37606904185772805
5029,50290120,2.708558320999145,0.6526442600004189
5029,50290126,2.072149515151977,0.3312674682107758
5029,50290028,2.9240548610687256,0.7614667433680699
1039,10390039,2.697746753692627,0.6471845825364005
1039,10390366,1.876374363899231,0.23240398699607823
1039,10390189,2.3353047370910645,0.4641568628772995
1039,10390257,2.0561013221740723,0.32316337422924357
1039,10390004,2.2920143604278564,0.4422958794346411
1039,10390183,2.6233179569244385,0.6095991693517376
1039,10390244,2.056480884552002,0.323355047471635
1039,10390285,2.35049819946289,0.47182933087015544
1039,10390269,2.4765493869781494,0.5354832682021556
1039,10390166,2.63083815574646,0.6133967556654975
1039,10390170,2.2373147010803223,0.41467338133030396
1039,10390218,2.2712595462799072,0.4318150131679036
1039,10390041,2.3853228092193604,0.4894152304617906
1039,10390064,1.858588933944702,0.223422614697533
1039,10390341,2.2043161392211914,0.3980096082232637
1039,10390216,2.199993848800659,0.3958269171357566
1039,10390126,2.425076723098755,0.5094903538514403
1039,10390175,2.255248785018921,0.42372982163552664
1039,10390027,2.2369892597198486,0.41450903838064057
1039,10390303,2.1639461517333984,0.37762337700802406
3068,30680037,2.2742505073547363,0.4333254031338577
3068,30680119,2.167059898376465,0.37919577182311837
3068,30680072,2.3252739906311035,0.4590914880947078
3068,30680097,2.7374181747436523,0.6672180482992492
3068,30680056,2.55539345741272,0.5752983276028013
3068,30680090,3.166469097137451,0.8838822548382445
3068,30680075,1.9956600666046145,0.29264145714044243
3068,30680114,2.520212411880493,0.5575324333520112
3068,30680140,2.979449987411499,0.7894404417538489
3068,30680162,2.673137903213501,0.6347574863932467
3068,30680034,2.4278953075408936,0.510913696233067
3068,30680005,2.393263816833496,0.49342531883134233
3068,30680016,2.615536689758301,0.605669747484951
3068,30680027,2.277887344360352,0.4351619506460668
3068,30680105,2.5241000652313232,0.559495639313338
3068,30680054,2.402844190597534,0.4982632622352424
3068,30680092,2.139189004898072,0.36512139345484085
2355,23550167,1.871689319610596,0.2300381107086349
2355,23550138,2.3499655723571777,0.47156036226242815
2355,23550003,2.5784153938293457,0.5869240562199775
2355,23550008,2.460486888885498,0.527371950354704
2355,23550257,2.159230232238769,0.37524190920997136
2355,23550260,2.133124351501465,0.36205883549836615
2355,23550002,2.3619918823242188,0.4776334663407581
2355,23550099,2.1982383728027344,0.3949404283896968
2355,23550233,2.387112855911255,0.4903191768838219
2355,23550202,2.1143898963928223,0.3525982198949603
2355,23550290,2.442656993865967,0.5183681238729264
2355,23550175,2.339216947555542,0.46613246980845446
2355,23550230,1.913200855255127,0.25100080642423217
2355,23550319,2.0141730308532715,0.3019902232198649
2355,23550123,2.054058074951172,0.3221315653804414
2355,23550201,2.112760543823242,0.35177542156675534
2355,23550341,2.713972568511963,0.6553783728530972
2355,23550237,1.9534419775009155,0.2713219626473158
2355,23550013,2.037524938583374,0.3137825823442456
2170,21700300,2.696493625640869,0.6465517718818726
2170,21700240,2.452253818511963,0.5232143747226338
2170,21700139,2.788022994995117,0.6927727147841957
2170,21700379,2.8044302463531494,0.7010581278003017
2170,21700291,2.260413885116577,0.4263381188234442
2170,21700236,2.501659393310547,0.5481634404480146
2170,21700029,2.075754404067993,0.33308788242243204
2170,21700232,2.212702989578247,0.40224484041396613
2170,21700362,2.543769836425781,0.5694285753500986
2170,21700211,2.448455810546875,0.5212964383210678
2170,21700034,2.479789018630981,0.5371192330373392
2170,21700224,2.5635528564453125,0.5794187003253871
2170,21700077,2.4046950340271,0.49919791008743075
2170,21700120,2.510404109954834,0.5525793896844641
2170,21700062,2.5771615505218506,0.5862908843721534
2170,21700131,2.7972936630249023,0.6974542614909435
2170,21700287,2.570213794708252,0.5827823730929297
2170,21700153,2.005402088165283,0.2975610302292301
2170,21700277,2.256129264831543,0.42417445058285763
2170,21700176,2.629331350326538,0.6126358417886678
1465,14650032,2.321262121200561,0.45706555489764844
1465,14650113,2.2123734951019287,0.4020784507022922
1465,14650047,2.5829286575317383,0.589203185917507
1465,14650023,2.4882826805114746,0.5414084034269059
1465,14650088,2.153940200805664,0.3725705235930258
1465,14650041,2.264594316482544,0.4284491732405854
1465,14650164,2.096376180648804,0.3435015667361204
1465,14650038,2.89416766166687,0.7463741610984708
1465,14650059,2.536216735839844,0.5656143741447247
1465,14650085,2.336904287338257,0.46496461148483925
1465,14650043,2.575582504272461,0.5854934899724314
1465,14650087,2.08294415473938,0.3367185974334569
1465,14650037,2.624342441558838,0.6101165185493226
1465,14650040,2.270638942718506,0.4315016177847727
1465,14650108,2.2886245250701904,0.44058406400730477
1465,14650125,2.3467607498168945,0.46994197550098116
1465,14650058,2.3964920043945312,0.4950555045737909
1465,14650011,2.1041834354400635,0.3474441119593269
2244,22440038,2.3056764602661133,0.44919503258083926
2244,22440340,2.3986496925354004,0.4961451043499473
2244,22440189,2.345759391784668,0.46943630488663224
2244,22440144,3.103290319442749,0.8519779306080256
2244,22440352,2.3467910289764404,0.469957266017177
2244,22440073,2.077843427658081,0.3341428076421761
2244,22440134,2.499537467956543,0.5470919003366562
2244,22440126,1.954623103141785,0.27191841317671683
2244,22440286,2.4501774311065674,0.5221658305844518
2244,22440180,2.3939828872680664,0.49378843849155085
2244,22440165,2.2689266204833984,0.4306369210342361
2244,22440062,2.126975774765014,0.3589538975284986
2244,22440215,2.0409951210021973,0.3155349718184951
2244,22440361,2.5652050971984863,0.5802530568390628
2244,22440312,2.285507202148437,0.43900986322573055
2244,22440039,2.195322036743164,0.39346772292428833
2244,22440139,2.4318532943725586,0.5129124195351636
2244,22440362,1.972796082496643,0.2810954920427914
2244,22440277,2.67824387550354,0.6373359249353646
2244,22440337,2.4893531799316406,0.5419489893931978
9649,96490018,2.4236772060394287,0.508783618969005
9649,96490003,2.525294542312622,0.5600988321175969
9649,96490009,2.4882140159606934,0.5413737288704933
9649,96490006,2.573712110519409,0.584548969503487
9649,96490012,2.703320980072021,0.649999482289609
9649,96490011,2.3907809257507324,0.49217149650328784
5551,55510070,2.513794422149658,0.5542914459073308
5551,55510078,2.7584385871887207,0.6778330376765543
5551,55510156,2.610344171524048,0.6030476045540215
5551,55510100,2.786141872406006,0.6918227764158117
5551,55510093,2.5115201473236084,0.5531429716239323
5551,55510130,2.87595009803772,0.7371745678502813
5551,55510096,2.5705254077911377,0.5829397329722042
5551,55510079,2.734297037124634,0.66564192115343
5551,55510165,3.0057833194732666,0.8027383749335707
5551,55510061,2.792825698852539,0.695198007368825
5551,55510110,2.725313425064087,0.6611053333561289
5551,55510084,2.4850668907165527,0.539784478368254
5551,55510164,2.6967644691467285,0.6466885437432773
5551,55510143,2.743127822875977,0.6701013339831606
5551,55510067,2.735008478164673,0.6660011880851483
5551,55510029,2.664381504058838,0.6303356376662964
5551,55510046,2.689486026763916,0.6430130407635531
5551,55510088,2.395891189575196,0.49475210220518184
5551,55510122,2.35583758354187,0.47452563882452303
5551,55510024,2.309759616851806,0.4512569647097292
6067,60670038,1.9851247072219849,0.28732126048754847
6067,60670029,2.457528591156006,0.5258780548825991
6067,60670041,2.597538471221924,0.5965809201808568
6067,60670035,2.083739995956421,0.33712048517409887
6067,60670017,2.2220187187194824,0.40694914229835966
6067,60670003,2.4602415561676025,0.5272480610541884
6067,60670111,2.058976411819458,0.32461525088125154
6067,60670062,2.128873348236084,0.35991214334268984
6067,60670094,2.3018648624420166,0.44727023350664996
6067,60670049,2.108262062072754,0.3495037565306759
6067,60670060,2.0625646114349365,0.326427237249335
6067,60670080,1.8815011978149407,0.23499296034266137
6067,60670140,2.5276589393615723,0.5612928167562868
6067,60670002,2.3085882663726807,0.45066545048870654
6067,60670075,2.4312314987182617,0.512598422163206
6067,60670144,2.861351251602173,0.7298023718841361
6067,60670036,2.208266258239746,0.40000435839910475
6067,60670072,2.214425802230835,0.4031148346661767
6067,60670149,2.647944927215576,0.6220354157250559
981,9810249,2.6010336875915527,0.5983459514204651
981,9810029,2.403881311416626,0.4987869925143894
981,9810235,2.837742328643799,0.7178802239687391
981,9810283,2.597273826599121,0.5964472786613503
981,9810155,2.334479808807373,0.46374028660928845
981,9810230,2.5334811210632324,0.5642329301854295
981,9810204,2.761587381362915,0.679423130963151
981,9810305,2.563715934753418,0.5795010523968668
981,9810075,2.6366076469421387,0.6163102611885042
981,9810344,2.457606315612793,0.5259173045540938
981,9810327,2.515284299850464,0.5550438115428228
981,9810293,2.447561740875244,0.5208449467011133
981,9810349,2.2224435806274414,0.4071636911161619
981,9810200,2.8403446674346924,0.7191943655772196
981,9810106,2.5354902744293213,0.5652475221537908
9118,91180133,2.166489839553833,0.3789079007662356
9118,91180044,2.3182711601257324,0.4555551649316948
9118,91180110,2.651551961898804,0.6238569135166
9118,91180101,2.4415078163146973,0.5177878066440785
9118,91180157,2.406844139099121,0.5002831755440355
9118,91180042,2.475348472595215,0.534876824658233
9118,91180151,2.4399938583374023,0.5170232808342893
9118,91180159,2.270186424255371,0.43127310282619324
9118,91180025,2.250927448272705,0.42154761213908076
9118,91180050,2.348970413208008,0.4710578219899776
9118,91180064,2.280850648880005,0.4366583744712432
9118,91180088,2.18039870262146,0.3859316655995412
9118,91180056,2.291347980499268,0.44195936768056876
9118,91180163,2.481508731842041,0.5379876621186009
9118,91180078,2.035249948501587,0.3126337468675512
9118,91180035,2.233686208724976,0.4128410477398815
9118,91180161,2.393669605255127,0.4936302358279189
594,5940271,2.477224111557007,0.5358239938780146
594,5940195,2.6341817378997803,0.6150852139263615
594,5940019,2.76804780960083,0.6826855492100584
594,5940380,2.5138347148895264,0.5543117931296703
594,5940193,2.5171988010406494,0.5560106055983517
594,5940267,2.540212869644165,0.5676323610892725
594,5940304,2.784373044967652,0.6909295453948942
594,5940142,2.6625068187713623,0.6293889500375763
594,5940025,2.8943207263946533,0.7464514564638071
594,5940283,2.55814266204834,0.5766866342347193
594,5940141,2.5472970008850098,0.5712097398902599
5015,50150070,2.1408262252807617,0.3659481649093007
5015,50150142,2.607198715209961,0.6014591968361395
5015,50150093,2.3443796634674072,0.4687395630187189
5015,50150175,2.4022247791290283,0.4979504688409381
5015,50150069,2.02856993675232,0.30926044227878313
5015,50150165,2.2288055419921875,0.4103763850859917
5015,50150129,2.581205368041992,0.5883329508697656
5015,50150170,2.7531659603118896,0.6751704410964771
5015,50150173,2.255096197128296,0.4236527670657212
5015,50150108,2.323322057723999,0.4581057915900236
5015,50150028,2.441192150115967,0.5176284000027934
5015,50150125,2.741344690322876,0.6692008790963234
5015,50150041,2.4261415004730225,0.5100280502713647
5015,50150145,2.3698806762695312,0.4816171875997045
5015,50150024,2.757298231124878,0.6772571751650233
5015,50150021,2.30086350440979,0.44676456289230104
5015,50150091,2.4583230018615723,0.5262792202366492
5015,50150159,2.216647386550904,0.4042367010434399
5015,50150163,2.7262983322143555,0.6616026965246705
8057,80570138,2.35002875328064,0.47159226767023854
8057,80570081,2.495450258255005,0.5450279214457557
8057,80570071,2.674410581588745,0.635400169664531
8057,80570080,2.726498603820801,0.6617038306475403
8057,80570013,2.984061479568481,0.7917691753306905
8057,80570146,2.642985582351685,0.6195310218086109
8057,80570157,2.911000967025757,0.7548747249212059
8057,80570089,2.779636859893799,0.6885378437867892
8057,80570004,3.2277750968933105,0.9148408546218657
8057,80570127,2.824753522872925,0.7113210741118078
8057,80570014,2.495861768722534,0.5452357279887
8057,80570053,2.4993178844451904,0.5469810139947956
8057,80570067,2.05784273147583,0.32404275950714945
8057,80570102,2.453016996383667,0.5235997679694268
8057,80570072,2.742550134658813,0.669809610197787
8057,80570031,2.9468109607696533,0.7729582284769131
8057,80570144,2.67813491821289,0.6372809031566126
8057,80570087,2.6132700443267822,0.6045251259300427
9630,96300004,2.761430025100708,0.6793436684380391
9630,96300013,2.584827423095703,0.5901620337205246
9630,96300010,2.502264499664306,0.5484690099763995
9630,96300019,2.672047138214112,0.6342066666169027
9630,96300016,2.9092390537261963,0.7539849854354824
9630,96300007,2.635260820388794,0.6156301342122049
9612,96120016,2.712815999984741,0.6547943232935244
9612,96120001,2.49922251701355,0.546932854888667
9612,96120010,2.787517786026001,0.69251759191948
2451,24510070,2.073873281478882,0.33213794405404806
2451,24510375,2.2313692569732666,0.4116710222564902
2451,24510316,1.948617696762085,0.26888577406492475
2451,24510206,2.109015226364136,0.3498840930713255
2451,24510114,1.9840658903121948,0.2867865740117571
2451,24510017,2.161529064178467,0.3764027844631982
2451,24510043,1.726520299911499,0.15672995816659252
2451,24510224,2.095370292663574,0.3429936085642301
2451,24510252,2.2267982959747314,0.40936275629975294
2451,24510179,2.804858446121216,0.7012743621868184
2451,24510164,1.891001582145691,0.2397905102962965
2451,24510195,1.7305718660354614,0.1587759375915776
2451,24510275,2.0417845249176025,0.3159336088194734
2451,24510336,2.156306266784668,0.3737653510160729
2451,24510061,2.096173048019409,0.3433989878400666
2451,24510215,2.293625593185425,0.4431095275326814
2451,24510351,2.216083526611328,0.4039519603284548
2451,24510323,2.1644229888916016,0.37786417253866633
2451,24510352,2.2324583530426025,0.4122209992484772
94,940102,3.06160306930542,0.8309265017393866
94,940173,2.35483980178833,0.47402177417665403
94,940015,2.4185590744018555,0.5061990401408559
94,940042,2.1528661251068115,0.37202813166025395
94,940027,2.074864864349365,0.3326386783600185
94,940021,2.4145452976226807,0.5041721437616741
94,940133,2.49824333190918,0.5464383812664934
94,940147,3.305516004562378,0.9540988335623702
94,940012,2.062251329421997,0.326269034585703
94,940032,2.2760841846466064,0.4342513823469426
94,940074,2.610100030899048,0.6029243172423325
94,940049,1.783337950706482,0.18542200981916013
94,940122,2.433949708938598,0.5139710770856324
94,940103,2.0579514503479004,0.32409766088813574
94,940150,2.855902910232544,0.7270510421510169
94,940068,2.3012595176696777,0.44696454358049953
94,940067,2.2404401302337646,0.4162516756358988
94,940073,2.862212657928467,0.7302373690102414
94,940086,2.2576839923858643,0.42495956441051697
149,1490153,2.517731189727783,0.5562794538083139
149,1490002,2.8071610927581787,0.7024371638042902
149,1490052,2.466956615447998,0.5306390641144588
149,1490155,2.6801016330718994,0.638274064322747
149,1490093,2.397578716278076,0.49560427758812453
149,1490016,2.233459949493408,0.41272679026059145
149,1490039,2.0415875911712646,0.3158341602653182
149,1490077,2.6560404300689697,0.6261235218465359
149,1490101,2.4675395488739014,0.5309334366506692
149,1490131,2.4526307582855225,0.5234047235896065
149,1490127,2.7182321548461914,0.657529399328325
149,1490032,1.8212162256240845,0.20454996398902847
149,1490056,2.48596739768982,0.5402392207278722
149,1490138,2.536060333251953,0.5655353932106738
149,1490024,2.252145290374756,0.42216260392434124
26,260032,2.670285940170288,0.633317288324475
26,260075,2.321408033370972,0.45713923833002557
26,260050,2.667709827423096,0.6320163904701802
26,260039,2.676326274871826,0.6363675657088864
26,260166,2.362663984298706,0.4779728676411984
26,260115,2.2799832820892334,0.4362203674010049
26,260033,2.324981212615967,0.4589436396388934
26,260112,2.200882196426392,0.39627551920934334
26,260015,2.112823009490967,0.3518069657812696
26,260052,1.725192666053772,0.15605952321040162
26,260048,2.77816104888916,0.6877925816194511
26,260011,1.9081083536148071,0.24842917035585488
26,260126,2.530231475830078,0.5625919086441021
26,260133,2.6983416080474854,0.6474849749608768
26,260121,2.1759731769561768,0.38369684227964995
26,260091,2.607208251953125,0.6014640127467524
26,260096,2.332289457321167,0.4626341923392828
26,260095,2.6122395992279053,0.6040047667883247
6,60020,2.020406007766724,0.30513778199865615
6,60136,1.8825241327285769,0.23550952695477223
6,60056,2.214513063430786,0.4031589002482844
6,60083,2.144228219985962,0.36766612062266846
6,60077,2.098174571990967,0.34440972707993767
6,60116,1.9285207986831665,0.2587371454315911
6,60015,1.9442729949951167,0.2666917655874771
6,60124,2.147700309753418,0.36941947327904046
6,60049,1.9887442588806152,0.28914907916177157
6,60153,1.906344532966613,0.2475384676880087
6,60130,2.1387975215911865,0.3649237003241831
6,60113,1.9943768978118896,0.29199347636748396
6,60102,2.1139235496521,0.35236272186599227
6,60029,1.9877774715423584,0.28866086622339415
6,60081,2.452695369720459,0.5234373513840086
6,60106,2.2383148670196533,0.4151784499558261
6,60111,2.2811179161071777,0.43679334036616824
6,60082,1.8836796283721924,0.23609303472440113
6,60031,1.4161546230316162,0.0
6,60094,1.888821601867676,0.23868965332908265
113,1130002,2.7116994857788086,0.6542305005585253
113,1130005,2.263401746749878,0.427846943618449
113,1130082,2.4101412296295166,0.5019481562406617
113,1130019,2.5659587383270264,0.5806336341752428
113,1130168,2.3526501655578613,0.47291604109994434
113,1130118,2.438330173492432,0.5161831452278783
113,1130155,2.5913174152374268,0.5934393812903319
113,1130102,2.5011801719665527,0.5479214409397192
113,1130039,2.727752923965454,0.6623372432908948
113,1130123,2.5241963863372803,0.5595442800105276
113,1130173,2.399496555328369,0.49657275721236804
113,1130021,2.779958963394165,0.688700501167738
113,1130024,2.694731473922729,0.6456619119983836
113,1130074,2.9478766918182373,0.7734964064878985
113,1130047,1.9114508628845213,0.2501170868267748
113,1130073,2.232143878936768,0.4120621945960189
113,1130138,2.309608697891236,0.4511807529242814
113,1130023,2.6203925609588623,0.6081218887712471
114,1140099,2.701174020767212,0.6489153004128921
114,1140108,2.40657925605774,0.500149413626764
114,1140045,2.775637626647949,0.6865182916712921
114,1140064,2.77597975730896,0.686691062464528
114,1140054,2.4897537231445312,0.5421512576389372
114,1140046,2.33301043510437,0.46299827518161407
114,1140056,2.666628122329712,0.6314701458089177
114,1140163,1.974740624427796,0.28207745621675107
114,1140146,2.6766176223754883,0.6365146917781089
114,1140008,2.266522169113159,0.4294227095709723
114,1140159,2.3692424297332764,0.48129488278193977
114,1140049,1.839699983596801,0.21388398134219877
114,1140059,2.5957119464874268,0.5956585529007313
114,1140133,2.6917107105255127,0.6441364723117647
114,1140104,2.3922598361968994,0.49291832384157497
114,1140140,2.583721399307251,0.5896035084871997
114,1140068,2.263767957687378,0.42803187458598224
114,1140120,2.5319056510925293,0.5634373417521873
2027,20270077,2.4194788932800293,0.5066635347194649
2027,20270167,2.9104998111724854,0.7546216488185008
2027,20270168,2.5416061878204346,0.5683359656298091
2027,20270048,2.0383362770080566,0.3141922959396336
2027,20270087,2.333390235900879,0.4631900688217706
2027,20270001,2.480557680130005,0.5375073954327348
2027,20270136,2.787449598312378,0.6924831581585981
2027,20270042,2.3344221115112305,0.4637111503500807
2027,20270020,2.213289737701416,0.4025411393144215
2027,20270171,2.662146806716919,0.6292071494119412
2027,20270174,2.685183525085449,0.6408403426905674
2027,20270146,2.574449062347412,0.5849211189960947
2027,20270113,2.8666634559631348,0.7324849544932567
2027,20270049,1.9481502771377563,0.2686497342460127
2027,20270170,2.724102258682251,0.6604937127082974
2027,20270142,2.2508082389831543,0.42148741325642003
2027,20270161,2.2348873615264893,0.4134476116815692
2016,20160371,2.502305030822754,0.5484894775965042
2016,20160131,2.2848012447357178,0.4386533654426147
2016,20160264,2.303907632827759,0.4483018015599217
2016,20160068,2.4879069328308105,0.5412186565487597
2016,20160312,2.2104883193969727,0.4011264655718979
2016,20160318,2.631685495376587,0.613824649323449
2016,20160295,1.9236388206481927,0.2562718205899921
2016,20160093,2.617154598236084,0.6064867667204205
2016,20160128,1.8403853178024288,0.2142300647186146
2016,20160042,2.204774856567383,0.39824125352374173
2016,20160222,3.110088586807251,0.8554109524883932
2016,20160171,2.502075672149658,0.5483736549462653
2016,20160245,1.9057254791259768,0.24722585489035276
2016,20160207,2.184414863586426,0.38795976595637616
2016,20160178,1.970938801765442,0.2801575934509395
2016,20160347,2.4638373851776123,0.5290639001507621
2016,20160132,2.4529757499694824,0.5235789391560263
2016,20160335,2.5280089378356934,0.5614695606757784
2016,20160344,2.482329130172729,0.5384019508290708
2016,20160151,2.4773406982421875,0.5358828683852567
2061,20610175,2.192683458328247,0.3921352808554791
2061,20610206,2.185865879058838,0.38869250675612077
2061,20610166,2.147877216339112,0.36950880842090916
2061,20610061,2.0136795043945312,0.30174099984565006
2061,20610328,2.1085095405578613,0.34962872941107925
2061,20610014,2.446845293045044,0.5204831514163232
2061,20610291,1.9199390411376955,0.2544034880677388
2061,20610168,1.7825956344604492,0.1850471513768328
2061,20610316,2.1133501529693604,0.35207316524039467
2061,20610194,1.966280937194824,0.2778054425087426
2061,20610122,1.8158271312713623,0.20182855310059167
2061,20610207,2.2595338821411133,0.4258937306716438
2061,20610341,2.171808242797852,0.38159361371725475
2061,20610174,2.3169569969177246,0.4548915324492445
2061,20610134,1.586790680885315,0.08616862044146967
2061,20610343,1.829216718673706,0.20859009160102782
2061,20610090,1.8334108591079712,0.21070806888967497
2061,20610201,2.230841875076294,0.4114047023995998
2061,20610010,2.078056573867798,0.33425044324437303
2061,20610302,1.7623074054718018,0.1748019035368289
765,7650181,2.028745412826538,0.3093490550340593
765,7650192,2.4043123722076416,0.49900467167409
765,7650377,2.290566921234131,0.4415649446013764
765,7650254,1.970888376235962,0.2801321293235741
765,7650197,1.792328715324402,0.1899622095494211
765,7650271,2.042358875274658,0.31622364703613204
2981,29810234,2.2507247924804688,0.4214452740385578
2981,29810200,2.135503053665161,0.3632600440029753
2981,29810301,2.302154064178467,0.44741627599598466
2981,29810135,2.492619276046753,0.5435983183803322
2981,29810283,2.388219356536865,0.49087794291267695
2981,29810349,2.046320676803589,0.3182242967024739
2981,29810235,2.505039930343628,0.5498705603625033
2981,29810216,2.2093706130981445,0.40056204084807223
2981,29810147,2.489492654800415,0.5420194220859106
2981,29810360,1.9566335678100584,0.27293366733278734
2981,29810221,2.666238307952881,0.6312732954626178
2981,29810204,2.18294620513916,0.3872181157219977
2981,29810350,2.073435544967652,0.3319168937569187
2981,29810139,2.229719638824463,0.4108379901182332
2981,29810294,2.2365541458129883,0.4142893124589294
2981,29810020,1.9437488317489624,0.26642707110041874
2981,29810243,2.153099775314331,0.3721461214702687
2981,29810315,2.7532553672790527,0.6752155902584726
2981,29810027,1.990005373954773,0.2897859231414378
2981,29810158,2.283846616744995,0.4381712927902689
1027,10270366,1.946967959403992,0.2680526817277852
1027,10270140,2.132908821105957,0.36194999591851584
1027,10270124,2.125741004943848,0.3583303575019007
1027,10270265,2.029415369033813,0.30968737275461156
1027,10270238,2.136803388595581,0.36391669341503696
1027,10270368,1.8173179626464844,0.2025814003271449
1027,10270314,2.4704909324646,0.53242384058758
1027,10270301,2.173985719680786,0.3826932065079328
1027,10270349,2.203011989593506,0.397351032446957
1027,10270306,2.0397465229034424,0.31490444872150813
1027,10270117,2.6518702507019043,0.6240176445333036
1027,10270377,2.018254518508911,0.3040513125643979
1027,10270170,2.36377215385437,0.4785324764544111
1027,10270226,1.998108148574829,0.2938777013947601
1027,10270354,2.1075825691223145,0.34916062289951044
1027,10270198,1.991087317466736,0.2903322882004654
1027,10270268,1.7805521488189695,0.184015222130265
1027,10270131,1.9022650718688965,0.24547840172448132
1027,10270356,2.1167585849761963,0.35379437169342587
1027,10270294,2.067667961120605,0.329004351416034
1099,10990202,2.303668260574341,0.4481809222035392
1099,10990276,2.292649507522583,0.44261661908145655
1099,10990048,1.791643142700195,0.18961600577523996
1099,10990260,2.045562028884888,0.31784119101322206
1099,10990139,2.9602510929107666,0.7797452913035973
1099,10990267,1.803703784942627,0.1957064471317761
1099,10990087,2.3484132289886475,0.47077645241242216
1099,10990291,2.359713315963745,0.47648282489758376
1099,10990123,1.8379119634628296,0.2129810583011731
1099,10990082,2.063807725906372,0.3270549911977195
1099,10990165,2.5370137691497803,0.566016863874193
1099,10990313,2.1494295597076416,0.3702927182709147
1099,10990239,2.897903680801392,0.7482607940810536
1099,10990162,1.9746177196502688,0.28201539116872776
1099,10990218,2.420982360839844,0.5074227630275804
1099,10990060,2.117077589035034,0.3539554639034256
1099,10990020,1.959967851638794,0.27461743008080375
1099,10990063,2.1881768703460693,0.38985952229537857
1099,10990279,2.561136484146118,0.5781984689738572
1099,10990188,1.937138080596924,0.26308874206247645
36,360314,2.094330072402954,0.34246831311413406
36,360034,2.127898693084717,0.3594199572780571
36,360013,1.8919379711151123,0.2402633725195954
36,360036,2.145971298217773,0.3685463486849311
36,360132,2.0280921459198,0.3090191651570794
36,360313,2.5016489028930664,0.5481581429463406
36,360378,2.3668670654296875,0.480095359846045
36,360332,2.569589853286743,0.5824672921410842
36,360343,2.3409996032714844,0.4670326838997608
36,360283,2.988650321960449,0.7940864711198269
36,360241,2.2070088386535645,0.399369380584801
36,360190,2.0788378715515137,0.3346449867213305
36,360210,2.857144832611084,0.7276781941105749
36,360133,1.9532018899917605,0.27120072209763746
36,360339,2.194201231002808,0.3929017330295138
36,360334,2.1168200969696045,0.35382543431687885
6902,69020075,3.192979574203491,0.8972696435576001
6902,69020059,2.305128335952759,0.44891823811836595
6902,69020163,2.6817147731781006,0.63908867560291
6902,69020123,3.0106959342956543,0.8052191708880131
6902,69020024,2.923725843429565,0.7613005944519263
6902,69020037,2.810790777206421,0.7042700993835395
6902,69020175,2.280320644378662,0.43639073023893415
2014,20140121,2.3106632232666016,0.45171327224029667
2014,20140114,2.136497974395752,0.36376246387766054
2014,20140096,2.0893776416778564,0.33996741073288284
2014,20140087,2.855210304260254,0.726701286642759
2014,20140028,2.5404038429260254,0.5677287996992947
2014,20140041,1.9011917114257808,0.2449363709850052
2014,20140117,2.5430748462677,0.5690776158641876
2014,20140048,2.845053672790528,0.721572341840078
2014,20140074,2.6526103019714355,0.6243913591968603
2014,20140014,2.6571669578552246,0.6266924012876783
2014,20140045,2.6124460697174072,0.6041090312530929
2014,20140036,1.9496164321899407,0.2693901203038548
2014,20140083,2.608059883117676,0.6018940735644794
2014,20140004,2.594477891921997,0.5950353740674291
2014,20140133,2.552231788635254,0.5737017328368773
2014,20140099,2.4308009147644043,0.512380983799036
2014,20140055,3.180154800415039,0.8907933273632097
2014,20140173,2.740237236022949,0.6686416314764067
9625,96250004,2.6139609813690186,0.6048740386539434
9625,96250021,2.1657063961029053,0.3785122737093901
9625,96250011,2.19273042678833,0.39215899921524733
9625,96250017,2.578094482421875,0.5867620008278552
9625,96250008,2.5193026065826416,0.5570729954795456
9625,96250014,2.5503315925598145,0.5727421626472676
2380,23800093,1.753143072128296,0.17017405423341425
2380,23800056,2.1329262256622314,0.36195878495538436
2380,23800352,1.855468392372132,0.2218467885461275
2380,23800298,1.6033893823623655,0.09455071286312855
2380,23800326,2.103787899017334,0.34724437206665903
2380,23800338,2.178894758224488,0.38517219649589574
2380,23800363,1.866791844367981,0.2275649600122902
2380,23800186,2.1392505168914795,0.3651524560782934
2380,23800278,1.8714450597763064,0.22991476319806337
2380,23800114,2.2342522144317627,0.4131268720347535
2380,23800330,1.82708203792572,0.20751211020922478
2380,23800280,1.980782389640808,0.28512845598775416
2380,23800242,1.994614601135254,0.29211351293950905
2380,23800124,2.2113163471221924,0.40154460701085826
2380,23800160,2.00260591506958,0.2961490052375436
2380,23800260,1.9165914058685305,0.25271298304486445
2380,23800368,2.274544477462769,0.4334738535784989
2380,23800015,1.9703625440597528,0.2798665920521579
2380,23800042,1.9105396270751955,0.24965692656771754
2380,23800277,2.303539752960205,0.44811602780803106
9558,95580008,2.29036831855774,0.4414646532628642
9558,95580166,2.4795382022857666,0.5369925745882217
9558,95580133,2.2446866035461426,0.41839608023403396
9558,95580101,2.3866539001464844,0.4900874111855785
9558,95580071,1.955508589744568,0.2723655704771196
9558,95580012,2.345387935638428,0.4692487251682621
9558,95580016,2.3466196060180664,0.4698707000239112
9558,95580097,2.197427272796631,0.3945308351920743
9558,95580039,2.691254138946533,0.6439059105911747
9558,95580157,2.805992603302002,0.7018470943564511
9558,95580116,2.241530656814575,0.4168023750144779
9558,95580173,2.10185170173645,0.346266621814486
9558,95580045,2.456352949142456,0.5252843735018004
9558,95580056,2.343314409255981,0.46820162580326363
9558,95580067,1.986850023269653,0.28819251891629494
2208,22080179,2.7789456844329834,0.6881888106651232
2208,22080341,2.84590744972229,0.7220034862376928
2208,22080294,2.867114305496216,0.7327126266674792
2208,22080124,2.3893139362335205,0.4914306890532668
2208,22080189,2.506821632385254,0.5507702928627484
2208,22080202,2.4612486362457275,0.5277566212149051
2208,22080187,2.4253950119018555,0.509651084868144
2208,22080204,2.8236820697784424,0.7107800065544544
2208,22080192,2.98229455947876,0.7908769074918959
2208,22080181,2.5840067863464355,0.5897476246122891
2208,22080116,2.72072696685791,0.6587892415446456
2208,22080210,3.106724739074707,0.853712260417477
2208,22080146,2.521155834197998,0.558008847309387
2208,22080028,2.091033935546875,0.3408038140085691
2208,22080100,2.60356068611145,0.5996220473351038
2208,22080038,2.176781415939331,0.38410499070408866
2208,22080299,2.700988292694092,0.6488215105537071
2208,22080340,2.2708630561828613,0.4316147916841745
1030,10300153,2.062450408935547,0.32636956671974604
1030,10300325,2.3096907138824463,0.45122216975555174
1030,10300316,2.142209053039551,0.3666464719481636
1030,10300106,1.8516545295715328,0.21992084569316706
1030,10300275,2.230829954147339,0.4113986825113337
1030,10300133,2.4948463439941406,0.5447229539061972
1030,10300217,2.247755765914917,0.4199459606670134
1030,10300194,2.344928503036499,0.46901671867448813
1030,10300216,1.9725078344345093,0.28094993114451805
1030,10300298,2.452357053756714,0.5232665069550179
1030,10300003,2.717226028442383,0.6570213207586698
1030,10300159,2.556378126144409,0.5757955703735774
1030,10300169,2.59589958190918,0.5957533059420393
1030,10300236,2.1998283863067627,0.39574336108662356
1030,10300282,2.1788408756256104,0.38514498660093277
1030,10300123,2.205181837081909,0.39844677250914484
1030,10300328,2.303420066833496,0.4480555881298399
1030,10300157,2.020399808883667,0.30513465165675757
1030,10300128,2.3611156940460205,0.47719100455320274
1030,10300105,2.1850414276123047,0.3882761712836401
2251,22510166,2.195983409881592,0.3938017063252893
2251,22510190,2.17181658744812,0.38159782763904093
2251,22510255,2.1856961250305176,0.3886067835472119
2251,22510368,2.429159641265869,0.5115521655825651
2251,22510066,2.2569580078125,0.42459295321511414
2251,22510230,2.304490566253662,0.44859617409613184
2251,22510211,2.496868371963501,0.545744047353886
2251,22510300,1.8849729299545288,0.23674613240238573
2251,22510320,2.0786585807800293,0.3345544476018091
2251,22510152,2.378387928009033,0.485913220661894
2251,22510069,2.0501089096069336,0.3201372967956616
2251,22510266,1.9244781732559204,0.2566956809228056
2251,22510093,1.8529536724090576,0.22057689311640227
2251,22510323,2.0848491191864014,0.33768057557837283
2251,22510291,2.298949241638184,0.4457978892345379
2251,22510276,1.93864107131958,0.263847729575061
2251,22510089,1.9705318212509155,0.27995207446553627
2251,22510122,2.3116912841796875,0.45223242740436154
2251,22510237,2.1696221828460693,0.380489686607025
2251,22510095,1.85073471069336,0.21945635111455863
2402,24020084,2.293462991714477,0.44302741625673214
2402,24020265,2.963919162750244,0.7815976109230632
2402,24020053,2.4748997688293457,0.5346502360638986
2402,24020321,2.097462177276612,0.3440499785571586
2402,24020205,2.5944626331329346,0.5950276686104486
2402,24020142,2.385998010635376,0.48975619693317995
2402,24020047,2.6225240230560303,0.6091982447932182
2402,24020260,2.504875898361206,0.5497877266999623
2402,24020158,1.8139374256134035,0.20087428041265631
2402,24020328,2.214251518249512,0.4030268238997273
2402,24020051,2.412558078765869,0.5031686283877222
2402,24020238,2.2645602226257324,0.42843195636014453
2402,24020069,2.0680086612701416,0.3291763998226783
2402,24020233,2.2992331981658936,0.44594128297303504
2402,24020256,2.1010425090789795,0.3458579917989858
2402,24020175,2.411232709884644,0.5024993372103023
2402,24020176,1.90884530544281,0.24880131984846254
2402,24020337,1.9638420343399048,0.27657383356838994
2402,24020291,2.297380924224853,0.4450059127342548
3075,30750057,2.284036636352539,0.4382672498092298
3075,30750165,2.3815016746521,0.48748561547698854
3075,30750146,2.634996175765991,0.6154964926926986
3075,30750034,2.6254723072052,0.6106870835591797
3075,30750119,2.6953728199005127,0.6459857819870979
3075,30750076,2.649962902069092,0.6230544624107343
3075,30750042,3.396412134170532,0.9999999999999999
3075,30750108,2.509384870529175,0.552064689237716
3075,30750061,2.6669955253601074,0.6316556787652777
3075,30750098,2.493459701538086,0.5440227205030893
3075,30750093,2.7276611328125,0.6622908901512462
3075,30750170,3.326326370239258,0.9646077525084275
3075,30750058,2.704617500305176,0.6506542053374257
3075,30750128,2.7477293014526367,0.6724250108538586
3075,30750088,2.821239948272705,0.7095467722442698
3075,30750155,2.54483699798584,0.5699674757476761
3046,30460126,2.0783395767211914,0.33439335539180937
3046,30460085,2.838639736175537,0.718333401157408
3046,30460163,2.505906820297241,0.550308326637211
3046,30460048,2.454087257385254,0.5241402335379534
3046,30460158,2.40775203704834,0.5007416502343783
3046,30460133,2.282400131225586,0.43744083954806545
3046,30460051,2.477058887481689,0.5357405582266467
3046,30460038,2.480863094329834,0.5376616249701113
3046,30460110,2.6099894046783447,0.6028684526792237
3046,30460157,2.862290382385254,0.7302766186817361
3046,30460071,2.691437244415283,0.6439983760749414
3046,30460097,2.1366240978240967,0.36382615429551535
3046,30460146,2.5057084560394287,0.5502081556964639
3046,30460032,2.499008655548096,0.5468248580931742
3046,30460160,2.782048225402832,0.6897555467852473
3046,30460106,2.147974729537964,0.3695580511069251
3046,30460142,1.7755321264266968,0.18148018698254553
3046,30460052,1.9902209043502808,0.2898947627212881
3046,30460114,2.252511501312256,0.4223475348918745
2116,21160310,2.363520622253418,0.4784054568119972
2116,21160188,2.492616891860962,0.5435971144026791
2116,21160080,2.019096851348877,0.30447667786927746
2116,21160090,2.400002241134644,0.4968281208726145
2116,21160203,2.0428459644317627,0.3164696196706832
2116,21160185,2.1777639389038086,0.3846011498949772
2116,21160303,2.0862903594970703,0.33840838006973917
2116,21160326,2.0737640857696533,0.3320828018775309
2116,21160198,2.023761510848999,0.30683226014778586
2116,21160207,2.4023919105529785,0.49803486767442806
2116,21160195,1.832249402999878,0.2101215511759129
2116,21160212,2.147573947906494,0.3693556624634201
2116,21160120,2.0333831310272217,0.31169103236508644
2116,21160075,1.7974406480789185,0.19254365803567197
2116,21160089,2.167977333068848,0.37965906242407443
2116,21160027,2.313866138458252,0.45333069581962115
2116,21160249,2.6263351440429688,0.6111228030718768
2116,21160232,2.296773195266724,0.4446990188304515
2116,21160134,2.0526790618896484,0.3214351847058238
2116,21160002,2.4612741470336914,0.5277695037757945
6504,65040042,2.209837913513184,0.400798020468102
6504,65040077,2.113697052001953,0.3522483439889369
6504,65040011,2.238399028778076,0.4152209503669845
6504,65040118,2.430001974105835,0.5119775308874447
6504,65040049,2.392662048339844,0.49312143487167204
6504,65040009,2.606665849685669,0.6011901078306466
6504,65040125,1.8636536598205569,0.22598022442625065
6504,65040028,2.1530096530914307,0.3721006111149773
6504,65040134,2.6288249492645264,0.6123801169351256
6504,65040137,2.748701333999634,0.672915872543073
6504,65040007,2.5094873905181885,0.5521164602768042
6504,65040044,2.1846954822540283,0.38810147412615914
6504,65040045,2.2736637592315674,0.43302910423340213
6504,65040160,2.644021511077881,0.6200541500989311
6504,65040112,2.0138964653015137,0.30185056181209247
6504,65040133,2.5249032974243164,0.5599012593847049
6504,65040127,2.18100643157959,0.38623855950334474
6504,65040124,2.4033472537994385,0.49851730152007
6504,65040126,2.5131819248199463,0.5539821440482208
6504,65040005,2.079664468765259,0.33506240577369895
1420,14200124,2.8522703647613525,0.7252166617985839
1420,14200238,2.34048080444336,0.46677069836242213
1420,14200060,2.240294933319092,0.4161783533968183
1420,14200011,2.136434316635132,0.36373031767431974
1420,14200342,2.3340139389038086,0.4635050293758508
1420,14200206,2.4701547622680664,0.5322540797384768
1420,14200177,2.1273529529571533,0.3591443667932369
1420,14200296,2.1834073066711426,0.3874509650001289
1420,14200339,2.18664813041687,0.38908753182413947
1420,14200086,2.5998332500457764,0.5977397486720729
1420,14200161,2.431701898574829,0.5128359669541845
1420,14200357,1.8953771591186523,0.2420001102843531
1420,14200076,2.371455907821656,0.4824126556351819
1420,14200229,1.993374228477478,0.2914871435654257
1420,14200272,2.710785150527954,0.6537687751285187
1420,14200207,2.363694906234741,0.478493467578447
1420,14200295,2.150527000427246,0.3708469091846881
1420,14200353,2.105070114135742,0.34789187124855625
1420,14200246,2.406097412109375,0.4999060897430495
1420,14200087,1.9583256244659424,0.27378813027327165
3002,30020162,2.3999791145324707,0.49681644228937805
3002,30020112,2.144760847091675,0.367935089230396
3002,30020152,2.338611125946045,0.4658265390867734
3002,30020092,2.3834939002990723,0.48849165920401194
3002,30020136,2.7055258750915527,0.6511129208232994
3002,30020048,2.4098868370056152,0.501819691825064
3002,30020172,2.009618759155273,0.2996903851067
3002,30020077,2.05183482170105,0.32100885621882147
3002,30020012,1.914552569389344,0.2516834015547208
3002,30020117,2.328519821166992,0.4607305832717902
3002,30020047,2.354417324066162,0.4738084293365049
3002,30020159,2.16114354133606,0.37620810127667415
3002,30020022,1.7494373321533203,0.1683027117670275
3002,30020138,2.7977840900421143,0.697701919694209
3002,30020161,2.5572800636291504,0.5762510351197875
3002,30020144,2.6685776710510254,0.632454638335949
3002,30020100,2.2062418460845947,0.39898206097376276
3002,30020065,2.377291440963745,0.4853595113391821
3002,30020008,2.0087716579437256,0.29926261184651415
9088,90880140,2.0273053646087646,0.3086218525315195
9088,90880163,2.43750524520874,0.5157665689598666
9088,90880100,2.3543732166290283,0.47378615574992045
9088,90880145,2.550939083099365,0.5730489361533057
9088,90880060,2.3693151473999023,0.4813316041003627
9088,90880120,2.2649085521698,0.42860785749527863
9088,90880018,2.742692470550537,0.6698814876636839
9088,90880126,2.7588140964508057,0.6780226641569352
9088,90880142,1.94693386554718,0.268035464847344
9088,90880064,2.300713062286377,0.4466885919023834
9088,90880147,2.578991651535034,0.5872150576187586
9088,90880157,2.3139798641204834,0.45338812555367924
9088,90880090,2.323986053466797,0.45844109936644306
9088,90880086,2.47285270690918,0.5336165008508514
9088,90880095,2.067500829696656,0.3289199525825447
9088,90880132,2.009639024734497,0.2997006189167525
9088,90880065,2.193880796432495,0.392739918432922
9088,90880093,2.343451023101806,0.46827061372279266
9088,90880154,2.012713670730591,0.3012532684983341
6010,60100159,2.5864148139953613,0.5909636420420329
6010,60100164,2.446065187454224,0.5200892099281927
6010,60100034,2.5378575325012207,0.5664429515656647
6010,60100004,2.3520383834838867,0.47260710043413046
6010,60100147,2.647651672363281,0.6218873264737107
6010,60100132,2.328871965408325,0.4609084107711695
6010,60100105,2.278212308883667,0.4353260528001993
6010,60100124,2.8209476470947266,0.7093991645839862
6010,60100031,2.411253929138184,0.5025100526114158
6010,60100041,2.3682637214660645,0.4808006499552965
6010,60100101,2.5576000213623047,0.5764126089208484
6010,60100047,2.476579666137696,0.535498558718352
6010,60100081,2.332870483398437,0.46292760169337044
6010,60100092,2.028830051422119,0.3093917962407483
6010,60100128,2.633378267288208,0.6146794734572291
6010,60100066,2.3513357639312744,0.472252288219729
6010,60100037,2.217595100402832,0.40471528216059094
6010,60100154,2.3855929374694824,0.48955164112989935
9601,96010022,2.621089458465576,0.6084738114392808
9601,96010008,2.2408387660980225,0.416452980699516
9601,96010019,2.5671498775482178,0.5812351414107874
9601,96010001,2.474919557571411,0.5346602290784203
9601,96010005,2.603865385055542,0.5997759156791843
9601,96010015,2.679783582687378,0.6381134537038086
6099,60990034,2.2750113010406494,0.43370959240299733
6099,60990083,2.1616132259368896,0.3764452848743566
6099,60990078,2.3939075469970703,0.4937503927977095
6099,60990011,2.511069774627685,0.5529155402452405
6099,60990121,2.480642557144165,0.5375502570371892
6099,60990023,2.8653223514556885,0.7318077170633254
6099,60990035,2.351947546005249,0.4725612288855431
6099,60990030,2.1791608333587646,0.38530656040199374
6099,60990089,2.390125274658203,0.4918404026486546
6099,60990029,2.252452850341797,0.4223179170416055
6099,60990129,2.060152769088745,0.325209293455346
6099,60990014,1.8808423280715945,0.23466024111819683
6099,60990093,2.4341328144073486,0.5140635425693992
6099,60990117,2.558387994766236,0.5768105235352351
6099,60990155,2.778977632522583,0.6882049439656762
6099,60990124,2.120633363723755,0.35575107617542534
6099,60990168,2.47529673576355,0.5348506983431583
6099,60990039,2.263073682785034,0.42768127629336694
2892,28920044,2.9101133346557617,0.7544264840409151
2892,28920050,2.0113525390625,0.3005659176561156
2892,28920224,1.96243417263031,0.27586288476416854
2892,28920122,2.810945510864258,0.704348237533233
2892,28920027,2.454756736755371,0.5244783104629752
2892,28920214,3.182015180587769,0.8917327911260108
2892,28920321,2.489667654037476,0.5421077940456566
2892,28920239,2.133840322494507,0.3624203899876256
2892,28920235,2.142201662063598,0.36664273961743843
2892,28920242,2.0086677074432373,0.2992101184208341
2892,28920012,2.303874015808105,0.44828482547501125
2892,28920213,2.4336938858032227,0.5138418902834428
2892,28920174,2.7539703845977783,0.6755766631566705
2892,28920120,2.578958034515381,0.5871980815338483
2892,28920128,2.442034959793091,0.5180540061032036
2892,28920200,2.767185688018799,0.682250190890657
2892,28920259,2.2040090560913086,0.3978545359015301
2892,28920131,2.547384738922119,0.5712540462678982
2892,28920315,2.7297203540802,0.663330765650325
5039,50390087,2.1190922260284424,0.3549728250203895
5039,50390084,2.543379545211792,0.5692314842082681
5039,50390092,2.103933095932007,0.34731769430573955
5039,50390130,2.479693651199341,0.5370710739312111
5039,50390175,2.0867600440979004,0.33864556366742204
5039,50390114,1.7691271305084229,0.17824576121607527
5039,50390020,2.382605791091919,0.4880431775281907
5039,50390040,2.236372232437134,0.41419744896398936
5039,50390049,2.054776668548584,0.3224944442451193
5039,50390038,2.000961303710937,0.29531850145235816
5039,50390057,2.573126077651977,0.5842530317963274
5039,50390001,2.078842878341675,0.33464751507440227
5039,50390090,2.139148712158203,0.36510104623250117
5039,50390081,2.643476247787476,0.6197788004096417
5039,50390129,2.227634191513061,0.4097848708649686
5039,50390011,2.0772979259490967,0.3338673375551212
5039,50390048,2.5114762783050537,0.5531208184351132
5039,50390021,1.9948431253433228,0.29222891419756947
5039,50390097,2.168501138687134,0.3799235763144847
9622,96220015,2.803384065628052,0.7005298224060726
9622,96220006,2.598193883895874,0.5969118936377248
9622,96220012,2.549205780029297,0.5721736443994211
9622,96220018,2.7207906246185303,0.6588213877479864
1503,15030125,2.5922107696533203,0.5938905117169903
1503,15030133,2.6944947242736816,0.64554235701742
1503,15030082,2.945491313934326,0.7722918268458604
1503,15030142,2.824552059173584,0.7112193380001114
1503,15030041,2.246043920516968,0.41908150471200767
1503,15030118,2.711505889892578,0.6541327375730847
1503,15030115,2.290428400039673,0.44149499349972465
1503,15030077,2.6989192962646484,0.64777669874625
1503,15030027,2.123051881790161,0.3569723911068433
1503,15030005,2.533712387084961,0.5643497160177909
1503,15030001,3.200826644897461,0.9012322952076154
1503,15030030,2.621021032333374,0.6084392572806335
1503,15030106,2.642834186553955,0.6194545692276315
1503,15030122,2.575061559677124,0.5852304208552047
1503,15030150,2.482275009155273,0.538374620536343
1503,15030109,2.5674829483032227,0.581403337088941
3021,30210041,2.2824275493621826,0.43745468529107734
3021,30210079,1.827856540679932,0.2079032223498709
3021,30210032,2.264350652694702,0.42832612672442727
3021,30210005,2.528500556945801,0.5617178208678705
3021,30210074,2.77211856842041,0.6847412206551519
3021,30210060,2.5459532737731934,0.5705311780849099
3021,30210123,2.683671236038208,0.6400766596651354
3021,30210045,3.1211700439453125,0.8610069202227554
3021,30210143,2.2220489978790283,0.4069644328145555
3021,30210137,2.0066843032836914,0.2982085294111273
3021,30210082,2.425318956375122,0.5096126779810065
3021,30210042,2.43977689743042,0.5169137188678469
3021,30210047,2.1376421451568604,0.36434025275343684
3021,30210152,1.9966925382614136,0.2931628396631657
3021,30210164,3.1323533058166504,0.8666542978029096
3021,30210050,2.3820645809173584,0.4877698746009117
3021,30210175,2.09433913230896,0.3424728882292162
3021,30210044,3.0666983127593994,0.833499522382065
3021,30210165,2.2456307411193848,0.41887285538470576
5414,54140106,2.611863613128662,0.6038148995124132
5414,54140113,2.7045116424560547,0.6506007487296231
5414,54140077,2.6724486351013184,0.6344094164537032
5414,54140021,2.428351879119873,0.511144257953657
5414,54140098,2.223553419113159,0.40772414271373203
5414,54140115,2.548471212387085,0.5718026988844666
5414,54140119,2.3550870418548584,0.4741466266592921
5414,54140158,2.633758783340454,0.6148716282906818
5414,54140122,2.416619300842285,0.505219483922203
5414,54140154,2.742892265319824,0.6699823809910229
5414,54140118,2.2597815990448,0.4260188239498125
5414,54140051,2.548844814300537,0.571991362182725
5414,54140057,2.4647481441497803,0.529523819614289
5414,54140010,2.393692970275879,0.49364203480892044
5414,54140039,2.7684004306793213,0.6828636175049684
5414,54140104,2.9518585205078125,0.7755071695665273
5414,54140019,2.3233718872070312,0.4581309547229756
5414,54140127,2.535742998123169,0.5653751437850313
5414,54140015,2.495356321334839,0.5449804847262193
5414,54140003,2.172684669494629,0.3820361959025752
1186,11860361,2.466028928756714,0.5301705964095943
1186,11860284,2.251863479614258,0.42202029376573147
1186,11860287,2.191370010375977,0.3914720095663252
1186,11860264,2.342153310775757,0.4676152886861499
1186,11860346,2.458355188369751,0.5262954739349676
1186,11860359,2.369873523712158,0.4816135756667449
1422,14220140,2.580212116241455,0.5878313737794377
1422,14220167,1.965519666671753,0.27742101244407225
1422,14220070,3.135605335235596,0.8682965233218903
1422,14220068,2.5784380435943604,0.5869354940076829
1422,14220003,2.7751784324646,0.6862864055752836
1422,14220001,2.162034273147583,0.3766579073279138
1422,14220048,2.6330902576446533,0.6145340329567212
1422,14220038,2.3667097091674805,0.4800158973209331
2059,20590228,2.362759590148926,0.47802114714509225
2059,20590077,1.9206643104553225,0.2547697380698458
2059,20590121,2.0658435821533203,0.32808306771579676
2059,20590103,2.5098159313201904,0.5522823683974168
2059,20590265,2.0034003257751465,0.2965501705915937
2059,20590164,2.054006576538086,0.322105559463132
2059,20590376,2.5625815391540527,0.5789281998294687
2059,20590123,2.3700225353240967,0.48168882427007065
2059,20590274,2.3230140209198,0.45795023767722853
2059,20590359,2.205707311630249,0.39871212918391274
2059,20590144,2.552609443664551,0.573892442897146
2059,20590047,2.2639594078063965,0.42812855399153504
2059,20590290,1.8356900215148928,0.2118590113272627
2059,20590022,2.0771212577819824,0.33377812281101826
2059,20590151,2.292114496231079,0.4423464464960759
2059,20590181,2.2408251762390137,0.4164461180268927
2059,20590322,2.3480663299560547,0.47060127366387994
2059,20590276,2.3047115802764893,0.44870778282458457
2059,20590122,2.790079116821289,0.6938110251123252
2059,20590026,2.109582662582397,0.3501706397527896
5072,50720076,2.523503541946411,0.5591944041045044
5072,50720078,2.4103269577026367,0.502041946099847
5072,50720102,2.73242449760437,0.6646963171045975
5072,50720079,2.182563543319702,0.3870248773086574
5072,50720017,2.275782585144043,0.4340990791738114
5072,50720126,2.1818597316741943,0.38666946310542916
5072,50720003,2.8911571502685547,0.7448538985157606
5072,50720138,2.390050411224365,0.49180259775034363
5072,50720063,2.1342196464538574,0.3626119428322515
5072,50720136,2.600717782974243,0.5981864243814144
5072,50720175,2.333510637283325,0.4632508696932579
5072,50720045,2.648001909255981,0.6220641907909675
5072,50720040,2.4753708839416504,0.5348881420481731
5072,50720001,2.3052706718444824,0.4489901155842627
5072,50720124,2.1932168006896973,0.39240461065650256
5072,50720006,2.3957130908966064,0.49466216507448657
5072,50720025,2.6495730876922607,0.6228576120644341
5072,50720158,2.073486804962158,0.33194277927646254
5072,50720072,1.9455435276031487,0.2673333652788734
1012,10120128,2.565770149230957,0.5805383995428738
1012,10120243,1.990525722503662,0.29004869126425115
1012,10120269,2.115314245223999,0.35306500203111046
1012,10120071,2.2870092391967773,0.4397683691472539
1012,10120219,2.508635997772217,0.5516865198568423
1012,10120374,2.0753772258758545,0.33289741315769394
1012,10120200,2.950944423675537,0.7750455645342859
1012,10120148,2.3705923557281494,0.4819765749291881
1012,10120193,2.4625439643859863,0.528410742273895
1012,10120265,2.869359016418457,0.7338461716279777
1012,10120334,2.3324828147888184,0.46273183492695835
1012,10120335,1.890013575553894,0.23929158195680567
1012,10120255,1.981456995010376,0.28546912146473036
1012,10120208,2.168445587158203,0.379895523635165
1012,10120059,1.8423857688903809,0.21524026216854197
1012,10120008,1.8532507419586184,0.22072690873199252
1012,10120166,1.934567213058472,0.26179049295901846
1012,10120180,2.209759473800659,0.4007584096033111
1012,10120303,2.218128204345703,0.4049844915638491
1012,10120212,2.4650676250457764,0.5296851526198193
9606,96060020,2.5031557083129883,0.5489190568231702
9606,96060007,2.9717721939086914,0.7855632725172116
9606,96060004,2.732335329055786,0.6646512883403676
9606,96060013,2.2993950843811035,0.44602303305568813
9606,96060016,2.627923488616944,0.6119248929844466
9606,96060001,2.729340076446533,0.6631387312146378
1309,13090364,2.23910927772522,0.4155796153098764
1309,13090339,2.253167629241944,0.4226788695420386
1309,13090185,2.5742297172546387,0.5848103530519991
1309,13090267,2.246147871017456,0.4191339981376875
1309,13090076,2.40897274017334,0.5013580867928228
1309,13090147,2.486125230789185,0.5403189240485148
1309,13090184,2.549236536026001,0.5721891757111476
1309,13090105,2.2106151580810547,0.40119051718304866
1309,13090148,2.430771350860596,0.5123660544761365
1309,13090160,2.0104708671569824,0.30012068671995806
1309,13090181,2.1336746215820312,0.3623367135407273
1309,13090232,2.340364456176758,0.46671194425294515
1309,13090128,2.291029453277588,0.44179851626609945
1309,13090018,2.4589157104492188,0.5265785290812376
1309,13090041,2.283323049545288,0.4379068992976235
1309,13090027,2.3054301738739014,0.4490706616892627
1309,13090051,2.2273945808410645,0.40966387111082125
1309,13090179,2.256470203399658,0.42434661938726703
1309,13090202,3.020786762237549,0.8103148859074657
1309,13090287,2.6806914806365967,0.6385719283941517
9611,96110021,2.3192453384399414,0.45604711020079713
9611,96110017,2.5213351249694824,0.5580993864289084
9611,96110006,2.477015256881714,0.5357185254355933
9611,96110003,2.813460111618042,0.7056180727640752
6048,60480148,2.596619367599488,0.5961167867955443
6048,60480005,2.4214088916778564,0.5076381546297396
6048,60480147,2.219791889190674,0.40582462717026
6048,60480168,2.5005056858062744,0.5475808356616255
6048,60480018,2.199967622756958,0.39581367338157125
6048,60480050,2.5595436096191406,0.5773940915037464
6048,60480082,2.4164464473724365,0.505132195542345
6048,60480012,2.265829801559448,0.4290730744604795
6048,60480090,2.029849052429199,0.30990637628973106
6048,60480131,1.9596188068389893,0.2744411677523736
6048,60480169,2.523329019546509,0.5591062729402893
6048,60480008,2.4555740356445312,0.5248910340024963
6048,60480145,2.127906560897827,0.35942393040431264
6048,60480094,2.6094770431518555,0.6026097178815485
6048,60480135,2.1191277503967285,0.35499076428742227
6048,60480134,2.335680723190308,0.46434673015321126
6048,60480084,2.8545913696289062,0.7263887340439853
6048,60480104,2.2514753341674805,0.42182428620378876
6048,60480102,1.915762543678284,0.2522944202137255
6048,60480037,2.024801731109619,0.30735755559788214
1404,14040097,2.83940052986145,0.7187175904265478
1404,14040052,2.795150756835937,0.6963721263762367
1404,14040081,2.9037294387817383,0.7512027134766758
1404,14040122,2.716708183288574,0.6567598168123921
1404,14040028,2.427410125732422,0.5106686867806386
1404,14040089,3.130281686782837,0.8656081616200341
1334,13340255,2.077391624450684,0.33391465387689256
1334,13340217,1.848292708396912,0.21822317700325655
1334,13340137,2.124296188354492,0.3576007470440544
1334,13340007,2.2418243885040283,0.41695070506135357
1334,13340245,2.217954397201538,0.4048967215929299
1334,13340159,2.508774280548096,0.5517563505607289
1334,13340291,2.5006089210510254,0.5476329678940096
1334,13340378,2.642695426940918,0.6193844977282147
1334,13340375,2.430889129638672,0.5124255309722049
1334,13340091,2.340834140777588,0.4669491278506278
1334,13340034,2.7130630016326904,0.6549190553783971
1334,13340243,2.585665225982666,0.5905851114678632
1334,13340147,2.546952486038208,0.5710357651193708
1334,13340259,2.169365882873535,0.3803602590093046
1334,13340345,2.563624858856201,0.5794550604505141
1334,13340277,2.0537590980529785,0.32198058658272866
1334,13340297,2.4465348720550537,0.5203263935258752
1334,13340313,2.519593000411988,0.5572196399577073
1334,13340046,2.41618013381958,0.5049977112384813
1334,13340204,2.2616326808929443,0.4269535921997659
3020,30200087,2.565032958984375,0.5801661296525008
3020,30200078,2.7094149589538574,0.6530768491712181
3020,30200101,2.56666898727417,0.5809922991181345
3020,30200164,2.3146893978118896,0.453746429303275
3020,30200037,2.3723738193511963,0.4828761870316679
3020,30200021,2.438956022262573,0.5164991893618459
3020,30200011,2.3768386840820312,0.4851308759828371
3020,30200151,2.3475399017333984,0.4703354353980508
3020,30200016,2.786839008331299,0.6921748194816107
3020,30200018,2.7553727626800537,0.6762848428122897
3020,30200005,2.9027750492095947,0.7507207612220953
3020,30200076,3.10433316230774,0.852504550433541
3020,30200041,2.8439977169036865,0.7210391001374704
3020,30200137,2.867574691772461,0.7329451147523142
3020,30200057,2.847593307495117,0.7228548188362788
3020,30200019,2.7494399547576904,0.673288864820038
3020,30200049,2.7182326316833496,0.6575296401238556
3020,30200105,2.039105176925659,0.3145805787327943
3020,30200108,2.4958620071411133,0.5452358483864653
3020,30200153,2.476225614547729,0.5353197680368492
7001,70010004,2.402944803237915,0.49831407009220785
2031,20310335,2.822805404663086,0.7103373039713686
2031,20310376,2.171092987060547,0.381232420421291
2031,20310032,2.344778060913086,0.4689407476845705
2031,20310112,2.7225141525268555,0.6596917431934931
2031,20310148,2.6915087699890137,0.6440344954045377
2031,20310133,2.301435708999634,0.44705351752907185
2031,20310151,2.1164562702178955,0.35364170732699873
2031,20310281,2.3430845737457275,0.4680855623574943
2031,20310174,2.3925631046295166,0.49307146979906336
2031,20310297,2.2730183601379395,0.4327031874826778
2031,20310295,2.4261512756347656,0.5100329865797427
2031,20310273,2.264279842376709,0.42829036858812686
2031,20310154,2.207963466644287,0.39985145323714677
2031,20310042,1.971031904220581,0.28020460877829745
2031,20310114,2.10176157951355,0.34622111145919454
2031,20310141,2.311140775680542,0.4519544289642349
2031,20310085,2.2282209396362305,0.4100811697654242
2031,20310322,2.37234115600586,0.48285969253781913
2031,20310075,2.367704153060913,0.4805180764000877
2031,20310219,2.360311985015869,0.4767851436863052
157,1570361,1.8342862129211424,0.2111501092850515
157,1570165,2.205216407775879,0.39846423018511634
157,1570316,2.012498378753662,0.3011445493162491
157,1570024,1.7424825429916382,0.16479064875372662
157,1570272,1.9500912427902224,0.26962989245349234
157,1570212,1.929471969604492,0.25921747231633974
157,1570269,1.7760473489761353,0.18174036655340453
157,1570061,2.093719482421875,0.3421599744371465
157,1570378,1.624386191368103,0.1051537828616671
157,1570203,1.641529202461243,0.11381074338155439
157,1570324,2.141169548034668,0.36612153769136324
157,1570030,1.6342250108718872,0.11012223744317529
157,1570194,1.7724064588546753,0.17990177227918513
157,1570325,1.8224356174469,0.20516573835976382
157,1570072,1.944765448570252,0.26694044717174836
157,1570185,2.23895263671875,0.4155005139780602
157,1570100,1.944708228111267,0.2669115517080711
157,1570034,1.850877404212952,0.21952840917710326
157,1570290,2.206536054611206,0.39913063181616903
157,1570216,1.618911862373352,0.102389329772128
3,30079,2.4533817768096924,0.5237839765503681
3,30153,2.664125680923462,0.6302064508641069
3,30069,2.6675591468811035,0.6319402990824968
3,30101,2.5540475845336914,0.5746186822175633
3,30175,2.518793821334839,0.5568160666483503
3,30080,2.3924710750579834,0.4930249962616494
3,30049,2.5070507526397705,0.550885995115222
3,30154,3.0460150241851807,0.8230547754449241
3,30145,2.475156784057617,0.5347800248549147
3,30054,2.676236152648926,0.6363220553535952
3,30116,2.3211114406585693,0.4569894635099657
3,30012,2.1502022743225098,0.37068292742832065
3,30119,2.102824449539185,0.34675784469699644
3,30047,2.2003211975097656,0.39599222326754246
3,30059,2.541269302368164,0.5681658435874105
3,30067,2.6225180625915527,0.6091952348490851
3,30040,1.9541285037994385,0.27166864801255797
8584,85840036,2.444547653198242,0.5193228781519234
8584,85840141,2.487456798553467,0.5409913455678333
8584,85840040,2.5934085845947266,0.5944953900899638
8584,85840020,2.2550723552703857,0.423640727289189
8584,85840075,2.385786771774292,0.4896495245131055
8584,85840117,2.046892642974853,0.31851313094147915
8584,85840022,2.650252103805542,0.6232005049000687
8584,85840092,2.3677093982696533,0.4805207251509248
8584,85840072,2.4837894439697266,0.5391393871416633
8584,85840157,2.9196572303771973,0.7592460065867211
8584,85840086,3.323352098464966,0.9631057903860459
8584,85840013,2.353328227996826,0.4732584523445179
8584,85840059,3.0164294242858887,0.8081144963484562
8584,85840123,2.57777738571167,0.586601871799978
8584,85840115,2.1953136920928955,0.39346350900250215
96,960136,2.4152393341064453,0.5045226216565241
96,960050,2.7603673934936523,0.6788070555980025
96,960168,2.602489471435547,0.599081100175516
96,960073,2.646092653274536,0.621100045486276
96,960046,2.9303436279296875,0.7646424752239459
96,960066,2.6550183296203613,0.625607376626604
96,960054,2.030061960220337,0.3100138914941629
96,960167,2.6368978023529053,0.6164567852689001
96,960002,2.7410926818847656,0.6690736186583789
1419,14190108,2.429865837097168,0.5119087837634465
1419,14190172,2.3346590995788574,0.46383082572880985
1419,14190114,2.387688636779785,0.4906099374870724
1419,14190088,2.320840120315552,0.4568524508530306
1419,14190062,2.437870502471924,0.515951018336339
1419,14190006,2.198416233062744,0.3950302451226263
1419,14190059,2.522495746612549,0.5586854827504918
1419,14190107,2.024403810501098,0.3071566117275609
1419,14190071,2.2247073650360107,0.4083068678978864
813,8130100,2.127023458480835,0.358977977081563
813,8130271,2.149281740188598,0.3702180716564155
813,8130339,2.24341082572937,0.41775183179180064
813,8130288,2.3899972438812256,0.49177574904867705
813,8130283,2.452091693878174,0.5231325042422154
813,8130257,2.743112564086914,0.6700936285261797
813,8130233,2.2043051719665527,0.3980040699260591
813,8130222,2.21073055267334,0.40124878970146416
813,8130301,2.5817902088165283,0.5886282865880984
813,8130380,2.190718412399292,0.3911429624737023
813,8130196,2.256611585617065,0.4244180152621021
813,8130281,2.296046257019043,0.4443319260439872
813,8130346,2.35671067237854,0.4749665354411291
813,8130081,2.0369350910186768,0.3134847182728412
813,8130356,2.120967149734497,0.3559196330468749
813,8130061,2.7156810760498047,0.6562411432393888
813,8130340,2.430739164352417,0.5123498007778179
813,8130282,1.9187836647033687,0.25382004049699214
813,8130091,2.363775968551636,0.47853440281865656
813,8130153,2.6867823600769043,0.6416477301048112
2740,27400077,2.438755512237549,0.516397934841211
2740,27400372,2.8072879314422607,0.702501215415441
2740,27400171,2.340799570083618,0.4669316701746563
2740,27400276,2.403660774230957,0.4986756245814673
2740,27400201,2.4196972846984863,0.506773819072499
2740,27400126,1.8509454727172847,0.2195627827391019
2740,27400321,2.304877996444702,0.44879182046477883
2740,27400173,2.641077995300293,0.618567719288276
2740,27400125,2.2087419033050537,0.40024455194092046
2740,27400286,2.8287856578826904,0.7133572411189192
2740,27400176,2.2423408031463623,0.41721148662103913
2740,27400151,2.5501112937927246,0.5726309151121108
2740,27400238,1.93492329120636,0.2619703070215256
2740,27400145,2.258207321166992,0.42522383750539683
2740,27400295,1.978538990020752,0.2839955732149647
2740,27400246,2.3443727493286133,0.4687360714835246
2740,27400146,2.1979410648345947,0.3947902923763412
2740,27400289,2.494070529937744,0.5443311795778422
2740,27400094,2.524690628051758,0.5597938645780384
2740,27400283,2.3076388835906982,0.45018602658719786
9631,96310015,2.5469272136688232,0.5710230029562468
9631,96310009,2.358304023742676,0.47577115370677026
9631,96310018,2.4606363773345947,0.5274474397535603
9631,96310014,2.143628597259521,0.36736332024288554
9631,96310003,2.4407339096069336,0.517396995497846
3014,30140043,2.8934547901153564,0.7460141717801606
3014,30140010,2.13045072555542,0.3607086949580546
3014,30140009,2.380032777786255,0.4867438448448448
3014,30140099,2.2655491828918457,0.4289313662906967
3014,30140126,2.150585651397705,0.3708765270349571
3014,30140075,1.9253517389297483,0.2571368183349422
3014,30140144,2.259819269180298,0.4260378467967333
3014,30140086,2.280802249908448,0.43663393372488335
3014,30140147,2.363477945327759,0.47838390561200483
3014,30140053,2.2960362434387207,0.4443268693378436
3014,30140132,1.839104413986206,0.21358322772442684
3014,30140134,2.106738805770874,0.348734535208039
3014,30140092,2.3205819129943848,0.4567220600731875
3014,30140173,2.158228635787964,0.37473611819785735
3014,30140089,2.363865613937378,0.4785796723784169
3014,30140025,2.0882976055145264,0.3394220088559782
3014,30140128,2.058556079864502,0.32440298962099023
3014,30140095,2.3589720726013184,0.47610850824520023
3014,30140129,2.1036105155944824,0.34715479612926015
9634,96340009,2.6634232997894287,0.6298517590474707
9634,96340006,2.6847803592681885,0.6406367500694093
9634,96340015,2.710385322570801,0.6535668680760752
9634,96340018,2.4263477325439453,0.5101321943383673
9634,96340022,2.429938077926636,0.511945264286339
9634,96340012,2.379871129989624,0.486662215159957
9634,96340021,2.375329732894897,0.4843688785261192
122,1220068,2.902224063873291,0.750442521986438
122,1220051,2.592411994934082,0.5939921274309213
122,1220104,2.987440824508667,0.7934756932563528
122,1220034,2.870535135269165,0.7344400938043071
122,1220166,2.672109603881836,0.6342382108314165
122,1220031,2.68011736869812,0.6382820105752581
122,1220038,2.6221487522125244,0.6090087387106026
122,1220168,2.6669204235076904,0.6316177534692015
122,1220021,2.896921873092652,0.747764996083461
2430,24300065,2.650263547897339,0.6232062839928042
2430,24300360,2.410974740982056,0.5023690668282247
2430,24300099,2.169040441513061,0.380195916059641
2430,24300135,1.956223964691162,0.2727268239719657
2430,24300080,2.284566164016724,0.43853465324600827
2430,24300061,2.748457670211792,0.6727928260269148
2430,24300189,2.6390936374664307,0.617565648687508
2430,24300093,1.960103273391724,0.27468581601150643
2430,24300345,2.5100982189178467,0.552424919351557
2430,24300082,2.541379928588867,0.5682217081505195
2430,24300131,2.7339463233947754,0.6654648160406426
2430,24300221,2.7396364212036133,0.6683382291077974
2430,24300330,2.5564558506011963,0.5758348200450721
2430,24300001,2.3793625831604004,0.486405406726527
2430,24300068,2.784296751022339,0.6908910181099911
2430,24300270,2.0440497398376465,0.3170775079877898
2430,24300118,2.618650197982788,0.6072420219022799
2430,24300132,2.39058256149292,0.4920713255625405
2430,24300063,2.496833324432373,0.5457263488823837
2430,24300052,2.4074227809906006,0.5005753809204699
9647,96470014,2.831789493560791,0.7148741325642004
9647,96470011,2.378506898880005,0.4859732991467892
9647,96470023,2.5850515365600586,0.5902752076199266
9647,96470017,2.2773890495300293,0.4349103193165452
8585,85850112,2.348787307739258,0.47096535650621096
8585,85850119,2.39353895187378,0.49356425785252334
8585,85850101,2.728610038757324,0.6627700732572245
8585,85850039,2.577709197998047,0.5865674380390961
8585,85850138,2.803270101547241,0.7004722722742488
8585,85850170,2.269649028778076,0.43100172626315925
8585,85850056,2.404463529586792,0.4990810038573036
8585,85850161,3.0187082290649414,0.8092652581893959
8585,85850024,2.305630207061768,0.4491716754143672
8585,85850046,2.835451602935791,0.7167234422395333
8585,85850094,2.4271674156188965,0.5105461218555415
8585,85850088,2.780513048171997,0.6889803055743445
8585,85850120,2.965383291244507,0.7823369735999005
8585,85850146,3.1270077228546143,0.8639548595066439
8585,85850075,2.4034557342529297,0.4985720825032912
1372,13720140,2.315537691116333,0.45417480455228765
1372,13720233,2.24944806098938,0.420800544005263
1372,13720082,1.9673279523849487,0.27833416929515065
1372,13720256,2.24590802192688,0.41901287798577436
1372,13720153,2.391350030899048,0.49245888596910936
1372,13720167,2.1053757667541504,0.348046221183698
1372,13720274,2.42785120010376,0.5108914226464828
1372,13720360,2.352124214172364,0.4726504436296465
1372,13720311,2.2466745376586914,0.41939995680128195
1372,13720201,2.628490447998047,0.6122111988703801
1372,13720275,2.5045270919799805,0.5496115847692976
1372,13720023,2.537649393081665,0.5663378443165393
1372,13720051,2.088264942169189,0.33940551436212896
1372,13720198,2.5766584873199463,0.5860368450873258
1372,13720199,2.307926893234253,0.4503314670877058
1372,13720189,2.572991132736206,0.5841848866611558
1372,13720070,1.714337944984436,0.15057805375085997
1372,13720182,2.265002012252808,0.4286550534192849
1372,13720215,2.373499155044556,0.4834444644839838
2179,21790152,2.3667781352996826,0.48005045147958036
2179,21790083,2.45862078666687,0.5264295970455352
2179,21790149,1.826416611671448,0.20717608004621357
2179,21790168,2.3777546882629395,0.4855934441972011
2179,21790043,1.9211074113845823,0.25499349731669496
2179,21790173,1.6765995025634766,0.1315207128703526
2179,21790040,1.853766679763794,0.22098744949614746
2179,21790025,2.4051318168640137,0.4994184787934989
2179,21790081,2.0775563716888428,0.3339978487327292
2179,21790108,2.342020034790039,0.46754798633533523
2179,21790030,1.8066543340682983,0.19719642967650808
2179,21790112,2.4503824710845947,0.5222693726626281
2179,21790075,2.8615834712982178,0.7299196393075588
2179,21790008,2.719921112060547,0.6583822970978602
2179,21790055,2.558993101119995,0.57711609306362
2179,21790035,2.022450685501098,0.30617031323405
2179,21790125,2.1186792850494385,0.35476429609085314
2179,21790084,2.169138669967652,0.3802455199389537
2179,21790039,2.1318588256835938,0.3614197641600415
9643,96430012,2.113924503326416,0.3523632034570533
9643,96430010,2.209226131439209,0.40048907980228765
9643,96430007,2.2364940643310547,0.41425897222206853
9643,96430004,2.4035134315490723,0.49860121876249897
9643,96430016,2.3131115436553955,0.45294963689237966
9643,96430013,2.072706937789917,0.331548958186097
9643,96430019,2.332808494567871,0.46289629827438705
9640,96400010,2.4302804470062256,0.5121181554773399
9640,96400001,2.2758982181549072,0.434157472089992
9640,96400019,2.530317783355713,0.5626354926351483
9640,96400006,2.831512451171875,0.7147342303608973
9640,96400014,2.681243658065796,0.6388507696186353
3214,32140094,2.156368017196656,0.37379653403729163
3214,32140007,2.8081247806549072,0.7029238115717183
3214,32140082,2.406118869781494,0.49991692554192857
3214,32140017,2.523474931716919,0.5591799563726659
3214,32140025,2.1834163665771484,0.387455540115211
3214,32140135,2.1078972816467285,0.3493195479497345
3214,32140013,2.123586893081665,0.35724256369222396
3214,32140150,2.1752350330352783,0.3833240907982155
3214,32140001,2.935148000717163,0.7670686105929326
3214,32140169,2.6531853675842285,0.6246817586068151
3214,32140087,2.0298752784729004,0.3099196200439164
3214,32140054,1.994306206703186,0.2919577784300661
3214,32140078,2.3024911880493164,0.4475865184361486
3214,32140073,2.544877529144287,0.5699879433677809
3214,32140110,2.2689037322998047,0.4306253628487654
3214,32140060,2.480278730392456,0.5373665300473093
3214,32140164,2.7020697593688965,0.6493676348172038
3214,32140069,2.4035449028015137,0.4986171112675212
3214,32140121,2.4716711044311523,0.5330198095259194
3214,32140117,2.3001937866210938,0.4464263655695141
9607,96070012,2.721468687057495,0.6591637989925597
9607,96070018,2.274444341659546,0.43342328651706363
9607,96070021,2.448899030685425,0.5215202577667998
3088,30880015,2.5170106887817383,0.5559156117615133
3088,30880019,1.881786108016968,0.23513683567222066
3088,30880025,2.4026780128479004,0.49817934499281347
3088,30880092,1.9546868801116943,0.2719506195789402
3088,30880123,2.4421615600585938,0.5181179373165891
3088,30880018,2.0023181438446045,0.296003685134801
3088,30880131,2.88252067565918,0.7404926098647672
3088,30880057,2.2647104263305664,0.42850780695229684
3088,30880173,2.3485138416290283,0.4708272602693876
3088,30880146,2.8403470516204834,0.7191955695548727
3088,30880172,2.3766913414001465,0.48505647016386877
3088,30880049,2.968423366546631,0.7838721655055106
3088,30880105,2.237119197845459,0.4145746551627406
3088,30880096,2.130298852920532,0.36063200158154485
3088,30880086,2.1316542625427246,0.3613164628773958
3088,30880058,2.4046571254730225,0.4991787668427444
3088,30880041,2.5543999671936035,0.5747966301147079
3208,32080092,2.1623337268829346,0.3768091269211572
3208,32080058,2.390040159225464,0.49179742064643495
3208,32080145,2.440014839172364,0.5170338758376379
3208,32080056,2.6432547569274902,0.6196669508856582
3208,32080132,2.4163689613342285,0.5050930662686156
3208,32080079,2.266397714614868,0.42935986193747466
3208,32080099,2.0847558975219727,0.33763350005213233
3208,32080110,2.045612335205078,0.31786659494170466
3208,32080103,2.075814247131348,0.3331181022615278
3208,32080088,2.4497790336608887,0.5219646459186001
3208,32080083,2.1575093269348145,0.3743728781398835
3208,32080043,1.980283498764038,0.28487652366381966
3208,32080093,2.2904646396636963,0.44151329396005357
3208,32080038,2.181627035140991,0.38655195488647587
3208,32080071,1.8075900077819824,0.19766893070651093
3208,32080078,1.844390630722046,0.21625268697712763
3208,32080019,1.9093056917190552,0.24903380793329777
3208,32080119,2.003783226013184,0.29674352940269977
3208,32080161,2.037302255630493,0.3136701308314357
3208,32080150,2.2441134452819824,0.4181066440062019
5401,54010014,2.8909242153167725,0.7447362698990417
5401,54010079,2.385283946990967,0.48939560562604323
5401,54010046,2.2786169052124023,0.4355303678079493
5401,54010061,2.2008540630340576,0.3962613122730353
5401,54010105,2.076582908630371,0.333506264656923
5401,54010095,2.7411370277404785,0.6690960126427287
5401,54010155,2.2807729244232178,0.4366191247997485
5401,54010009,2.135009288787842,0.36301070023099513
5401,54010148,2.430314302444458,0.5121352519600154
5401,54010136,2.3157389163970947,0.45427642026621873
5401,54010130,2.570960283279419,0.5831593384961501
5401,54010072,2.600843667984009,0.598249994401504
5401,54010123,2.663569688796997,0.629925683275378
5401,54010107,2.1312689781188965,0.36112190008863687
5401,54010004,2.586333513259888,0.5909225864040587
5401,54010055,2.349563837051392,0.47135749202786237
5401,54010165,2.690758228302002,0.6436554832393068
5401,54010091,2.578642606735229,0.5870387952903283
133,1330067,2.323644161224365,0.4582684489709722
133,1330126,2.391392946243286,0.49248055756686726
133,1330115,2.595616102218628,0.5956101529990724
133,1330099,2.421954870223999,0.5079138655123251
133,1330146,2.450368642807007,0.5222623895922393
133,1330172,2.464348554611206,0.5293220329596108
133,1330112,3.11279559135437,0.8567779487158497
133,1330068,2.5707929134368896,0.5830748192648948
133,1330118,2.227479934692383,0.4097069735108062
133,1330170,2.067991256713867,0.3291676107858098
133,1330027,2.336623430252075,0.46482278291729096
133,1330128,2.438011646270752,0.516022293813409
133,1330057,2.8556017875671387,0.7268989797734163
133,1330002,2.5287582874298096,0.5618479708521827
2282,22820026,2.486396312713623,0.5404558163076848
2282,22820291,2.42899751663208,0.5114702951021467
2282,22820281,2.999476194381714,0.7995533724497649
2282,22820134,2.5284790992736816,0.5617069850689916
2282,22820121,2.519191265106201,0.5570167697231406
2282,22820079,1.9610657691955569,0.2751718617901079
2282,22820293,2.6570003032684326,0.6266082432497188
2282,22820142,3.2956693172454834,0.9491264058546064
2282,22820072,2.8434150218963623,0.7207448479990254
2282,22820197,2.543906211853028,0.5694974428718628
2282,22820155,2.330101251602173,0.46152918164916523
2282,22820107,2.2031402587890625,0.39741580644469987
2282,22820317,2.745468139648437,0.6712831584475526
2282,22820021,2.6412172317504883,0.6186380315832235
2282,22820062,2.497145414352417,0.5458839495571891
2282,22820020,2.644554853439331,0.6203234798999543
2282,22820357,2.415390491485596,0.5045989538397379
2282,22820191,2.6601221561431885,0.6281847315888341
9629,96290004,2.4326436519622803,0.5133115381272032
9629,96290007,2.4818336963653564,0.5381517642727337
563,5630127,2.6920862197875977,0.6443260987921456
563,5630122,2.8642311096191406,0.7312566564914503
563,5630291,2.5440244674682617,0.5695571601634618
563,5630169,2.5710203647613525,0.583189678733011
563,5630302,2.5288994312286377,0.5619192463292529
563,5630081,2.34160590171814,0.46733885541697273
563,5630375,2.2416346073150635,0.41685486844015796
563,5630225,2.636310815811157,0.6161603659706792
563,5630195,2.7687339782714844,0.6830320539786526
563,5630142,3.2539761066436768,0.9280719670418344
5195,51950044,2.369220018386841,0.48128356539199946
5195,51950005,2.3701388835906982,0.4817475783795474
5195,51950050,2.16228461265564,0.37678432498150116
5195,51950154,1.9556642770767207,0.272444190217874
5195,51950163,2.654405117034912,0.625297713574198
5195,51950088,2.0100619792938232,0.29991420455243223
5195,51950018,1.5779863595962524,0.08172257176369002
5195,51950164,2.000122308731079,0.2948948217161932
5195,51950051,2.256876468658448,0.42455177717937465
5195,51950011,2.3440420627593994,0.4685690797830241
5195,51950086,1.9344600439071653,0.26173637416350637
5195,51950033,1.938722848892212,0.2638890260085661
5195,51950067,2.089517593383789,0.34003808422112647
5195,51950138,2.67505955696106,0.6357278923817354
5195,51950032,2.617537498474121,0.6066801255315261
5195,51950096,2.368494033813477,0.48091695419659686
5195,51950038,2.009725570678711,0.299744323305564
5195,51950075,1.9687572717666624,0.2790559538982508
5195,51950025,2.431689500808716,0.512829706270388
9608,96080017,2.8344762325286865,0.7162308949816046
9608,96080006,2.3719594478607178,0.48266693571553965
9608,96080022,2.6698262691497803,0.6330851614329357
9608,96080025,2.863823175430298,0.7310506559149857
2252,22520200,2.3362066745758057,0.46461232762350957
2252,22520221,2.72856879234314,0.662749244443824
2252,22520360,2.67997407913208,0.6382096515183001
2252,22520209,1.9449357986450195,0.2670264713750702
2252,22520258,2.652061939239502,0.6241144443366217
2252,22520012,2.5203394889831543,0.5575966053609273
2252,22520174,2.091293811798096,0.3409350475727694
2252,22520159,2.458995819091797,0.5266189827303854
2252,22520345,2.406566858291626,0.5001431529429669
2252,22520337,2.5203781127929688,0.5576161097989093
2252,22520036,2.2223360538482666,0.4071093917240022
2252,22520067,2.8973350524902344,0.7479736454107625
2252,22520358,2.35744857788086,0.47533916652479824
2252,22520226,2.567157030105591,0.581238753343747
2252,22520366,2.3481199741363525,0.47062836316107715
2252,22520203,2.319777250289917,0.4563157176152285
2252,22520225,2.118152379989624,0.35449821702949336
2252,22520290,1.909808158874512,0.2492875462237122
2252,22520272,2.242210626602173,0.4171457494411738
2252,22520375,2.014686107635498,0.3022493192108361
9609,96090023,2.3448376655578613,0.46897084712590076
9609,96090010,2.3067498207092285,0.44973706332031516
9609,96090001,2.3209569454193115,0.45691144575803755
9609,96090019,2.290447950363159,0.441504866116481
9609,96090006,2.439915895462036,0.5169839107650293
9609,96090026,2.53618597984314,0.5655988428329982
9609,96090015,2.5421948432922363,0.5686332277123872
3423,34230051,2.109483480453491,0.35012055428241606
3423,34230058,2.4832780361175537,0.5388811339350493
3423,34230164,1.9647793769836424,0.27704717738275
3423,34230083,2.5150904655456543,0.5549459281596166
3423,34230168,2.750653028488159,0.673901448649992
3423,34230035,2.3746602535247803,0.4840308016010978
3423,34230063,2.2773706912994385,0.4349010486886157
3423,34230108,2.3989083766937256,0.4962757359253208
3423,34230112,2.581477403640747,0.588470324719997
3423,34230034,2.188359260559082,0.38995162658584925
3423,34230123,2.137613773345948,0.3643259254193639
3423,34230115,2.899348258972168,0.7489902841411343
3423,34230011,2.398334264755249,0.4959858181064273
3423,34230081,2.013244867324829,0.30152151471946975
3423,34230141,2.22376012802124,0.4078285275762653
3423,34230085,2.555434226989746,0.575318915620671
3423,34230154,2.4617996215820312,0.5280348604505621
3423,34230043,2.217655658721924,0.40474586319298245
3423,34230079,2.341839551925659,0.46745684522698727
3423,34230072,2.228623390197754,0.41028440119328635
2937,29370123,2.3785181045532227,0.4859789578417594
2937,29370040,2.3961076736450195,0.4948614233760932
2937,29370221,2.476766586303711,0.5355929505663631
2937,29370126,2.5495352745056152,0.572340034111095
2937,29370230,2.315814733505249,0.45431470675559094
2937,29370032,2.258937120437622,0.4255923750650449
2937,29370106,2.383573293685913,0.48853175165986384
2937,29370142,2.4289710521698,0.5114569309501961
2937,29370217,2.0959904193878174,0.3433067631518306
2937,29370235,2.499166488647461,0.5469045614138167
2937,29370303,2.319020271301269,0.45593345471033364
2937,29370239,2.9338159561157227,0.7663959482780834
2937,29370153,2.72602915763855,0.6614667674476228
2937,29370015,2.457038640975952,0.5256306374748642
2937,29370379,2.627194166183472,0.6115565962203292
2937,29370270,2.486736536026001,0.540627623918798
2937,29370210,2.4428906440734863,0.5184861136829412
2937,29370193,2.620652675628662,0.6082532427332125
6912,69120003,2.508952379226685,0.5518462876914237
6912,69120087,2.422104597091675,0.5079894753089468
6912,69120092,2.0815749168396,0.33602715306721753
6912,69120170,1.9956904649734497,0.29265680785552084
6912,69120020,2.735715627670288,0.666358287857091
6912,69120025,2.9244186878204346,0.76165047035795
6912,69120151,2.277348279953003,0.43488973129867536
6912,69120061,2.3519070148468018,0.4725407612654383
6912,69120083,2.57417631149292,0.5847833839525672
6912,69120123,2.467957019805908,0.5311442531377465
6912,69120093,2.32436466217041,0.45863229101777303
6912,69120052,2.415303945541382,0.5045552494509261
6912,69120140,2.640654325485229,0.6183537724593001
6912,69120094,2.842829465866089,0.7204491510873966
6912,69120106,2.642676830291748,0.6193751067025196
6912,69120165,2.340618371963501,0.4668401678730122
6912,69120121,2.4484004974365234,0.5212685060395131
9635,96350023,2.595471143722534,0.595536951157757
9635,96350009,2.502209186553955,0.5484410776948453
9635,96350012,2.398270606994629,0.4959536719030867
739,7390120,2.029492378234864,0.309726261232811
1197,11970145,2.048287868499756,0.31921769866413874
1197,11970107,2.1148481369018555,0.3528296243999075
1197,11970175,1.9783074855804443,0.2838786669848379
1197,11970142,2.402233123779297,0.49795468276272425
1197,11970165,2.365297555923462,0.4793027813569358
1197,11970173,2.7376153469085693,0.6673176172511698
1197,11970141,1.92293393611908,0.2559158645968207
1197,11970042,2.023531913757324,0.30671631709978164
1197,11970036,2.2642688751220703,0.428284830290922
1197,11970081,2.301843404769897,0.4472593977077709
1197,11970023,2.073688745498657,0.33204475618368934
1197,11970019,2.4892499446868896,0.5418968571608137
1197,11970092,2.095921754837036,0.343272088595418
1197,11970095,2.539880514144897,0.5674645266044144
1197,11970075,2.254002332687378,0.4231003821184277
1197,11970006,2.384729623794556,0.4891156808216718
1197,11970088,2.457284450531006,0.5257547675709101
8581,85810086,2.0974385738372803,0.34403805917839125
8581,85810159,2.504497528076172,0.5495966554463977
8581,85810040,2.4611196517944336,0.5276914860238663
8581,85810163,2.574793577194214,0.5850950937669838
8581,85810120,2.586448431015014,0.5909806181269429
8581,85810121,2.3605644702911377,0.47691264491978036
8581,85810048,2.4433858394622803,0.5187361798415132
8581,85810056,2.621516704559326,0.6086895642347362
8581,85810012,2.2469491958618164,0.4195386550269319
8581,85810084,2.251914024353028,0.42204581809197983
8581,85810119,2.431540012359619,0.5127542168715317
8581,85810043,2.751721143722534,0.6744408306386308
8581,85810152,2.368924856185913,0.48113451295853193
8581,85810112,2.7504029273986816,0.6737751513941702
8581,85810018,2.085916042327881,0.33821935557818505
8581,85810002,2.497718334197998,0.5461732653872559
9604,96040002,2.8201346397399902,0.708988608204241
9604,96040012,2.6515040397644043,0.6238327135657701
9604,96040016,2.5216879844665527,0.5582775751215837
9604,96040004,2.77400279045105,0.6856927241944849
9604,96040021,2.48827600479126,0.5414050322894769
9604,96040006,2.4004759788513184,0.4970673512323073
9604,96040025,2.9296014308929443,0.7642676769805011
54,540130,2.865666389465332,0.7319814510386836
54,540055,2.498402833938598,0.5465189273714927
54,540058,2.590122699737549,0.5928360680883075
54,540031,1.8045231103897093,0.1961201940523022
54,540163,2.3159961700439453,0.45440632945500037
54,540001,2.384672403335572,0.4890867853579949
54,540004,2.3158867359161377,0.4543510668807179
54,540054,2.322690725326538,0.4577869783074532
54,540077,2.6309902667999268,0.6134735694397725
54,540123,2.270429849624634,0.43139602894458606
54,540156,2.789611339569092,0.693574804696765
54,540111,2.1670360565185547,0.3791837320465864
54,540072,2.672004461288452,0.6341851154169099
54,540088,2.2097725868225098,0.40076503148040377
54,540018,2.264878273010254,0.428592566979083
54,540014,2.5007007122039795,0.5476793210336582
54,540117,2.68819260597229,0.6423598828866858
54,540127,2.5664877891540527,0.5809007968164906
5547,55470131,2.3370604515075684,0.4650434720211246
5547,55470088,2.513118267059326,0.5539499978448802
5547,55470170,2.517230033874512,0.556026377705609
5547,55470046,2.3233659267425537,0.45812794477884256
5547,55470005,2.787393808364868,0.692454985081513
5547,55470175,2.42068099975586,0.5072705802522143
5547,55470080,2.3533263206481934,0.4732574891623952
5547,55470152,2.454277992248535,0.5242365517502104
5547,55470082,2.207735538482666,0.39973635297349974
5547,55470126,2.4488842487335205,0.5215127931053499
5547,55470105,2.447152137756348,0.5206381033402919
5547,55470047,2.6264092922210693,0.6111602467768916
5547,55470009,2.5825066566467285,0.5889900818728885
1092,10920044,2.541917562484741,0.5684932051113186
1092,10920012,2.577955961227417,0.5866920497262035
1092,10920075,2.935132503509521,0.7670607847381866
1092,10920030,2.891772985458374,0.7451648859435852
1092,10920101,2.7951762676239014,0.6963850089371263
1092,10920165,2.8550360202789307,0.7266132758763092
1092,10920159,2.465977430343628,0.5301445904922849
1092,10920032,2.75796127319336,0.6775920013503817
1092,10920043,2.886871337890625,0.7426896282863474
1092,10920141,2.494476079940796,0.5445359761766534
9626,96260013,2.800989389419556,0.6993205472511869
9626,96260016,2.2078986167907715,0.3998187050449794
9626,96260006,2.577986478805542,0.5867074606401647
9626,96260019,2.5168259143829346,0.5558223034933895
9626,96260003,2.636242389678955,0.6161258118120322
9626,96260009,2.34732985496521,0.4702293649668029
9626,96260022,2.571348190307617,0.5833552256603277
1292,12920158,2.4149539470672607,0.5043785055314346
1292,12920062,2.486531972885132,0.5405243226361526
1292,12920110,2.478572130203247,0.5365047228431404
1292,12920301,2.499936819076538,0.5472935665935693
1292,12920155,2.556502103805542,0.5758581772115444
1292,12920085,2.1007275581359863,0.3456989463509966
1292,12920121,2.37122130393982,0.48229418423410564
1292,12920270,2.6430039405822754,0.6195402924365402
1292,12920299,2.6742568016052246,0.6353225131058989
1292,12920368,2.6227118968963623,0.6092931182322913
1292,12920254,2.3293068408966064,0.46112801629511513
1292,12920214,2.377070426940918,0.48524790261072936
1292,12920143,2.1313421726226807,0.3611588622025904
1292,12920146,2.0830931663513184,0.33679384603678264
1292,12920054,2.47487473487854,0.5346375942985399
1292,12920259,2.510509490966797,0.552632605496736
1292,12920007,2.0713491439819336,0.33086329291259287
1292,12920073,2.186075210571289,0.3887982159940727
1292,12920268,2.0377113819122314,0.31387673339672684
92,920099,2.4903564453125,0.5424556231896692
92,920074,2.6153388023376465,0.6055698173397345
92,920051,2.489898681640625,0.5422244594802527
92,920134,2.78042221069336,0.6889344340257574
92,920009,2.557394504547119,0.5763088260471415
92,920126,2.179910659790039,0.38568521137392875
92,920040,2.531747341156006,0.5633573976360141
92,920122,2.4228811264038086,0.5083816108305977
92,920055,2.561842203140259,0.5785548463592077
92,920092,2.6621851921081543,0.629226533452158
92,920104,2.495793342590332,0.545201173830053
92,920010,2.551431655883789,0.5732976779364595
92,920129,2.147266864776612,0.36920059014168694
92,920094,2.712718963623047,0.6547453214030386
92,920136,1.9240642786026,0.2564866704022081
92,920025,1.987849831581116,0.28869740694516943
9553,95530161,2.2760939598083496,0.4342563186553209
9553,95530154,2.3040871620178223,0.4483924610772084
9553,95530016,2.3623149394989014,0.47779660531276813
9553,95530116,1.9095312356948853,0.24914770421929155
9553,95530041,1.800010085105896,0.1938411847525381
9553,95530118,2.227674722671509,0.4098053384850736
9553,95530005,2.5178098678588867,0.5563191850708699
9553,95530028,2.346344232559204,0.4697316406049651
9553,95530011,2.294412136077881,0.44350671976047595
9553,95530085,2.625013828277588,0.610455558656467
9553,95530144,1.6202369928359983,0.1030585005517829
9553,95530152,1.741641640663147,0.16436600583543892
9553,95530083,2.469979047775269,0.5321653465854354
9553,95530010,2.3729989528656006,0.48319186997234
9553,95530082,2.209612369537353,0.40068412418210764
9553,95530129,2.243592500686645,0.41784357488897494
9553,95530066,2.675854444503784,0.636129298531316
9553,95530049,2.726130723953247,0.6615180568956497
9553,95530173,2.000761747360229,0.2952177285227843
9553,95530059,2.594676971435547,0.5951359062014724
9600,96000010,2.391023874282837,0.49229418182615003
9600,96000013,2.374824523925781,0.4841137556614038
9600,96000007,2.666869640350342,0.631592108745188
9600,96000004,2.744933605194092,0.6710132266577028
5406,54060113,2.243927240371704,0.4180126133514862
5406,54060076,2.337445020675659,0.46523767361658763
5406,54060139,2.119868278503418,0.35536471974650985
5406,54060064,2.3423774242401123,0.4677284625855517
5406,54060119,2.579619169235229,0.5875319445370838
5406,54060017,2.5631558895111084,0.5792182380461274
5406,54060036,1.8364521265029907,0.21224386278411167
5406,54060126,1.905012488365173,0.2468658053731595
5406,54060044,2.187736749649048,0.38963726802059584
5406,54060116,2.296825885772705,0.44472562673658744
5406,54060099,2.2057528495788574,0.3987351251570891
5406,54060147,1.7517566680908203,0.1694739412280717
5406,54060049,2.400846004486084,0.49725420856408575
5406,54060091,2.4009692668914795,0.4973164542087568
5406,54060104,2.5310866832733154,0.5630237754283091
5406,54060077,2.1861696243286133,0.3888458935091398
5406,54060149,2.441159725189209,0.5176120259067097
5406,54060172,2.410072565078736,0.5019134816842495
5406,54060173,2.453922271728516,0.5240569182843514
5406,54060153,2.443082094192505,0.5185827930884942
9619,96190017,2.274277925491333,0.4333392488768696
9619,96190005,2.382096529006958,0.48778600790146454
9619,96190011,2.4636828899383545,0.5289858823988342
2917,29170181,2.277230978012085,0.43483049559813736
2917,29170211,2.5658679008483887,0.5805877626266555
2917,29170196,2.5396268367767334,0.5673364233821131
2917,29170226,2.586456775665283,0.5909848320487293
2917,29170252,2.140937089920044,0.36600414987017504
2917,29170012,2.2099685668945312,0.40086399844349774
2917,29170359,2.0584747791290283,0.3243619339830158
2917,29170197,2.05318021774292,0.32168826080852886
2917,29170309,2.1031954288482666,0.34694518361983595
2917,29170321,2.208302497863769,0.4000226588594332
2917,29170231,2.363654375076294,0.47847299995834247
2917,29170156,2.1841390132904053,0.38782046574189943
2917,29170362,2.025646924972534,0.3077843656759457
2917,29170177,2.47278356552124,0.5335815854989078
2917,29170149,2.1741645336151123,0.3827835048319236
2917,29170104,2.2547531127929688,0.423479514681424
2917,29170086,2.380695581436157,0.4870785506324372
2917,29170055,2.07419228553772,0.332299036264048
2917,29170161,1.9137028455734253,0.25125430391911585
2917,29170043,2.426309585571289,0.5101129306959161
9617,96170001,2.850390911102295,0.7242675662145571
2799,27990153,2.6661386489868164,0.6312229691967134
2799,27990309,2.3097002506256104,0.4512269856661645
2799,27990156,2.814284563064575,0.7060344082365558
2799,27990242,2.589670181274414,0.592607553129728
2799,27990264,2.495720148086548,0.5451642117160992
2799,27990247,2.0170814990997314,0.3034589555590178
2799,27990167,2.220153570175171,0.4060072705802523
2799,27990328,2.48088002204895,0.5376701732114492
2799,27990201,1.809002161026001,0.19838204667050818
2799,27990066,2.226691484451294,0.40930881810088915
2799,27990028,2.269606113433838,0.43098005466540135
2799,27990341,2.478240489959717,0.5363372495515787
2799,27990160,2.4682397842407227,0.5312870448874173
2799,27990056,2.8344671726226807,0.7162263198665223
2799,27990330,2.293686866760254,0.44314046975836907
2799,27990046,2.189964532852173,0.3907622647397567
2799,27990232,2.233614206314087,0.4128046876147541
2799,27990059,1.902504205703736,0.24559916068309873
2799,27990358,2.417654514312744,0.5057422510192274
2799,27990162,2.797745704650879,0.6976825356539923
9616,96160006,2.434276342391968,0.5141360220241228
1439,14390052,2.3376080989837646,0.4653200256880673
1439,14390135,2.428600788116455,0.5112699532206523
1439,14390008,2.578914165496826,0.5871759283450292
1439,14390045,2.5630342960357666,0.5791568351858135
1439,14390163,2.1827940940856934,0.3871413019477229
1439,14390143,2.674025774002075,0.6352058476713026
1439,14390133,2.749486207962036,0.6733122219865103
1439,14390076,2.3928346633911133,0.4932086028537642
1439,14390064,2.322955369949341,0.45792061982695953
1439,14390090,2.605818510055542,0.6007622141726953
1439,14390156,2.539832592010498,0.5674403266535851
1439,14390086,2.3145241737365723,0.45366299365190754
1439,14390117,2.271691083908081,0.43203293312313507
1439,14390068,2.324635982513428,0.4587693036747086
1439,14390009,2.309498786926269,0.45112524955446787
1439,14390154,2.486411094665528,0.5404632809691349
1439,14390124,2.5055699348449707,0.5501382045948123
2621,26210047,2.000607252120972,0.29513971077085654
2621,26210231,1.8208484649658203,0.20436425043602058
2621,26210203,2.048309087753296,0.31922841406525226
2621,26210136,2.498023271560669,0.5463272541291017
2621,26210302,2.335955858230591,0.4644856691743916
2621,26210141,2.1914379596710205,0.39150632292944143
2621,26210005,2.3764798641204834,0.4849496773460288
2621,26210096,2.24027681350708,0.41616920316665384
2621,26210123,2.141505718231201,0.36629129854046616
2621,26210262,2.246100425720215,0.41911003898238863
2621,26210220,2.461620569229126,0.5279444417288061
2621,26210299,2.395765781402588,0.4946887729806225
2621,26210177,2.158187866210937,0.37471553017998727
2621,26210213,2.0635361671447754,0.32691785814301866
2621,26210132,2.476635694503784,0.5355268521932018
2621,26210287,2.2424466609954834,0.4172649432288419
2621,26210242,2.2183151245117188,0.40507888341186093
2621,26210135,2.2159790992736816,0.40389922610724416
2002,20020015,2.3544681072235107,0.47383407406051836
2002,20020108,2.0531837940216064,0.32169006677500855
2002,20020174,2.118963718414306,0.35490793062488113
2002,20020220,2.404733180999756,0.49921717372988195
2002,20020032,2.0934011936187744,0.34199924342044274
2002,20020204,2.137737512588501,0.36438841185956516
2002,20020208,2.2478907108306885,0.420014105802185
2002,20020094,2.1938741207122803,0.392736547295493
2002,20020377,2.391890525817871,0.49273182770309243
2002,20020303,2.2167270183563232,0.40427691389705667
2002,20020206,2.2522826194763184,0.4222319530371662
2002,20020295,2.2385904788970947,0.4153176297725375
2002,20020357,2.5886240005493164,0.5920792477354987
2002,20020278,2.4079222679138184,0.5008276142388178
2002,20020285,2.2404959201812744,0.41627984871298407
2002,20020185,1.9930205345153809,0.29130853348057173
2002,20020348,2.950859785079956,0.7750028233275968
2002,20020123,2.1120030879974365,0.3513929178663301
2002,20020361,2.041892766952514,0.3159882694049291
2002,20020181,2.643860101699829,0.6199726408118086
9555,95550107,2.6075809001922607,0.6016521944539494
9555,95550134,2.050321102142334,0.32024445080679753
9555,95550044,2.222245216369629,0.4070635201754148
9555,95550081,2.286174297332764,0.4393467361730995
9555,95550027,2.550187826156616,0.572669562794779
9555,95550173,2.2163875102996826,0.40410546747923937
9555,95550092,2.192171573638916,0.3918767868533347
9555,95550143,1.938272714614868,0.2636617150276397
9555,95550046,2.157783508300781,0.3745113355700026
9555,95550146,2.329777956008911,0.4613659222793899
9555,95550116,2.0301384925842285,0.31005253917683084
9555,95550073,2.3788161277771,0.4861294550484111
9555,95550051,2.582643985748291,0.5890594309857135
9555,95550126,2.1295175552368164,0.3602374581045876
9555,95550082,2.2357707023620605,0.41389368540208415
9555,95550148,2.419804811477661,0.5068281184646589
9555,95550043,2.249837875366211,0.4209973943515629
9555,95550053,2.5956902503967285,0.5956475967040872
9555,95550075,2.537583589553833,0.5663046145333107
