Speaker,Audio filename,Raw Mean of Per Token Losses,Normalized Per Token Losses
1,000010011.WAV,6.769767761230469,0.6392233261503104
1,000010035.WAV,6.9641828536987305,0.704819436056028
1,000010053.WAV,5.980332374572754,0.3728659681426454
1,000010063.WAV,6.40274715423584,0.5153897092822521
1,000010069.WAV,6.269431591033936,0.4704087243962032
1,000010075.WAV,6.277786731719971,0.4732277685339843
1,000010089.WAV,6.421092987060547,0.5215796364684755
1,000010095.WAV,6.288224697113037,0.47674956263146373
1,000010106.WAV,6.687407970428467,0.6114349388359772
1,000010113.WAV,6.1304612159729,0.4235197926758911
1,000010115.WAV,6.215737342834473,0.45229215864258543
1,000010121.WAV,6.982072830200195,0.7108555562455774
1,000010122.WAV,6.426653861999512,0.5234558887647205
1,000010133.WAV,7.426117897033691,0.8606774072001622
1,000010135.WAV,6.300044536590576,0.48073760429835866
1,000010140.WAV,7.027735710144043,0.7262623194416868
1,000010145.WAV,6.5631489753723145,0.5695096613639719
1,000010149.WAV,6.522187232971191,0.5556890730425563
1,000010168.WAV,6.364833831787109,0.502597665029598
1,000010173.WAV,6.197625637054443,0.4461812264724363
3,000030012.WAV,6.2495598793029785,0.4637039620746697
3,000030024.WAV,6.346563339233398,0.49643315782818065
3,000030040.WAV,5.957199573516846,0.3650609066053667
3,000030047.WAV,6.322839736938477,0.4884287585619498
3,000030049.WAV,5.956727504730225,0.3649016294853802
3,000030051.WAV,5.9753851890563965,0.37119677610238244
3,000030054.WAV,7.051846981048584,0.7343975190094827
3,000030059.WAV,7.000582218170166,0.7171006673228668
3,000030067.WAV,6.395569801330566,0.5129680535145382
3,000030069.WAV,6.3727898597717285,0.5052820476022999
3,000030079.WAV,6.577916145324707,0.5744921392719136
3,000030080.WAV,6.397355079650879,0.5135704106228507
3,000030097.WAV,5.849698066711426,0.32878964512092335
3,000030101.WAV,6.371825218200684,0.5049565752651966
3,000030116.WAV,6.342947959899902,0.49521332032945575
3,000030119.WAV,6.482249736785889,0.5422140678057177
3,000030145.WAV,6.3209309577941895,0.48778473198487293
3,000030153.WAV,5.950845241546631,0.3629169400387606
3,000030154.WAV,6.625814437866211,0.5906531359412519
3,000030175.WAV,6.212738037109375,0.45128018582974216
5,000050003.WAV,6.173627853393555,0.4380843177678291
5,000050010.WAV,6.308407306671143,0.4835592226118164
5,000050024.WAV,6.80881404876709,0.6523976354909322
5,000050028.WAV,6.009490013122559,0.3827038240344989
5,000050038.WAV,7.01468563079834,0.7218591919469486
5,000050040.WAV,7.448421001434326,0.8682025271326161
5,000050047.WAV,6.51292085647583,0.5525625757974073
5,000050049.WAV,6.866567134857178,0.671883662704474
5,000050055.WAV,6.269161701202393,0.470317662931645
5,000050078.WAV,6.613519191741943,0.5865046909525125
5,000050079.WAV,6.384846210479736,0.5093498887151677
5,000050083.WAV,6.560009002685547,0.5684502271870919
5,000050095.WAV,6.263279438018799,0.468332973485025
5,000050099.WAV,6.6537370681762695,0.6000742971454642
5,000050100.WAV,6.51123571395874,0.5519940047448493
5,000050114.WAV,6.21442174911499,0.4518482742243608
5,000050118.WAV,6.4870781898498535,0.5438431992370141
5,000050122.WAV,6.013471603393555,0.3840472219656983
5,000050174.WAV,6.26382303237915,0.46851638350197944
5,000050175.WAV,6.427517414093018,0.5237472532741101
6,000060015.WAV,5.712265968322754,0.2824197315713959
6,000060020.WAV,6.686395168304443,0.611093217014915
6,000060029.WAV,6.1539692878723145,0.43145147147925944
6,000060031.WAV,6.7355570793151855,0.627680561530682
6,000060049.WAV,7.100524425506592,0.7508214033697891
6,000060056.WAV,6.367316722869873,0.5034353983263353
6,000060077.WAV,5.95610237121582,0.364690707965883
6,000060081.WAV,6.305892467498779,0.48271070995443366
6,000060082.WAV,6.409509181976318,0.5176712333615743
6,000060083.WAV,6.124417781829834,0.4214807237681042
6,000060094.WAV,6.591923236846924,0.579218164928079
6,000060102.WAV,6.055150985717773,0.3981099436866893
6,000060106.WAV,5.593215465545654,0.24225181165657528
6,000060111.WAV,6.737270355224609,0.6282586248560473
6,000060113.WAV,6.503954887390137,0.549537436719522
6,000060116.WAV,6.46966028213501,0.5379663561674513
6,000060124.WAV,6.328527450561523,0.49034780652881715
6,000060130.WAV,6.104692459106445,0.4148253534423645
6,000060136.WAV,6.396929740905762,0.5134269003288832
6,000060153.WAV,6.22123384475708,0.45414669133155994
24,000240010.WAV,7.220142841339111,0.7911809384865325
24,000240031.WAV,5.907937049865723,0.3484396151478655
24,000240060.WAV,7.193225860595703,0.7820990858136858
24,000240071.WAV,6.350625038146973,0.4978035846039839
24,000240073.WAV,6.481378078460693,0.5419199682346723
24,000240099.WAV,6.256519794464111,0.466052253835602
24,000240115.WAV,6.266600608825684,0.46945354433422337
24,000240116.WAV,6.559420585632324,0.568251693888038
24,000240151.WAV,6.114264965057373,0.4180551394865357
24,000240152.WAV,6.210672378540039,0.4505832277653161
24,000240248.WAV,6.421519756317139,0.5217236294203824
24,000240284.WAV,6.145766258239746,0.42868374996902925
24,000240287.WAV,6.480284214019775,0.541550895797047
24,000240289.WAV,6.311870098114014,0.48472757659701027
24,000240320.WAV,6.512499809265137,0.5524205134772575
24,000240323.WAV,5.769347190856934,0.30167907043942144
24,000240324.WAV,6.520086765289307,0.5549803703016065
24,000240329.WAV,6.1100239753723145,0.41662421958233353
24,000240350.WAV,6.972975730895996,0.7077861735232516
24,000240352.WAV,6.245863437652588,0.46245677395938123
26,000260001.WAV,5.95692253112793,0.364967431851112
26,000260011.WAV,5.78078031539917,0.3055366335767109
26,000260015.WAV,6.259042739868164,0.466903501554641
26,000260032.WAV,6.412453651428223,0.5186647042867427
26,000260033.WAV,5.877766132354736,0.33825987654896994
26,000260039.WAV,6.156287670135498,0.4322336991129714
26,000260048.WAV,6.802256107330322,0.6501849706109579
26,000260050.WAV,6.352008819580078,0.498270475717318
26,000260052.WAV,5.943709850311279,0.36050944223726744
26,000260069.WAV,6.341763496398926,0.4948136795556717
26,000260075.WAV,6.526340007781982,0.5570902290404984
26,000260091.WAV,6.70062780380249,0.6158953417395183
26,000260095.WAV,6.3098578453063965,0.48404863776232054
26,000260096.WAV,6.325932025909424,0.48947210414085096
26,000260112.WAV,6.070558547973633,0.4033084914654814
26,000260115.WAV,6.35508394241333,0.4993080294009473
26,000260121.WAV,5.718830585479736,0.28463464885508705
26,000260126.WAV,5.810081005096436,0.3154227552625002
26,000260133.WAV,6.3529157638549805,0.49857648085086814
26,000260166.WAV,6.726938724517822,0.6247727083320596
36,000360013.WAV,5.941308498382568,0.35969922044307334
36,000360034.WAV,6.044195652008057,0.3944135883011437
36,000360036.WAV,6.391002655029297,0.5114270876001636
36,000360132.WAV,6.362020969390869,0.5016485986348502
36,000360133.WAV,6.014449119567871,0.3843770382242562
36,000360161.WAV,6.738669872283936,0.6287308252067147
36,000360190.WAV,6.2593536376953125,0.4670083992134606
36,000360210.WAV,6.595558166503906,0.5804445987519753
36,000360223.WAV,6.077365398406982,0.4056051388269031
36,000360241.WAV,6.544682025909424,0.5632788691388837
36,000360264.WAV,5.962243556976318,0.36676275849952567
36,000360283.WAV,6.96914529800415,0.7064937764476438
36,000360313.WAV,6.707453727722168,0.6181984245401313
36,000360314.WAV,6.150240898132324,0.43019350400332557
36,000360332.WAV,6.280866622924805,0.47426693107741147
36,000360334.WAV,6.302443981170654,0.48154718254863327
36,000360339.WAV,6.349674224853516,0.49748277796029394
36,000360343.WAV,6.182658672332764,0.4411313373389649
36,000360360.WAV,6.590932846069336,0.578884004748067
36,000360378.WAV,6.923620700836182,0.6911336701856718
44,000440005.WAV,5.860008239746094,0.3322683217758209
44,000440021.WAV,5.79403018951416,0.31000717229697883
44,000440032.WAV,6.647861957550049,0.5980920209885412
44,000440035.WAV,5.8354105949401855,0.3239690185086448
44,000440043.WAV,6.634951114654541,0.5937358721999002
44,000440045.WAV,6.6561431884765625,0.6008861277994562
44,000440049.WAV,6.646933555603027,0.597778775985901
44,000440062.WAV,6.313255786895752,0.48519511125426384
44,000440082.WAV,6.068577766418457,0.402640171105457
44,000440089.WAV,6.831791400909424,0.6601502481988011
44,000440090.WAV,6.523909091949463,0.556270032315558
44,000440099.WAV,6.216744899749756,0.45263211071787013
44,000440104.WAV,6.370648384094238,0.5045595086670887
44,000440126.WAV,5.7233171463012695,0.28614842503887794
44,000440132.WAV,6.108822345733643,0.41621878691327674
44,000440145.WAV,6.693037033081055,0.6133341978273312
44,000440147.WAV,6.676530838012695,0.607764968751116
44,000440163.WAV,6.855923175811768,0.6682923658637276
44,000440173.WAV,5.739012718200684,0.29144414794945983
44,000440175.WAV,6.479664325714111,0.5413417440233272
48,000480010.WAV,6.630215167999268,0.5921379526486821
48,000480014.WAV,6.023205757141113,0.3873315483570161
48,000480015.WAV,6.577568531036377,0.5743748533926507
48,000480016.WAV,5.862478256225586,0.33310171115110365
48,000480019.WAV,6.625186920166016,0.590441409991856
48,000480023.WAV,6.624881744384766,0.590338442964794
48,000480033.WAV,6.329312801361084,0.490612785737522
48,000480045.WAV,6.493285179138184,0.5459374520358671
48,000480068.WAV,6.4521074295043945,0.5320439823656093
48,000480081.WAV,6.505895137786865,0.5501920817712647
48,000480089.WAV,6.179111003875732,0.4399343456493694
48,000480090.WAV,6.190236568450928,0.4436881373296979
48,000480108.WAV,6.4600372314453125,0.5347195162094234
48,000480119.WAV,6.065439701080322,0.40158138047249614
48,000480125.WAV,6.03281307220459,0.39057307907771155
48,000480134.WAV,6.244270324707031,0.4619192539009218
48,000480136.WAV,5.924532890319824,0.35403909078828
48,000480151.WAV,6.488743305206299,0.544405013078421
48,000480158.WAV,6.182214736938477,0.4409815524917857
48,000480159.WAV,6.863071918487549,0.6707043684726546
49,000490002.WAV,6.417619228363037,0.5204075821057466
49,000490017.WAV,6.11218786239624,0.41735432015859497
49,000490032.WAV,6.422694683074951,0.5221200524745713
49,000490047.WAV,6.018415451049805,0.3857152878041028
49,000490052.WAV,7.09543514251709,0.7491042673075505
49,000490086.WAV,6.883523464202881,0.6776047681456057
49,000490087.WAV,6.357149600982666,0.5000049874653734
49,000490088.WAV,6.952919006347656,0.701018987441562
49,000490092.WAV,6.65123176574707,0.5992290022076772
49,000490097.WAV,6.330051422119141,0.49086199812020825
49,000490101.WAV,6.371524333953857,0.5048550562119523
49,000490102.WAV,6.7924981117248535,0.646892599920651
49,000490117.WAV,5.9206624031066895,0.3527331792903705
49,000490134.WAV,6.079298973083496,0.4062575314749284
49,000490144.WAV,5.848268985748291,0.32830746983950965
49,000490151.WAV,6.678364276885986,0.6083835753433868
49,000490157.WAV,6.372014045715332,0.5050202861131912
49,000490162.WAV,6.277490139007568,0.4731276974545586
49,000490164.WAV,6.618913173675537,0.5883246331558329
49,000490175.WAV,6.318729400634766,0.4870419214162085
53,000530003.WAV,6.476644992828369,0.5403230139993325
53,000530006.WAV,6.270627498626709,0.47081222643350196
53,000530019.WAV,6.145864963531494,0.42871705336684474
53,000530027.WAV,6.253146648406982,0.4649141464146076
53,000530030.WAV,6.411725997924805,0.5184191922815915
53,000530037.WAV,6.701219081878662,0.6160948403544511
53,000530054.WAV,6.0031938552856445,0.3805794855574265
53,000530055.WAV,6.056821823120117,0.3986736881598538
53,000530060.WAV,6.14094877243042,0.4270583189152679
53,000530063.WAV,6.1207356452941895,0.42023836223220923
53,000530076.WAV,6.0778584480285645,0.40577149493
53,000530077.WAV,6.694613933563232,0.6138662477624781
53,000530094.WAV,7.075216293334961,0.7422823799927343
53,000530109.WAV,6.262547016143799,0.4680858526200764
53,000530112.WAV,6.26141357421875,0.4677034266461291
53,000530115.WAV,6.443416595458984,0.5291116744980597
53,000530145.WAV,6.516963481903076,0.5539265671340188
53,000530154.WAV,6.424270153045654,0.5226516197517788
53,000530163.WAV,6.854724407196045,0.6678878985105496
53,000530174.WAV,6.589687347412109,0.5784637705688704
54,000540001.WAV,7.03946590423584,0.7302201145443823
54,000540004.WAV,7.337975978851318,0.8309381164949639
54,000540014.WAV,6.482790470123291,0.5423965125067933
54,000540018.WAV,6.350543022155762,0.497775912215461
54,000540031.WAV,6.166703224182129,0.43574793156940106
54,000540054.WAV,7.759429931640625,0.9731376723853054
54,000540055.WAV,6.174058437347412,0.43822959780757453
54,000540058.WAV,6.482030391693115,0.542140060255017
54,000540062.WAV,6.172584533691406,0.4377322992440609
54,000540072.WAV,6.469855785369873,0.5380323194191627
54,000540077.WAV,6.352133750915527,0.49831262784402175
54,000540088.WAV,6.489070892333984,0.5445155417465333
54,000540106.WAV,6.165964603424072,0.4354987191867148
54,000540111.WAV,6.0047221183776855,0.3810951251226353
54,000540117.WAV,6.477053642272949,0.5404608932840078
54,000540123.WAV,6.701747417449951,0.6162731020200523
54,000540127.WAV,6.137158393859863,0.42577943626196224
54,000540130.WAV,6.6083984375,0.5847769364156081
54,000540156.WAV,6.2692484855651855,0.4703469441799657
54,000540163.WAV,6.252841949462891,0.4648113402735252
56,000560016.WAV,6.104738712310791,0.41484095938240384
56,000560017.WAV,6.176273345947266,0.4389769131836727
56,000560026.WAV,6.525942325592041,0.5569560501333581
56,000560030.WAV,6.581221580505371,0.5756074008837786
56,000560033.WAV,7.259712219238281,0.804531739746978
56,000560038.WAV,6.784531593322754,0.6442046778563937
56,000560058.WAV,6.299635410308838,0.48059956412770366
56,000560068.WAV,5.886172294616699,0.34109613548658824
56,000560074.WAV,6.457752227783203,0.5339485505942967
56,000560075.WAV,6.045278549194336,0.39477896036123394
56,000560084.WAV,5.771687984466553,0.3024688597141827
56,000560086.WAV,5.785048484802246,0.3069767239817607
56,000560088.WAV,6.279059886932373,0.47365733410000854
56,000560116.WAV,5.950546741485596,0.36281622541541547
56,000560117.WAV,5.558509349822998,0.2305418865039508
56,000560134.WAV,6.588409423828125,0.5780325961430484
56,000560154.WAV,5.7343621253967285,0.289875026988623
56,000560159.WAV,7.249706268310547,0.801155708347183
56,000560162.WAV,6.40831184387207,0.5172672486663357
56,000560172.WAV,6.450801849365234,0.53160347655296
70,000700008.WAV,6.266912937164307,0.4695589246509819
70,000700010.WAV,6.246068000793457,0.4625257940447087
70,000700012.WAV,5.992550373077393,0.3769883496026598
70,000700015.WAV,5.819989204406738,0.31876580503643903
70,000700019.WAV,6.467529773712158,0.5372475176097751
70,000700034.WAV,6.923367500305176,0.6910482397304067
70,000700037.WAV,5.950098991394043,0.3626651534803982
70,000700046.WAV,6.96776819229126,0.7060291377380266
70,000700048.WAV,6.172194004058838,0.43760053362661755
70,000700053.WAV,7.251319408416748,0.8016999856167935
70,000700063.WAV,6.266628742218018,0.46946303660703026
70,000700065.WAV,5.419519424438477,0.18364635845846777
70,000700082.WAV,5.865216255187988,0.33402551844702555
70,000700109.WAV,6.220483303070068,0.4538934567993793
70,000700120.WAV,5.959275245666504,0.3657612432753681
70,000700123.WAV,6.4835286140441895,0.5426455640034995
70,000700130.WAV,6.386439800262451,0.5098875696596072
70,000700151.WAV,6.777445793151856,0.6418139121967987
70,000700156.WAV,6.866340637207031,0.6718072418640764
70,000700174.WAV,5.610330104827881,0.24802633124299533
75,000750005.WAV,5.8142828941345215,0.31684048251635955
75,000750015.WAV,6.449510097503662,0.5311676364337241
75,000750020.WAV,6.079830169677734,0.40643675845640836
75,000750024.WAV,6.6167097091674805,0.5875811790432495
75,000750026.WAV,7.550158977508545,0.9025291597794058
75,000750029.WAV,6.539794921875,0.5616299487320735
75,000750045.WAV,6.594751834869385,0.5801725405601601
75,000750068.WAV,7.216007232666016,0.7897855743838631
75,000750080.WAV,6.339838981628418,0.49416434374126195
75,000750082.WAV,7.184739112854004,0.7792356371454836
75,000750085.WAV,6.91614294052124,0.6886106562506937
75,000750091.WAV,6.537193775177002,0.5607523157123502
75,000750101.WAV,6.481637954711914,0.5420076510936547
75,000750106.WAV,6.111445426940918,0.4171038206880706
75,000750108.WAV,6.496063232421875,0.5468747737540907
75,000750123.WAV,6.321360111236572,0.48792952936667855
75,000750128.WAV,6.478668689727783,0.5410058140975373
75,000750134.WAV,6.524779319763184,0.5565636492286641
75,000750140.WAV,6.337367057800293,0.4933303108220597
75,000750149.WAV,5.978938579559326,0.37239569842373554
92,000920002.WAV,6.616711616516113,0.587581822587169
92,000920009.WAV,6.162815093994141,0.4344360672902392
92,000920010.WAV,6.368156433105469,0.5037187185367353
92,000920025.WAV,6.904622554779053,0.6847236509791037
92,000920040.WAV,6.353868007659912,0.4988977701524975
92,000920051.WAV,7.12503719329834,0.7590920689325633
92,000920055.WAV,5.85578203201294,0.3308423893369923
92,000920074.WAV,5.883708953857422,0.34026499851502234
92,000920092.WAV,6.433121204376221,0.525637985308536
92,000920094.WAV,6.497685432434082,0.5474221078573172
92,000920099.WAV,6.454420566558838,0.5328244402535434
92,000920104.WAV,6.270189762115479,0.4706645331040604
92,000920122.WAV,6.473933696746826,0.539408216318279
92,000920126.WAV,6.3169050216674805,0.48642637165755365
92,000920129.WAV,6.062003612518311,0.40042203610217064
92,000920134.WAV,6.299274444580078,0.4804777734410066
92,000920136.WAV,6.501100540161133,0.5485743732445327
92,000920149.WAV,6.510130882263184,0.5516212319296889
92,000920167.WAV,6.911397457122803,0.6870095189798799
92,000920173.WAV,6.836452960968018,0.661723069537173
93,000930005.WAV,6.623748779296875,0.5899561778768263
93,000930014.WAV,6.296484470367432,0.4795364295732887
93,000930018.WAV,5.767339706420898,0.3010017404645293
93,000930026.WAV,6.064698696136475,0.4013313636599116
93,000930035.WAV,5.758073329925537,0.29787524321937986
93,000930040.WAV,7.017247676849365,0.72272363231633
93,000930048.WAV,6.328021049499512,0.4901769456182865
93,000930050.WAV,6.167197227478027,0.43591460944445726
93,000930051.WAV,7.023613929748535,0.7248716210324309
93,000930056.WAV,6.086568832397461,0.408710399122721
93,000930089.WAV,6.132156848907471,0.4240919032200041
93,000930091.WAV,6.579540729522705,0.5750402778050387
93,000930095.WAV,6.028443336486816,0.3890987199589675
93,000930099.WAV,6.516274929046631,0.5536942477792104
93,000930101.WAV,6.657558917999268,0.6013637982734361
93,000930111.WAV,6.110929489135742,0.41692974205794386
93,000930148.WAV,5.961796760559082,0.3666120083364677
93,000930151.WAV,5.695756912231445,0.27684953717930183
93,000930155.WAV,6.040850162506104,0.393284812266977
93,000930162.WAV,6.515908241271973,0.5535705264607562
94,000940012.WAV,6.8189473152160645,0.6558166234473297
94,000940015.WAV,6.644747734069824,0.5970412746545699
94,000940021.WAV,6.205915451049805,0.4489782292309876
94,000940027.WAV,6.09932804107666,0.4130153861697907
94,000940032.WAV,5.923460006713867,0.3536770973337653
94,000940042.WAV,5.850950241088867,0.32921213170383723
94,000940049.WAV,6.874509334564209,0.674563379583762
94,000940067.WAV,5.829154968261719,0.32185835533985396
94,000940068.WAV,6.064230442047119,0.4011733736277632
94,000940073.WAV,6.765953063964844,0.6379362383120359
94,000940074.WAV,6.01251220703125,0.38372351937437243
94,000940086.WAV,6.228575706481934,0.45662385276229966
94,000940093.WAV,6.340052127838135,0.49423625977422536
94,000940102.WAV,6.825701713562012,0.6580955733509748
94,000940103.WAV,6.215202331542969,0.4521116445732678
94,000940122.WAV,6.456355094909668,0.5334771546735284
94,000940133.WAV,6.678254127502441,0.6083464106820566
94,000940147.WAV,6.947641849517822,0.6992384623032886
94,000940150.WAV,6.8406758308410645,0.6631478757741431
94,000940173.WAV,6.721904754638672,0.6230742350434764
96,000960002.WAV,6.8191094398498535,0.6558713246804564
96,000960008.WAV,6.4437665939331055,0.5292297648072217
96,000960019.WAV,6.369595050811768,0.5042041115377451
96,000960040.WAV,6.336522579193115,0.49304538175186186
96,000960043.WAV,7.283109188079834,0.8124259321170568
96,000960046.WAV,6.242276668548584,0.4612465896194433
96,000960048.WAV,6.435543537139893,0.5264552860858405
96,000960049.WAV,7.349742412567139,0.8349081389321225
96,000960050.WAV,6.4309916496276855,0.5249194685228187
96,000960052.WAV,7.0387163162231445,0.729967201784161
96,000960054.WAV,6.390096187591553,0.5111212433525936
96,000960066.WAV,6.046403408050537,0.39515849038754536
96,000960071.WAV,6.574486255645752,0.5733348864193248
96,000960073.WAV,6.604156017303467,0.583345533853467
96,000960084.WAV,6.82427453994751,0.6576140416134806
96,000960090.WAV,6.382899761199951,0.5086931521456879
96,000960093.WAV,6.990120887756348,0.7135709898123779
96,000960136.WAV,6.072858333587647,0.4040844445459817
96,000960167.WAV,5.758074760437012,0.29787572587731925
96,000960168.WAV,7.04569673538208,0.7323224116422244
103,001030008.WAV,5.9610209465026855,0.3663502468473585
103,001030013.WAV,6.482372283935547,0.5422554155025223
103,001030032.WAV,6.776758193969727,0.6415819146139492
103,001030048.WAV,6.9308366775512695,0.6935683577177485
103,001030053.WAV,5.987637996673584,0.3753309022389215
103,001030054.WAV,6.366611003875732,0.5031972870762542
103,001030060.WAV,5.749134063720703,0.29485911375636253
103,001030061.WAV,6.035768032073975,0.39157008949443495
103,001030065.WAV,7.063245296478272,0.7382433374702486
103,001030077.WAV,6.374083042144775,0.5057183703794752
103,001030078.WAV,6.161264896392822,0.43391302696996026
103,001030090.WAV,6.50848388671875,0.5510655317555135
103,001030099.WAV,6.663454532623291,0.6033529925274899
103,001030102.WAV,6.581005573272705,0.5755345195349364
103,001030103.WAV,5.910431385040283,0.3492812097081175
103,001030121.WAV,6.232753276824951,0.4580333748311902
103,001030136.WAV,6.120636940002441,0.42020505883439374
103,001030143.WAV,6.739718914031982,0.6290847743622401
103,001030144.WAV,6.5386271476745605,0.5612359389675816
103,001030155.WAV,6.396230220794678,0.5131908805965393
104,001040022.WAV,6.601732730865479,0.5825279113042032
104,001040026.WAV,6.781818866729736,0.6432893975174008
104,001040038.WAV,6.759738922119141,0.635839572223486
104,001040050.WAV,6.45174503326416,0.5319217090209734
104,001040062.WAV,6.637324333190918,0.594536601721287
104,001040067.WAV,6.717698097229004,0.6216548989298187
104,001040069.WAV,6.449224948883057,0.5310714266178131
104,001040071.WAV,6.473725318908691,0.5393379091451129
104,001040073.WAV,6.036289215087891,0.3917459378703392
104,001040100.WAV,6.494585990905762,0.546376348988719
104,001040104.WAV,6.013368129730225,0.3840123097080854
104,001040106.WAV,6.394184112548828,0.5125005188572846
104,001040108.WAV,7.005415916442871,0.7187315684999407
104,001040115.WAV,6.605724334716797,0.5838746878409775
104,001040120.WAV,6.428780555725098,0.524173440234559
104,001040122.WAV,5.890711784362793,0.34262777001413536
104,001040134.WAV,7.27182149887085,0.8086174392036016
104,001040136.WAV,5.975447654724121,0.37121785216573433
104,001040149.WAV,6.393784999847412,0.5123658572922054
104,001040173.WAV,5.957617282867432,0.3652018427236581
111,001110009.WAV,5.990762233734131,0.37638502717846856
111,001110023.WAV,6.7666120529174805,0.6381585827360976
111,001110039.WAV,7.236088275909424,0.7965609656505215
111,001110040.WAV,6.202264785766602,0.44774648616975843
111,001110047.WAV,6.986125946044922,0.7122230870737447
111,001110056.WAV,6.187817573547363,0.4428719627542519
111,001110060.WAV,6.709868907928467,0.6190133120277392
111,001110067.WAV,6.131969928741455,0.42402883591592855
111,001110072.WAV,6.869730949401856,0.6729511411803435
111,001110076.WAV,6.834780216217041,0.6611586815200894
111,001110094.WAV,6.646480083465576,0.5976257734191261
111,001110099.WAV,7.228055477142334,0.7938506804350742
111,001110114.WAV,5.912669658660889,0.35003640849722517
111,001110122.WAV,5.999096393585205,0.3791969923331393
111,001110129.WAV,6.836172103881836,0.6616283076950797
111,001110135.WAV,5.856469631195068,0.33107438691984115
111,001110137.WAV,6.4217915534973145,0.5218153344288596
111,001110141.WAV,6.540328979492188,0.5618101410294323
111,001110151.WAV,6.772027492523193,0.6399857648085086
111,001110173.WAV,6.387644290924072,0.5102939676445424
112,001120010.WAV,7.032026290893555,0.7277099714877868
112,001120013.WAV,6.404814720153809,0.5160873108905972
112,001120024.WAV,6.408469200134277,0.5173203410396645
112,001120031.WAV,6.630402088165283,0.5922010199527572
112,001120038.WAV,6.304413318634033,0.48221164164514296
112,001120063.WAV,6.252610683441162,0.4647333105733298
112,001120078.WAV,6.318944931030273,0.48711464187907105
112,001120090.WAV,6.947472095489502,0.6991811868944853
112,001120097.WAV,6.800990104675293,0.6497578183346306
112,001120098.WAV,6.9120402336120605,0.6872263932806291
112,001120101.WAV,5.981223583221436,0.37316666403886267
112,001120105.WAV,6.731630802154541,0.6263558263731375
112,001120119.WAV,6.460662841796875,0.5349305986149002
112,001120130.WAV,6.371538639068604,0.5048598827913462
112,001120136.WAV,6.098843097686768,0.4128517651283501
112,001120141.WAV,5.736113548278809,0.290465961192371
112,001120148.WAV,6.77279806137085,0.6402457565518402
112,001120156.WAV,6.38222074508667,0.5084640505104752
112,001120159.WAV,6.42633056640625,0.5233468080704269
112,001120162.WAV,6.774000644683838,0.6406515109928563
113,001130002.WAV,6.498023509979248,0.5475361760169843
113,001130005.WAV,6.465785503387451,0.5366589966957236
113,001130019.WAV,6.755268096923828,0.6343311052770277
113,001130021.WAV,6.209349632263184,0.4501369300573945
113,001130023.WAV,6.559061527252197,0.5681305467452604
113,001130024.WAV,6.585442066192627,0.5770314026908501
113,001130039.WAV,6.326175689697266,0.48955431687652085
113,001130047.WAV,6.068617343902588,0.40265352464177906
113,001130054.WAV,6.699646949768066,0.615564399279102
113,001130073.WAV,6.513117790222168,0.5526290217070582
113,001130074.WAV,6.730014324188232,0.6258104229016686
113,001130082.WAV,6.080236911773682,0.4065739941971642
113,001130087.WAV,6.220335006713867,0.4538434212596665
113,001130102.WAV,6.564746379852295,0.5700486293962495
113,001130118.WAV,6.819750308990479,0.6560875554372869
113,001130123.WAV,6.323393821716309,0.4886157080704592
113,001130138.WAV,6.247868061065674,0.4631331386183948
113,001130155.WAV,6.420977115631104,0.5215405411753882
113,001130168.WAV,6.207126140594482,0.44938671873366
113,001130173.WAV,6.480321407318115,0.5415634449034699
114,001140008.WAV,6.303416252136231,0.4818752290614141
114,001140045.WAV,6.472253322601318,0.5388412541255188
114,001140046.WAV,6.47786283493042,0.5407339167917018
114,001140049.WAV,5.565332889556885,0.23284416487466486
114,001140054.WAV,6.294427871704102,0.47884252834247865
114,001140056.WAV,5.8037309646606445,0.3132802366697116
114,001140059.WAV,5.701651096343994,0.2788382487754164
114,001140064.WAV,6.382930755615234,0.508703609734374
114,001140068.WAV,5.929044246673584,0.35556123304302
114,001140099.WAV,7.041701793670654,0.7309745089035908
114,001140100.WAV,6.232420444488525,0.45792107641730095
114,001140104.WAV,6.328366279602051,0.4902934270676502
114,001140108.WAV,6.365514278411865,0.5028272493227506
114,001140120.WAV,6.113918304443359,0.41793817537923217
114,001140130.WAV,6.216654300689697,0.4526015423817109
114,001140133.WAV,6.622509479522705,0.589538035215367
114,001140140.WAV,6.315962314605713,0.48610830007552
114,001140146.WAV,6.700494289398193,0.6158502936651786
114,001140159.WAV,6.227665424346924,0.45631672142689106
114,001140163.WAV,6.062464237213135,0.40057745195864203
120,001200015.WAV,6.644790649414063,0.5970557543927504
120,001200016.WAV,6.26580286026001,0.4691843820900441
120,001200050.WAV,6.03054141998291,0.3898066182700186
120,001200081.WAV,5.79075288772583,0.3089014029579209
120,001200098.WAV,6.242210388183594,0.46122422646825334
120,001200103.WAV,6.65153694152832,0.5993319692347392
120,001200114.WAV,6.915343761444092,0.6883410113485751
120,001200121.WAV,6.468386173248291,0.5375364688294677
120,001200126.WAV,6.268125057220459,0.4699678968115937
120,001200145.WAV,6.387662410736084,0.510300081311774
120,001200146.WAV,6.610629081726074,0.5855295610290396
120,001200159.WAV,6.816134929656982,0.6548677179385616
120,001200161.WAV,6.454433917999268,0.5328289450609776
120,001200162.WAV,6.089273929595947,0.40962310528603774
120,001200168.WAV,6.403058052062988,0.5154946069410717
120,001200209.WAV,6.730582237243652,0.6260020381035918
120,001200210.WAV,6.473418712615967,0.5392344594601115
120,001200306.WAV,6.8458404541015625,0.6648904318211872
120,001200338.WAV,6.597782611846924,0.5811951318476691
120,001200350.WAV,6.463783264160156,0.5359834364666092
122,001220013.WAV,7.063015460968018,0.7381657904279921
122,001220015.WAV,6.458789348602295,0.5342984776003277
122,001220021.WAV,6.572802543640137,0.5727667980247062
122,001220031.WAV,6.728682041168213,0.6253609074741513
122,001220034.WAV,7.475907325744629,0.8774764776653254
122,001220037.WAV,7.365740299224853,0.8403058635538871
122,001220038.WAV,6.580342769622803,0.5753108880230362
122,001220051.WAV,6.016313552856445,0.38500610240521316
122,001220068.WAV,6.1390814781188965,0.4264282894184326
122,001220093.WAV,6.668778896331787,0.6051494453777619
122,001220101.WAV,6.451369285583496,0.5317949308689032
122,001220104.WAV,6.030004978179932,0.38962562154276115
122,001220127.WAV,6.391394138336182,0.5115591749895663
122,001220129.WAV,6.536662578582764,0.5605730887308702
122,001220137.WAV,6.211065292358398,0.4507157978126586
122,001220138.WAV,6.384639263153076,0.5092800641999411
122,001220159.WAV,6.565421581268311,0.5702764439436245
122,001220163.WAV,6.815979957580566,0.6548154299951314
122,001220166.WAV,6.120754241943359,0.4202446367854209
122,001220168.WAV,6.079515933990479,0.40633073459573077
131,001310020.WAV,6.52401065826416,0.5563043010292519
131,001310022.WAV,6.248015403747559,0.4631828523861483
131,001310023.WAV,6.348444938659668,0.4970680139044099
131,001310061.WAV,6.5344085693359375,0.5598125807044296
131,001310062.WAV,6.640957355499268,0.5957623920012638
131,001310076.WAV,6.298397541046143,0.48018190412418327
131,001310078.WAV,6.660747051239014,0.602439481934274
131,001310081.WAV,6.654576778411865,0.6003576173558647
131,001310096.WAV,6.24806547164917,0.46319974541402575
131,001310122.WAV,6.496930122375488,0.5471672644653387
131,001310123.WAV,6.470580577850342,0.5382768661084352
131,001310129.WAV,6.5946364402771,0.580133606153052
131,001310144.WAV,6.664050102233887,0.6035539391162403
131,001310148.WAV,5.661899089813232,0.2654258281847137
131,001310152.WAV,6.391478061676025,0.5115874909220086
131,001310154.WAV,6.526033401489258,0.556986779355497
131,001310155.WAV,6.380025386810303,0.507723331459548
131,001310162.WAV,5.983782768249512,0.3740301390923648
131,001310165.WAV,6.305540084838867,0.482591815215373
131,001310168.WAV,6.661165237426758,0.602580578938545
133,001330002.WAV,7.082544803619385,0.7447550366160403
133,001330027.WAV,6.043027877807617,0.3940195785366518
133,001330033.WAV,6.741726398468018,0.629762104337132
133,001330057.WAV,6.708071231842041,0.6184067718839523
133,001330067.WAV,5.964587211608887,0.3675535130901657
133,001330068.WAV,6.137047290802002,0.4257419498286723
133,001330075.WAV,6.520391464233398,0.5550831764426885
133,001330097.WAV,6.354400634765625,0.4990774797919164
133,001330099.WAV,6.341292381286621,0.49465472420764445
133,001330112.WAV,5.8036208152771,0.3132430720083814
133,001330115.WAV,6.281116485595703,0.4743512353308186
133,001330118.WAV,6.295699596405029,0.4792716112505635
133,001330126.WAV,5.778107643127441,0.30463486766001946
133,001330128.WAV,6.428635597229004,0.5241245308967042
133,001330129.WAV,6.192814826965332,0.4445580478223923
133,001330143.WAV,6.410467147827148,0.5179944532949607
133,001330146.WAV,5.997829914093018,0.3787696791708324
133,001330155.WAV,6.402781009674072,0.515401132186817
133,001330170.WAV,6.091754913330078,0.41046019503885556
133,001330172.WAV,6.6696600914001465,0.6054467626684035
135,001350002.WAV,6.210616111755371,0.45056424321970145
135,001350091.WAV,6.74479866027832,0.6307986927048825
135,001350119.WAV,6.798799991607666,0.6490188690294809
135,001350124.WAV,6.26430606842041,0.468679360999501
135,001350134.WAV,6.258382797241211,0.4666808353586196
135,001350163.WAV,6.5234479904174805,0.5561144555731066
135,001350174.WAV,5.703893184661865,0.2795947346523624
135,001350180.WAV,6.592552185058594,0.5794303735354147
135,001350194.WAV,6.718673706054688,0.6219840716444576
135,001350216.WAV,7.135054111480713,0.7624718007098934
135,001350219.WAV,5.94556188583374,0.36113432338275
135,001350243.WAV,6.499190330505371,0.5479298640095165
135,001350285.WAV,6.683936595916748,0.610263688903147
135,001350312.WAV,6.195856094360352,0.4455841786014567
135,001350317.WAV,6.66884708404541,0.605172452072871
135,001350318.WAV,6.60123872756958,0.5823612334291461
135,001350343.WAV,6.524547100067139,0.5564852977565093
135,001350350.WAV,5.716073513031006,0.28370440611997383
135,001350356.WAV,6.594572067260742,0.580111886545781
135,001350375.WAV,6.355707168579102,0.49951830737652547
145,001450037.WAV,5.89835786819458,0.3452075766999776
145,001450043.WAV,7.168370723724365,0.7737129041174262
145,001450049.WAV,6.156581401824951,0.43233280487651826
145,001450051.WAV,5.368213653564453,0.16633567057759024
145,001450063.WAV,5.699063301086426,0.2779651205631266
145,001450070.WAV,5.73281717300415,0.28935375641412175
145,001450083.WAV,6.402997016906738,0.5154740135356592
145,001450090.WAV,6.451872825622559,0.5319648264635555
145,001450094.WAV,5.930741310119629,0.3561338262450724
145,001450098.WAV,6.629460334777832,0.5918832701426833
145,001450109.WAV,5.4213738441467285,0.184272044033849
145,001450116.WAV,5.8961567878723145,0.34446492701729303
145,001450140.WAV,6.473207473754883,0.5391631869710671
145,001450142.WAV,5.864588737487793,0.3338137924976292
145,001450146.WAV,6.116647720336914,0.41885908672751815
145,001450159.WAV,6.280441284179688,0.4741234207834444
145,001450170.WAV,6.878196716308594,0.6758075108654344
145,001450171.WAV,6.105125427246094,0.41497143791200863
145,001450172.WAV,6.660112857818604,0.6022255035811612
145,001450173.WAV,6.439849853515625,0.5279082473692729
149,001490002.WAV,5.782622337341309,0.3061581361166179
149,001490016.WAV,5.737850666046143,0.2910520688167253
149,001490024.WAV,6.312172889709473,0.4848297391941736
149,001490032.WAV,6.259944438934326,0.46720773694241324
149,001490039.WAV,6.61402702331543,0.5866760345209829
149,001490045.WAV,6.326685428619385,0.48972630398891037
149,001490052.WAV,6.421760559082031,0.5218048768401735
149,001490056.WAV,5.814776420593262,0.31700699950543654
149,001490077.WAV,6.631246566772461,0.5924859490229555
149,001490080.WAV,5.878239631652832,0.33841963632689587
149,001490093.WAV,5.76287841796875,0.29949649123766675
149,001490101.WAV,6.267854690551758,0.46987667446105585
149,001490109.WAV,6.5161452293396,0.5536504867927088
149,001490127.WAV,5.823028087615967,0.3197911313856048
149,001490131.WAV,6.035222053527832,0.3913858750475818
149,001490138.WAV,6.2312421798706055,0.45752352716125366
149,001490153.WAV,5.797970294952393,0.31133657314793695
149,001490155.WAV,6.333675384521484,0.49208473156656907
149,001490161.WAV,6.555331707000732,0.5668720966113872
149,001490171.WAV,5.265941143035889,0.13182868474746212
157,001570024.WAV,6.519258975982666,0.5547010722407009
157,001570030.WAV,7.193126678466797,0.7820656215298907
157,001570034.WAV,6.155961513519287,0.43212365310279854
157,001570061.WAV,6.379422187805176,0.5075198106951209
157,001570072.WAV,6.530717372894287,0.5585671623349187
157,001570100.WAV,7.170181274414063,0.7743237881826677
157,001570165.WAV,6.605022430419922,0.5836378636787349
157,001570185.WAV,6.555971145629883,0.5670878447102783
157,001570194.WAV,6.697779655456543,0.6149343697822667
157,001570203.WAV,5.589822292327881,0.2411069470244298
157,001570212.WAV,6.60862398147583,0.5848530354840464
157,001570216.WAV,6.173752307891846,0.43812630900855276
157,001570269.WAV,6.7686543464660645,0.6388476573875141
157,001570272.WAV,6.573608875274658,0.5730388562165214
157,001570290.WAV,6.5101494789123535,0.5516275064829006
157,001570316.WAV,6.868206977844238,0.6724369495889524
157,001570324.WAV,6.36725664138794,0.5034151266928826
157,001570325.WAV,6.942448616027832,0.6974862530974575
157,001570361.WAV,6.319454193115234,0.4872864681054805
157,001570378.WAV,6.545838356018066,0.5636690176398604
306,003060002.WAV,6.052251815795898,0.39713175692960045
306,003060017.WAV,6.552975654602051,0.5660771589852727
306,003060025.WAV,6.463876724243164,0.5360149701186467
306,003060028.WAV,6.4703474044799805,0.5381981928643207
306,003060064.WAV,6.686396598815918,0.6110936996728544
306,003060087.WAV,6.285293102264404,0.47576043562774983
306,003060107.WAV,6.609771728515625,0.5852402880373873
306,003060161.WAV,6.430867671966553,0.5248776381680751
306,003060186.WAV,6.161635875701904,0.4340381962622326
306,003060226.WAV,6.293217182159424,0.4784340388398063
306,003060229.WAV,6.549954891204834,0.5650579463033389
306,003060235.WAV,6.557444095611572,0.5675848215018318
306,003060245.WAV,6.221845626831055,0.4543531080436234
306,003060259.WAV,6.586318016052246,0.5773269502357141
306,003060263.WAV,6.415602207183838,0.5197270344112586
306,003060285.WAV,6.244878768920898,0.4621245444111268
306,003060291.WAV,6.095250129699707,0.41163948927067495
306,003060306.WAV,6.549091339111328,0.5647665817939493
306,003060319.WAV,6.3041181564331055,0.48211205322365625
306,003060337.WAV,6.74715518951416,0.6315937912169767
457,004570010.WAV,6.58967924118042,0.5784610355072137
457,004570071.WAV,5.887621879577637,0.3415852288651329
457,004570074.WAV,6.564416408538818,0.569937296298239
457,004570106.WAV,6.4237470626831055,0.522475127831955
457,004570124.WAV,6.642666816711426,0.5963391682387906
457,004570129.WAV,5.577714443206787,0.23702173022574557
457,004570137.WAV,6.956045150756836,0.7020737559250285
457,004570145.WAV,6.387418746948242,0.5102178685761045
457,004570146.WAV,6.491228103637695,0.5452433899190774
457,004570167.WAV,7.063469409942627,0.7383189538807466
457,004570237.WAV,7.348127365112305,0.8343632181185929
457,004570256.WAV,6.084349155426025,0.40796147488682455
457,004570259.WAV,6.30393123626709,0.4820489859195807
457,004570268.WAV,6.127885818481445,0.42265084749907555
457,004570283.WAV,6.723162651062012,0.6234986522581474
457,004570289.WAV,6.53220272064209,0.559068322161947
457,004570300.WAV,6.369680881500244,0.5042330710141061
457,004570304.WAV,6.762456893920898,0.6367566223082568
457,004570306.WAV,6.984805583953857,0.7117775937957218
457,004570374.WAV,7.0105061531066895,0.720449026334139
461,004610037.WAV,5.825491428375244,0.32062226835717067
461,004610054.WAV,6.573812007904053,0.5731073936439095
461,004610065.WAV,6.495335102081299,0.5466291008629602
461,004610129.WAV,6.679689407348633,0.6088306774812076
461,004610148.WAV,6.567856311798096,0.571097927756403
461,004610151.WAV,6.172167778015137,0.4375916848977297
461,004610176.WAV,6.041447639465332,0.3934864023996465
461,004610177.WAV,6.244253635406494,0.4619136228916292
461,004610182.WAV,6.58141565322876,0.5756728814775511
461,004610227.WAV,6.828830242156982,0.65915114626434
461,004610230.WAV,6.636207580566406,0.5941598067566318
461,004610231.WAV,6.596553802490234,0.5807805286777648
461,004610238.WAV,6.166967391967773,0.4358370624022012
461,004610239.WAV,6.115146636962891,0.4183526176631569
461,004610246.WAV,6.417243003845215,0.5202806430676967
461,004610266.WAV,6.2836785316467285,0.47521567570019996
461,004610290.WAV,6.481663227081299,0.5420161780505832
461,004610298.WAV,6.195258140563965,0.4453824275828071
461,004610362.WAV,6.039760112762451,0.39291702691718977
461,004610373.WAV,6.553679943084717,0.5663147875774144
482,004820005.WAV,6.09910249710083,0.41293928710135286
482,004820015.WAV,5.901185035705566,0.34616146967411887
482,004820041.WAV,6.631287574768066,0.5924997852172169
482,004820045.WAV,6.43914270401001,0.5276696534612528
482,004820055.WAV,6.537281036376953,0.5607817578466505
482,004820114.WAV,6.078455924987793,0.40597308506266994
482,004820119.WAV,5.868809223175049,0.3352377943047007
482,004820144.WAV,6.146371841430664,0.4288880751633555
482,004820201.WAV,6.943927764892578,0.6979853214067482
482,004820214.WAV,6.508694171905518,0.5511364824725986
482,004820220.WAV,6.675027370452881,0.607257695256856
482,004820239.WAV,6.546803951263428,0.563994811748924
482,004820258.WAV,6.869157314300537,0.6727575953466627
482,004820265.WAV,6.451550960540772,0.5318562284272013
482,004820268.WAV,6.881873607635498,0.6770481026555519
482,004820329.WAV,6.575753211975098,0.5737623604676119
482,004820353.WAV,6.6433610916137695,0.5965734182253566
482,004820370.WAV,6.050477504730225,0.39653310019882304
482,004820371.WAV,6.75450611114502,0.6340740094813329
482,004820378.WAV,6.578681468963623,0.5747503612694678
560,005600015.WAV,6.7579498291015625,0.635235928027335
560,005600060.WAV,6.2870049476623535,0.47633801629517536
560,005600065.WAV,6.660847187042236,0.6024732679900289
560,005600129.WAV,6.921013355255127,0.6902539456482113
560,005600145.WAV,6.43026065826416,0.5246728303158095
560,005600146.WAV,5.664058685302734,0.2661544807871572
560,005600153.WAV,6.947376728057861,0.6991490096985287
560,005600154.WAV,6.773033618927002,0.6403252342258534
560,005600180.WAV,5.946305751800537,0.36138530551121373
560,005600199.WAV,6.293574810028076,0.47855470332464445
560,005600205.WAV,6.264813423156738,0.4688505436819914
560,005600212.WAV,5.992448329925537,0.3769539200029859
560,005600214.WAV,5.8358588218688965,0.3241202513296422
560,005600268.WAV,6.444188594818115,0.5293721488993308
560,005600294.WAV,5.619638442993164,0.25116698645436575
560,005600296.WAV,6.440508365631104,0.5281304309073553
560,005600298.WAV,6.299315929412842,0.48049177052124814
560,005600318.WAV,6.3025312423706055,0.48157662468293405
560,005600365.WAV,6.009256839752197,0.3826251507903844
560,005600370.WAV,6.787694931030273,0.6452719954462831
563,005630017.WAV,6.767412662506104,0.6384287102961561
563,005630044.WAV,6.440134525299072,0.5280042962992042
563,005630072.WAV,6.489918231964111,0.5448014361326099
563,005630081.WAV,6.425152778625488,0.5229494197003592
563,005630122.WAV,6.319933891296387,0.48744831940114364
563,005630127.WAV,6.363223552703857,0.5020543530758663
563,005630142.WAV,6.569337844848633,0.5715978004955933
563,005630147.WAV,6.7165846824646,0.621279230167022
563,005630151.WAV,6.604926586151123,0.5836055255967982
563,005630160.WAV,6.692708969116211,0.6132235082732398
563,005630169.WAV,6.21951150894165,0.453565571172579
563,005630195.WAV,7.83904504776001,0.9999999999999998
563,005630225.WAV,6.354056358337402,0.498961320114512
563,005630267.WAV,6.9136810302734375,0.6877800019370672
563,005630284.WAV,7.143711566925049,0.7653928465588582
563,005630291.WAV,6.442620277404785,0.5288429949118199
563,005630302.WAV,6.422698020935059,0.5221211786764297
563,005630315.WAV,6.687036037445068,0.6113094477717451
563,005630330.WAV,6.320327281951904,0.48758105033446575
563,005630375.WAV,5.817173957824707,0.3178159342117921
567,005670043.WAV,5.86876916885376,0.3352242798823988
567,005670055.WAV,6.037015438079834,0.391990967217551
567,005670113.WAV,6.525446891784668,0.5567888896003625
567,005670122.WAV,6.50715446472168,0.5506169816438751
567,005670125.WAV,6.469349384307861,0.5378614585086321
567,005670137.WAV,6.2224955558776855,0.4545723956340695
567,005670147.WAV,6.687255859375,0.6113836162084259
567,005670155.WAV,6.256196975708008,0.46594333402728805
567,005670159.WAV,6.784224987030029,0.6441012281713923
567,005670160.WAV,6.328019618988037,0.4901764629603471
567,005670189.WAV,6.145212650299072,0.42849696134649995
567,005670198.WAV,6.607166767120361,0.5843613679298254
567,005670282.WAV,7.02263879776001,0.7245426092037721
567,005670289.WAV,6.199285507202148,0.4467412705680658
567,005670292.WAV,6.129878997802734,0.4233233508945744
567,005670303.WAV,6.704831600189209,0.6173137125372972
567,005670310.WAV,6.313416957855225,0.4852494907154308
567,005670320.WAV,6.341586112976074,0.49475382997119177
567,005670348.WAV,6.7974853515625,0.6485753063832156
567,005670356.WAV,6.311940670013428,0.4847513877220184
575,005750059.WAV,6.542397499084473,0.5625080644097367
575,005750067.WAV,6.37174129486084,0.5049282593327542
575,005750089.WAV,6.552433967590332,0.5658943925122377
575,005750099.WAV,6.495035171508789,0.5465279035816757
575,005750150.WAV,6.084706783294678,0.40808213937166316
575,005750168.WAV,6.607710838317871,0.5845449388327595
575,005750178.WAV,5.926450252532959,0.354686013312993
575,005750179.WAV,7.034117221832275,0.728415456509141
575,005750237.WAV,6.823727607727051,0.6574295053946677
575,005750249.WAV,7.139776229858398,0.7640650545676977
575,005750268.WAV,6.910138130187988,0.6865846191072695
575,005750270.WAV,6.023396968841553,0.38739606363490986
575,005750290.WAV,6.80570650100708,0.6513491415606778
575,005750297.WAV,6.693702697753906,0.6135587946551102
575,005750298.WAV,6.355779647827148,0.49954276204545267
575,005750300.WAV,6.454710960388184,0.5329224198152323
575,005750303.WAV,6.462520599365234,0.5355574103921403
575,005750321.WAV,6.196133136749268,0.4456776533557114
575,005750330.WAV,6.607563018798828,0.5844950641790263
575,005750347.WAV,6.654863357543945,0.600454309829715
594,005940019.WAV,6.6705322265625,0.605741023125429
594,005940025.WAV,6.262848854064941,0.46818769344528
594,005940141.WAV,6.337867259979248,0.49349908021485356
594,005940142.WAV,6.721073627471924,0.6227938107807118
594,005940164.WAV,6.781080722808838,0.6430403460206946
594,005940174.WAV,6.087323188781738,0.4089649207427397
594,005940193.WAV,6.356902599334717,0.49992164852784504
594,005940195.WAV,6.172455310821533,0.43768869914353936
594,005940234.WAV,6.93560266494751,0.6951764130856934
594,005940237.WAV,6.171878814697266,0.4374941879939802
594,005940238.WAV,6.730268955230713,0.6258963360148735
594,005940252.WAV,5.8649115562438965,0.3339227123059434
594,005940263.WAV,6.4670000076293945,0.5370687732862345
594,005940267.WAV,6.526054382324219,0.5569938583386078
594,005940271.WAV,6.475427627563477,0.5399122720929432
594,005940283.WAV,6.180644512176514,0.44045175496035616
594,005940304.WAV,6.090494632720947,0.4100349733942854
594,005940318.WAV,6.771968364715576,0.6399658149470155
594,005940373.WAV,6.520456314086914,0.5551050569359395
594,005940380.WAV,6.646541118621826,0.5976463668245386
736,007360004.WAV,6.236888885498047,0.45942873893386005
736,007360006.WAV,6.3936285972595215,0.5123130866908359
736,007360036.WAV,6.6323018074035645,0.592841989696218
736,007360045.WAV,6.557004451751709,0.5674364846284707
736,007360055.WAV,6.657764434814453,0.6014331401307229
736,007360108.WAV,5.924942970275879,0.35417745273089474
736,007360181.WAV,6.899626731872559,0.6830380485689032
736,007360196.WAV,6.561351776123047,0.5689032821061646
736,007360205.WAV,6.639702796936035,0.5953391009884512
736,007360212.WAV,6.173640727996826,0.4380886616892836
736,007360233.WAV,6.26111364364624,0.4676022293648445
736,007360247.WAV,6.581758499145508,0.5757885584970162
736,007360249.WAV,6.5054240226745605,0.5500331264232374
736,007360250.WAV,5.952235221862793,0.36338592266983194
736,007360280.WAV,6.332799434661865,0.49178918402170546
736,007360281.WAV,5.916683197021484,0.35139058578907
736,007360296.WAV,6.592234611511231,0.5793232234728787
736,007360299.WAV,6.152924060821533,0.4310988094115722
736,007360305.WAV,6.24588680267334,0.46246465737239073
736,007360374.WAV,7.047819137573242,0.7330385151382444
739,007390013.WAV,5.940074443817139,0.3592828475273915
739,007390019.WAV,6.376282691955566,0.5064605374042206
739,007390062.WAV,6.283437728881836,0.47513442828040886
739,007390070.WAV,6.330605506896973,0.49104894762871765
739,007390072.WAV,6.3341145515441895,0.49223290755395044
739,007390092.WAV,6.055873870849609,0.3983538468320422
739,007390119.WAV,6.392748832702637,0.5120162520581337
739,007390120.WAV,6.429211616516113,0.5243188811602837
739,007390139.WAV,6.571245670318604,0.5722415053007108
739,007390160.WAV,6.438077926635742,0.5273103950683942
739,007390195.WAV,6.671849727630615,0.6061855510875731
739,007390197.WAV,6.031380653381348,0.3900897775944394
739,007390208.WAV,6.727030277252197,0.6248035984401781
739,007390211.WAV,5.548277378082275,0.22708959514973803
739,007390220.WAV,6.248793601989746,0.4634454183051562
739,007390228.WAV,6.388107776641846,0.5104503488168926
739,007390238.WAV,6.655709743499756,0.6007398824438324
739,007390281.WAV,6.216320037841797,0.45248876130988225
739,007390294.WAV,6.604963302612305,0.5836179138172419
739,007390355.WAV,6.921759128570557,0.6905055713205941
765,007650036.WAV,6.531472682952881,0.5588220057268971
765,007650061.WAV,6.364074230194092,0.5023413736638018
765,007650076.WAV,6.411064147949219,0.518195882541651
765,007650078.WAV,6.486472129821777,0.5436387131567082
765,007650084.WAV,6.670791149139404,0.6058283842124517
765,007650089.WAV,6.387463569641113,0.510232991858204
765,007650116.WAV,6.432835578918457,0.525541614606645
765,007650131.WAV,6.394011497497559,0.512442278132603
765,007650174.WAV,6.713840961456299,0.620353492239343
765,007650181.WAV,6.301462173461914,0.4812159183162572
765,007650192.WAV,6.260984897613525,0.46755879015030266
765,007650197.WAV,6.0489182472229,0.3960070030449281
765,007650254.WAV,5.960773468017578,0.36626674702385054
765,007650271.WAV,5.892414093017578,0.34320213296196544
765,007650294.WAV,6.096800804138184,0.41216269047693355
765,007650337.WAV,6.618882656097412,0.5883143364531269
765,007650346.WAV,6.525330066680908,0.556749472535315
765,007650352.WAV,6.265890121459961,0.46921382422434443
765,007650369.WAV,6.261416435241699,0.46770439196200786
765,007650377.WAV,6.340338230133057,0.49433279136209607
811,008110043.WAV,6.489052772521973,0.5445094280793012
811,008110049.WAV,6.610863208770752,0.5856085560451139
811,008110106.WAV,6.576309680938721,0.57395011440602
811,008110107.WAV,6.81473445892334,0.6543951958159349
811,008110110.WAV,6.512513160705566,0.5524250182846917
811,008110113.WAV,5.390390872955322,0.17381831661138092
811,008110116.WAV,6.688586711883545,0.6118326489780042
811,008110147.WAV,6.206139087677002,0.44905368475550644
811,008110159.WAV,5.912282943725586,0.34990592996761993
811,008110175.WAV,6.246996402740479,0.46283903904734935
811,008110204.WAV,6.37051248550415,0.5045136561628498
811,008110209.WAV,6.324778079986572,0.4890827600697729
811,008110224.WAV,6.164907455444336,0.4351420349695332
811,008110247.WAV,5.993476390838623,0.37730079017540086
811,008110258.WAV,6.219383716583252,0.45352245372999644
811,008110286.WAV,6.260907173156738,0.467532565735598
811,008110287.WAV,6.6593828201293945,0.6019791871461113
811,008110307.WAV,7.105960369110107,0.7526555035393308
811,008110340.WAV,5.966561317443848,0.36821958104647323
811,008110371.WAV,6.431072235107422,0.5249466582534026
813,008130061.WAV,6.174681663513184,0.4384398757831527
813,008130081.WAV,6.647543907165527,0.5979847100400251
813,008130091.WAV,6.273360729217529,0.471734424869626
813,008130100.WAV,6.470605373382568,0.5382852321793841
813,008130153.WAV,6.597079753875732,0.5809579859134673
813,008130196.WAV,6.6725239753723145,0.606413043862988
813,008130222.WAV,6.299060344696045,0.48040553563608346
813,008130233.WAV,6.546703815460205,0.5639610256931691
813,008130257.WAV,6.403955936431885,0.5157975552410055
813,008130271.WAV,6.256262302398682,0.4659653754065187
813,008130281.WAV,6.630950927734375,0.5923861997154891
813,008130282.WAV,6.396647930145264,0.5133318167148306
813,008130283.WAV,6.159303188323975,0.4332511420491276
813,008130288.WAV,6.355035305023193,0.49929161903100927
813,008130301.WAV,5.759428977966309,0.29833264205990684
813,008130339.WAV,7.102789402008057,0.7515856117737647
813,008130340.WAV,6.237858295440674,0.45975582013076166
813,008130346.WAV,5.6808390617370605,0.2718162193017484
813,008130356.WAV,6.662955284118652,0.6031845449066553
813,008130380.WAV,6.8171467781066895,0.655209117987664
960,009600062.WAV,6.738368034362793,0.6286289843815107
960,009600113.WAV,6.285120487213135,0.47570219490306775
960,009600118.WAV,6.598392009735107,0.5814007441298334
960,009600120.WAV,5.893930912017822,0.3437139112636596
960,009600127.WAV,6.382415771484375,0.508529852876207
960,009600129.WAV,6.729644298553467,0.6256855753813559
960,009600133.WAV,6.488455772399902,0.5443079988326114
960,009600140.WAV,6.657571315765381,0.6013679813089106
960,009600186.WAV,6.742038249969482,0.6298673237679109
960,009600190.WAV,6.5661139488220215,0.570510050386271
960,009600205.WAV,7.18408203125,0.779013936265341
960,009600215.WAV,6.6718926429748535,0.6062000308257536
960,009600262.WAV,6.810648441314697,0.6530165638551628
960,009600267.WAV,6.715835571289063,0.6210264782927812
960,009600270.WAV,6.2642598152160645,0.4686637550594617
960,009600287.WAV,5.792897701263428,0.3096250680949908
960,009600335.WAV,6.291085720062256,0.4777148785101699
960,009600337.WAV,6.307114124298096,0.4831228998346415
960,009600338.WAV,6.712085247039795,0.6197611100617768
960,009600343.WAV,6.340859413146973,0.4945086397380003
981,009810029.WAV,6.151860237121582,0.4307398727906733
981,009810073.WAV,6.729038715362549,0.6254812501870297
981,009810075.WAV,6.551762580871582,0.5656678650527012
981,009810106.WAV,6.31084680557251,0.48438231528439313
981,009810112.WAV,6.245681285858154,0.46239531551510393
981,009810153.WAV,6.67520809173584,0.6073186710431944
981,009810155.WAV,6.590733051300049,0.5788165935225373
981,009810196.WAV,6.519443511962891,0.5547633351148773
981,009810200.WAV,7.461895942687988,0.8727490040353423
981,009810204.WAV,6.296446800231934,0.4795237195808857
981,009810230.WAV,6.304973125457764,0.4824005217854095
981,009810235.WAV,6.23570728302002,0.45903006347595476
981,009810249.WAV,6.372306823730469,0.5051190701047787
981,009810258.WAV,6.208866596221924,0.44997395255987294
981,009810283.WAV,6.465044975280762,0.5364091407691187
981,009810293.WAV,6.478100776672363,0.5408141988956141
981,009810305.WAV,6.166904449462891,0.4358158254528697
981,009810327.WAV,6.553468227386475,0.5662433542023899
981,009810344.WAV,6.2760772705078125,0.47265099229645746
981,009810349.WAV,6.745538711547852,0.6310483877455078
1012,010120008.WAV,6.867818355560303,0.6723058275154281
1012,010120059.WAV,6.593390464782715,0.5797132110878753
1012,010120071.WAV,6.00216007232666,0.38023068475325394
1012,010120128.WAV,7.039856910705566,0.7303520410478053
1012,010120148.WAV,6.134064197540283,0.4247354471391416
1012,010120166.WAV,6.885599136352539,0.678305104815607
1012,010120180.WAV,6.427379608154297,0.5237007572259522
1012,010120193.WAV,5.621152400970459,0.2516777994401811
1012,010120200.WAV,6.477859020233154,0.5407326297038637
1012,010120208.WAV,6.188595294952393,0.44313436778728055
1012,010120212.WAV,6.683940887451172,0.6102651368769652
1012,010120219.WAV,6.83416223526001,0.6609501732902887
1012,010120243.WAV,6.296603679656982,0.47957665106823444
1012,010120255.WAV,5.9471845626831055,0.3616818183719561
1012,010120265.WAV,6.638751029968262,0.5950179725728015
1012,010120269.WAV,5.8461594581604,0.32759571026494383
1012,010120303.WAV,6.259024143218994,0.46689722700142977
1012,010120334.WAV,6.410758018493652,0.5180925937426293
1012,010120335.WAV,6.585263252258301,0.5769710704484312
1012,010120374.WAV,6.168806076049805,0.43645743874025
1027,010270117.WAV,6.848171234130859,0.6656768424903732
1027,010270124.WAV,6.190132141113281,0.4436529033001253
1027,010270131.WAV,6.400706768035889,0.5147012781747551
1027,010270140.WAV,6.476583480834961,0.5403022597079403
1027,010270170.WAV,6.81747579574585,0.6553201293137152
1027,010270198.WAV,6.50144624710083,0.5486910155798765
1027,010270226.WAV,6.231919765472412,0.45775214613852744
1027,010270238.WAV,6.708151340484619,0.6184338007285561
1027,010270265.WAV,6.6507768630981445,0.5990755169829629
1027,010270268.WAV,6.86339807510376,0.670814414482827
1027,010270294.WAV,6.034658432006836,0.39119570781947677
1027,010270301.WAV,6.226921558380127,0.45606573929842775
1027,010270306.WAV,6.2099289894104,0.45033240652283246
1027,010270314.WAV,6.629390239715576,0.5918596199036548
1027,010270349.WAV,6.302453994750977,0.481550561154209
1027,010270354.WAV,6.289580821990967,0.4772071223579706
1027,010270356.WAV,6.416197299957275,0.5199278201140294
1027,010270366.WAV,5.827308177947998,0.32123524394014913
1027,010270368.WAV,6.409440517425537,0.5176480657804852
1027,010270377.WAV,6.6584792137146,0.6016743082144196
1029,010290003.WAV,7.20623254776001,0.7864875726842635
1029,010290066.WAV,6.749148368835449,0.6322662946124755
1029,010290094.WAV,5.9003005027771,0.3458630261816189
1029,010290096.WAV,6.5986762046813965,0.5814966321737851
1029,010290123.WAV,6.48894739151001,0.5444738722777689
1029,010290152.WAV,6.161959171295166,0.4341472769565262
1029,010290179.WAV,6.002243995666504,0.38025900068569585
1029,010290189.WAV,5.958384990692139,0.365460869151111
1029,010290229.WAV,6.355336666107178,0.4993932989702332
1029,010290236.WAV,6.650312423706055,0.598918814038653
1029,010290252.WAV,6.159247875213623,0.43323247927547226
1029,010290260.WAV,6.645537376403809,0.5973077018370925
1029,010290276.WAV,6.2504496574401855,0.46400417531294713
1029,010290287.WAV,6.059944152832031,0.3997271695554818
1029,010290294.WAV,6.491518020629883,0.5453412085947862
1029,010290320.WAV,6.493343353271484,0.5459570801254008
1029,010290330.WAV,5.9388747215271,0.3588780584022542
1029,010290341.WAV,6.497605323791504,0.5473950790127133
1029,010290361.WAV,6.691842555999756,0.6129311784479714
1029,010290362.WAV,6.013665676116943,0.38411270255947083
1030,010300003.WAV,6.05437707901001,0.39784882574149916
1030,010300105.WAV,6.578429698944092,0.5746654134721416
1030,010300106.WAV,6.366136074066162,0.5030370446403893
1030,010300123.WAV,6.221978187561035,0.45439783434600334
1030,010300128.WAV,5.91538667678833,0.3509531368100365
1030,010300133.WAV,7.446125030517578,0.8674278611399544
1030,010300153.WAV,6.189887523651123,0.4435703687924961
1030,010300157.WAV,6.74851131439209,0.6320513509434835
1030,010300159.WAV,6.4311347007751465,0.524967734316754
1030,010300169.WAV,6.681963443756104,0.6095979427187996
1030,010300194.WAV,6.461872100830078,0.5353386054596336
1030,010300216.WAV,6.080142021179199,0.40654197788718727
1030,010300217.WAV,6.38032865524292,0.5078256549426909
1030,010300236.WAV,6.90524435043335,0.6849334462967425
1030,010300275.WAV,6.232054233551025,0.45779751598482643
1030,010300282.WAV,5.971384525299072,0.3698469427319917
1030,010300298.WAV,6.651726245880127,0.5993958409687139
1030,010300316.WAV,6.803679943084717,0.6506653761465941
1030,010300325.WAV,6.0270161628723145,0.38861718822147284
1030,010300328.WAV,6.840846061706543,0.6632053120689261
1033,010330026.WAV,6.643296241760254,0.596551537732106
1033,010330033.WAV,5.858695030212402,0.33182524178749473
1033,010330035.WAV,6.021246910095215,0.38667062875206226
1033,010330052.WAV,6.2992939949035645,0.48048436976617803
1033,010330053.WAV,6.246761798858643,0.46275988314529504
1033,010330085.WAV,5.94443941116333,0.3607555977863377
1033,010330103.WAV,5.797809600830078,0.31128235457274944
1033,010330129.WAV,6.236732006072998,0.45937580744651085
1033,010330139.WAV,6.612759113311768,0.5862482387007362
1033,010330147.WAV,6.192027568817139,0.44429242506976796
1033,010330197.WAV,6.322153568267822,0.4881972436370401
1033,010330206.WAV,6.601372718811035,0.5824064423894655
1033,010330235.WAV,6.255378723144531,0.46566725368597806
1033,010330241.WAV,6.270788192749023,0.47086644500868924
1033,010330257.WAV,6.683343887329102,0.6100637076302748
1033,010330268.WAV,6.074680328369141,0.4046991898747374
1033,010330277.WAV,6.7090373039245605,0.6187327268789955
1033,010330325.WAV,6.143277168273926,0.42784392515455516
1033,010330345.WAV,6.233274459838867,0.45820922320709445
1033,010330346.WAV,6.646027565002441,0.597473092624311
1037,010370025.WAV,6.269806861877441,0.47053534166229327
1037,010370070.WAV,6.468266010284424,0.5374959255625618
1037,010370099.WAV,6.079209804534912,0.406227445796709
1037,010370102.WAV,5.825045585632324,0.3204718399660722
1037,010370131.WAV,5.831297397613525,0.32258121604702494
1037,010370140.WAV,6.3456339836120605,0.49611959105358117
1037,010370202.WAV,5.64008903503418,0.2580670643553571
1037,010370204.WAV,6.223534107208252,0.4549228052980394
1037,010370216.WAV,6.597296237945557,0.5810310281482891
1037,010370217.WAV,6.458486080169678,0.5341961541171847
1037,010370232.WAV,6.170316219329834,0.4369669646382268
1037,010370234.WAV,6.145806789398193,0.42869742527731103
1037,010370246.WAV,6.397303581237793,0.5135530349370339
1037,010370251.WAV,6.571066379547119,0.5721810121723114
1037,010370253.WAV,6.4800238609313965,0.5414630520520844
1037,010370265.WAV,6.637168884277344,0.5944841528918772
1037,010370290.WAV,7.334469318389893,0.8297549609996298
1037,010370309.WAV,6.431402206420898,0.5250579913514131
1037,010370352.WAV,6.230424404144287,0.4572476077059233
1037,010370380.WAV,6.839167594909668,0.6626389934200854
1039,010390004.WAV,6.616292953491211,0.5874405646969183
1039,010390027.WAV,6.180650234222412,0.4404536855921133
1039,010390039.WAV,6.047469139099121,0.3955180705523633
1039,010390041.WAV,5.849077224731445,0.32858017157524433
1039,010390064.WAV,5.634312152862549,0.25611793071026967
1039,010390126.WAV,6.953825950622559,0.7013249925751122
1039,010390166.WAV,5.868428707122803,0.3351094072928327
1039,010390170.WAV,5.9957780838012695,0.37807738679982017
1039,010390175.WAV,6.091648578643799,0.41042431746536345
1039,010390183.WAV,6.614077091217041,0.5866929275488604
1039,010390189.WAV,6.310945510864258,0.4844156186822086
1039,010390216.WAV,6.495421409606934,0.5466582212253013
1039,010390218.WAV,6.240313529968262,0.4605842220406713
1039,010390244.WAV,6.028433322906494,0.3890953413533922
1039,010390257.WAV,6.263253211975098,0.46832412475613716
1039,010390269.WAV,6.785207748413086,0.6444328141757281
1039,010390285.WAV,5.915623664855957,0.35103309714198927
1039,010390303.WAV,5.862118244171143,0.3329802422363666
1039,010390341.WAV,6.382232666015625,0.5084680726599695
1039,010390366.WAV,6.252885818481445,0.46482614178366544
1042,010420022.WAV,6.677168369293213,0.6079800733060876
1042,010420023.WAV,6.47114372253418,0.5384668724505606
1042,010420025.WAV,6.631650924682617,0.5926223803338126
1042,010420034.WAV,7.271756649017334,0.8085955587103506
1042,010420040.WAV,6.972392082214356,0.7075892490839959
1042,010420047.WAV,6.895580291748047,0.6816727701444532
1042,010420059.WAV,7.027472019195557,0.7261733494948663
1042,010420060.WAV,6.4226484298706055,0.5221044465345319
1042,010420064.WAV,6.564145565032959,0.5698459130617215
1042,010420102.WAV,6.735788822174072,0.627758752116857
1042,010420105.WAV,6.5507402420043945,0.5653229255120438
1042,010420107.WAV,6.34224796295166,0.4949771397111322
1042,010420129.WAV,6.733027935028076,0.6268272222939058
1042,010420133.WAV,6.235455989837647,0.45894527656460826
1042,010420134.WAV,6.765480041503906,0.6377766394200897
1042,010420143.WAV,6.440715789794922,0.5282004163085612
1042,010420151.WAV,6.167060375213623,0.4358684351682591
1042,010420157.WAV,6.431643009185791,0.5251392387712042
1042,010420167.WAV,6.429372787475586,0.5243732606214511
1042,010420175.WAV,6.61158561706543,0.5858522983044872
1044,010440006.WAV,6.165128707885742,0.43521668606415287
1044,010440008.WAV,6.689762592315674,0.6122293938041523
1044,010440012.WAV,6.378504276275635,0.5072101051840356
1044,010440017.WAV,5.981828689575195,0.3733708283472088
1044,010440038.WAV,6.673712253570557,0.6068139717246106
1044,010440039.WAV,7.254133224487305,0.802649373783501
1044,010440053.WAV,6.705164909362793,0.6174261718371665
1044,010440064.WAV,6.458893299102783,0.5343335507439206
1044,010440077.WAV,6.035358905792236,0.39143204932377995
1044,010440093.WAV,6.249681949615479,0.4637451488854947
1044,010440099.WAV,6.382428646087647,0.5085341967976615
1044,010440106.WAV,6.548566818237305,0.5645896072161867
1044,010440107.WAV,5.95941162109375,0.36580725666558656
1044,010440117.WAV,6.279265880584717,0.47372683684327543
1044,010440119.WAV,6.6163530349731445,0.587460836330371
1044,010440120.WAV,6.382697105407715,0.5086247756042794
1044,010440127.WAV,6.318145275115967,0.48684483609097273
1044,010440149.WAV,5.593152523040772,0.24223057470724396
1044,010440150.WAV,5.71193790435791,0.2823090420173042
1044,010440154.WAV,6.453686237335205,0.5325766758446753
1046,010460017.WAV,6.633162975311279,0.593132549775709
1046,010460020.WAV,5.986471176147461,0.37493721424638893
1046,010460030.WAV,6.235950469970703,0.45911211532564455
1046,010460034.WAV,6.749814510345459,0.6324910523262341
1046,010460041.WAV,6.719315528869629,0.622200624173247
1046,010460050.WAV,6.804664134979248,0.6509974448088689
1046,010460053.WAV,6.321855068206787,0.48809652901369494
1046,010460061.WAV,6.464394092559815,0.5361895314067133
1046,010460066.WAV,7.018466949462891,0.7231350177666387
1046,010460079.WAV,5.980937480926514,0.3730701324509915
1046,010460088.WAV,6.246143817901611,0.46255137491549436
1046,010460111.WAV,6.30479907989502,0.48234179840278846
1046,010460114.WAV,6.254453182220459,0.46535497399921666
1046,010460120.WAV,6.412994384765625,0.5188471489878179
1046,010460149.WAV,6.09676456451416,0.41215046314246995
1046,010460152.WAV,6.668939590454102,0.6052036639529492
1046,010460153.WAV,6.442005157470703,0.528635451997898
1046,010460155.WAV,6.503249645233154,0.549299486355421
1046,010460158.WAV,6.113548278808594,0.41781332785891956
1046,010460162.WAV,6.3273797035217285,0.48996055397547633
1050,010500012.WAV,6.499463081359863,0.5480218907899534
1050,010500018.WAV,5.494548320770264,0.20896128471959652
1050,010500028.WAV,6.233865737915039,0.4584087218220272
1050,010500058.WAV,6.39515495300293,0.5128280827121257
1050,010500071.WAV,6.108281135559082,0.4160361813262219
1050,010500073.WAV,6.141864776611328,0.42736738088243365
1050,010500083.WAV,6.222136497497559,0.4544512484912915
1050,010500085.WAV,6.429360389709473,0.5243690775859766
1050,010500089.WAV,6.935972690582275,0.695301260606006
1050,010500090.WAV,6.534207820892334,0.5597448477069402
1050,010500100.WAV,5.911794185638428,0.349741021838341
1050,010500108.WAV,6.257480621337891,0.4663764390848677
1050,010500110.WAV,6.1981048583984375,0.4463429168821198
1050,010500113.WAV,5.824585914611816,0.3203167458815601
1050,010500131.WAV,5.763904571533203,0.2998427178661627
1050,010500147.WAV,6.677369594573975,0.6080479671895567
1050,010500149.WAV,6.405360221862793,0.5162713644514703
1050,010500152.WAV,6.413831233978272,0.51912950388234
1050,010500163.WAV,6.586296558380127,0.5773197103666237
1050,010500167.WAV,6.144847393035889,0.4283737226859847
1061,010610015.WAV,6.912201881408691,0.6872809336277761
1061,010610017.WAV,6.781362533569336,0.6431354296347471
1061,010610024.WAV,6.3845720291137695,0.5092573792767918
1061,010610025.WAV,6.57172155380249,0.572402069508535
1061,010610035.WAV,6.755420207977295,0.6343824279045791
1061,010610057.WAV,6.178481578826904,0.439721976156054
1061,010610067.WAV,6.118639945983887,0.4195312683510568
1061,010610069.WAV,6.752939224243164,0.6335453381517613
1061,010610073.WAV,6.433531761169434,0.52577650813713
1061,010610080.WAV,6.590798377990723,0.578838634901768
1061,010610087.WAV,6.921300888061523,0.690350959894021
1061,010610094.WAV,6.453010559082031,0.532348700411321
1061,010610099.WAV,6.542572021484375,0.5625669486783378
1061,010610102.WAV,6.737349987030029,0.628285492814671
1061,010610113.WAV,6.568503379821777,0.5713162500309703
1061,010610114.WAV,5.992101669311523,0.3768369558956828
1061,010610129.WAV,6.5325469970703125,0.5591844818393514
1061,010610151.WAV,6.269273281097412,0.4703553102509146
1061,010610165.WAV,6.982100486755371,0.7108648876324051
1061,010610171.WAV,6.580465316772461,0.5753522357198408
1064,010640005.WAV,6.634367942810059,0.5935391086466237
1064,010640017.WAV,6.338791370391846,0.49381087724367556
1064,010640028.WAV,6.7673845291137695,0.6384192180233483
1064,010640034.WAV,7.07614278793335,0.7425949814514554
1064,010640036.WAV,6.294761657714844,0.47895514852832766
1064,010640056.WAV,6.64796257019043,0.5981259679302757
1064,010640082.WAV,6.008233070373535,0.3822797285917876
1064,010640098.WAV,6.3425798416137695,0.4950891163530622
1064,010640166.WAV,6.644920825958252,0.5970996762652316
1064,010640210.WAV,6.229814529418945,0.45704183453777936
1064,010640212.WAV,6.692505836486816,0.6131549708458517
1064,010640242.WAV,7.120262145996094,0.7574809567310028
1064,010640250.WAV,6.712700843811035,0.6199688138616783
1064,010640277.WAV,6.551546096801758,0.5655948228178793
1064,010640280.WAV,6.326313495635986,0.4896008129246787
1064,010640284.WAV,7.1866841316223145,0.7798918910570241
1064,010640286.WAV,6.525761604309082,0.5568950743470202
1064,010640297.WAV,6.418448448181152,0.5206873628245916
1064,010640314.WAV,6.202759742736816,0.4479134858167748
1064,010640366.WAV,6.629385471343994,0.5918580110438569
1075,010750002.WAV,6.131922245025635,0.42401274731795024
1075,010750003.WAV,6.939411640167236,0.6964615702922108
1075,010750010.WAV,6.369234561920166,0.5040824817370277
1075,010750011.WAV,6.26954984664917,0.47044862411918964
1075,010750021.WAV,6.415170669555664,0.5195814325995538
1075,010750024.WAV,5.9554619789123535,0.36447463809503255
1075,010750026.WAV,6.493948936462402,0.546161405319727
1075,010750035.WAV,5.98850679397583,0.3756240364940886
1075,010750043.WAV,6.578385353088379,0.5746504510760213
1075,010750060.WAV,6.07847261428833,0.4059787160719621
1075,010750062.WAV,6.580146789550781,0.5752447638853451
1075,010750072.WAV,6.30296802520752,0.48172399624041673
1075,010750094.WAV,5.452000141143799,0.19460542874343867
1075,010750097.WAV,6.302140235900879,0.48144469817951063
1075,010750099.WAV,6.095669746398926,0.4117810689328849
1075,010750102.WAV,6.346991539001465,0.49657763343802697
1075,010750104.WAV,6.466601848602295,0.5369344334931145
1075,010750117.WAV,5.545249938964844,0.2260681300640872
1075,010750163.WAV,5.991371154785156,0.3765904785746532
1075,010750168.WAV,6.4379496574401855,0.5272671167398324
1092,010920012.WAV,6.0771026611328125,0.40551649065204187
1092,010920024.WAV,6.167397975921631,0.43598234244194667
1092,010920025.WAV,5.902293682098389,0.34653552957711753
1092,010920030.WAV,6.988998889923096,0.7131924251019452
1092,010920032.WAV,6.29297399520874,0.47835198699011605
1092,010920033.WAV,6.302618980407715,0.48160622770321404
1092,010920043.WAV,6.633941650390625,0.5933952765806965
1092,010920044.WAV,6.44220781326294,0.5287038285393069
1092,010920065.WAV,6.449957370758057,0.5313185474827617
1092,010920070.WAV,6.052597522735596,0.39724839926494426
1092,010920075.WAV,6.038093090057373,0.39235456953186376
1092,010920101.WAV,6.103531837463379,0.41443375696756957
1092,010920105.WAV,6.447742938995361,0.5305713929926432
1092,010920125.WAV,6.919132232666016,0.6896192504579617
1092,010920126.WAV,7.015516757965088,0.7221396162097127
1092,010920138.WAV,6.562352657318115,0.569240981777732
1092,010920141.WAV,6.73676872253418,0.6280893728053141
1092,010920153.WAV,6.00995683670044,0.38286133140870837
1092,010920159.WAV,6.689675807952881,0.6122001125558316
1092,010920165.WAV,6.149021625518799,0.4297821185530173
1099,010990020.WAV,6.290752410888672,0.47760241921030056
1099,010990048.WAV,6.353389739990234,0.4987364015147737
1099,010990060.WAV,5.9221625328063965,0.353239326582772
1099,010990063.WAV,6.241681098937988,0.46104564303069284
1099,010990082.WAV,6.280358791351318,0.474095587508941
1099,010990087.WAV,6.722002029418945,0.623107055783352
1099,010990123.WAV,6.859335422515869,0.6694436659350644
1099,010990139.WAV,6.283117294311523,0.4750263129019936
1099,010990162.WAV,5.8728132247924805,0.33658875387694986
1099,010990165.WAV,6.11372709274292,0.41787366010133886
1099,010990188.WAV,6.265737533569336,0.4691623407108134
1099,010990202.WAV,5.8689446449279785,0.3352834859229594
1099,010990218.WAV,6.2262959480285645,0.45585465689295046
1099,010990239.WAV,6.490686893463135,0.5450607843320221
1099,010990260.WAV,6.425395965576172,0.5230314715500495
1099,010990267.WAV,6.419507026672363,0.5210445296997126
1099,010990276.WAV,6.428145408630371,0.5239591401094861
1099,010990279.WAV,5.7718892097473145,0.30253675359765175
1099,010990291.WAV,6.363056182861328,0.5019978820969622
1099,010990313.WAV,5.836181640625,0.32422917113795613
1109,011090011.WAV,6.423668384552002,0.5224485816452906
1109,011090020.WAV,6.312946796417236,0.48509085713936373
1109,011090034.WAV,6.903216361999512,0.6842491982247199
1109,011090089.WAV,6.041683673858643,0.39356604095963976
1109,011090140.WAV,6.394342422485352,0.5125539330025732
1109,011090154.WAV,6.84881067276001,0.6658925905892643
1109,011090184.WAV,6.831530570983887,0.6600622435678589
1109,011090220.WAV,6.481734752655029,0.5420403109475507
1109,011090235.WAV,6.628646373748779,0.5916086377751915
1109,011090246.WAV,6.780390739440918,0.6428075440079464
1109,011090273.WAV,6.0326457023620605,0.39051660809880695
1109,011090277.WAV,6.443384170532227,0.5291007342514347
1109,011090292.WAV,6.019625186920166,0.3861234555348154
1109,011090295.WAV,6.536271572113037,0.5604411622274472
1109,011090320.WAV,6.332950115203857,0.49184002399131743
1109,011090329.WAV,6.3650336265563965,0.5026650762551277
1109,011090333.WAV,6.590934753417969,0.578884648291986
1109,011090334.WAV,6.407506942749023,0.5169956731324594
1109,011090335.WAV,6.49107551574707,0.5451919064055464
1109,011090359.WAV,6.634243011474609,0.5934969565199204
1135,011350001.WAV,6.091479778289795,0.4103673638285199
1135,011350026.WAV,6.354324817657471,0.4990518989211308
1135,011350027.WAV,6.859294891357422,0.6694299906267827
1135,011350064.WAV,6.372306346893311,0.5051189092187991
1135,011350116.WAV,6.0587310791015625,0.3993178756229103
1135,011350141.WAV,6.620959758758545,0.5890151557810677
1135,011350158.WAV,6.495500564575195,0.5466849282979453
1135,011350173.WAV,6.714809417724609,0.6206802516642849
1135,011350190.WAV,6.390337467193604,0.5112026516583648
1135,011350215.WAV,6.1139068603515625,0.41793431411571746
1135,011350218.WAV,7.046687126159668,0.7326565718222364
1135,011350221.WAV,6.385962963104248,0.5097266836798229
1135,011350225.WAV,6.8475847244262695,0.6654789527352387
1135,011350249.WAV,6.110586166381836,0.4168139041524992
1135,011350257.WAV,7.0104827880859375,0.7204411429211295
1135,011350290.WAV,6.24842643737793,0.46332153610072235
1135,011350303.WAV,6.345853805541992,0.4961937594902619
1135,011350318.WAV,6.118890285491943,0.419615733490444
1135,011350345.WAV,6.300449371337891,0.48087419649519547
1135,011350374.WAV,6.107235908508301,0.4156835192585342
1156,011560005.WAV,6.719667434692383,0.622319358026328
1156,011560058.WAV,6.772033214569092,0.6399876954402661
1156,011560063.WAV,6.12696647644043,0.4223406593300514
1156,011560068.WAV,6.262791156768799,0.46816822624172594
1156,011560072.WAV,6.539628982543945,0.5615739604111087
1156,011560075.WAV,5.965525627136231,0.36787013669838164
1156,011560086.WAV,6.774989128112793,0.6409850276289493
1156,011560100.WAV,6.472341537475586,0.5388710180317788
1156,011560117.WAV,6.2300567626953125,0.45712356461550985
1156,011560184.WAV,6.929062366485596,0.6929697009869711
1156,011560192.WAV,6.2170186042785645,0.4527244592702664
1156,011560202.WAV,6.783395290374756,0.6438212865665676
1156,011560257.WAV,6.357022285461426,0.4999620309087709
1156,011560269.WAV,6.385099411010742,0.5094353191704333
1156,011560275.WAV,5.829679012298584,0.322035169031637
1156,011560289.WAV,6.300357341766357,0.48084314550109686
1156,011560320.WAV,6.490056037902832,0.5448479321807678
1156,011560353.WAV,6.533122539520264,0.5593786712169513
1156,011560354.WAV,6.585740089416504,0.5771319564282156
1156,011560372.WAV,6.541340827941895,0.5621515410785347
1181,011810063.WAV,6.357048511505127,0.4999708796376592
1181,011810067.WAV,6.505748748779297,0.5501426897754709
1181,011810133.WAV,6.583280563354492,0.5763021065444878
1181,011810162.WAV,6.517397880554199,0.5540731342616023
1181,011810168.WAV,6.6803789138793945,0.6090633186079757
1181,011810173.WAV,6.52364444732666,0.5561807405967774
1181,011810184.WAV,6.6805572509765625,0.6091234899644153
1181,011810197.WAV,6.106074810028076,0.4152917618977596
1181,011810206.WAV,6.11178731918335,0.4172191759355759
1181,011810213.WAV,6.7295403480529785,0.625650502237763
1181,011810214.WAV,6.55064582824707,0.5652910700880465
1181,011810222.WAV,6.928861141204834,0.692901807103502
1181,011810246.WAV,6.514760494232178,0.5531832739074154
1181,011810247.WAV,6.970519542694092,0.7069574498413826
1181,011810279.WAV,6.211924076080322,0.45100555346225035
1181,011810280.WAV,6.902346611022949,0.683955742197593
1181,011810284.WAV,6.540295600891113,0.561798879010847
1181,011810314.WAV,6.864222526550293,0.6710925863418742
1181,011810334.WAV,6.372443675994873,0.5051652443809769
1181,011810377.WAV,5.91079044342041,0.34940235685089505
1186,011860256.WAV,6.234275817871094,0.4585470837646419
1186,011860263.WAV,6.847037315368652,0.6652942556304462
1186,011860264.WAV,5.838763236999512,0.3251002078325087
1186,011860284.WAV,6.425769805908203,0.5231576061582006
1186,011860285.WAV,6.613128185272217,0.5863727644490895
1186,011860287.WAV,6.350478172302246,0.49775403172221044
1186,011860292.WAV,6.5994791984558105,0.5817675641637419
1186,011860298.WAV,6.421887874603272,0.5218478333967764
1186,011860301.WAV,6.240330696105957,0.46059001393594357
1186,011860308.WAV,6.365589141845703,0.5028525084215765
1186,011860317.WAV,6.013782501220703,0.3841521196245179
1186,011860332.WAV,7.160072326660156,0.770913005411239
1186,011860335.WAV,6.005669593811035,0.38141480556446683
1186,011860346.WAV,7.13508939743042,0.7624837062723973
1186,011860359.WAV,6.802889823913574,0.6503987880780915
1186,011860361.WAV,6.66840934753418,0.605024758743429
1186,011860363.WAV,6.449942588806152,0.5313135600173886
1186,011860372.WAV,5.92905330657959,0.3555642898766356
1186,011860373.WAV,6.131501197814941,0.42387068499780045
1186,011860377.WAV,6.135884761810303,0.42534970980995834
1197,011970004.WAV,6.063854694366455,0.401046595475693
1197,011970006.WAV,6.407411098480225,0.5169633350505232
1197,011970019.WAV,6.054963111877441,0.3980465546106544
1197,011970023.WAV,6.340421199798584,0.49436078552257867
1197,011970036.WAV,6.120565414428711,0.4201809259374263
1197,011970042.WAV,5.771849632263184,0.3025234000613297
1197,011970075.WAV,6.086973190307617,0.40884683043357817
1197,011970081.WAV,6.294436454772949,0.47884542429011456
1197,011970087.WAV,5.6177191734313965,0.2505194203857337
1197,011970088.WAV,6.267651081085205,0.4698079761476881
1197,011970092.WAV,6.716550827026367,0.6212678072624576
1197,011970095.WAV,6.284943580627441,0.47564250620456794
1197,011970107.WAV,5.980565071105957,0.3729444805007802
1197,011970132.WAV,6.569821357727051,0.5717609388790945
1197,011970141.WAV,6.10218620300293,0.4139797367326181
1197,011970142.WAV,6.343600749969482,0.49543357323578063
1197,011970145.WAV,5.918386936187744,0.3519654313948395
1197,011970165.WAV,6.265756607055664,0.46916877615000474
1197,011970173.WAV,5.846352577209473,0.3276608690867564
1197,011970175.WAV,6.500900268554688,0.5485068011330239
1203,012030007.WAV,6.1886091232299805,0.44313903348069394
1203,012030010.WAV,6.381753921508789,0.5083065431362661
1203,012030013.WAV,6.3314361572265625,0.4913292110055021
1203,012030024.WAV,6.47689151763916,0.5404061920508811
1203,012030027.WAV,6.446128845214844,0.5300267939510734
1203,012030031.WAV,6.95244026184082,0.7008574579178586
1203,012030032.WAV,6.40534782409668,0.5162671814159963
1203,012030036.WAV,7.300968170166016,0.8184515947179201
1203,012030043.WAV,6.260495185852051,0.4673935602490642
1203,012030044.WAV,5.845202445983887,0.32727281210351666
1203,012030053.WAV,6.392760276794434,0.5120201133216489
1203,012030055.WAV,6.545942783355713,0.5637042516694335
1203,012030058.WAV,6.692564487457275,0.613174759821365
1203,012030072.WAV,6.250389575958252,0.4639839036794944
1203,012030078.WAV,5.746681213378906,0.2940315162763518
1203,012030083.WAV,7.3281402587890625,0.8276195213899518
1203,012030093.WAV,6.82192850112915,0.6568224825929414
1203,012030097.WAV,6.812152862548828,0.6535241591213825
1203,012030116.WAV,6.537071228027344,0.5607109680155455
1203,012030138.WAV,6.186695098876953,0.4424932371578396
1228,012280016.WAV,6.645911693572998,0.5974339973312233
1228,012280033.WAV,6.60953426361084,0.5851601668194546
1228,012280053.WAV,7.195064067840576,0.7827193012657545
1228,012280054.WAV,6.93512487411499,0.6950152053339493
1228,012280161.WAV,6.661741256713867,0.6027749292021245
1228,012280173.WAV,6.891537189483643,0.6803086179218616
1228,012280198.WAV,6.497851371765137,0.5474780961782824
1228,012280201.WAV,6.830371379852295,0.659671129751003
1228,012280206.WAV,6.928106307983398,0.6926471245975037
1228,012280243.WAV,6.592857360839844,0.5795333405624767
1228,012280261.WAV,7.333483695983887,0.8294224096794152
1228,012280262.WAV,6.807502269744873,0.6519550381605457
1228,012280276.WAV,6.4093017578125,0.517601247960368
1228,012280288.WAV,6.379451751708984,0.5075297856258671
1228,012280308.WAV,6.538009166717529,0.5610274307377814
1228,012280343.WAV,6.179574489593506,0.44009072682172
1228,012280345.WAV,6.392134666442871,0.5118090309161716
1228,012280355.WAV,6.711693286895752,0.6196288617863941
1228,012280366.WAV,6.9347357749938965,0.6948839223744454
1228,012280375.WAV,6.23316764831543,0.45817318474762314
1260,012600017.WAV,6.531326770782471,0.5587727746170834
1260,012600072.WAV,6.667026996612549,0.6045583502880343
1260,012600082.WAV,6.325865745544434,0.489449740989661
1260,012600129.WAV,6.811809062957764,0.6534081603299577
1260,012600131.WAV,6.506961345672607,0.5505518228220623
1260,012600177.WAV,6.150310516357422,0.4302169933563744
1260,012600186.WAV,7.317916393280029,0.8241699650973955
1260,012600210.WAV,5.919209003448486,0.3522427988239878
1260,012600219.WAV,6.409091949462891,0.517530458129263
1260,012600224.WAV,6.80088996887207,0.6497240322788758
1260,012600251.WAV,5.848724842071533,0.32846127683618365
1260,012600252.WAV,6.463165283203125,0.5357749282368085
1260,012600263.WAV,6.553993225097656,0.5664204896661327
1260,012600281.WAV,6.375858783721924,0.506317509768192
1260,012600295.WAV,6.248219013214111,0.46325155069951607
1260,012600330.WAV,5.926358699798584,0.35465512320487447
1260,012600338.WAV,6.82213306427002,0.6568915026782693
1260,012600345.WAV,6.36572265625,0.5028975564959162
1260,012600357.WAV,5.820362567901611,0.3188917787586101
1260,012600368.WAV,5.910050868988037,0.3491528226962495
1292,012920007.WAV,6.285598278045654,0.47586340265481186
1292,012920027.WAV,6.384365081787109,0.5091875547615652
1292,012920054.WAV,7.439703941345215,0.8652613705361782
1292,012920062.WAV,6.315150737762451,0.48583447213792685
1292,012920073.WAV,6.006962776184082,0.38185112834164214
1292,012920085.WAV,6.763089656829834,0.6369701180034306
1292,012920110.WAV,7.119180202484131,0.7571159064428719
1292,012920121.WAV,6.65370512008667,0.6000635177848188
1292,012920143.WAV,6.700396060943604,0.6158171511533437
1292,012920146.WAV,6.6101789474487305,0.5853776846641232
1292,012920155.WAV,6.451708793640137,0.5319094816865098
1292,012920158.WAV,7.022524833679199,0.7245041574546034
1292,012920214.WAV,6.811357021331787,0.6532556404211223
1292,012920254.WAV,5.975138187408447,0.3711134371648541
1292,012920259.WAV,5.392419338226318,0.1745027255693834
1292,012920268.WAV,6.664090633392334,0.6035676144245221
1292,012920270.WAV,6.230050563812256,0.4571214730977726
1292,012920299.WAV,6.293886184692383,0.4786597618694437
1292,012920301.WAV,6.196564674377441,0.44582325516741617
1292,012920368.WAV,6.190825462341309,0.44388683151473196
1293,012930008.WAV,5.737722396850586,0.2910087904881633
1293,012930012.WAV,5.866360187530518,0.33441148391252806
1293,012930028.WAV,6.358409404754639,0.5004300482239634
1293,012930036.WAV,6.976655960083008,0.7090278915152275
1293,012930037.WAV,6.667598247528076,0.604751091691816
1293,012930040.WAV,6.542794704437256,0.5626420824308969
1293,012930051.WAV,6.353153705596924,0.49865676295478045
1293,012930067.WAV,5.720308780670166,0.28513339539241844
1293,012930079.WAV,6.3405609130859375,0.49440792511465514
1293,012930097.WAV,5.949141025543213,0.3623419335470113
1293,012930114.WAV,6.016355991363525,0.385020421257414
1293,012930127.WAV,6.595815181732178,0.5805313162950789
1293,012930139.WAV,6.179306983947754,0.440000469787061
1293,012930155.WAV,5.88228702545166,0.3397852365233054
1293,012930195.WAV,6.270130157470703,0.4706444223565869
1293,012930225.WAV,6.610443115234375,0.5854668154969238
1293,012930240.WAV,6.259017467498779,0.46689497459771245
1293,012930261.WAV,6.503303527832031,0.5493176664711366
1293,012930266.WAV,6.264383316040039,0.46870542452822606
1293,012930315.WAV,5.943150997161865,0.3603208838689602
1309,013090018.WAV,6.195952892303467,0.44561683845535316
1309,013090027.WAV,6.686700344085693,0.6111961840419771
1309,013090041.WAV,7.429919719696045,0.861960151116983
1309,013090051.WAV,6.477519035339356,0.5406179180002775
1309,013090076.WAV,7.164318084716797,0.772345534175239
1309,013090105.WAV,6.039709568023682,0.3928999730033327
1309,013090128.WAV,6.849213600158691,0.6660285392421821
1309,013090147.WAV,6.793803691864014,0.6473331057333007
1309,013090148.WAV,6.382623195648193,0.5085998382774133
1309,013090160.WAV,5.94916582107544,0.3623502996179606
1309,013090179.WAV,6.602908611297607,0.5829246561303509
1309,013090181.WAV,5.963239669799805,0.3670988493112952
1309,013090184.WAV,6.273191452026367,0.4716773103468024
1309,013090185.WAV,6.923518180847168,0.6910990797000183
1309,013090202.WAV,6.84913969039917,0.6660036019153155
1309,013090232.WAV,7.044270515441895,0.7318412016766895
1309,013090267.WAV,6.830223560333252,0.6596212550972702
1309,013090287.WAV,6.413898944854736,0.519152349691469
1309,013090339.WAV,6.94298791885376,0.6976682151405933
1309,013090364.WAV,6.71579647064209,0.6210132856424384
1334,013340007.WAV,6.203207492828369,0.4480645577517921
1334,013340034.WAV,6.133661270141602,0.4245994984862238
1334,013340046.WAV,6.529440879821777,0.558136470567036
1334,013340091.WAV,5.572715759277344,0.23533516249966602
1334,013340137.WAV,6.763669490814209,0.6371657553548487
1334,013340147.WAV,5.970595359802246,0.3695806764354488
1334,013340159.WAV,7.225812435150146,0.7930938727861683
1334,013340204.WAV,6.294388771057129,0.47882933569213626
1334,013340217.WAV,6.417314529418945,0.5203047759646642
1334,013340243.WAV,6.361013412475586,0.501308646559566
1334,013340245.WAV,6.437410354614258,0.5270851546966961
1334,013340255.WAV,6.5171799659729,0.5539996093688411
1334,013340259.WAV,6.327939987182617,0.49014959500172295
1334,013340277.WAV,5.85912561416626,0.33197052182723996
1334,013340291.WAV,6.346273899078369,0.4963355000384515
1334,013340297.WAV,6.970609664916992,0.7069878572915618
1334,013340313.WAV,6.5779805183410645,0.5745138588791845
1334,013340345.WAV,7.144748687744141,0.7657427735648892
1334,013340375.WAV,6.466522216796875,0.5369075655344904
1334,013340378.WAV,6.474207878112793,0.5395007257566549
1336,013360001.WAV,6.777048587799072,0.6416798941756381
1336,013360002.WAV,6.444890022277832,0.5296088121755933
1336,013360016.WAV,5.797799110412598,0.31127881508119426
1336,013360082.WAV,6.862141609191895,0.6703904799260958
1336,013360123.WAV,6.53418493270874,0.5597371251799108
1336,013360130.WAV,5.92191219329834,0.35315486144338526
1336,013360140.WAV,5.7848801612854,0.3069199312308968
1336,013360145.WAV,6.200989246368408,0.4473161161738355
1336,013360146.WAV,5.715460777282715,0.2834976676359511
1336,013360161.WAV,6.560037612915039,0.5684598803458789
1336,013360162.WAV,5.97305965423584,0.3704121351789744
1336,013360171.WAV,5.821837902069092,0.3193895599800629
1336,013360226.WAV,6.043143272399902,0.3940585129437595
1336,013360234.WAV,6.429800510406494,0.5245175753453177
1336,013360235.WAV,5.923312187194824,0.3536272226800321
1336,013360257.WAV,5.990758419036865,0.37638374009063
1336,013360263.WAV,6.345335483551025,0.496018876430236
1336,013360268.WAV,6.189280033111572,0.44336540005425085
1336,013360360.WAV,6.748157978057861,0.6319321344324635
1336,013360363.WAV,6.149832248687744,0.43005562471865066
1362,013620027.WAV,6.107142925262451,0.4156521464924763
1362,013620030.WAV,6.53363037109375,0.5595500147854213
1362,013620106.WAV,6.289218902587891,0.47708500989931424
1362,013620108.WAV,6.404705047607422,0.5160503071152467
1362,013620128.WAV,6.202854156494141,0.4479453412407721
1362,013620137.WAV,6.245584011077881,0.46236249477522784
1362,013620140.WAV,6.15994119644165,0.4334664074900789
1362,013620143.WAV,6.5785417556762695,0.5747032216773909
1362,013620146.WAV,5.773928642272949,0.3032248629331895
1362,013620162.WAV,5.943404197692871,0.36040631432422576
1362,013620175.WAV,6.7488627433776855,0.6321699239105845
1362,013620184.WAV,6.458713054656982,0.5342727358435619
1362,013620185.WAV,6.007063388824463,0.3818850752833767
1362,013620210.WAV,6.080370903015137,0.406619203157484
1362,013620241.WAV,6.4426703453063965,0.5288598879396973
1362,013620257.WAV,6.543234825134277,0.562790580190238
1362,013620258.WAV,6.080278396606445,0.40658799127740575
1362,013620292.WAV,6.537235736846924,0.5607664736785709
1362,013620361.WAV,5.7587761878967285,0.29811238915358196
1362,013620366.WAV,6.791743755340576,0.6466380783006322
1372,013720023.WAV,6.072818756103516,0.4040710910096592
1372,013720051.WAV,6.340953826904297,0.4945404951619976
1372,013720070.WAV,6.161083698272705,0.43385189029764226
1372,013720082.WAV,5.9179205894470215,0.35180808490661053
1372,013720140.WAV,5.947269916534424,0.3617106169623374
1372,013720152.WAV,6.218194484710693,0.45312120409641454
1372,013720153.WAV,6.445370197296143,0.5297708243572361
1372,013720167.WAV,5.741563320159912,0.2923047270553263
1372,013720182.WAV,7.030987739562988,0.7273595618238164
1372,013720189.WAV,6.358897686004639,0.5005947954672625
1372,013720198.WAV,6.407029628753662,0.5168346262666954
1372,013720199.WAV,6.3573079109191895,0.5000584016106615
1372,013720201.WAV,6.372660636901856,0.5052384475017788
1372,013720215.WAV,5.602685928344727,0.24544716810107237
1372,013720233.WAV,6.3917741775512695,0.5116874011154546
1372,013720256.WAV,6.780648708343506,0.6428945833230097
1372,013720274.WAV,6.364279270172119,0.502410554635109
1372,013720275.WAV,6.262603282928467,0.46810483716569107
1372,013720311.WAV,6.328854560852051,0.4904581743109493
1372,013720360.WAV,7.00413179397583,0.7182983025563818
1404,014040005.WAV,5.6949896812438965,0.2765906716378288
1404,014040013.WAV,5.956908226013184,0.36496260527171853
1404,014040027.WAV,5.988239288330078,0.37553377945942956
1404,014040028.WAV,5.556640625,0.22991137434917586
1404,014040052.WAV,6.241789817810059,0.46108232503408364
1404,014040072.WAV,5.757595062255859,0.2977138745816561
1404,014040081.WAV,5.9593024253845215,0.3657704137762161
1404,014040088.WAV,5.765934944152832,0.30052777036808465
1404,014040089.WAV,6.267996311187744,0.4699244575970518
1404,014040090.WAV,5.914741516113281,0.3507354580793882
1404,014040096.WAV,6.6256608963012695,0.5906013306557616
1404,014040097.WAV,6.044252395629883,0.394432733732738
1404,014040109.WAV,5.204591751098633,0.11112925547438679
1404,014040111.WAV,6.027797698974609,0.3888808803423396
1404,014040122.WAV,6.039985179901123,0.392992965099648
1404,014040124.WAV,5.63947057723999,0.25785839523957677
1404,014040145.WAV,5.419527053833008,0.18364893263414417
1404,014040148.WAV,5.9552001953125,0.3643863116921311
1404,014040152.WAV,5.894391536712647,0.34386932712013163
1404,014040155.WAV,5.465769767761231,0.19925133318167165
1407,014070040.WAV,6.678652763366699,0.6084809113611567
1407,014070080.WAV,6.133650779724121,0.4245959589946684
1407,014070092.WAV,6.345123767852783,0.495947443055212
1407,014070101.WAV,6.263022422790527,0.4682462559419214
1407,014070159.WAV,6.020896434783936,0.38655237755692107
1407,014070207.WAV,6.3678483963012695,0.503614786193795
1407,014070217.WAV,6.352485179901123,0.4984312008111227
1407,014070239.WAV,6.425110340118408,0.5229351008481589
1407,014070248.WAV,7.133399486541748,0.7619135263600414
1407,014070265.WAV,6.702289581298828,0.6164560293790668
1407,014070270.WAV,5.854887962341309,0.33054072812489643
1407,014070281.WAV,6.018671035766602,0.38580152268926704
1407,014070297.WAV,6.448410511016846,0.5307966333643412
1407,014070304.WAV,6.372023105621338,0.5050233429468067
1407,014070308.WAV,6.157637119293213,0.4326890064357609
1407,014070336.WAV,6.7864484786987305,0.6448514394951268
1407,014070341.WAV,5.879345893859863,0.3387928917999956
1407,014070343.WAV,6.60345458984375,0.5831088705772041
1407,014070349.WAV,5.911806106567383,0.34974504398783557
1407,014070358.WAV,6.662837505340576,0.6031448060696489
1408,014080008.WAV,6.2770586013793945,0.4729820956428539
1408,014080073.WAV,6.502275943756104,0.5489709571847017
1408,014080091.WAV,6.5795745849609375,0.5750517007096037
1408,014080103.WAV,6.912824630737305,0.6874910507173746
1408,014080117.WAV,6.469113349914551,0.5377818199486388
1408,014080134.WAV,6.73148250579834,0.6263057908334246
1408,014080149.WAV,6.092310428619385,0.41064762720530434
1408,014080178.WAV,6.436286449432373,0.5267059464423445
1408,014080201.WAV,6.291296482086182,0.47778599011323464
1408,014080243.WAV,6.576488971710205,0.5740106075344189
1408,014080270.WAV,5.807908535003662,0.3146897587386024
1408,014080279.WAV,6.209863662719727,0.4503103651436018
1408,014080301.WAV,5.833873271942139,0.32345032210982017
1408,014080333.WAV,6.4471964836120605,0.5303870176598104
1408,014080336.WAV,6.216200828552246,0.45244853981493605
1408,014080337.WAV,6.726276397705078,0.624549237706139
1408,014080339.WAV,6.070289134979248,0.40321759088690334
1408,014080358.WAV,6.483856201171875,0.5427560926716113
1408,014080361.WAV,6.378561019897461,0.50722925061563
1408,014080362.WAV,5.693774700164795,0.27618073416133826
1418,014180002.WAV,6.235172271728516,0.45884954940663625
1418,014180008.WAV,6.49917459487915,0.5479245547721836
1418,014180011.WAV,6.9586052894592285,0.7029375527504904
1418,014180013.WAV,6.380898475646973,0.5080179136885332
1418,014180044.WAV,7.143067359924316,0.7651754896001692
1418,014180051.WAV,6.162201881408691,0.43422916792023636
1418,014180063.WAV,6.1282877922058105,0.422786474380034
1418,014180077.WAV,5.499654293060303,0.21068405179112748
1418,014180084.WAV,6.711063385009766,0.6194163314070991
1418,014180088.WAV,6.090458869934082,0.41002290694580146
1418,014180100.WAV,5.361928939819336,0.16421519336403256
1418,014180131.WAV,6.536961555480957,0.560673964240195
1418,014180139.WAV,6.59468936920166,0.5801514644968082
1418,014180143.WAV,6.243457317352295,0.46164494330538974
1418,014180150.WAV,6.2445478439331055,0.46201288954115616
1418,014180155.WAV,6.059173107147217,0.3994670169261705
1418,014180158.WAV,5.496683597564697,0.20968173213707098
1418,014180160.WAV,6.018838405609131,0.3858579936681712
1418,014180165.WAV,5.8629889488220215,0.3332740200354527
1418,014180166.WAV,5.868419647216797,0.3351063504592169
1419,014190006.WAV,6.49954891204834,0.5480508502663144
1419,014190025.WAV,7.066915988922119,0.739481837742628
1419,014190027.WAV,6.078843116760254,0.4061037244782548
1419,014190030.WAV,5.863811492919922,0.3335515483505809
1419,014190055.WAV,7.106449604034424,0.7528205725545896
1419,014190059.WAV,6.38898515701294,0.5107463790196964
1419,014190060.WAV,6.104884624481201,0.41489019049221754
1419,014190062.WAV,6.040500640869141,0.39316688284379464
1419,014190064.WAV,6.696959972381592,0.6146578067830173
1419,014190071.WAV,6.423824310302734,0.5225011913606801
1419,014190073.WAV,6.829563617706299,0.6593985889012484
1419,014190081.WAV,6.181436061859131,0.4407188256867982
1419,014190088.WAV,6.082993030548096,0.40750391516031814
1419,014190095.WAV,6.551127910614014,0.5654537258136083
1419,014190098.WAV,5.978857040405273,0.37236818692119233
1419,014190107.WAV,6.275946617126465,0.47260690953799656
1419,014190108.WAV,6.644287109375,0.5968858587980981
1419,014190114.WAV,6.093381404876709,0.4110089771158998
1419,014190128.WAV,6.485312461853027,0.543247438453873
1419,014190172.WAV,6.211915969848633,0.45100281840059364
1420,014200011.WAV,5.99540901184082,0.37795286105146686
1420,014200060.WAV,6.543920516967773,0.563021934229168
1420,014200076.WAV,5.779729843139648,0.30518220176324595
1420,014200086.WAV,5.917759895324707,0.351753866331423
1420,014200087.WAV,6.188807010650635,0.44320580116230457
1420,014200124.WAV,6.102542400360107,0.4140999185595169
1420,014200161.WAV,6.376676082611084,0.5065932683375427
1420,014200177.WAV,6.352148532867432,0.4983176153093949
1420,014200206.WAV,6.703917503356934,0.6170052941140509
1420,014200207.WAV,6.066995620727539,0.40210635142453266
1420,014200229.WAV,6.290719509124756,0.47759131807769584
1420,014200238.WAV,5.923978805541992,0.3538521412797706
1420,014200246.WAV,6.032998561859131,0.3906356637238477
1420,014200272.WAV,6.881120204925537,0.6767939028074925
1420,014200295.WAV,6.0418243408203125,0.393613502323676
1420,014200296.WAV,6.359211444854736,0.5007006584419609
1420,014200339.WAV,6.081248760223389,0.40691539424626666
1420,014200342.WAV,6.053199291229248,0.39745143737143196
1420,014200353.WAV,6.4855122566223145,0.5433148496794022
1420,014200357.WAV,6.611936569213867,0.5859707103856084
1422,014220001.WAV,6.265435218811035,0.4690603389996302
1422,014220003.WAV,6.463320732116699,0.5358273770662183
1422,014220021.WAV,6.732537269592285,0.6266616706207075
1422,014220027.WAV,6.726838111877441,0.624738761390325
1422,014220038.WAV,6.18862771987915,0.4431453080339056
1422,014220044.WAV,7.271656036376953,0.8085616117686165
1422,014220048.WAV,6.599377632141113,0.581733295450048
1422,014220058.WAV,6.354273319244385,0.49903452323531394
1422,014220066.WAV,6.400260925292969,0.5145508497836564
1422,014220068.WAV,6.302460670471191,0.4815528135579259
1422,014220070.WAV,6.1193156242370605,0.41975924378441154
1422,014220081.WAV,5.818748474121094,0.3183471797170401
1422,014220087.WAV,6.089212894439697,0.40960251188062524
1422,014220102.WAV,6.34544038772583,0.4960542713457887
1422,014220115.WAV,6.097541332244873,0.41241254640353886
1422,014220140.WAV,6.145991325378418,0.42875968815148746
1422,014220142.WAV,6.122183322906494,0.4207268120668346
1422,014220159.WAV,6.425161838531494,0.5229524765339753
1422,014220160.WAV,6.9967942237854,0.7158225890994598
1422,014220167.WAV,6.016868114471436,0.38519321279970264
1435,014350004.WAV,6.972930431365967,0.707770889355172
1435,014350012.WAV,6.698932647705078,0.615323392081385
1435,014350016.WAV,5.954833984375,0.36426275125965657
1435,014350017.WAV,6.307870388031006,0.48337806499857927
1435,014350018.WAV,5.8659987449646,0.3342895323398516
1435,014350020.WAV,6.5773234367370605,0.5742921579990419
1435,014350022.WAV,6.76148796081543,0.6364297019973348
1435,014350028.WAV,6.12364673614502,0.42122057113879285
1435,014350085.WAV,6.325847148895264,0.4894434664364493
1435,014350094.WAV,6.235034942626953,0.45880321424445847
1435,014350103.WAV,6.241082668304443,0.4608437311260636
1435,014350110.WAV,6.689105987548828,0.6120078538099889
1435,014350127.WAV,6.417859554290772,0.520488668639558
1435,014350133.WAV,6.744346618652344,0.6306461727960471
1435,014350146.WAV,6.534997463226318,0.5600112748894632
1435,014350153.WAV,6.495128154754639,0.5465592763477336
1435,014350157.WAV,5.882152080535889,0.3397397057910265
1435,014350158.WAV,6.133083343505859,0.42440450467872526
1435,014350163.WAV,6.898156642913818,0.682542037093228
1435,014350165.WAV,7.212450981140137,0.7885856867466312
1439,014390008.WAV,6.285892963409424,0.4759628301903185
1439,014390009.WAV,6.61322021484375,0.5864038154431876
1439,014390045.WAV,6.660998344421387,0.6025242688456205
1439,014390051.WAV,6.505473613739014,0.5500498585651352
1439,014390052.WAV,6.435250282287598,0.5263563412082728
1439,014390057.WAV,7.092615604400635,0.7481529485090859
1439,014390064.WAV,5.744454860687256,0.2932803396367387
1439,014390068.WAV,6.485384464263916,0.5432717322368201
1439,014390076.WAV,6.063937664031982,0.4010745896361756
1439,014390086.WAV,5.972785949707031,0.37031978662657816
1439,014390090.WAV,6.317468643188477,0.4866165388856587
1439,014390117.WAV,5.981868743896484,0.3733843427695105
1439,014390124.WAV,6.071456909179688,0.40361160065139523
1439,014390133.WAV,6.190532207489014,0.4437878866371643
1439,014390134.WAV,6.385390758514404,0.5095336205040815
1439,014390135.WAV,6.281987190246582,0.4746450131299047
1439,014390143.WAV,5.957210063934326,0.3650644460969221
1439,014390154.WAV,6.209371566772461,0.45014433081246463
1439,014390156.WAV,6.499701499938965,0.5481023337798454
1439,014390163.WAV,6.365982532501221,0.5029852393548986
1447,014470007.WAV,6.263926982879639,0.4685514566455724
1447,014470017.WAV,5.928218841552734,0.35528273941201305
1447,014470026.WAV,6.81745719909668,0.6553138547605035
1447,014470028.WAV,6.944669246673584,0.6982354991053128
1447,014470031.WAV,6.173725605010986,0.4381172993936848
1447,014470038.WAV,6.336723327636719,0.4931131147493508
1447,014470039.WAV,6.081401348114014,0.4069668777597977
1447,014470048.WAV,6.315922737121582,0.48609494653919794
1447,014470053.WAV,6.452239036560059,0.53208838689603
1447,014470060.WAV,5.974158763885498,0.3707829773623772
1447,014470063.WAV,6.041138648986816,0.3933821482847464
1447,014470072.WAV,5.9459404945373535,0.3612620668506985
1447,014470084.WAV,6.0560078620910645,0.39839905579236157
1447,014470100.WAV,6.270042419433594,0.47061481933630644
1447,014470109.WAV,6.206434726715088,0.4491534340629728
1447,014470124.WAV,6.276185035705566,0.4726873525278885
1447,014470140.WAV,6.000093460083008,0.3795334049168686
1447,014470141.WAV,6.408738613128662,0.5174112416182426
1447,014470149.WAV,6.226542949676514,0.4559379958304788
1447,014470150.WAV,6.222217559814453,0.45447859910785504
1465,014650011.WAV,6.518341541290283,0.5543915276155957
1465,014650023.WAV,6.369595050811768,0.5042041115377451
1465,014650032.WAV,6.480257034301758,0.5415417252961989
1465,014650037.WAV,6.481954097747803,0.5421143184982518
1465,014650038.WAV,5.3492817878723145,0.15994801452221208
1465,014650040.WAV,7.348101615905762,0.8343545302756843
1465,014650041.WAV,7.073606967926025,0.7417393898109623
1465,014650043.WAV,6.712604999542236,0.6199364757797421
1465,014650047.WAV,6.586767196655273,0.5774785048286708
1465,014650058.WAV,7.047403812408447,0.7328983834498521
1465,014650059.WAV,6.560117244720459,0.5684867483045031
1465,014650063.WAV,6.224253177642822,0.45516542135555427
1465,014650085.WAV,6.205818176269531,0.44894540849111153
1465,014650087.WAV,6.56304407119751,0.5694742664484196
1465,014650088.WAV,6.393165111541748,0.5121567055184857
1465,014650108.WAV,6.146321773529053,0.42887118213547804
1465,014650113.WAV,6.489142417907715,0.5445396746435007
1465,014650125.WAV,6.969491004943848,0.7066104187829876
1465,014650145.WAV,6.244475364685059,0.46198843487222896
1465,014650164.WAV,6.329281330108643,0.4906021672628562
1469,014690004.WAV,6.598081588745117,0.5812960073569939
1469,014690006.WAV,6.18430233001709,0.4416859113112819
1469,014690018.WAV,6.133020877838135,0.42438342861537337
1469,014690020.WAV,6.490787029266357,0.545094570387777
1469,014690047.WAV,6.326210975646973,0.48956622243902514
1469,014690048.WAV,6.844712734222412,0.6645099364789975
1469,014690050.WAV,6.519813060760498,0.5548880217492103
1469,014690055.WAV,6.402327537536621,0.5152481296200422
1469,014690062.WAV,6.347379684448242,0.4967085946255716
1469,014690067.WAV,6.623302936553955,0.5898057494857281
1469,014690074.WAV,5.9448323249816895,0.3608881678336797
1469,014690082.WAV,6.02497148513794,0.38792730914015805
1469,014690110.WAV,6.294528007507324,0.4788763143982331
1469,014690113.WAV,6.129136562347412,0.42307285142405004
1469,014690121.WAV,5.985579967498779,0.3746365183501721
1469,014690125.WAV,6.668086051940918,0.6049156780491354
1469,014690136.WAV,5.568274021148682,0.23383650959797486
1469,014690144.WAV,6.129082202911377,0.4230545104223544
1469,014690150.WAV,6.182354927062988,0.4410288529698423
1469,014690167.WAV,6.47047233581543,0.538240344991024
1501,015010004.WAV,6.3313469886779785,0.49129912532728226
1501,015010014.WAV,6.198591232299805,0.4465070205814998
1501,015010033.WAV,5.900619029998779,0.3459704980161149
1501,015010038.WAV,5.795722007751465,0.3105779957532535
1501,015010041.WAV,6.477878093719482,0.540739065143055
1501,015010079.WAV,6.0316572189331055,0.390183091462714
1501,015010087.WAV,6.476047039031982,0.5401212629806829
1501,015010094.WAV,6.126658439636231,0.422236726987111
1501,015010097.WAV,5.70704984664917,0.28065979983853473
1501,015010103.WAV,5.686744689941406,0.27380879216137766
1501,015010115.WAV,5.842871189117432,0.32648624054835085
1501,015010121.WAV,5.925545692443848,0.3543808126093422
1501,015010125.WAV,6.178014278411865,0.4395643078958653
1501,015010137.WAV,6.313935279846191,0.48542437377545666
1501,015010145.WAV,5.8583831787109375,0.3317200223567156
1501,015010151.WAV,6.4804301261901855,0.5416001269068607
1501,015010156.WAV,6.003172397613525,0.38057224568833603
1501,015010159.WAV,5.888284206390381,0.3418086994910532
1501,015010169.WAV,6.174489498138428,0.43837503873329964
1501,015010170.WAV,6.026031017303467,0.38828479778723834
1502,015020001.WAV,6.108858108520508,0.4162308533617607
1502,015020007.WAV,6.836672306060791,0.6617970770878736
1502,015020010.WAV,5.978305816650391,0.37218220272856173
1502,015020012.WAV,6.176750659942627,0.43913796004943717
1502,015020017.WAV,6.189953327178955,0.443592571057706
1502,015020022.WAV,6.087758541107178,0.409111809642283
1502,015020029.WAV,6.608909130096436,0.5849492452999578
1502,015020045.WAV,6.730260848999023,0.6258936009532172
1502,015020061.WAV,6.313465595245361,0.4852659010853688
1502,015020065.WAV,5.5473151206970215,0.2267649272425334
1502,015020070.WAV,6.270331382751465,0.47071231624005594
1502,015020088.WAV,6.215434551239014,0.45218999604542254
1502,015020097.WAV,6.347214221954346,0.4966527671905865
1502,015020099.WAV,6.63456392288208,0.5936052327843153
1502,015020101.WAV,6.478262424468994,0.5408687392427611
1502,015020113.WAV,6.0416436195373535,0.3935525265373381
1502,015020126.WAV,6.673483848571777,0.606736907340294
1502,015020136.WAV,6.2801008224487305,0.47400854819387805
1502,015020161.WAV,6.120142459869385,0.42003822007335745
1502,015020162.WAV,6.508096694946289,0.5509348923399287
1503,015030001.WAV,6.200273036956787,0.4470744654321994
1503,015030005.WAV,6.273763179779053,0.47187021263656415
1503,015030006.WAV,6.633174896240234,0.5931365719252033
1503,015030010.WAV,6.43953800201416,0.527803027938494
1503,015030015.WAV,6.183688163757324,0.44147869016931973
1503,015030027.WAV,6.223270893096924,0.45483399623719856
1503,015030030.WAV,6.603463649749756,0.5831119274108201
1503,015030041.WAV,6.542128562927246,0.5624173247171382
1503,015030067.WAV,5.960933685302734,0.36632080471305817
1503,015030077.WAV,6.29481840133667,0.47897429395992197
1503,015030082.WAV,6.168048858642578,0.4362019518043525
1503,015030106.WAV,6.136974811553955,0.4257174951597451
1503,015030109.WAV,5.946674346923828,0.36150967037358694
1503,015030115.WAV,6.285863399505615,0.47595285525957176
1503,015030118.WAV,6.085550785064697,0.40836690755588134
1503,015030122.WAV,6.305616855621338,0.48261771785811836
1503,015030125.WAV,6.2236809730529785,0.4549723581798133
1503,015030133.WAV,6.011887073516846,0.3835125978548748
1503,015030142.WAV,6.638989448547363,0.5950984155626939
1503,015030150.WAV,5.728672027587891,0.28795517459185627
2002,020020015.WAV,6.735760688781738,0.6277492598440502
2002,020020032.WAV,6.672257423400879,0.6063231086002887
2002,020020094.WAV,6.905314922332764,0.6849572574217506
2002,020020108.WAV,6.266902923583984,0.4695555460454066
2002,020020123.WAV,7.018677234649658,0.7232059684837238
2002,020020174.WAV,6.431817531585693,0.5251981230398053
2002,020020181.WAV,6.294769287109375,0.4789577227040043
2002,020020185.WAV,6.5161452293396,0.5536504867927088
2002,020020204.WAV,6.036601543426514,0.3918513181870982
2002,020020206.WAV,6.422226905822754,0.5219622233284025
2002,020020208.WAV,6.624566078186035,0.5902319364461766
2002,020020220.WAV,6.510149002075195,0.5516273455969205
2002,020020278.WAV,6.589874267578125,0.5785268378729456
2002,020020285.WAV,6.820887565612793,0.6564712684990723
2002,020020295.WAV,6.591717720031738,0.5791488230707922
2002,020020303.WAV,6.619711399078369,0.5885939562859923
2002,020020348.WAV,6.1423187255859375,0.4275205443351886
2002,020020357.WAV,6.614444732666016,0.5868169706392738
2002,020020361.WAV,7.407094478607178,0.8542588610366655
2002,020020377.WAV,6.241445541381836,0.4609661653566792
2007,020070039.WAV,6.037988185882568,0.39231917461631105
2007,020070050.WAV,6.29737663269043,0.4798374472414648
2007,020070065.WAV,5.954617977142334,0.36418986991081437
2007,020070066.WAV,6.142467498779297,0.4275707407608811
2007,020070070.WAV,6.219078063964844,0.45341932581695477
2007,020070079.WAV,6.220403671264648,0.45386658884075515
2007,020070081.WAV,6.60350227355957,0.5831249591751824
2007,020070083.WAV,6.747149467468262,0.6315918605852195
2007,020070086.WAV,6.166794776916504,0.4357788216775196
2007,020070091.WAV,5.871017932891846,0.33598301816306164
2007,020070095.WAV,6.740582942962647,0.6293762997576093
2007,020070105.WAV,6.231062889099121,0.4574630340328547
2007,020070132.WAV,6.365600109100342,0.5028562087991115
2007,020070146.WAV,6.193917274475098,0.4449300162076535
2007,020070152.WAV,6.3309478759765625,0.4911644637622026
2007,020070153.WAV,6.280333042144775,0.4740868996660328
2007,020070154.WAV,6.413528919219971,0.5190275021711563
2007,020070157.WAV,6.93623685836792,0.6953903914388067
2007,020070165.WAV,6.745907306671143,0.6311727526078814
2007,020070166.WAV,5.830538749694824,0.32232524645318805
2014,020140004.WAV,6.167234420776367,0.4359271585508806
2014,020140014.WAV,6.316864013671875,0.4864125354632922
2014,020140028.WAV,6.551543235778809,0.5655938575020005
2014,020140032.WAV,6.345030307769775,0.495915909403174
2014,020140036.WAV,5.804570198059082,0.3135633959941322
2014,020140041.WAV,6.567218780517578,0.5708828232014314
2014,020140045.WAV,5.721498966217041,0.2855349667979603
2014,020140048.WAV,6.380465507507324,0.5078718292188891
2014,020140055.WAV,6.314907550811768,0.4857524202882366
2014,020140059.WAV,6.168421268463135,0.4363276037545638
2014,020140074.WAV,6.4696455001831055,0.5379613687020781
2014,020140083.WAV,6.169795989990234,0.43679143803428233
2014,020140087.WAV,6.046992301940918,0.39535718457257896
2014,020140096.WAV,6.246873378753662,0.4627975304645646
2014,020140099.WAV,6.870481967926025,0.6732045365985033
2014,020140114.WAV,6.946488857269287,0.6988494400041703
2014,020140117.WAV,6.156397342681885,0.4322707028883215
2014,020140121.WAV,5.930239677429199,0.35596457419433913
2014,020140133.WAV,6.300401210784912,0.4808579470112371
2014,020140173.WAV,6.198366165161133,0.4464310823990416
2016,020160042.WAV,5.801648139953613,0.3125774867100135
2016,020160068.WAV,6.326433181762695,0.48964119530560457
2016,020160093.WAV,6.123108863830566,0.421039091753596
2016,020160128.WAV,6.407483577728272,0.5169877897194504
2016,020160131.WAV,6.376707077026367,0.5066037259262284
2016,020160132.WAV,5.855865478515625,0.3308705443834543
2016,020160151.WAV,6.027455806732178,0.3887655250948343
2016,020160171.WAV,6.091699600219727,0.41044153226520064
2016,020160178.WAV,6.073517322540283,0.40430678897004335
2016,020160207.WAV,5.636939525604248,0.2570044124588815
2016,020160222.WAV,6.416620254516602,0.5200705259780982
2016,020160245.WAV,6.521354675292969,0.5554081661218528
2016,020160264.WAV,6.088490009307861,0.40935860873527186
2016,020160295.WAV,6.471465110778809,0.5385753096009351
2016,020160312.WAV,6.375235080718994,0.5061070709066342
2016,020160318.WAV,6.34202241897583,0.49490104064269436
2016,020160335.WAV,6.856432914733887,0.6684643529761172
2016,020160344.WAV,5.812717914581299,0.31631245473070746
2016,020160347.WAV,6.3376240730285645,0.4934170283651633
2016,020160371.WAV,6.5688982009887695,0.5714494636222318
2022,020220021.WAV,6.703032493591309,0.6167066897355709
2022,020220023.WAV,6.36881160736084,0.5039397758729594
2022,020220033.WAV,6.508156776428223,0.5509551639733818
2022,020220048.WAV,6.1045403480529785,0.41477403081481357
2022,020220056.WAV,6.231357097625732,0.4575623006823817
2022,020220060.WAV,6.481410026550293,0.5419307475953177
2022,020220072.WAV,6.535736560821533,0.5602606481581291
2022,020220091.WAV,6.222206592559815,0.45447489873032043
2022,020220120.WAV,6.151735305786133,0.43069772066396994
2022,020220122.WAV,6.0725202560424805,0.40397037638631406
2022,020220139.WAV,6.600830078125,0.5822233541444712
2022,020220141.WAV,6.163972854614258,0.4348266984491558
2022,020220176.WAV,6.804837226867676,0.6510558464195306
2022,020220200.WAV,5.964745044708252,0.36760676634947465
2022,020220221.WAV,6.654341697692871,0.6002783005678307
2022,020220232.WAV,6.182541847229004,0.44109192027391786
2022,020220259.WAV,5.991901874542236,0.3767695446701531
2022,020220264.WAV,7.095277786254883,0.7490511749342217
2022,020220295.WAV,6.503584384918213,0.5494124283132293
2022,020220366.WAV,6.445976734161377,0.5299754713235221
2027,020270001.WAV,6.380931377410889,0.5080290148211384
2027,020270005.WAV,6.036981105804443,0.39197938342700644
2027,020270020.WAV,6.130193710327148,0.4234295356412321
2027,020270030.WAV,6.254295825958252,0.4653018816258878
2027,020270042.WAV,6.826395034790039,0.6583295015655815
2027,020270048.WAV,7.211277484893799,0.7881897463503817
2027,020270049.WAV,5.876644611358643,0.3378814727245172
2027,020270077.WAV,6.392294406890869,0.5118629277193996
2027,020270087.WAV,6.314823627471924,0.4857241043557947
2027,020270108.WAV,7.068979263305664,0.7401779913771549
2027,020270113.WAV,6.353790283203125,0.49887154573779235
2027,020270136.WAV,5.782419681549072,0.30608975957520945
2027,020270142.WAV,6.59300708770752,0.5795838587601294
2027,020270146.WAV,6.882136344909668,0.6771367508304131
2027,020270161.WAV,6.453641414642334,0.5325615525625758
2027,020270167.WAV,6.532045364379883,0.5590152297886182
2027,020270168.WAV,6.8337483406066895,0.6608105242598359
2027,020270170.WAV,6.435427665710449,0.5264161907927527
2027,020270171.WAV,6.326676368713379,0.48972324715529436
2027,020270174.WAV,6.86246395111084,0.6704992388484297
2030,020300005.WAV,6.217093467712402,0.4527497183690923
2030,020300012.WAV,6.303670406341553,0.4819609812886385
2030,020300017.WAV,6.389025688171387,0.5107600543279778
2030,020300020.WAV,6.214954376220703,0.45202798386377974
2030,020300044.WAV,6.944394588470459,0.6981428287809572
2030,020300053.WAV,6.272490501403809,0.47144080795651955
2030,020300056.WAV,7.177958488464356,0.7769478385129502
2030,020300057.WAV,6.504390716552734,0.549684486505045
2030,020300059.WAV,6.655847549438477,0.6007863784919898
2030,020300065.WAV,6.646202087402344,0.5975319768929122
2030,020300073.WAV,6.663598537445068,0.6034015800933845
2030,020300083.WAV,6.363393783569336,0.5021117893706493
2030,020300097.WAV,7.10745096206665,0.7531584331121366
2030,020300121.WAV,6.309970855712891,0.4840867677395295
2030,020300132.WAV,6.86181640625,0.6702807556878823
2030,020300143.WAV,7.037008762359619,0.7293910690905532
2030,020300147.WAV,6.627378940582275,0.5911810028409248
2030,020300156.WAV,7.176854610443115,0.7765753874697492
2030,020300171.WAV,6.142935276031494,0.4277285699070499
2030,020300173.WAV,6.315739154815674,0.4860330054369808
2031,020310032.WAV,6.408934593200684,0.5174773657559342
2031,020310042.WAV,6.450036525726318,0.5313452545554058
2031,020310075.WAV,6.797457695007324,0.6485659749963879
2031,020310085.WAV,6.242384433746338,0.4612829498508748
2031,020310112.WAV,6.706170558929443,0.6177654803685317
2031,020310114.WAV,6.513756275177002,0.5528444480339896
2031,020310133.WAV,6.4647536277771,0.5363108394354705
2031,020310141.WAV,5.630312919616699,0.2547685799978183
2031,020310148.WAV,6.42844295501709,0.5240595329608715
2031,020310151.WAV,6.495923042297363,0.5468274732760341
2031,020310154.WAV,6.345325469970703,0.4960154978246607
2031,020310174.WAV,6.282893180847168,0.47495069649149513
2031,020310219.WAV,6.596305847167969,0.5806968679682771
2031,020310273.WAV,6.623011589050293,0.5897074481520799
2031,020310281.WAV,6.314925193786621,0.485758373069489
2031,020310295.WAV,7.01176118850708,0.7208724782329312
2031,020310297.WAV,6.645765781402588,0.5973847662214091
2031,020310322.WAV,6.259342670440674,0.46700469883592555
2031,020310335.WAV,6.875340461730957,0.6748438038465261
2031,020310376.WAV,6.348233699798584,0.49699674141536554
2034,020340016.WAV,6.1057538986206055,0.4151834856333647
2034,020340019.WAV,6.156836032867432,0.4324187179897232
2034,020340029.WAV,5.800881385803223,0.31231878205452035
2034,020340043.WAV,6.042868137359619,0.3939656817334243
2034,020340055.WAV,6.237700939178467,0.4597027277574328
2034,020340056.WAV,6.366518974304199,0.503166236082156
2034,020340063.WAV,6.572767734527588,0.572755053348182
2034,020340065.WAV,6.470314025878906,0.5381869308457359
2034,020340071.WAV,7.053075313568115,0.7348119612934074
2034,020340096.WAV,6.230506420135498,0.4572752800944466
2034,020340098.WAV,6.268496036529541,0.47009306610386603
2034,020340109.WAV,6.25717306137085,0.46627266762790653
2034,020340113.WAV,6.370304584503174,0.5044435098756639
2034,020340124.WAV,6.145277976989746,0.4285190027257302
2034,020340140.WAV,6.58768367767334,0.5777877276818162
2034,020340144.WAV,6.3597798347473145,0.5008924345298638
2034,020340156.WAV,6.076870441436768,0.4054381391798867
2034,020340162.WAV,7.075396060943604,0.7423430340071133
2034,020340166.WAV,6.497109413146973,0.5472277575937377
2034,020340169.WAV,6.153643131256104,0.4313414254690875
2036,020360017.WAV,6.5017499923706055,0.5487934999489992
2036,020360019.WAV,6.681179046630859,0.6093332852820541
2036,020360036.WAV,6.469725608825684,0.5379883975466819
2036,020360055.WAV,5.402108669281006,0.17777192867860148
2036,020360089.WAV,6.357039451599121,0.49996782280404317
2036,020360097.WAV,6.409824848175049,0.5177777398801913
2036,020360100.WAV,6.266711711883545,0.46949103076751286
2036,020360131.WAV,6.008938789367676,0.38251783984186827
2036,020360136.WAV,6.189386367797852,0.4434012776277425
2036,020360143.WAV,6.700376510620117,0.6158105548281723
2036,020360202.WAV,6.583581447601318,0.5764036255977316
2036,020360211.WAV,6.165224075317383,0.4352488632601099
2036,020360220.WAV,6.082763671875,0.40742652900404175
2036,020360228.WAV,5.532780170440674,0.22186080080674664
2036,020360245.WAV,6.604835510253906,0.5835747963746598
2036,020360299.WAV,5.813856601715088,0.3166966504504325
2036,020360301.WAV,6.015639781951904,0.3847787705157779
2036,020360302.WAV,6.270479202270508,0.4707621908937891
2036,020360312.WAV,6.345836162567139,0.4961878067090095
2036,020360329.WAV,5.760232925415039,0.2986038958218231
2059,020590022.WAV,6.339676856994629,0.49410964250813527
2059,020590026.WAV,6.653904914855957,0.6001309290103485
2059,020590047.WAV,6.7108893394470215,0.6193576080244776
2059,020590077.WAV,6.616861343383789,0.5876323407848212
2059,020590103.WAV,6.417754650115967,0.5204532737240053
2059,020590121.WAV,6.682231903076172,0.609688521525418
2059,020590122.WAV,6.226208686828613,0.4558252147586501
2059,020590123.WAV,6.463320732116699,0.5358273770662183
2059,020590144.WAV,6.673269748687744,0.6066646695353708
2059,020590151.WAV,7.462230205535889,0.8728617851071709
2059,020590164.WAV,6.546576976776123,0.5639182300225467
2059,020590181.WAV,6.508759498596191,0.5511585238518293
2059,020590228.WAV,6.594625473022461,0.5801299057755169
2059,020590265.WAV,6.272185325622559,0.4713378409294575
2059,020590274.WAV,6.388293266296387,0.5105129334630287
2059,020590276.WAV,6.752172470092773,0.6332866334962677
2059,020590290.WAV,6.623802185058594,0.5899741971065622
2059,020590322.WAV,6.471019268035889,0.5384248812098369
2059,020590359.WAV,6.57676362991333,0.5741032778587749
2059,020590376.WAV,6.546082019805908,0.5637512303755303
2061,020610010.WAV,6.173930168151856,0.43818631947901276
2061,020610014.WAV,6.117299556732178,0.4190790178618833
2061,020610061.WAV,6.09904146194458,0.41291869369594036
2061,020610090.WAV,6.304594039916992,0.48227261743148087
2061,020610122.WAV,6.586603164672852,0.5774231600516251
2061,020610134.WAV,6.470742225646973,0.5383314064555822
2061,020610166.WAV,6.547147750854492,0.5641108105403483
2061,020610168.WAV,7.026200771331787,0.7257444274727611
2061,020610174.WAV,6.443591594696045,0.5291707196526405
2061,020610175.WAV,6.822611331939697,0.6570528713159927
2061,020610194.WAV,5.970513820648193,0.3695531649329056
2061,020610201.WAV,6.610445976257324,0.5854677808128022
2061,020610206.WAV,6.625117778778076,0.5904180815247873
2061,020610207.WAV,5.850909233093262,0.3291982955095758
2061,020610291.WAV,6.626550674438477,0.590901543894039
2061,020610302.WAV,6.365227222442627,0.5027303959629201
2061,020610316.WAV,6.663870334625244,0.6034932851018617
2061,020610328.WAV,6.358882904052734,0.5005898080018893
2061,020610341.WAV,5.784875869750977,0.3069184832570786
2061,020610343.WAV,6.978600025177002,0.7096838236548082
2089,020890003.WAV,6.32882022857666,0.49044659052040473
2089,020890037.WAV,6.695677280426025,0.6142250234973974
2089,020890112.WAV,6.434010028839111,0.5259378767748537
2089,020890134.WAV,6.170788288116455,0.43712624175821335
2089,020890156.WAV,6.353453636169434,0.49875796023606456
2089,020890165.WAV,5.964015483856201,0.3673606108004044
2089,020890206.WAV,6.558407306671143,0.5679098111809961
2089,020890207.WAV,6.708848476409912,0.6186690160310009
2089,020890215.WAV,5.682148456573486,0.2722580122022362
2089,020890219.WAV,5.29832935333252,0.14275654315235498
2089,020890259.WAV,7.117647647857666,0.7565988189038453
2089,020890260.WAV,6.101996421813965,0.41391570411266376
2089,020890267.WAV,6.510437488555908,0.5517246816146903
2089,020890274.WAV,6.445393562316895,0.529778707770246
2089,020890306.WAV,6.445024013519287,0.5296540211359131
2089,020890313.WAV,6.532918453216553,0.5593098120176034
2089,020890326.WAV,6.680200576782227,0.6090031472515365
2089,020890340.WAV,7.265103816986084,0.8063508775203994
2089,020890346.WAV,5.983687877655029,0.37399812278238787
2089,020890371.WAV,6.255293369293213,0.46563845509559676
2112,021120025.WAV,6.13145637512207,0.42385556171570093
2112,021120059.WAV,6.185769557952881,0.4421809574710782
2112,021120074.WAV,6.39658260345459,0.5133097753356
2112,021120075.WAV,6.559029579162598,0.568119767384615
2112,021120085.WAV,6.102994918823242,0.41425259935433245
2112,021120108.WAV,6.678113460540772,0.6082989493180209
2112,021120135.WAV,6.275689125061035,0.47252003110891283
2112,021120151.WAV,6.499475955963135,0.5480262347114075
2112,021120161.WAV,6.368998050689697,0.5040026822910548
2112,021120164.WAV,6.059292316436768,0.39950723842111624
2112,021120171.WAV,6.2187042236328125,0.45329319120880407
2112,021120187.WAV,6.417525768280029,0.5203760484537086
2112,021120232.WAV,6.376007556915283,0.5063677061938849
2112,021120233.WAV,6.387784004211426,0.5103411072366193
2112,021120250.WAV,6.214312553405762,0.4518114313349899
2112,021120256.WAV,6.673068523406982,0.6065967756519017
2112,021120296.WAV,6.352863788604736,0.49855894427907166
2112,021120309.WAV,6.945255756378174,0.6984333888604477
2112,021120321.WAV,6.073634624481201,0.40434636692107007
2112,021120354.WAV,5.86216926574707,0.33299745703620354
2116,021160002.WAV,6.411550045013428,0.518359825355051
2116,021160027.WAV,6.765894412994385,0.6379164493365221
2116,021160075.WAV,6.120039463043213,0.4200034687017242
2116,021160080.WAV,6.650924205780029,0.5991252307507164
2116,021160089.WAV,6.083072185516357,0.4075306222329622
2116,021160090.WAV,6.277608394622803,0.4731675971775451
2116,021160120.WAV,6.234123706817627,0.45849576113709056
2116,021160134.WAV,5.7579498291015625,0.2978335737506157
2116,021160185.WAV,6.328770160675049,0.49042969749252774
2116,021160188.WAV,6.306550979614258,0.4829328934925161
2116,021160195.WAV,6.1016926765441895,0.4138132197435411
2116,021160198.WAV,6.08867073059082,0.4094195845216102
2116,021160203.WAV,6.010382652282715,0.38300500258865555
2116,021160207.WAV,6.27802038192749,0.47330660266407887
2116,021160212.WAV,5.923342704772949,0.35363751938273835
2116,021160232.WAV,5.6768975257873535,0.27048633579285086
2116,021160249.WAV,6.428307056427002,0.5240136804566331
2116,021160303.WAV,6.0964674949646,0.4120502311770642
2116,021160310.WAV,6.312661647796631,0.4849946473234523
2116,021160326.WAV,6.107092380523682,0.4156350925786192
2129,021290009.WAV,5.782908439636231,0.30625466770448884
2129,021290011.WAV,6.321482181549072,0.48797071617750354
2129,021290068.WAV,6.955666542053223,0.7019460124570795
2129,021290121.WAV,6.386666297912598,0.5099639905000044
2129,021290134.WAV,5.995479583740234,0.377976672176475
2129,021290144.WAV,6.963533878326416,0.7046004702375417
2129,021290148.WAV,6.99273157119751,0.7144518405516973
2129,021290160.WAV,6.044086456298828,0.39437674541177326
2129,021290169.WAV,6.357362270355225,0.5000767426123571
2129,021290173.WAV,6.447952747344971,0.5306421828237482
2129,021290200.WAV,5.7159833908081055,0.2836739986697947
2129,021290209.WAV,6.783241271972656,0.6437693203950972
2129,021290235.WAV,6.229559898376465,0.4569559214245744
2129,021290261.WAV,6.816871166229248,0.6551161258913487
2129,021290282.WAV,6.40721607208252,0.5168975326847913
2129,021290291.WAV,6.955348014831543,0.7018385406225838
2129,021290319.WAV,7.115674018859863,0.7559329118335179
2129,021290324.WAV,6.379220008850098,0.5074515950396921
2129,021290326.WAV,6.117116451263428,0.4190172376456458
2129,021290371.WAV,6.801936626434326,0.6500771770045024
2168,021680007.WAV,6.05161190032959,0.39691584794472967
2168,021680016.WAV,6.089735507965088,0.40977884291446887
2168,021680048.WAV,7.065215110778809,0.7389079574527371
2168,021680052.WAV,6.60512638092041,0.5836729368223279
2168,021680122.WAV,5.997799396514893,0.3787593824681259
2168,021680154.WAV,6.407327175140381,0.5169350191180808
2168,021680169.WAV,6.514827728271484,0.5532059588305647
2168,021680190.WAV,6.0404052734375,0.39313470564783803
2168,021680237.WAV,6.570059299468994,0.5718412209830068
2168,021680246.WAV,6.707771301269531,0.6183055746026678
2168,021680249.WAV,6.5622100830078125,0.5691928768697767
2168,021680251.WAV,6.557618141174316,0.5676435448844532
2168,021680266.WAV,5.735695838928223,0.29032502507407987
2168,021680288.WAV,6.844147682189941,0.664319286592953
2168,021680297.WAV,6.404367923736572,0.5159365607275392
2168,021680318.WAV,6.261668682098389,0.46778950064531366
2168,021680332.WAV,6.329331874847412,0.49061922117671375
2168,021680369.WAV,6.285223484039307,0.475736946274701
2168,021680379.WAV,6.582913875579834,0.5761783852260336
2168,021680380.WAV,6.755420684814453,0.6343825887905588
2170,021700029.WAV,6.367832660675049,0.5036094769564621
2170,021700034.WAV,6.461182594299316,0.5351059643328655
2170,021700062.WAV,6.421733379364014,0.5217957063393259
2170,021700077.WAV,6.359660625457764,0.5008522130349176
2170,021700120.WAV,6.474092960357666,0.5394619522355268
2170,021700131.WAV,6.514750957489014,0.5531800561878197
2170,021700139.WAV,6.505064964294434,0.5499119792804599
2170,021700153.WAV,6.015355587005615,0.38468288247182625
2170,021700176.WAV,7.31866455078125,0.824422395199677
2170,021700211.WAV,6.2956862449646,0.4792671064431293
2170,021700224.WAV,6.260867118835449,0.4675190513132963
2170,021700232.WAV,6.268864631652832,0.47021743096623925
2170,021700236.WAV,6.182033061981201,0.4409202549334881
2170,021700240.WAV,6.567589282989502,0.5710078316077241
2170,021700277.WAV,6.434544563293457,0.5261182299581921
2170,021700287.WAV,6.074564933776856,0.40466025546762974
2170,021700291.WAV,6.387997150421143,0.5104130232695827
2170,021700300.WAV,6.974315643310547,0.7082382631264459
2170,021700362.WAV,5.820001602172852,0.3187699880719135
2170,021700379.WAV,6.859074592590332,0.6693556613041223
2179,021790008.WAV,6.120449542999268,0.4201418306443385
2179,021790025.WAV,7.052046298980713,0.7344647693490327
2179,021790030.WAV,6.082793235778809,0.4074365039347885
2179,021790035.WAV,5.881723880767822,0.33959523018118
2179,021790039.WAV,5.888745307922363,0.34196427623350467
2179,021790040.WAV,6.2717814445495605,0.47120157050458
2179,021790043.WAV,6.6227707862854,0.5896262007322888
2179,021790055.WAV,6.175629138946533,0.4387595562249842
2179,021790075.WAV,5.849816799163818,0.3288297057298897
2179,021790081.WAV,6.138202667236328,0.42613177655768975
2179,021790083.WAV,5.8679518699646,0.3349485213130483
2179,021790084.WAV,6.674469470977783,0.6070694586605085
2179,021790108.WAV,6.394946575164795,0.5127577755389601
2179,021790112.WAV,6.042201995849609,0.3937409240196652
2179,021790125.WAV,6.629677772521973,0.5919566341494649
2179,021790149.WAV,5.823323249816895,0.3198907198070915
2179,021790152.WAV,6.73913049697876,0.6288862410631861
2179,021790168.WAV,5.956233978271484,0.36473511249630364
2179,021790169.WAV,6.145096302032471,0.42845770516743253
2179,021790173.WAV,6.839890480041504,0.6628828965654383
2208,022080028.WAV,6.671523571014404,0.6060755050774007
2208,022080038.WAV,6.040597438812256,0.3931995426976911
2208,022080085.WAV,6.643305778503418,0.5965547554517017
2208,022080100.WAV,6.262465953826904,0.46805850200351284
2208,022080116.WAV,6.434995651245117,0.5262704280950683
2208,022080124.WAV,6.22675085067749,0.4560081421176647
2208,022080146.WAV,6.768093109130859,0.6386582945893078
2208,022080179.WAV,6.292662143707275,0.47824676755933715
2208,022080181.WAV,6.858034133911133,0.6690046080962329
2208,022080186.WAV,6.616939067840576,0.5876585651995259
2208,022080187.WAV,5.945441246032715,0.3610936192298644
2208,022080189.WAV,6.564301490783691,0.569898522777111
2208,022080192.WAV,5.55746603012085,0.2301898679801826
2208,022080202.WAV,5.897319316864014,0.3448571670360072
2208,022080204.WAV,6.439945220947266,0.5279404245652299
2208,022080210.WAV,6.2763872146606445,0.4727555681833173
2208,022080294.WAV,6.300720691680908,0.4809657406176926
2208,022080299.WAV,6.390418529510498,0.5112300022749279
2208,022080340.WAV,6.200538635253906,0.44716407892293897
2208,022080341.WAV,6.117554187774658,0.4191649309750882
2236,022360092.WAV,6.444820880889893,0.5295854837085245
2236,022360126.WAV,5.854672431945801,0.3304680076620339
2236,022360147.WAV,6.513287544250488,0.5526862971158615
2236,022360159.WAV,6.498856067657471,0.5478170829376878
2236,022360185.WAV,7.046760082244873,0.7326811873771433
2236,022360186.WAV,6.08848762512207,0.40935780430537316
2236,022360221.WAV,5.859225273132324,0.33200414699701497
2236,022360222.WAV,6.196499347686768,0.44580121378818593
2236,022360227.WAV,6.341825008392334,0.4948344338470638
2236,022360231.WAV,6.668891429901123,0.6051874144689908
2236,022360253.WAV,7.077287673950195,0.7429812686889175
2236,022360259.WAV,6.509285926818848,0.551336141973511
2236,022360262.WAV,5.986896514892578,0.3750807245403569
2236,022360265.WAV,6.801620960235596,0.6499706704858854
2236,022360293.WAV,6.883352279663086,0.677547010078863
2236,022360310.WAV,6.520894527435303,0.5552529111513611
2236,022360311.WAV,6.08080530166626,0.40676577028506755
2236,022360321.WAV,6.580942153930664,0.5755131216996252
2236,022360326.WAV,6.665499687194824,0.6040430324947847
2236,022360350.WAV,6.2992448806762695,0.48046779851026034
2242,022420015.WAV,6.939947605133057,0.6966424061334882
2242,022420045.WAV,6.407684326171875,0.5170555227169393
2242,022420067.WAV,5.803512573242188,0.3132065508909707
2242,022420073.WAV,6.301271915435791,0.4811517248103232
2242,022420086.WAV,6.278748989105225,0.4735524364411894
2242,022420106.WAV,5.444255828857422,0.19199247954576082
2242,022420129.WAV,6.470773696899414,0.538342024930248
2242,022420138.WAV,6.017351150512695,0.3853561902972238
2242,022420146.WAV,6.178115367889404,0.43959841572357994
2242,022420164.WAV,6.6320881843566895,0.592769912777275
2242,022420168.WAV,5.750909805297852,0.29545825314507956
2242,022420172.WAV,6.577325820922852,0.5742929624289406
2242,022420273.WAV,6.5826849937438965,0.5761011599557369
2242,022420288.WAV,6.093982219696045,0.4112116934504282
2242,022420292.WAV,6.286135673522949,0.4760447211540286
2242,022420306.WAV,6.297039031982422,0.4797235399677777
2242,022420342.WAV,5.978088855743408,0.3721089996077598
2242,022420346.WAV,7.147738933563232,0.7667516895441164
2242,022420348.WAV,6.524758338928223,0.5565565702455537
2242,022420362.WAV,6.943442344665527,0.6978215394793279
2244,022440038.WAV,6.199488162994385,0.44680964710947424
2244,022440039.WAV,6.473384380340576,0.5392228756695674
2244,022440062.WAV,6.15713357925415,0.4325191108411086
2244,022440073.WAV,6.407243251800537,0.5169067031856389
2244,022440126.WAV,7.235579967498779,0.7963894611960713
2244,022440134.WAV,6.145294666290283,0.4285246337350228
2244,022440139.WAV,5.743552207946777,0.29297578247700695
2244,022440144.WAV,6.540685176849365,0.561930322856331
2244,022440165.WAV,6.430631637573242,0.5247979996080818
2244,022440180.WAV,6.804461479187012,0.6509290682674604
2244,022440189.WAV,6.510003566741943,0.5515782753730865
2244,022440215.WAV,6.272699356079102,0.4715112760156652
2244,022440277.WAV,5.829288482666016,0.32190340341419343
2244,022440286.WAV,5.988179683685303,0.37551366871195646
2244,022440312.WAV,6.558836460113525,0.5680546085628022
2244,022440337.WAV,5.496034622192383,0.2094627663185844
2244,022440340.WAV,5.67365026473999,0.2693907022705193
2244,022440352.WAV,6.035233974456787,0.3913898971970766
2244,022440361.WAV,6.385392665863037,0.5095342640480005
2244,022440362.WAV,6.191154479980469,0.44399784284078314
2251,022510066.WAV,6.797842979431152,0.6486959708680538
2251,022510069.WAV,6.744578838348389,0.6307245242682018
2251,022510089.WAV,6.716879844665527,0.6213788185885087
2251,022510093.WAV,6.748879432678223,0.6321755549198771
2251,022510095.WAV,6.268606185913086,0.4701302307651962
2251,022510122.WAV,6.714290142059326,0.6205050468322997
2251,022510152.WAV,6.618086814880371,0.5880458177528667
2251,022510166.WAV,6.275196552276611,0.4723538358917956
2251,022510190.WAV,7.049736022949219,0.7336852767769775
2251,022510211.WAV,6.3780951499938965,0.5070720650133806
2251,022510230.WAV,6.414702415466309,0.5194234425674054
2251,022510237.WAV,6.484940528869629,0.5431219473896409
2251,022510255.WAV,5.913012981414795,0.35015224640266984
2251,022510266.WAV,5.997725486755371,0.3787344451412593
2251,022510276.WAV,7.01669454574585,0.7225370045797803
2251,022510291.WAV,6.541748046875,0.5622889377052702
2251,022510300.WAV,6.372056007385254,0.5050344440794119
2251,022510320.WAV,6.474662780761719,0.5396542109813691
2251,022510323.WAV,6.147769451141357,0.4293596319701034
2251,022510368.WAV,5.840888500213623,0.3258172766444074
2252,022520012.WAV,6.397193431854248,0.5135158702757037
2252,022520036.WAV,6.413433074951172,0.5189951640892196
2252,022520067.WAV,6.848260402679443,0.665706928168593
2252,022520159.WAV,6.0427117347717285,0.39391291113205473
2252,022520174.WAV,7.253215789794922,0.8023398291583959
2252,022520200.WAV,6.123926639556885,0.42131501120892634
2252,022520203.WAV,5.9379658699035645,0.35857140972478496
2252,022520209.WAV,6.394578456878662,0.5126335715625665
2252,022520221.WAV,6.8979034423828125,0.6824566066379625
2252,022520225.WAV,6.1139092445373535,0.4179351185456166
2252,022520226.WAV,6.574066638946533,0.5731933067571144
2252,022520258.WAV,6.331808567047119,0.4914548629557134
2252,022520272.WAV,6.788681983947754,0.6456050294244366
2252,022520290.WAV,6.612171173095703,0.5860498662876623
2252,022520337.WAV,6.621025562286377,0.589037358046278
2252,022520345.WAV,5.99107551574707,0.37649072926718685
2252,022520358.WAV,6.133479118347168,0.42453804004194606
2252,022520360.WAV,5.857248783111572,0.33133727461080875
2252,022520366.WAV,5.935734748840332,0.35781862422537425
2252,022520375.WAV,6.352108478546143,0.4983041008870932
2282,022820020.WAV,6.445262432098389,0.529734464125805
2282,022820021.WAV,6.180037975311279,0.4402471079940702
2282,022820026.WAV,5.81965446472168,0.3186528630786305
2282,022820042.WAV,5.8672943115234375,0.3347266595469258
2282,022820062.WAV,6.378605842590332,0.5072443738977299
2282,022820072.WAV,7.125430107116699,0.7592246389799058
2282,022820079.WAV,6.549492835998535,0.5649020477889277
2282,022820106.WAV,6.288492202758789,0.47683981966612277
2282,022820107.WAV,5.817834854125977,0.31803892217977325
2282,022820121.WAV,6.410324096679688,0.5179461875010258
2282,022820134.WAV,5.750438690185547,0.29529929779705255
2282,022820142.WAV,6.02015495300293,0.386302199858356
2282,022820155.WAV,6.033384323120117,0.3907658204814932
2282,022820191.WAV,6.21546745300293,0.4522010971780277
2282,022820197.WAV,6.073118686676025,0.40417228829094376
2282,022820281.WAV,6.153425693511963,0.43126806146230545
2282,022820291.WAV,7.084771156311035,0.7455062132556531
2282,022820293.WAV,6.799320220947266,0.6491943956334258
2282,022820317.WAV,5.704292297363281,0.27972939621744186
2282,022820357.WAV,6.486650943756104,0.543699045399128
2327,023270032.WAV,6.5215559005737305,0.5554760600053219
2327,023270080.WAV,6.756364345550537,0.6347009821445522
2327,023270098.WAV,6.553569316864014,0.5662774620301041
2327,023270118.WAV,5.829912662506104,0.32211400316173155
2327,023270120.WAV,6.608677864074707,0.584871215599762
2327,023270140.WAV,6.251308441162109,0.4642939309625389
2327,023270148.WAV,6.726747035980225,0.6247080321681862
2327,023270161.WAV,6.4984564781188965,0.5476822604866285
2327,023270171.WAV,6.209671497344971,0.45024552809374874
2327,023270214.WAV,6.219554424285889,0.4535800509107595
2327,023270237.WAV,6.585564613342285,0.5770727503876547
2327,023270268.WAV,6.841549396514893,0.663442618889108
2327,023270280.WAV,6.272242546081543,0.4713571472470315
2327,023270286.WAV,6.497914791107178,0.5474994940135935
2327,023270303.WAV,6.179880142211914,0.4401938547347617
2327,023270315.WAV,6.683672428131104,0.6101745580703468
2327,023270319.WAV,6.252541542053223,0.46470998210626147
2327,023270321.WAV,6.3207783699035645,0.4877332484713419
2327,023270331.WAV,6.414543628692627,0.5193698675361376
2327,023270364.WAV,6.822047710418701,0.6568627040878876
2355,023550002.WAV,6.193040370941162,0.44463414689083014
2355,023550003.WAV,6.504914283752441,0.5498611393108479
2355,023550008.WAV,6.588150978088379,0.5779453959420049
2355,023550013.WAV,6.668314456939697,0.604992742433452
2355,023550099.WAV,6.902650356292725,0.6840582265667157
2355,023550123.WAV,6.111508846282959,0.4171252185233818
2355,023550138.WAV,6.283588886260986,0.4751854291360005
2355,023550167.WAV,6.370472431182861,0.5045001417405481
2355,023550175.WAV,7.302304267883301,0.8189023972332758
2355,023550201.WAV,6.158556938171387,0.43299935549076474
2355,023550202.WAV,6.615506649017334,0.5871752637162537
2355,023550230.WAV,6.068325042724609,0.40255490153617157
2355,023550233.WAV,6.787299633026123,0.645138620969042
2355,023550237.WAV,6.88720703125,0.6788476123394396
2355,023550257.WAV,6.28806209564209,0.4766947005123574
2355,023550260.WAV,6.518798828125,0.5545458172702091
2355,023550290.WAV,6.22999382019043,0.4571023276661783
2355,023550310.WAV,5.976296424865723,0.37150422920975035
2355,023550319.WAV,6.3498616218566895,0.49754600615034916
2355,023550341.WAV,5.846707820892334,0.32778072914169587
2380,023800015.WAV,6.427084445953369,0.5236011688044659
2380,023800042.WAV,6.460947513580322,0.5350266475448315
2380,023800056.WAV,6.53331995010376,0.5594452780125818
2380,023800093.WAV,6.43099308013916,0.5249199511807581
2380,023800114.WAV,6.432385921478272,0.5253898991277086
2380,023800124.WAV,6.151214122772217,0.4305218722880657
2380,023800160.WAV,6.28795337677002,0.47665801850896705
2380,023800186.WAV,6.785375118255615,0.6444892851546322
2380,023800242.WAV,6.052512168884277,0.3972196006745625
2380,023800260.WAV,5.927806854248047,0.35514373392547927
2380,023800277.WAV,6.686405181884766,0.6110965956204903
2380,023800278.WAV,6.578242301940918,0.574602185282086
2380,023800280.WAV,6.527203559875488,0.557381593549888
2380,023800298.WAV,6.38827657699585,0.5105073024537365
2380,023800326.WAV,6.698733329772949,0.6152561417418354
2380,023800330.WAV,6.184839248657227,0.441867068924519
2380,023800338.WAV,6.255688667297363,0.4657718295728379
2380,023800352.WAV,5.790241241455078,0.30872877230161233
2380,023800363.WAV,6.61842155456543,0.5881587597106754
2380,023800368.WAV,6.158947944641113,0.43313128199418816
2402,024020047.WAV,6.169871807098389,0.43681701890506797
2402,024020051.WAV,5.916546821594238,0.35134457239885175
2402,024020053.WAV,6.519559383392334,0.5548024304079651
2402,024020069.WAV,7.0450592041015625,0.7321073070872528
2402,024020084.WAV,6.179625988006592,0.44010810250753685
2402,024020142.WAV,6.438175201416016,0.5273432158082703
2402,024020158.WAV,6.553536415100098,0.5662663608974994
2402,024020175.WAV,6.576117038726807,0.5738851164701873
2402,024020176.WAV,6.378057479858398,0.5070593550209777
2402,024020205.WAV,6.579864501953125,0.5751495193853124
2402,024020233.WAV,6.313971519470215,0.48543660110992026
2402,024020238.WAV,6.236140251159668,0.45917614794559847
2402,024020253.WAV,6.062222480773926,0.4004958827668912
2402,024020256.WAV,6.133167743682861,0.4244329814971468
2402,024020260.WAV,5.944386959075928,0.3607379003285611
2402,024020265.WAV,6.707818984985352,0.6183216632006465
2402,024020291.WAV,6.515970230102539,0.553591441638128
2402,024020321.WAV,5.946567535400391,0.3614736319141152
2402,024020328.WAV,6.3131842613220215,0.4851709783572964
2402,024020337.WAV,6.412379264831543,0.518639606073896
2427,024270011.WAV,6.614145755767822,0.586716095129949
2427,024270019.WAV,6.240021228790283,0.46048559893506336
2427,024270028.WAV,6.883521556854248,0.6776041246016866
2427,024270051.WAV,5.886317729949951,0.3411452057104225
2427,024270053.WAV,6.187732219696045,0.4428431641638706
2427,024270057.WAV,6.53963041305542,0.5615744430690481
2427,024270077.WAV,5.628000259399414,0.2539882829958642
2427,024270127.WAV,6.649264812469482,0.598565347541067
2427,024270155.WAV,6.835623741149902,0.6614432888183279
2427,024270168.WAV,6.530343055725098,0.5584408668407883
2427,024270176.WAV,6.529083728790283,0.5580159669681775
2427,024270178.WAV,6.707244873046875,0.6181279564809861
2427,024270183.WAV,6.667258262634277,0.6046363799882297
2427,024270197.WAV,6.3916192054748535,0.5116351131720249
2427,024270206.WAV,6.613071918487549,0.5863537799034748
2427,024270245.WAV,6.509772777557373,0.5515004065588707
2427,024270270.WAV,6.215231895446777,0.4521216195040141
2427,024270292.WAV,6.914214134216309,0.6879598724624663
2427,024270313.WAV,5.74071216583252,0.2920175455814116
2427,024270336.WAV,6.608187198638916,0.5847056639265638
2430,024300001.WAV,6.612441062927246,0.58614092775222
2430,024300052.WAV,6.625731468200684,0.5906251417807697
2430,024300061.WAV,6.078561305999756,0.4060086408642023
2430,024300063.WAV,6.716681003570557,0.6213117291349384
2430,024300065.WAV,7.181643009185791,0.7781910044787439
2430,024300068.WAV,6.6711015701293945,0.6059331209852916
2430,024300080.WAV,6.767454147338867,0.6384427073763967
2430,024300082.WAV,6.924802303314209,0.6915323456435776
2430,024300093.WAV,6.41981315612793,0.5211478184987344
2430,024300099.WAV,6.1045918464660645,0.41479140650062996
2430,024300118.WAV,6.320631980895996,0.4876838564755481
2430,024300131.WAV,6.053222179412842,0.39745915989846137
2430,024300132.WAV,6.807098388671875,0.6518187677356682
2430,024300135.WAV,6.96164083480835,0.7039617528977977
2430,024300189.WAV,6.576797008514404,0.5741145398773597
2430,024300221.WAV,6.584749221801758,0.5767976353622235
2430,024300270.WAV,7.54334545135498,0.9002302600142669
2430,024300330.WAV,6.409585475921631,0.5176969751183396
2430,024300345.WAV,6.737147331237793,0.628217116273263
2430,024300360.WAV,6.927151203155518,0.6923248699799955
2438,024380040.WAV,6.512298107147217,0.5523524587078088
2438,024380041.WAV,6.999200344085693,0.7166344197534518
2438,024380116.WAV,6.251404762268066,0.46432642993045525
2438,024380142.WAV,6.313271045684815,0.4852002596056171
2438,024380154.WAV,6.312671184539795,0.4849978650430484
2438,024380194.WAV,6.8896355628967285,0.6796670046344813
2438,024380197.WAV,5.971033096313477,0.36972836976489076
2438,024380200.WAV,6.268620491027832,0.4701350573445897
2438,024380204.WAV,6.693514823913574,0.6134954055790753
2438,024380234.WAV,5.933554172515869,0.3570828926398202
2438,024380247.WAV,5.8911871910095215,0.34278817333598033
2438,024380265.WAV,5.82257604598999,0.3196386114767691
2438,024380276.WAV,6.140284061431885,0.4268340438594487
2438,024380278.WAV,6.106296539306641,0.4153665738783594
2438,024380315.WAV,6.433313369750977,0.525702822358389
2438,024380317.WAV,6.100946426391602,0.4135614331851787
2438,024380325.WAV,6.142133712768555,0.4274581205750321
2438,024380354.WAV,6.198002338409424,0.4463083263964662
2438,024380363.WAV,6.9121174812316895,0.6872524568093541
2438,024380369.WAV,6.097682476043701,0.4124601686535547
2441,024410049.WAV,6.269599914550781,0.47046551714706664
2441,024410052.WAV,6.783137798309326,0.6437344081374843
2441,024410092.WAV,6.171844959259033,0.43748276508941575
2441,024410098.WAV,6.173210620880127,0.4379435425355178
2441,024410110.WAV,6.572485446929932,0.5726598088481498
2441,024410149.WAV,6.064296245574951,0.4011955758929735
2441,024410158.WAV,5.891068935394287,0.34274827361299387
2441,024410160.WAV,6.488651752471924,0.5443741229703025
2441,024410173.WAV,6.364035129547119,0.5023281810134594
2441,024410222.WAV,6.73022985458374,0.6258831433645311
2441,024410228.WAV,6.374094486236572,0.5057222316429899
2441,024410240.WAV,6.898603916168213,0.6826929481422657
2441,024410241.WAV,6.250016689300537,0.463858090843303
2441,024410294.WAV,6.090993881225586,0.41020342101511953
2441,024410312.WAV,6.742801189422607,0.630124741335566
2441,024410318.WAV,6.166689872741699,0.43574342676196687
2441,024410322.WAV,6.895070552825928,0.6815007830320636
2441,024410350.WAV,6.64830493927002,0.5982414840637611
2441,024410368.WAV,6.619488716125488,0.5885188225334328
2441,024410377.WAV,6.622306823730469,0.5894696586739585
2448,024480016.WAV,6.703446865081787,0.6168464996520038
2448,024480028.WAV,6.72369909286499,0.6236796489854048
2448,024480094.WAV,6.296506881713867,0.47954399121433844
2448,024480095.WAV,6.519842624664307,0.554897996679957
2448,024480105.WAV,6.1207804679870605,0.4202534855143092
2448,024480127.WAV,6.672897338867188,0.6065390175851595
2448,024480159.WAV,6.57603931427002,0.5738588920554826
2448,024480186.WAV,7.302995681762695,0.8191356819039635
2448,024480188.WAV,5.893504142761231,0.3435699183117529
2448,024480212.WAV,6.385275363922119,0.5094946860969738
2448,024480228.WAV,6.555931568145752,0.5670744911739558
2448,024480232.WAV,5.756442070007324,0.2973248522825376
2448,024480241.WAV,6.506604194641113,0.5504313192232038
2448,024480244.WAV,6.807179927825928,0.6518462792382114
2448,024480251.WAV,6.642862319946289,0.5964051314905026
2448,024480255.WAV,6.333703517913818,0.4920942238393764
2448,024480270.WAV,6.335076808929443,0.49255757546115553
2448,024480292.WAV,6.4470415115356445,0.5303347297163803
2448,024480297.WAV,6.334412097930908,0.4923333004053363
2448,024480335.WAV,6.380983352661133,0.5080465513929349
2450,024500006.WAV,6.27734899520874,0.4730800752045423
2450,024500021.WAV,5.944260597229004,0.3606952655439184
2450,024500033.WAV,6.323575496673584,0.4886770056287568
2450,024500095.WAV,6.222864151000977,0.4546967604964427
2450,024500126.WAV,5.7816081047058105,0.30581593163761656
2450,024500139.WAV,5.749907493591309,0.2951200708155728
2450,024500141.WAV,6.4991374015808105,0.5479120056657607
2450,024500147.WAV,6.675217628479004,0.60732188876279
2450,024500151.WAV,6.055943012237549,0.398377175299111
2450,024500156.WAV,5.690633296966553,0.27512081732651894
2450,024500164.WAV,6.07330846786499,0.4042363209108977
2450,024500228.WAV,6.12675666809082,0.4222698694989464
2450,024500250.WAV,6.038501262664795,0.392492287930559
2450,024500268.WAV,6.292493343353272,0.4781898139224936
2450,024500284.WAV,6.558446407318115,0.5679230038313385
2450,024500317.WAV,6.351611137390137,0.4981362968101781
2450,024500327.WAV,5.9385271072387695,0.3587607725229913
2450,024500333.WAV,6.627417087554932,0.5911938737193074
2450,024500350.WAV,6.242959499359131,0.46147697834249457
2450,024500363.WAV,6.59206485748291,0.5792659480640749
2451,024510017.WAV,6.463831901550293,0.5359998468365472
2451,024510043.WAV,6.685593605041504,0.6108227676828977
2451,024510061.WAV,5.953959465026856,0.36396768637273236
2451,024510070.WAV,6.411250591278076,0.5182587889597465
2451,024510114.WAV,6.204784393310547,0.448596607686939
2451,024510164.WAV,7.180020809173584,0.7776436703755174
2451,024510179.WAV,6.1923604011535645,0.44440472348365767
2451,024510195.WAV,6.578922748565674,0.5748317695752385
2451,024510206.WAV,6.286514759063721,0.47617262550795725
2451,024510215.WAV,6.559389591217041,0.5682412362993523
2451,024510224.WAV,6.80096435546875,0.649749130491722
2451,024510247.WAV,6.096912860870361,0.4122004986821828
2451,024510252.WAV,6.727096080780029,0.6248258007053884
2451,024510275.WAV,7.144272327423096,0.7655820484710845
2451,024510316.WAV,5.965709209442139,0.36793207780059833
2451,024510323.WAV,6.387168884277344,0.5101335643226974
2451,024510336.WAV,6.129140377044678,0.42307413851188813
2451,024510351.WAV,6.878461837768555,0.6758969634701948
2451,024510352.WAV,6.545901298522949,0.563690254589192
2451,024510375.WAV,5.776618003845215,0.30413225985917314
2488,024880041.WAV,6.598308086395264,0.5813724281973915
2488,024880059.WAV,5.944619655609131,0.36081641268669595
2488,024880070.WAV,6.74950647354126,0.6323871199832933
2488,024880098.WAV,6.514204502105713,0.5529956808549865
2488,024880118.WAV,6.730764389038086,0.6260634965478695
2488,024880155.WAV,6.595023155212402,0.5802640846826572
2488,024880176.WAV,6.4298481941223145,0.524533663943296
2488,024880190.WAV,6.654914379119873,0.6004715246295518
2488,024880194.WAV,6.812915325164795,0.6537814158030575
2488,024880195.WAV,6.625204086303711,0.5904472018871283
2488,024880207.WAV,6.289665699005127,0.4772357600623722
2488,024880210.WAV,6.719764232635498,0.622352017880224
2488,024880234.WAV,5.769453048706055,0.30171478712693345
2488,024880245.WAV,6.555101871490479,0.5667945495691316
2488,024880258.WAV,5.85448169708252,0.33040365327012045
2488,024880267.WAV,6.294999599456787,0.47903543063223997
2488,024880269.WAV,6.688385009765625,0.611764594208555
2488,024880299.WAV,6.213971614837647,0.4516963978594444
2488,024880303.WAV,6.636691570281982,0.5943231060261132
2488,024880339.WAV,6.352956771850586,0.49859031704512957
2538,025380004.WAV,6.213489532470703,0.4515337421338821
2538,025380051.WAV,6.690998554229736,0.6126464102637532
2538,025380065.WAV,6.499898433685303,0.5481687796894963
2538,025380091.WAV,6.390130996704102,0.5111329880291178
2538,025380107.WAV,6.579037189483643,0.5748703822103869
2538,025380133.WAV,5.836699962615967,0.3244040541979818
2538,025380149.WAV,7.297876358032227,0.8174084100249985
2538,025380151.WAV,6.402232646942139,0.5152161133100648
2538,025380152.WAV,6.58312463760376,0.5762494968290983
2538,025380158.WAV,6.425105571746826,0.5229334919883606
2538,025380162.WAV,5.988490581512451,0.3756185663707756
2538,025380175.WAV,6.753911972045898,0.6338735455505213
2538,025380202.WAV,6.758906841278076,0.6355588261887621
2538,025380217.WAV,6.6080827713012695,0.5846704298969911
2538,025380251.WAV,6.686206340789795,0.6110295061669204
2538,025380256.WAV,6.748151779174805,0.6319300429147263
2538,025380277.WAV,6.320849418640137,0.4877572204823297
2538,025380298.WAV,6.647563457489014,0.5979913063651965
2538,025380340.WAV,6.256082057952881,0.46590456050616
2538,025380347.WAV,5.920584201812744,0.35270679398968596
2621,026210005.WAV,6.3708906173706055,0.5046412387448191
2621,026210047.WAV,6.28007173538208,0.473998734149111
2621,026210096.WAV,6.17723274230957,0.439300615774999
2621,026210123.WAV,6.1601386070251465,0.43353301428570945
2621,026210132.WAV,5.994875431060791,0.3777728296400882
2621,026210135.WAV,6.2809343338012695,0.47428977688654084
2621,026210136.WAV,5.841878890991211,0.3261514368244196
2621,026210141.WAV,6.893443584442139,0.6809518400690393
2621,026210157.WAV,6.601742267608643,0.5825311290237984
2621,026210177.WAV,6.137100696563721,0.4257599690584082
2621,026210185.WAV,5.766202926635742,0.30061818828872333
2621,026210203.WAV,5.938380241394043,0.3587112196412179
2621,026210213.WAV,6.309076309204102,0.4837849456414538
2621,026210220.WAV,6.779174327850342,0.6423971238735164
2621,026210231.WAV,6.065601348876953,0.40163592081964317
2621,026210242.WAV,6.376402854919434,0.5065010806711261
2621,026210262.WAV,6.184363842010498,0.441706665602674
2621,026210287.WAV,6.155074119567871,0.4318242442944198
2621,026210299.WAV,6.663026332855225,0.6032085169176435
2621,026210302.WAV,6.490879058837891,0.5451256213818751
2740,027400077.WAV,6.607053756713867,0.5843232379526164
2740,027400094.WAV,6.1351470947265625,0.4251008191992318
2740,027400125.WAV,6.212744235992432,0.4512822773474794
2740,027400126.WAV,6.183642864227295,0.4414634060012401
2740,027400145.WAV,6.108726978302002,0.41618660971732013
2740,027400146.WAV,6.319575309753418,0.48732733314434573
2740,027400151.WAV,7.40061092376709,0.8520712943695379
2740,027400171.WAV,6.441697120666504,0.5285315196549576
2740,027400173.WAV,6.715261936187744,0.6208329324591004
2740,027400176.WAV,6.056587219238281,0.39859453225779995
2740,027400201.WAV,5.950586318969727,0.3628295789517375
2740,027400238.WAV,6.675118923187256,0.6072885853649745
2740,027400246.WAV,6.758940696716309,0.635570249093327
2740,027400276.WAV,5.655648708343506,0.26331693476170037
2740,027400283.WAV,6.052445888519287,0.39719723752337255
2740,027400286.WAV,6.365652084350586,0.502873745370908
2740,027400289.WAV,6.79314661026001,0.6471114048531577
2740,027400295.WAV,6.261851787567139,0.4678512808615507
2740,027400321.WAV,6.502542495727539,0.5490608924474005
2740,027400372.WAV,5.949333190917969,0.3624067705968643
2799,027990028.WAV,6.182568073272705,0.44110076900280615
2799,027990046.WAV,5.899315357208252,0.3455306357473844
2799,027990056.WAV,6.558374404907227,0.5678987100483914
2799,027990059.WAV,5.9589667320251465,0.3656571500464476
2799,027990066.WAV,6.063334465026856,0.4008710688717485
2799,027990153.WAV,6.370752334594727,0.5045945818106816
2799,027990156.WAV,6.5061869621276855,0.5502905439908925
2799,027990160.WAV,5.991362571716309,0.37658758262701686
2799,027990162.WAV,6.383842468261719,0.5090112237277216
2799,027990167.WAV,6.306066513061523,0.48276943333705513
2799,027990201.WAV,6.021712303161621,0.3868276534683315
2799,027990232.WAV,6.719124794006348,0.6221362697813333
2799,027990242.WAV,6.589853286743164,0.5785197588898352
2799,027990247.WAV,6.658604145050049,0.6017164603411234
2799,027990264.WAV,5.850676536560059,0.32911978315144097
2799,027990309.WAV,5.82620096206665,0.32086166669508986
2799,027990328.WAV,6.414674282073975,0.5194139502945985
2799,027990330.WAV,6.44278621673584,0.5288989832327851
2799,027990341.WAV,6.7441887855529785,0.6305929195367386
2799,027990358.WAV,6.662437915802002,0.6030099836185896
2892,028920012.WAV,6.773826599121094,0.6405927876102349
2892,028920027.WAV,6.218969345092773,0.45338264381356397
2892,028920044.WAV,6.620325565338135,0.5888011774279545
2892,028920050.WAV,6.812562942504883,0.6536625210639968
2892,028920120.WAV,6.061283111572266,0.40017893738671595
2892,028920122.WAV,6.826884746551514,0.6584947314668199
2892,028920128.WAV,6.191536903381348,0.4441268733965702
2892,028920131.WAV,7.059762001037598,0.7370680653879236
2892,028920174.WAV,6.197638511657715,0.44618557039389084
2892,028920200.WAV,5.625584125518799,0.25317307373629694
2892,028920207.WAV,6.814899444580078,0.6544508623649403
2892,028920213.WAV,6.487298488616943,0.5439175285596745
2892,028920214.WAV,6.345741748809815,0.49615595128501266
2892,028920224.WAV,6.250617504119873,0.4640608071778314
2892,028920235.WAV,6.422290325164795,0.5219836211637141
2892,028920239.WAV,6.521596908569336,0.5554898961995833
2892,028920242.WAV,6.778244972229004,0.642083557098917
2892,028920259.WAV,6.903903484344482,0.6844810349215888
2892,028920315.WAV,6.157367706298828,0.43259810585718284
2892,028920321.WAV,7.180608749389648,0.7778420427885917
2897,028970002.WAV,6.582515239715576,0.5760438845469336
2897,028970016.WAV,6.499759674072266,0.5481219618693791
2897,028970022.WAV,6.653044700622559,0.5998406907028173
2897,028970039.WAV,6.576694488525391,0.5740799493917061
2897,028970052.WAV,6.139708042144775,0.4266396935958692
2897,028970057.WAV,6.812724590301514,0.6537170614111438
2897,028970088.WAV,6.0836262702941895,0.4077175717414716
2897,028970129.WAV,6.2352070808410645,0.45886129408316045
2897,028970146.WAV,5.91157865524292,0.34966830137547844
2897,028970153.WAV,6.356167316436768,0.49967356234701765
2897,028970158.WAV,6.56239128112793,0.5692540135420947
2897,028970190.WAV,6.139387130737305,0.42653141733147426
2897,028970198.WAV,6.493526458740234,0.5460188603416383
2897,028970221.WAV,5.667045593261719,0.26716227056452624
2897,028970245.WAV,6.783805847167969,0.643959809395162
2897,028970251.WAV,6.084061622619629,0.4078644606410149
2897,028970273.WAV,5.876342296600342,0.33777947101333394
2897,028970279.WAV,6.412351131439209,0.5186301138010887
2897,028970294.WAV,6.855787754058838,0.6682466742454689
2897,028970329.WAV,7.034743785858154,0.7286268606865776
2917,029170012.WAV,6.444677352905273,0.5295370570286095
2917,029170043.WAV,7.054154396057129,0.7351760462656596
2917,029170055.WAV,6.664950847625732,0.6038578527320528
2917,029170086.WAV,6.2416815757751465,0.4610458039166725
2917,029170104.WAV,6.123544692993164,0.42118614153911893
2917,029170149.WAV,5.919674873352051,0.3523999844262371
2917,029170156.WAV,6.125438690185547,0.4218251806508222
2917,029170161.WAV,6.163961887359619,0.4348229980716207
2917,029170177.WAV,6.102874279022217,0.41421189520144686
2917,029170181.WAV,6.704089164733887,0.6170632130667733
2917,029170196.WAV,5.133240699768066,0.08705524277533461
2917,029170197.WAV,6.351828575134277,0.4982096608169597
2917,029170211.WAV,6.304702758789063,0.4823092994348721
2917,029170226.WAV,6.384974956512451,0.5093933279297096
2917,029170231.WAV,5.693593502044678,0.27611959748902026
2917,029170252.WAV,7.078696250915527,0.7434565258732004
2917,029170309.WAV,6.487186431884766,0.5438797203544252
2917,029170321.WAV,6.9900431632995605,0.7135447653976732
2917,029170359.WAV,6.714964866638184,0.6207327004936947
2917,029170362.WAV,6.696965217590332,0.6146595765287948
2937,029370015.WAV,6.442192554473877,0.5286986801879532
2937,029370032.WAV,6.857588291168213,0.6688541797051346
2937,029370040.WAV,6.179164886474609,0.43995252576508537
2937,029370106.WAV,6.14778470993042,0.42936478032145664
2937,029370108.WAV,6.538454055786133,0.5611775373569199
2937,029370123.WAV,6.659751892089844,0.6021037128944642
2937,029370126.WAV,6.083864688873291,0.407798014731364
2937,029370142.WAV,6.95241117477417,0.700847643873092
2937,029370153.WAV,6.7037200927734375,0.6169386873184199
2937,029370185.WAV,6.365233421325684,0.5027324874806574
2937,029370193.WAV,6.401604175567627,0.5150040655887091
2937,029370210.WAV,6.463690757751465,0.5359522245865309
2937,029370217.WAV,6.731112480163574,0.626180943313112
2937,029370221.WAV,6.29120683670044,0.4777557435490356
2937,029370230.WAV,6.682498455047607,0.6097784567881173
2937,029370235.WAV,7.016797065734863,0.7225715950654339
2937,029370239.WAV,6.220470428466797,0.4538891128779252
2937,029370270.WAV,6.5175089836120605,0.5541106206948923
2937,029370303.WAV,5.995545387268066,0.37799887444168534
2937,029370379.WAV,5.764011383056641,0.29987875632563443
2981,029810020.WAV,6.155745506286621,0.43205077175395634
2981,029810027.WAV,7.072258949279785,0.7412845651461117
2981,029810135.WAV,6.1493425369262695,0.4298903948174122
2981,029810139.WAV,6.191474437713623,0.4441057973332183
2981,029810147.WAV,5.753775119781494,0.2964250169976037
2981,029810158.WAV,6.674400806427002,0.6070462910794194
2981,029810200.WAV,6.070200443267822,0.40318766609466317
2981,029810204.WAV,5.967321395874023,0.3684760332982495
2981,029810216.WAV,6.331582069396973,0.4913784421153158
2981,029810221.WAV,6.478865623474121,0.5410722600071882
2981,029810234.WAV,6.044963836669922,0.39467277561457625
2981,029810235.WAV,6.202736854553223,0.44790576328974496
2981,029810243.WAV,6.581369400024414,0.5756572755375118
2981,029810283.WAV,6.277373790740967,0.4730884412754912
2981,029810294.WAV,5.758307456970215,0.2979542382354541
2981,029810301.WAV,5.771068572998047,0.30225986882644285
2981,029810315.WAV,6.441774368286133,0.5285575831836826
2981,029810349.WAV,6.16010332107544,0.43352110872320604
2981,029810350.WAV,6.3951096534729,0.512812798544046
2981,029810360.WAV,5.755012035369873,0.29684235522916436
3002,030020008.WAV,5.940411567687988,0.3593965939150989
3002,030020012.WAV,6.416998386383057,0.5201981085600671
3002,030020022.WAV,6.768129348754883,0.6386705219237714
3002,030020047.WAV,6.600149631500244,0.5819937698513187
3002,030020048.WAV,6.792829990386963,0.6470045765625809
3002,030020065.WAV,6.4731316566467285,0.5391376061002815
3002,030020077.WAV,6.474917411804199,0.5397401240945741
3002,030020092.WAV,6.417808532714844,0.5204714538397208
3002,030020100.WAV,6.677072048187256,0.6079475743381713
3002,030020112.WAV,6.160722255706787,0.43372993872496557
3002,030020117.WAV,6.361905574798584,0.5016096642277426
3002,030020126.WAV,6.555774211883545,0.567021398800627
3002,030020136.WAV,6.599430561065674,0.5817511537938038
3002,030020138.WAV,5.97011661529541,0.3694191469117454
3002,030020144.WAV,6.686763763427734,0.6112175818772883
3002,030020152.WAV,6.130561351776123,0.42355357873164556
3002,030020159.WAV,6.558687686920166,0.5680044121371097
3002,030020161.WAV,5.950177192687988,0.3626915387810825
3002,030020162.WAV,6.308287143707275,0.4835186793449109
3002,030020172.WAV,6.599916934967041,0.5819152574931838
3007,030070015.WAV,6.705577850341797,0.61756549909566
3007,030070017.WAV,5.8900909423828125,0.3424182964684561
3007,030070019.WAV,6.311293601989746,0.4845330654474511
3007,030070022.WAV,6.488941192626953,0.5444717807600317
3007,030070025.WAV,6.406302452087402,0.5165892751475243
3007,030070043.WAV,5.797543048858643,0.31119241931005015
3007,030070049.WAV,6.7602152824401855,0.6360002973172907
3007,030070054.WAV,6.269900321960449,0.47056687531433083
3007,030070058.WAV,6.796102523803711,0.6481087370418408
3007,030070066.WAV,7.339089393615723,0.8313137852577601
3007,030070093.WAV,6.917137622833252,0.6889462644045239
3007,030070094.WAV,7.344281196594238,0.8330655118056522
3007,030070099.WAV,5.980728149414063,0.37299950350586664
3007,030070108.WAV,5.957006931304932,0.364995908669534
3007,030070111.WAV,6.300054550170898,0.48074098290393397
3007,030070112.WAV,6.503539085388184,0.5493971441451502
3007,030070135.WAV,6.474519729614258,0.5396059451874338
3007,030070138.WAV,6.348916053771973,0.4972269692524367
3007,030070152.WAV,7.0917067527771,0.7478462998316167
3007,030070159.WAV,6.057103157043457,0.39876861088792626
3012,030120001.WAV,6.41560173034668,0.5197268735252789
3012,030120003.WAV,6.648412704467773,0.5982778442951922
3012,030120018.WAV,6.294806957244873,0.47897043269640727
3012,030120021.WAV,6.761064052581787,0.6362866743613067
3012,030120029.WAV,6.295157432556152,0.47908868389154846
3012,030120044.WAV,6.277722835540772,0.47320620981269346
3012,030120072.WAV,6.284646034240723,0.4755421133531825
3012,030120079.WAV,5.915485382080078,0.35098644020785175
3012,030120089.WAV,6.176395893096924,0.43901826088047735
3012,030120097.WAV,6.267400741577148,0.46972351100830134
3012,030120106.WAV,6.268937587738037,0.4702420465211461
3012,030120121.WAV,6.699809074401856,0.6156191005122291
3012,030120141.WAV,6.832878112792969,0.6605169073467294
3012,030120150.WAV,5.802921772003174,0.31300721316201763
3012,030120154.WAV,6.872042179107666,0.673730955524358
3012,030120155.WAV,6.292792797088623,0.47829085031779806
3012,030120157.WAV,6.035848140716553,0.39159711833903876
3012,030120163.WAV,6.181910991668701,0.4408790681226631
3012,030120165.WAV,6.495828628540039,0.5467956178520368
3012,030120173.WAV,6.121367454528809,0.42045153615542374
3014,030140009.WAV,6.402561187744141,0.5153269637501363
3014,030140010.WAV,6.752447128295898,0.6333793038206237
3014,030140017.WAV,6.199856281280518,0.4469338510858678
3014,030140025.WAV,6.971065044403076,0.7071415034022557
3014,030140043.WAV,6.409692287445068,0.5177330135778113
3014,030140053.WAV,6.28190279006958,0.4746165363114827
3014,030140075.WAV,6.781264781951904,0.6431024480088909
3014,030140086.WAV,6.70269775390625,0.6165937477777625
3014,030140089.WAV,6.3752121925354,0.5060993483796048
3014,030140092.WAV,6.661521911621094,0.6027009216514239
3014,030140095.WAV,6.775991916656494,0.6413233708444357
3014,030140099.WAV,6.656412124633789,0.6009768674920546
3014,030140126.WAV,6.707933902740479,0.6183604367217745
3014,030140128.WAV,6.297114849090576,0.47974912083856336
3014,030140129.WAV,5.847004413604736,0.32788080022112154
3014,030140132.WAV,6.40928840637207,0.5175967431529338
3014,030140134.WAV,6.4564714431762695,0.5335164108525958
3014,030140144.WAV,6.15143346786499,0.43059587983876635
3014,030140147.WAV,6.718272686004639,0.6218487665354588
3014,030140173.WAV,5.741817951202393,0.2923906401685312
3020,030200005.WAV,6.142551898956299,0.4275992175793031
3020,030200011.WAV,6.37693452835083,0.5066804685385857
3020,030200016.WAV,6.470312595367432,0.5381864481877965
3020,030200018.WAV,6.255398750305176,0.4656740108971291
3020,030200019.WAV,6.442020416259766,0.5286406003492512
3020,030200021.WAV,6.261353969573975,0.46768331589865597
3020,030200037.WAV,6.169409275054932,0.4366609595046771
3020,030200041.WAV,6.553774833679199,0.5663468038873913
3020,030200049.WAV,6.291169166564941,0.47774303355663217
3020,030200057.WAV,5.7256178855896,0.2869246998913375
3020,030200076.WAV,6.636477947235107,0.5942510291071696
3020,030200078.WAV,6.398047924041748,0.5138041779514773
3020,030200087.WAV,6.368478298187256,0.50382731657309
3020,030200101.WAV,6.716263771057129,0.6211709539026271
3020,030200105.WAV,6.432646751403809,0.5254779037586503
3020,030200108.WAV,7.030036926269531,0.7270387551801261
3020,030200137.WAV,6.391997814178467,0.5117628566399735
3020,030200151.WAV,7.222921848297119,0.7921185819767158
3020,030200153.WAV,6.844297885894775,0.6643699656765849
3020,030200164.WAV,7.013635158538818,0.7215047601334839
3021,030210005.WAV,7.097001075744629,0.7496326168651624
3021,030210032.WAV,5.735007286071777,0.29009270571927126
3021,030210041.WAV,6.017768859863281,0.38549712641551515
3021,030210042.WAV,6.605411052703857,0.5837689857522592
3021,030210044.WAV,7.204370498657227,0.7858593129332057
3021,030210045.WAV,6.75548791885376,0.6344052737137085
3021,030210047.WAV,6.460762023925781,0.5349640628986954
3021,030210050.WAV,6.225225448608398,0.45549346786833467
3021,030210060.WAV,6.531964302062988,0.5589878791720551
3021,030210074.WAV,6.68056058883667,0.6091246161662738
3021,030210079.WAV,6.632196426391602,0.5928064338946861
3021,030210082.WAV,6.559962272644043,0.5684344603610729
3021,030210118.WAV,6.459964752197266,0.5346950615404962
3021,030210123.WAV,6.52569055557251,0.556871102336032
3021,030210137.WAV,6.576472759246826,0.5740051374111064
3021,030210143.WAV,6.64967679977417,0.5987043530276004
3021,030210152.WAV,6.36677885055542,0.5032539189411385
3021,030210164.WAV,6.569560050964356,0.5716727733621731
3021,030210165.WAV,6.190754413604736,0.4438628595037437
3021,030210175.WAV,6.099785804748535,0.41316983671038376
3023,030230003.WAV,5.936487674713135,0.35807266318745357
3023,030230018.WAV,6.229515552520752,0.45694095902845455
3023,030230056.WAV,6.2331976890563965,0.4581833205643495
3023,030230060.WAV,6.49697208404541,0.5471814224315599
3023,030230086.WAV,6.230404376983643,0.4572408504947727
3023,030230092.WAV,6.443710803985596,0.5292109411475867
3023,030230119.WAV,5.909426689147949,0.3489422229487118
3023,030230170.WAV,6.562796115875244,0.5693906057389315
3023,030230182.WAV,5.867674827575684,0.3348550465587936
3023,030230194.WAV,6.42435359954834,0.522679774798241
3023,030230209.WAV,6.037590980529785,0.39218515659515085
3023,030230253.WAV,6.298557758331299,0.4802359618133909
3023,030230260.WAV,6.456619739532471,0.5335664463923087
3023,030230276.WAV,6.173289299011231,0.4379700887221827
3023,030230280.WAV,6.111579895019531,0.41714919053437005
3023,030230311.WAV,6.65645170211792,0.6009902210283766
3023,030230330.WAV,6.474145889282227,0.5394798105792826
3023,030230336.WAV,6.489160060882568,0.5445456274247527
3023,030230340.WAV,6.354465007781982,0.49909919939918734
3023,030230374.WAV,6.791494846343994,0.6465540958191849
3027,030270013.WAV,6.162734031677246,0.4344087166736761
3027,030270014.WAV,6.069571971893311,0.402975618373308
3027,030270026.WAV,6.886221408843994,0.6785150610192254
3027,030270033.WAV,7.051177978515625,0.7341717959798453
3027,030270049.WAV,6.697615623474121,0.6148790250052205
3027,030270053.WAV,6.736063480377197,0.6278514224412131
3027,030270054.WAV,6.484304904937744,0.5429074863785883
3027,030270073.WAV,6.275973796844482,0.47261608003884414
3027,030270075.WAV,6.773955345153809,0.6406362268247767
3027,030270083.WAV,6.4075212478637695,0.5170004997118534
3027,030270093.WAV,5.971576690673828,0.3699117797818452
3027,030270116.WAV,6.057055950164795,0.3987526831759276
3027,030270121.WAV,6.368592739105225,0.5038659292082384
3027,030270140.WAV,6.528099536895752,0.5576838983059027
3027,030270141.WAV,6.41152286529541,0.5183506548542034
3027,030270147.WAV,6.03139591217041,0.3900949259457922
3027,030270151.WAV,6.580811977386475,0.575469199827144
3027,030270161.WAV,6.536023139953613,0.5603573406319795
3027,030270168.WAV,6.722390651702881,0.6232381778568763
3027,030270175.WAV,6.31516170501709,0.4858381725154619
3046,030460032.WAV,6.017637252807617,0.3854527218850945
3046,030460038.WAV,6.625768184661865,0.590637530001213
3046,030460048.WAV,6.325996398925781,0.4894938237481219
3046,030460051.WAV,5.950675010681152,0.3628595037439777
3046,030460052.WAV,6.700056076049805,0.615702439449757
3046,030460071.WAV,6.3515448570251465,0.49811393365898815
3046,030460085.WAV,6.462450981140137,0.5355339210390919
3046,030460097.WAV,6.311744213104248,0.48468510269834764
3046,030460106.WAV,6.234460353851318,0.45860934663881836
3046,030460110.WAV,6.490883827209473,0.5451272302416734
3046,030460114.WAV,7.059041500091553,0.7368249666724693
3046,030460126.WAV,6.1039228439331055,0.41456568347099254
3046,030460133.WAV,6.445827484130859,0.5299251140118495
3046,030460142.WAV,6.924880504608154,0.6915587309442623
3046,030460146.WAV,6.455785751342773,0.5332850568136658
3046,030460147.WAV,6.535136699676514,0.56005825359556
3046,030460157.WAV,6.5627617835998535,0.569379021948387
3046,030460158.WAV,6.4423112869262695,0.5287387407969197
3046,030460160.WAV,6.399526596069336,0.5143030853747887
3046,030460163.WAV,6.228021144866943,0.4564367423678102
3049,030490010.WAV,6.404160499572754,0.515866575326333
3049,030490013.WAV,6.636679649353027,0.5943190838766184
3049,030490029.WAV,6.28404712677002,0.4753400405625736
3049,030490040.WAV,6.571513652801514,0.5723319232213491
3049,030490055.WAV,6.007568359375,0.3820554535359679
3049,030490062.WAV,6.062941074371338,0.4007383379384264
3049,030490063.WAV,6.345526218414307,0.49608323082214967
3049,030490071.WAV,6.022705078125,0.3871626180782426
3049,030490076.WAV,6.293632507324219,0.47857417052819806
3049,030490078.WAV,6.426570892333984,0.5234278946042383
3049,030490095.WAV,6.396862983703613,0.5134043762917131
3049,030490126.WAV,6.110166072845459,0.41667216360430914
3049,030490127.WAV,6.55648136138916,0.5672599927086475
3049,030490130.WAV,6.088661670684815,0.40941652768799464
3049,030490138.WAV,6.615589141845703,0.5872030969907562
3049,030490140.WAV,7.005883693695068,0.7188893976461095
3049,030490142.WAV,5.929962635040283,0.35587109944008444
3049,030490166.WAV,6.279027462005615,0.4736463938533835
3049,030490168.WAV,6.045965194702148,0.3950106361721233
3049,030490170.WAV,6.815449237823486,0.6546363638996315
3060,030600004.WAV,5.7469563484191895,0.2941243474866875
3060,030600011.WAV,6.395755767822266,0.513030799046654
3060,030600020.WAV,6.619309425354004,0.5884583294050338
3060,030600023.WAV,6.561502456665039,0.5689541220757766
3060,030600039.WAV,6.006684303283691,0.38175717092944805
3060,030600041.WAV,6.330440521240234,0.4909932810797122
3060,030600042.WAV,5.718600273132324,0.28455694092685113
3060,030600052.WAV,6.348873138427734,0.49721248951425623
3060,030600054.WAV,6.026938438415527,0.38859096380676816
3060,030600055.WAV,6.0002851486206055,0.379598081080742
3060,030600070.WAV,6.217378616333008,0.45284592818500324
3060,030600085.WAV,6.509016036987305,0.5512450805089533
3060,030600099.WAV,6.110236167907715,0.41669581384333765
3060,030600104.WAV,6.192862510681152,0.4445741364203706
3060,030600140.WAV,6.087466239929199,0.40901318653667507
3060,030600147.WAV,6.304299354553223,0.48217318989597424
3060,030600154.WAV,6.601646900177002,0.5824989518278418
3060,030600156.WAV,6.669057369232178,0.605243402789956
3060,030600160.WAV,6.944072246551514,0.6980340698586229
3060,030600168.WAV,6.473291397094727,0.539191502903509
3068,030680003.WAV,6.400608539581299,0.5146681356629192
3068,030680005.WAV,6.689117431640625,0.612011715073504
3068,030680009.WAV,6.25303840637207,0.46487762529719645
3068,030680016.WAV,6.733834743499756,0.627099441371701
3068,030680027.WAV,6.4309282302856445,0.5248980706875075
3068,030680034.WAV,6.136175155639648,0.4254476893716468
3068,030680037.WAV,6.339635848999023,0.49409580631387384
3068,030680045.WAV,5.850005149841309,0.32889325569190464
3068,030680054.WAV,6.005216121673584,0.38126180299769197
3068,030680056.WAV,6.116338729858398,0.4187548326126176
3068,030680072.WAV,6.274572372436523,0.4721432361442581
3068,030680075.WAV,6.4625563621521,0.5355694768406238
3068,030680090.WAV,6.583766460418701,0.5764660493578877
3068,030680092.WAV,6.983574390411377,0.7113621861959187
3068,030680097.WAV,6.536764144897461,0.5606073574445645
3068,030680105.WAV,6.338164806365967,0.49359947306623897
3068,030680114.WAV,6.057870864868164,0.39902763731537916
3068,030680119.WAV,5.907771587371826,0.34838378771288014
3068,030680140.WAV,6.166616439819336,0.4357186503210799
3068,030680162.WAV,5.980798721313477,0.37302331463087435
3075,030750012.WAV,6.437868595123291,0.5272397661232688
3075,030750030.WAV,6.795825958251953,0.6480154231735662
3075,030750034.WAV,6.554385185241699,0.5665527379415154
3075,030750042.WAV,6.841001033782959,0.6632576000123558
3075,030750057.WAV,6.733895301818848,0.6271198738911334
3075,030750058.WAV,5.896163463592529,0.3444671794210099
3075,030750061.WAV,6.165070533752441,0.43519705797461916
3075,030750074.WAV,6.666081428527832,0.6042393133901218
3075,030750076.WAV,6.626330852508545,0.5908273754573587
3075,030750078.WAV,6.298323154449463,0.480156805911337
3075,030750088.WAV,6.084575653076172,0.40803789572722216
3075,030750093.WAV,6.373805522918701,0.5056247347392409
3075,030750098.WAV,6.159665107727051,0.43337325450778397
3075,030750108.WAV,6.662569522857666,0.6030543881490098
3075,030750119.WAV,6.570384502410889,0.5719509452212199
3075,030750128.WAV,6.078956604003906,0.40614201534144345
3075,030750146.WAV,6.064935684204102,0.4014113239918642
3075,030750155.WAV,6.210033893585205,0.4503678014383852
3075,030750165.WAV,5.928296089172363,0.3553088029407381
3075,030750170.WAV,7.0412211418151855,0.7308123358359684
3083,030830001.WAV,5.911473274230957,0.3496327455739463
3083,030830004.WAV,5.761303424835205,0.29896508484643913
3083,030830013.WAV,6.086765289306641,0.40877668414639223
3083,030830021.WAV,5.714865207672119,0.2832967210472004
3083,030830030.WAV,6.365403652191162,0.5027899237754403
3083,030830033.WAV,5.8944926261901855,0.3439034349478456
3083,030830043.WAV,6.169747352600098,0.4367750276643443
3083,030830069.WAV,5.762762069702148,0.29945723505859934
3083,030830074.WAV,5.78941011428833,0.308448348038848
3083,030830093.WAV,6.677945613861084,0.6082423174531362
3083,030830094.WAV,6.369826793670654,0.5042823021239202
3083,030830102.WAV,5.826012134552002,0.32079795584709525
3083,030830116.WAV,6.203832626342773,0.4482754792712893
3083,030830118.WAV,6.1846466064453125,0.4418020709886863
3083,030830124.WAV,6.582382678985596,0.5759991582445536
3083,030830129.WAV,6.433171272277832,0.525654878336413
3083,030830135.WAV,6.308782577514648,0.4836858398779069
3083,030830147.WAV,6.404613018035889,0.5160192561211485
3083,030830154.WAV,6.379889011383057,0.5076773180693295
3083,030830169.WAV,6.409142017364502,0.51754735115714
3088,030880003.WAV,6.915146350860596,0.6882744045529445
3088,030880015.WAV,7.10235595703125,0.7514393664181405
3088,030880018.WAV,6.673539161682129,0.6067555701139489
3088,030880019.WAV,6.933088779449463,0.69432822220027
3088,030880025.WAV,6.7381367683410645,0.6285509546813153
3088,030880041.WAV,6.47524881362915,0.5398519398505239
3088,030880049.WAV,6.590420722961426,0.5787112132057788
3088,030880057.WAV,6.936139106750488,0.6953574098129509
3088,030880058.WAV,6.25076150894165,0.4641093947437265
3088,030880067.WAV,6.648440837860107,0.5982873365679995
3088,030880086.WAV,6.901873588562012,0.6837961433056468
3088,030880092.WAV,6.348412036895752,0.49705691277180475
3088,030880096.WAV,6.6155619621276855,0.5871939264899086
3088,030880099.WAV,6.521970748901367,0.5556160308077345
3088,030880105.WAV,6.849470138549805,0.6661150958993061
3088,030880123.WAV,6.371626853942871,0.5048896466976063
3088,030880131.WAV,6.102645397186279,0.41413466993115056
3088,030880146.WAV,6.409025192260742,0.517507934092093
3088,030880172.WAV,6.409827709197998,0.51777870519607
3088,030880173.WAV,5.984084606170654,0.3741319799175684
3208,032080019.WAV,6.690562725067139,0.6124993604782303
3208,032080038.WAV,5.793885231018066,0.3099582629591242
3208,032080043.WAV,6.7791428565979,0.6423865053988507
3208,032080056.WAV,6.236837387084961,0.4594113632480432
3208,032080058.WAV,6.5695319175720215,0.5716632810893654
3208,032080071.WAV,6.273988246917725,0.47194615081902236
3208,032080078.WAV,6.507978916168213,0.5508951535029223
3208,032080079.WAV,6.26769495010376,0.4698227776578283
3208,032080083.WAV,6.739692211151123,0.6290757647473721
3208,032080088.WAV,6.185166358947754,0.44197743670665113
3208,032080092.WAV,6.095625877380371,0.4117662674227447
3208,032080093.WAV,6.782021999359131,0.6433579349447889
3208,032080099.WAV,6.447318077087402,0.5304280435846553
3208,032080103.WAV,5.841035842895508,0.32586699041216094
3208,032080110.WAV,5.975849151611328,0.3713533181607127
3208,032080119.WAV,6.835883617401123,0.6615309716773103
3208,032080132.WAV,6.547318935394287,0.564168568607091
3208,032080145.WAV,6.48517370223999,0.5432006206337554
3208,032080150.WAV,5.92687463760376,0.354829201835001
3208,032080161.WAV,6.666773319244385,0.6044727589467886
3214,032140001.WAV,6.162677764892578,0.4343897321280614
3214,032140007.WAV,6.404771327972412,0.5160726702664367
3214,032140013.WAV,7.041967391967773,0.7310641223943308
3214,032140017.WAV,6.564270973205566,0.5698882260744045
3214,032140025.WAV,6.906915664672852,0.6854973516558867
3214,032140054.WAV,6.341755390167236,0.49481094449401497
3214,032140060.WAV,6.496476650238037,0.5470142618985638
3214,032140069.WAV,5.974720001220703,0.37097234016058356
3214,032140073.WAV,6.16710090637207,0.4358821104765409
3214,032140078.WAV,6.253862380981445,0.465155636270264
3214,032140082.WAV,6.200256824493408,0.44706899530888644
3214,032140087.WAV,6.499783992767334,0.5481301670543484
3214,032140094.WAV,5.658479690551758,0.2642721148236802
3214,032140110.WAV,6.072338104248047,0.40390891794203676
3214,032140117.WAV,6.658957958221436,0.6018358377381234
3214,032140121.WAV,6.6158623695373535,0.5872952846571728
3214,032140135.WAV,6.071394920349121,0.403590685474023
3214,032140150.WAV,6.37713623046875,0.5067485233080344
3214,032140164.WAV,6.167257308959961,0.43593488107791045
3214,032140169.WAV,6.5221781730651855,0.5556860162089408
3412,034120002.WAV,6.708906173706055,0.6186884832345545
3412,034120012.WAV,5.953609943389893,0.36384975694955046
3412,034120027.WAV,6.261166095733643,0.4676199268226211
3412,034120035.WAV,6.5667877197265625,0.5707373822757063
3412,034120047.WAV,5.766265392303467,0.300639264352075
3412,034120050.WAV,6.557387351989746,0.5675656760702374
3412,034120052.WAV,6.2940521240234375,0.47871575019040846
3412,034120067.WAV,6.817133903503418,0.6552047740662095
3412,034120077.WAV,6.616524696350098,0.5875187552830934
3412,034120085.WAV,6.317120552062988,0.4864990921204162
3412,034120101.WAV,6.250113010406494,0.46389058981121933
3412,034120111.WAV,6.467028617858887,0.5370784264450215
3412,034120125.WAV,6.041274547576904,0.39342800078898477
3412,034120155.WAV,6.277876377105713,0.47325801509818377
3412,034120161.WAV,6.8059611320495605,0.6514350546738823
3412,034120162.WAV,6.305377960205078,0.4825371139822463
3412,034120165.WAV,6.624314785003662,0.5901471495348305
3412,034120170.WAV,6.390269756317139,0.511179805849235
3412,034120173.WAV,6.137375354766846,0.4258526393827642
3412,034120174.WAV,6.690921783447266,0.6126205076210078
3423,034230011.WAV,7.132953643798828,0.7617630979689431
3423,034230034.WAV,5.78341007232666,0.30642391975522165
3423,034230035.WAV,6.754302024841309,0.634005150281985
3423,034230043.WAV,7.2453413009643555,0.7996829580882368
3423,034230051.WAV,6.100580215454102,0.41343787275270416
3423,034230058.WAV,6.33762788772583,0.49341831545300185
3423,034230063.WAV,6.006335258483887,0.3816394023922458
3423,034230072.WAV,6.563456058502197,0.5696132719349529
3423,034230079.WAV,5.902245998382568,0.3465194409791392
3423,034230081.WAV,6.118618011474609,0.41952386759598714
3423,034230083.WAV,5.800355911254883,0.31214148570479794
3423,034230085.WAV,6.111845970153809,0.4172389649110897
3423,034230108.WAV,6.008759021759033,0.38245718582748967
3423,034230112.WAV,7.420024871826172,0.8586216061504779
3423,034230115.WAV,5.827315330505371,0.3212376572298459
3423,034230123.WAV,6.570606231689453,0.5720257572018197
3423,034230141.WAV,6.362514495849609,0.5018151156239272
3423,034230154.WAV,6.138297080993652,0.42616363198168705
3423,034230164.WAV,6.532589435577393,0.5591988006915523
3423,034230168.WAV,6.19046688079834,0.44376584525793406
3631,036310007.WAV,6.71996545791626,0.622419911763693
3631,036310021.WAV,6.460626125335693,0.534918210394457
3631,036310035.WAV,6.445720672607422,0.5298890755523777
3631,036310036.WAV,6.129601001739502,0.42322955436835996
3631,036310041.WAV,6.589822769165039,0.5785094621871292
3631,036310047.WAV,6.160953044891357,0.43380780753918136
3631,036310062.WAV,6.0684895515441895,0.40261040719919694
3631,036310063.WAV,6.234748840332031,0.45870668265658776
3631,036310080.WAV,6.421931266784668,0.5218624740209366
3631,036310097.WAV,6.438693523406982,0.5275180988682957
3631,036310098.WAV,6.48921537399292,0.5445642901984076
3631,036310100.WAV,6.087541580200195,0.40903860652148105
3631,036310110.WAV,6.0586419105529785,0.3992877899446905
3631,036310116.WAV,6.1938090324401855,0.44489349509024234
3631,036310120.WAV,6.359463691711426,0.5007857671252667
3631,036310134.WAV,6.356434345245361,0.4997636584956966
3631,036310148.WAV,6.052470207214356,0.3972054427083418
3631,036310159.WAV,6.417722702026367,0.5204424943633594
3631,036310170.WAV,6.152831554412842,0.4310675975314944
3631,036310171.WAV,6.985086441040039,0.7118723556378146
3636,036360016.WAV,6.055283546447754,0.39815466998906923
3636,036360027.WAV,7.073395729064941,0.7416681173219175
3636,036360029.WAV,6.552915573120117,0.5660568873518199
3636,036360032.WAV,6.17439079284668,0.43834173533548415
3636,036360033.WAV,6.491222381591797,0.5452414592873203
3636,036360034.WAV,6.122812271118164,0.4209390206741703
3636,036360044.WAV,6.714874267578125,0.6207021321575354
3636,036360055.WAV,6.586249351501465,0.577303782654625
3636,036360061.WAV,6.485420227050781,0.5432837986853041
3636,036360062.WAV,6.282345294952393,0.47476583850072296
3636,036360071.WAV,6.483642101287842,0.5426838548666881
3636,036360106.WAV,6.022782802581787,0.3871888424929477
3636,036360111.WAV,6.581672191619873,0.5757594381346751
3636,036360114.WAV,5.962899684906006,0.366984137607709
3636,036360142.WAV,6.693397045135498,0.6134556667420685
3636,036360151.WAV,6.618867874145508,0.5883093489877538
3636,036360154.WAV,6.104284286499023,0.41468763504366923
3636,036360160.WAV,5.786282062530518,0.30739293601146267
3636,036360167.WAV,7.069282054901123,0.7402801539743182
3636,036360174.WAV,5.809563159942627,0.31524803308845417
3837,038370004.WAV,6.414470195770264,0.5193450910952506
3837,038370013.WAV,6.440868854522705,0.5282520607080718
3837,038370019.WAV,6.522079944610596,0.5556528736971049
3837,038370045.WAV,6.295192241668701,0.4791004285680731
3837,038370052.WAV,5.914843559265137,0.3507698876790619
3837,038370056.WAV,5.845512866973877,0.3273775488763562
3837,038370060.WAV,6.814413070678711,0.6542867586655603
3837,038370061.WAV,6.031150341033936,0.3900120696662037
3837,038370068.WAV,6.199082851409912,0.44667289402665733
3837,038370070.WAV,6.199736595153809,0.44689346870494195
3837,038370081.WAV,6.680207252502441,0.6090053996552534
3837,038370097.WAV,6.13087797164917,0.4236604070222223
3837,038370105.WAV,5.981747627258301,0.37334347773064525
3837,038370107.WAV,6.344542026519775,0.4957511621598749
3837,038370128.WAV,6.672318935394287,0.6063438628916809
3837,038370142.WAV,6.645209789276123,0.5971971731689807
3837,038370153.WAV,6.23438835144043,0.4585850528558708
3837,038370160.WAV,6.257303714752197,0.46631675038636744
3837,038370167.WAV,5.922079086303711,0.35321117153630976
3837,038370170.WAV,6.036404132843018,0.3917847113914672
4005,040050015.WAV,6.650607585906982,0.5990184024601397
4005,040050041.WAV,5.937542915344238,0.35842870386071657
4005,040050060.WAV,6.611011505126953,0.5856585915848267
4005,040050071.WAV,6.20986795425415,0.45031181311741997
4005,040050094.WAV,6.764778137207031,0.6375398152578471
4005,040050107.WAV,7.304565906524658,0.819665479435393
4005,040050110.WAV,6.140219211578369,0.4268121633661981
4005,040050125.WAV,6.034317493438721,0.39108067434393123
4005,040050142.WAV,6.509300231933594,0.5513409685529045
4005,040050180.WAV,6.082769870758057,0.407428620521779
4005,040050183.WAV,5.75978422164917,0.2984525021148461
4005,040050203.WAV,6.499616622924805,0.5480736960754438
4005,040050205.WAV,6.954644680023193,0.7016012338024018
4005,040050255.WAV,5.906900405883789,0.34808984902781415
4005,040050264.WAV,6.343088626861572,0.4952607816934924
4005,040050271.WAV,6.261925220489502,0.46787605730243764
4005,040050281.WAV,6.315125942230225,0.48582610606697796
4005,040050295.WAV,6.534630298614502,0.5598873926850294
4005,040050306.WAV,6.779257774353027,0.6424252789199787
4005,040050358.WAV,6.385838985443115,0.5096848533250788
5015,050150021.WAV,7.241084575653076,0.7982467289467021
5015,050150024.WAV,6.489401340484619,0.5446270357305238
5015,050150028.WAV,6.56669807434082,0.5707071357115068
5015,050150041.WAV,6.406450271606445,0.5166391498012575
5015,050150069.WAV,6.030696868896484,0.3898590670994284
5015,050150070.WAV,6.0983405113220215,0.4126821913056571
5015,050150091.WAV,6.903060436248779,0.6841965885093304
5015,050150093.WAV,6.862587928771973,0.6705410692031737
5015,050150108.WAV,6.55444860458374,0.5665741357768266
5015,050150116.WAV,6.2788615226745605,0.47359040553241827
5015,050150125.WAV,6.361040115356445,0.5013176561744339
5015,050150129.WAV,7.271914005279541,0.8086486510836794
5015,050150142.WAV,6.603398323059082,0.5830898860315894
5015,050150145.WAV,5.870497703552246,0.33580749155911693
5015,050150159.WAV,6.517017364501953,0.5539447472497347
5015,050150163.WAV,7.253790378570557,0.802533696764036
5015,050150165.WAV,6.120856285095215,0.4202790663850948
5015,050150170.WAV,6.950157165527344,0.7000871358466509
5015,050150173.WAV,6.688240051269531,0.6117156848707006
5015,050150175.WAV,6.2545599937438965,0.4653910124586884
5017,050170001.WAV,6.311183929443359,0.484496061672101
5017,050170002.WAV,6.751049995422363,0.6329079078998554
5017,050170005.WAV,6.340489387512207,0.4943837922176877
5017,050170051.WAV,6.046428203582764,0.39516685645849425
5017,050170092.WAV,6.620162010192871,0.5887459935368884
5017,050170099.WAV,6.071419715881348,0.4035990515449719
5017,050170100.WAV,6.157805442810059,0.4327457991866248
5017,050170101.WAV,6.576292514801025,0.5739443225107481
5017,050170102.WAV,6.239204406738281,0.46021000125169276
5017,050170113.WAV,6.609372138977051,0.5851054655863279
5017,050170117.WAV,7.107664108276367,0.7532303491451
5017,050170123.WAV,6.582414150238037,0.5760097767192194
5017,050170129.WAV,6.473298072814941,0.5391937553072264
5017,050170131.WAV,7.030317783355713,0.7271335170222193
5017,050170132.WAV,6.510722160339356,0.5518207305446217
5017,050170136.WAV,6.541089057922363,0.5620665932812086
5017,050170145.WAV,7.107482433319092,0.7531690515868024
5017,050170151.WAV,6.842442512512207,0.6637439583292439
5017,050170154.WAV,6.179877281188965,0.4401928894188829
5017,050170165.WAV,6.910038471221924,0.6865509939374943
5029,050290009.WAV,6.4428300857543945,0.5289137847429253
5029,050290028.WAV,6.530991077423096,0.5586595108873149
5029,050290038.WAV,6.517339706420898,0.5540535061720686
5029,050290042.WAV,6.831244945526123,0.6599658728659683
5029,050290060.WAV,6.461963176727295,0.5353693346817725
5029,050290062.WAV,6.241580963134766,0.46101185697493796
5029,050290068.WAV,6.450143337249756,0.5313812930148776
5029,050290079.WAV,6.445480823516846,0.5298081499045464
5029,050290087.WAV,6.398463726043701,0.5139444705258491
5029,050290120.WAV,6.330594062805176,0.49104508636520294
5029,050290126.WAV,6.107176303863525,0.41566340851106154
5029,050290129.WAV,5.863833904266357,0.33355910999163063
5029,050290132.WAV,6.0620317459106445,0.40043152837497753
5029,050290136.WAV,6.230654716491699,0.45732531563415946
5029,050290145.WAV,6.204830169677734,0.44861205274099825
5029,050290149.WAV,6.138130187988281,0.42610732188876255
5029,050290156.WAV,5.689739227294922,0.2748191561144233
5029,050290162.WAV,6.259858131408691,0.4671786165800722
5029,050290167.WAV,6.483908653259277,0.5427737901293879
5029,050290174.WAV,5.632267951965332,0.2554282125149341
5039,050390001.WAV,6.121851444244385,0.42061483542490463
5039,050390011.WAV,6.746227264404297,0.6312807071003166
5039,050390020.WAV,6.748005390167236,0.6318806509189325
5039,050390021.WAV,6.165180206298828,0.4352340617499697
5039,050390038.WAV,6.638883590698242,0.5950626988751819
5039,050390040.WAV,6.188570022583008,0.443125840830352
5039,050390048.WAV,6.376740455627441,0.5066149879448136
5039,050390049.WAV,7.001986026763916,0.717574315647352
5039,050390057.WAV,6.070181369781494,0.40318123065547185
5039,050390059.WAV,6.469552993774414,0.5379301568219998
5039,050390081.WAV,6.1216559410095215,0.42054887217319314
5039,050390084.WAV,6.488119602203369,0.5441945742168632
5039,050390087.WAV,6.361633777618408,0.5015179592192653
5039,050390090.WAV,6.124938011169434,0.4216562503720487
5039,050390092.WAV,6.826330184936523,0.6583076210723309
5039,050390097.WAV,6.068648815155029,0.40266414311644483
5039,050390114.WAV,6.554710865020752,0.5666626230657081
5039,050390129.WAV,6.509533405303955,0.551419641797019
5039,050390130.WAV,6.039336204528809,0.3927739992811612
5039,050390175.WAV,6.438636779785156,0.5274989534367014
5072,050720001.WAV,5.884414196014404,0.34050294887912336
5072,050720003.WAV,6.697586536407471,0.6148692109604539
5072,050720006.WAV,5.7399091720581055,0.2917466135914544
5072,050720017.WAV,6.527751922607422,0.5575666124266399
5072,050720025.WAV,6.038729667663574,0.39256935231487566
5072,050720040.WAV,6.057986736297607,0.3990667326084669
5072,050720045.WAV,6.308346748352051,0.483538790092384
5072,050720063.WAV,5.759780406951904,0.2984512150270078
5072,050720072.WAV,5.913379669189453,0.350275967721124
5072,050720076.WAV,6.743009567260742,0.6301950485087315
5072,050720078.WAV,6.534748554229736,0.5599272924080159
5072,050720079.WAV,6.510016918182373,0.5515827801805206
5072,050720102.WAV,6.784832000732422,0.6443060360236579
5072,050720124.WAV,6.645224094390869,0.5972019997483742
5072,050720126.WAV,6.531117916107178,0.5587023065579377
5072,050720136.WAV,5.857977390289307,0.33158310838791927
5072,050720138.WAV,6.545119285583496,0.5634264015823456
5072,050720150.WAV,5.844105243682861,0.3269026134640327
5072,050720158.WAV,6.917822360992432,0.6891772966714942
5072,050720175.WAV,5.97194766998291,0.3700369490741171
5195,051950005.WAV,6.264760494232178,0.4688326853382352
5195,051950011.WAV,6.389443397521973,0.5109009904462687
5195,051950018.WAV,6.520987987518311,0.5552844448033991
5195,051950025.WAV,5.969700336456299,0.3692786934513934
5195,051950032.WAV,6.037209510803223,0.3920564478113231
5195,051950033.WAV,6.455461502075195,0.5331756543474124
5195,051950038.WAV,5.902836322784424,0.3467186178221122
5195,051950044.WAV,6.375946044921875,0.5063469519024928
5195,051950050.WAV,6.001237392425537,0.37991937038237134
5195,051950051.WAV,6.529433727264404,0.5581340572773394
5195,051950067.WAV,6.394586086273193,0.5126361457382431
5195,051950075.WAV,6.545014381408691,0.5633910066667933
5195,051950086.WAV,6.153073787689209,0.4311493276092244
5195,051950088.WAV,6.405750274658203,0.5164029691829339
5195,051950096.WAV,6.263659477233887,0.46846119961091337
5195,051950138.WAV,5.882322311401367,0.33979714208580947
5195,051950154.WAV,6.657894134521484,0.6014769011172245
5195,051950163.WAV,6.268008708953857,0.46992864063252626
5195,051950164.WAV,6.604666233062744,0.5835176818518362
5195,051950170.WAV,5.742965698242188,0.2927778927218725
5218,052180017.WAV,6.264703273773193,0.4688133790206612
5218,052180027.WAV,6.049441814422607,0.396183655850731
5218,052180028.WAV,6.517715930938721,0.5541804452101184
5218,052180037.WAV,6.549134254455566,0.5647810615321298
5218,052180041.WAV,6.2616496086120605,0.46778306520612234
5218,052180042.WAV,6.1694016456604,0.4366583853290005
5218,052180046.WAV,6.260189533233643,0.4672904323360225
5218,052180068.WAV,6.535699367523193,0.5602480990517058
5218,052180084.WAV,6.906679630279541,0.6854177130958934
5218,052180090.WAV,7.192083358764648,0.7817136030061225
5218,052180093.WAV,6.279342651367188,0.4737527394860208
5218,052180098.WAV,6.398760795593262,0.5140447024912549
5218,052180104.WAV,6.239775657653809,0.46040274265547443
5218,052180112.WAV,6.917033672332764,0.6889111912609309
5218,052180117.WAV,7.270485877990723,0.8081667975742255
5218,052180124.WAV,6.335095882415772,0.4925640109003473
5218,052180137.WAV,6.4047627449035645,0.5160697743188007
5218,052180143.WAV,6.1203436851501465,0.4201061139568265
5218,052180146.WAV,6.235523223876953,0.45896796148775754
5218,052180160.WAV,6.208148956298828,0.4497318191602975
5220,052200004.WAV,6.9788818359375,0.7097789072688607
5220,052200008.WAV,6.938780307769775,0.6962485572549764
5220,052200020.WAV,6.569370269775391,0.5716087407422183
5220,052200044.WAV,6.351450443267822,0.49808207823499084
5220,052200050.WAV,6.081720352172852,0.40707451048027354
5220,052200064.WAV,6.495519161224365,0.546691202851157
5220,052200066.WAV,6.261957168579102,0.46788683666308306
5220,052200076.WAV,6.323713779449463,0.48872366256289435
5220,052200089.WAV,6.582522869110107,0.5760464587226102
5220,052200092.WAV,5.925216197967529,0.3542696403973111
5220,052200094.WAV,6.9311347007751465,0.693668911455114
5220,052200095.WAV,6.902027130126953,0.6838479485911375
5220,052200101.WAV,6.736720561981201,0.6280731233213557
5220,052200110.WAV,6.405790328979492,0.5164164836052361
5220,052200142.WAV,6.882650375366211,0.6773101859166204
5220,052200150.WAV,6.612205982208252,0.5860616109641865
5220,052200152.WAV,6.454629421234131,0.532894908312689
5220,052200155.WAV,6.572592735290527,0.5726960081936012
5220,052200162.WAV,5.985236644744873,0.3745206804447274
5220,052200168.WAV,5.845429420471191,0.3273493938298939
5401,054010004.WAV,6.470658779144287,0.5383032514091199
5401,054010009.WAV,6.187674522399902,0.442823696960317
5401,054010014.WAV,5.786688804626465,0.30753017175221875
5401,054010032.WAV,6.434021472930908,0.5259417380383689
5401,054010046.WAV,5.969956398010254,0.36936508922253775
5401,054010051.WAV,6.611185073852539,0.5857171540814681
5401,054010055.WAV,5.876152038574219,0.33771527750739994
5401,054010061.WAV,5.912467002868652,0.3499680319558167
5401,054010072.WAV,6.675989627838135,0.6075823631640607
5401,054010079.WAV,6.221519947052002,0.45424322291943064
5401,054010091.WAV,6.392536163330078,0.51194449691115
5401,054010095.WAV,6.105070114135742,0.4149527751383537
5401,054010105.WAV,6.050451755523682,0.3965244123559144
5401,054010107.WAV,6.855582237243652,0.6681773323881817
5401,054010123.WAV,6.57626485824585,0.5739349911239204
5401,054010130.WAV,5.829027652740479,0.3218153987832517
5401,054010136.WAV,6.154953956604004,0.4317837010275143
5401,054010148.WAV,5.929415225982666,0.3556864023352919
5401,054010155.WAV,6.093485832214356,0.41104421114547285
5401,054010165.WAV,6.380705833435059,0.5079529157527001
5406,054060017.WAV,6.660548686981201,0.6023725533666837
5406,054060036.WAV,6.1299004554748535,0.4233305907636644
5406,054060044.WAV,6.621515274047852,0.5892025879475165
5406,054060049.WAV,5.94252347946167,0.3601091579195639
5406,054060064.WAV,6.689793109893799,0.6122396905068583
5406,054060076.WAV,6.451708793640137,0.5319094816865098
5406,054060077.WAV,6.105391979217529,0.41506137317470837
5406,054060091.WAV,5.853049755096436,0.32992051267282796
5406,054060099.WAV,5.984857559204102,0.3743927760907988
5406,054060104.WAV,5.777888774871826,0.30456102099529847
5406,054060113.WAV,6.715846538543701,0.6210301786703158
5406,054060116.WAV,6.009804725646973,0.38281000878115656
5406,054060119.WAV,6.402390003204346,0.5152692056833936
5406,054060126.WAV,6.39549446105957,0.5129426335297322
5406,054060139.WAV,5.545032024383545,0.22599460517132575
5406,054060147.WAV,5.99804162979126,0.3788411125458564
5406,054060149.WAV,6.929096698760986,0.6929812847775156
5406,054060153.WAV,6.412048816680908,0.5185281120899055
5406,054060172.WAV,6.072558403015137,0.40398324726469714
5406,054060173.WAV,6.31337833404541,0.4852364589510685
5408,054080004.WAV,6.977676868438721,0.7093723483979455
5408,054080008.WAV,6.47149658203125,0.5385859280756009
5408,054080011.WAV,6.01672887802124,0.3851462340936054
5408,054080019.WAV,6.310193538665772,0.48416190149208904
5408,054080021.WAV,6.252188205718994,0.46459076559524104
5408,054080033.WAV,6.334998607635498,0.49253119016047076
5408,054080035.WAV,6.883025169372559,0.6774366422967308
5408,054080042.WAV,6.569795608520508,0.5717522510361859
5408,054080065.WAV,5.857874393463135,0.3315483570162858
5408,054080081.WAV,6.587693214416504,0.5777909454014123
5408,054080109.WAV,6.651351451873779,0.599269384588603
5408,054080123.WAV,6.31882905960083,0.4870755465859833
5408,054080138.WAV,5.95805025100708,0.3653479271933022
5408,054080150.WAV,6.002503395080566,0.3803465226586986
5408,054080151.WAV,6.13580846786499,0.4253239680531926
5408,054080154.WAV,7.07930850982666,0.7436631034712435
5408,054080163.WAV,6.530900001525879,0.5586287816651765
5408,054080165.WAV,6.196988105773926,0.44596612191746465
5408,054080167.WAV,6.276344299316406,0.47274108844513685
5408,054080174.WAV,7.330723285675049,0.8284910407424435
5414,054140003.WAV,6.2371344566345215,0.459511595213449
5414,054140010.WAV,7.345030307769775,0.8333182636798935
5414,054140015.WAV,6.90933084487915,0.6863122391434946
5414,054140019.WAV,6.494086265563965,0.5462077404819048
5414,054140021.WAV,6.438637733459473,0.5274992752086611
5414,054140039.WAV,7.059659957885742,0.7370336357882497
5414,054140051.WAV,6.298645973205566,0.480265725719651
5414,054140057.WAV,6.590219020843506,0.5786431584363296
5414,054140077.WAV,6.608710765838623,0.5848823167323671
5414,054140098.WAV,6.20534086227417,0.4487843616253475
5414,054140104.WAV,6.392104625701904,0.5117988950994452
5414,054140106.WAV,6.140881061553955,0.42703547310613854
5414,054140113.WAV,6.425933361053467,0.5232127900492662
5414,054140115.WAV,5.7174177169799805,0.2841579436969861
5414,054140118.WAV,6.144976615905762,0.4284173227865067
5414,054140119.WAV,5.712670803070068,0.2825563237682327
5414,054140122.WAV,6.386333465576172,0.5098516920861151
5414,054140127.WAV,6.3882012367248535,0.5104818824689306
5414,054140154.WAV,6.506776332855225,0.5504893990619062
5414,054140158.WAV,6.498481273651123,0.5476906265575774
5418,054180014.WAV,6.376017093658447,0.5063709239134806
5418,054180015.WAV,5.796749114990234,0.3109245441537092
5418,054180021.WAV,6.914915084838867,0.6881963748527491
5418,054180022.WAV,6.664615154266357,0.6037445890022848
5418,054180029.WAV,6.193502902984619,0.444790206291221
5418,054180033.WAV,6.1794915199279785,0.4400627326612374
5418,054180059.WAV,6.900274276733398,0.6832565317294501
5418,054180063.WAV,6.381832599639893,0.5083330893229305
5418,054180075.WAV,7.1526312828063965,0.7684023796967041
5418,054180076.WAV,6.848079681396484,0.6656459523822547
5418,054180077.WAV,5.871540069580078,0.3361591883109256
5418,054180079.WAV,6.972618103027344,0.7076655090384134
5418,054180087.WAV,6.196366310119629,0.4457563265998259
5418,054180091.WAV,6.41809606552124,0.5205684680855309
5418,054180096.WAV,5.7102580070495605,0.2817422407105239
5418,054180111.WAV,6.6111836433410645,0.5857166714235287
5418,054180123.WAV,6.45241117477417,0.532146466734732
5418,054180126.WAV,5.902050971984863,0.3464536386134074
5418,054180130.WAV,6.236105442047119,0.45916440326907426
5418,054180174.WAV,6.621817588806152,0.5893045896586997
5424,054240002.WAV,6.019153118133545,0.3859641784148289
5424,054240025.WAV,6.455907344818115,0.5333260827385111
5424,054240038.WAV,6.187234878540039,0.4426753600869555
5424,054240039.WAV,6.520798206329346,0.5552204121834448
5424,054240048.WAV,7.062382698059082,0.7379522947328183
5424,054240053.WAV,6.466140270233154,0.5367786958646834
5424,054240079.WAV,6.604755878448486,0.5835479284160356
5424,054240091.WAV,6.094526290893555,0.41139526435336227
5424,054240093.WAV,6.4217963218688965,0.5218169432886575
5424,054240094.WAV,6.502438068389893,0.5490256584178279
5424,054240097.WAV,7.236059188842773,0.7965511516057548
5424,054240099.WAV,6.214970111846924,0.4520332931011126
5424,054240109.WAV,6.344909191131592,0.49587504436430874
5424,054240115.WAV,6.343472480773926,0.4953902949072184
5424,054240116.WAV,6.484236240386963,0.5428843187974997
5424,054240117.WAV,6.509700775146484,0.5514761127759236
5424,054240125.WAV,6.059783935546875,0.3996731118662742
5424,054240126.WAV,5.723081111907959,0.2860687864788847
5424,054240138.WAV,5.814420700073242,0.3168869785645174
5424,054240152.WAV,6.205780029296875,0.4489325376127289
5428,054280012.WAV,6.078022003173828,0.40582667882106604
5428,054280018.WAV,6.011230945587158,0.3832912187466919
5428,054280021.WAV,6.360852718353272,0.5012544279843787
5428,054280023.WAV,5.833540439605713,0.3233380236959307
5428,054280024.WAV,6.369676113128662,0.5042314621543083
5428,054280030.WAV,6.171737194061279,0.43744640485798425
5428,054280040.WAV,6.347031116485596,0.49659098697434945
5428,054280042.WAV,6.735390663146973,0.6276244123237371
5428,054280049.WAV,6.3444695472717285,0.4957267074909477
5428,054280053.WAV,6.306346416473389,0.4828638734071886
5428,054280057.WAV,6.392277717590332,0.5118572967101069
5428,054280062.WAV,6.394326686859131,0.5125486237652404
5428,054280078.WAV,6.807015419006348,0.6517907735751856
5428,054280109.WAV,6.57889986038208,0.5748240470482087
5428,054280118.WAV,6.2517991065979,0.4644594826357371
5428,054280125.WAV,5.846523284912109,0.3277184662675192
5428,054280128.WAV,5.867153167724609,0.3346790372969095
5428,054280146.WAV,6.566439628601074,0.5706199355104637
5428,054280148.WAV,6.871922016143799,0.6736904122574521
5428,054280175.WAV,6.540482044219971,0.5618617854289429
5432,054320015.WAV,5.909202575683594,0.3488666065382131
5432,054320019.WAV,6.900542259216309,0.6833469496500892
5432,054320020.WAV,6.740124702453613,0.6292216883310362
5432,054320024.WAV,6.568258762359619,0.5712337155233411
5432,054320037.WAV,6.628446102142334,0.5915410656636821
5432,054320041.WAV,6.330760002136231,0.49110107468616815
5432,054320058.WAV,6.278965473175049,0.47362547867601124
5432,054320061.WAV,6.363645553588867,0.5021967371679754
5432,054320067.WAV,5.818451404571533,0.31824694775163453
5432,054320073.WAV,6.296802043914795,0.4796435796358247
5432,054320076.WAV,6.706515789031982,0.6178819618178959
5432,054320080.WAV,6.588488578796387,0.5780593032156924
5432,054320092.WAV,6.277003765106201,0.4729635937551786
5432,054320099.WAV,5.951916217803955,0.36327828994935607
5432,054320100.WAV,5.943356990814209,0.3603903866122271
5432,054320118.WAV,6.752487659454346,0.6333929791289055
5432,054320129.WAV,6.323851585388184,0.4887701586110518
5432,054320136.WAV,5.990564823150635,0.3763184203828376
5432,054320140.WAV,6.357241630554199,0.5000360384594715
5432,054320149.WAV,6.345751762390137,0.496159329890588
5547,055470005.WAV,6.734240531921387,0.6272363553404976
5547,055470009.WAV,5.7754225730896,0.3037289187078538
5547,055470040.WAV,5.838018894195557,0.3248490648180653
5547,055470046.WAV,6.3693156242370605,0.5041098323535913
5547,055470047.WAV,6.318977355957031,0.4871255821256961
5547,055470080.WAV,6.590411186218262,0.5787079954861827
5547,055470082.WAV,6.25660514831543,0.46608105242598374
5547,055470088.WAV,6.016149044036865,0.38495059674218735
5547,055470104.WAV,5.68740701675415,0.274032262787298
5547,055470105.WAV,6.689653396606445,0.6121925509147814
5547,055470120.WAV,6.036332130432129,0.3917604176085201
5547,055470122.WAV,6.086808204650879,0.4087911638845727
5547,055470126.WAV,6.139634609222412,0.42661491715498223
5547,055470129.WAV,6.474584579467773,0.5396278256806843
5547,055470131.WAV,6.160945892333984,0.4338053942494844
5547,055470141.WAV,5.9745707511901855,0.370921982848911
5547,055470152.WAV,5.449418067932129,0.19373423116290622
5547,055470170.WAV,6.214531421661377,0.4518852779997109
5547,055470172.WAV,5.9566650390625,0.36488055342202874
5547,055470175.WAV,6.479203701019287,0.5411863281668554
5551,055510024.WAV,6.01542329788208,0.3847057282809556
5551,055510029.WAV,6.40898323059082,0.5174937761258718
5551,055510046.WAV,6.652465343475342,0.5996452142373794
5551,055510061.WAV,5.9241156578063965,0.35389831555596873
5551,055510067.WAV,6.096166133880615,0.4119485512378407
5551,055510070.WAV,6.493144512176514,0.5458899906718309
5551,055510078.WAV,6.557826995849609,0.5677140129435989
5551,055510079.WAV,6.185276031494141,0.44201444048200167
5551,055510084.WAV,6.617699146270752,0.5879150174513021
5551,055510088.WAV,6.866257190704346,0.6717790868176141
5551,055510093.WAV,6.487337112426758,0.5439305603240372
5551,055510096.WAV,6.569918632507324,0.5717937596189706
5551,055510100.WAV,6.017368316650391,0.38536198219249607
5551,055510110.WAV,6.65878963470459,0.6017790449872595
5551,055510122.WAV,6.854320049285889,0.6677514671996925
5551,055510130.WAV,6.654396057128906,0.6002966415695263
5551,055510143.WAV,6.662783622741699,0.603126625953933
5551,055510156.WAV,6.498470306396484,0.5476869261800423
5551,055510164.WAV,6.724120140075684,0.6238217113055542
5551,055510165.WAV,6.122108459472656,0.42070155296800826
6010,060100004.WAV,6.427598476409912,0.5237746038906732
6010,060100009.WAV,6.193410873413086,0.4447591552971224
6010,060100031.WAV,6.465943336486816,0.5367122499550325
6010,060100034.WAV,6.468962669372559,0.5377309799790269
6010,060100037.WAV,7.249410152435303,0.801055798153737
6010,060100041.WAV,6.440074443817139,0.5279840246657515
6010,060100047.WAV,6.270855903625488,0.4708892908178186
6010,060100066.WAV,6.143173694610596,0.42780901289694184
6010,060100081.WAV,7.057170867919922,0.7361938109737751
6010,060100092.WAV,5.743740081787109,0.29303917155304204
6010,060100100.WAV,6.219016075134277,0.45339841063958297
6010,060100101.WAV,6.3627777099609375,0.5019039246847681
6010,060100105.WAV,6.074648857116699,0.40468857140007164
6010,060100124.WAV,5.481561660766602,0.20457955506016967
6010,060100128.WAV,6.728734970092773,0.6253787658179071
6010,060100132.WAV,6.858205318450928,0.6690623661629755
6010,060100147.WAV,6.82192850112915,0.6568224825929414
6010,060100154.WAV,6.451829433441162,0.5319501858393954
6010,060100159.WAV,6.167086124420166,0.43587712301116777
6010,060100164.WAV,7.0473456382751465,0.7328787553603184
6048,060480005.WAV,6.135576725006104,0.42524577746701797
6048,060480008.WAV,7.0348100662231445,0.7286492238377675
6048,060480012.WAV,6.284151077270508,0.47537511370616614
6048,060480018.WAV,5.787678241729736,0.30786401016027143
6048,060480037.WAV,6.226807594299316,0.45602728754925903
6048,060480050.WAV,6.179996967315674,0.44023327179980876
6048,060480082.WAV,5.463746070861816,0.19856853308346656
6048,060480084.WAV,6.380831718444824,0.5079953896513631
6048,060480090.WAV,6.185521602630615,0.4420972967615906
6048,060480094.WAV,6.712647914886475,0.6199509555179226
6048,060480102.WAV,6.0832390785217285,0.4075869323258867
6048,060480104.WAV,6.88930082321167,0.679554062676673
6048,060480131.WAV,6.113638401031494,0.41784373530909913
6048,060480134.WAV,5.942209243774414,0.3600031340588863
6048,060480135.WAV,6.4297966957092285,0.5245162882574792
6048,060480145.WAV,6.0524516105651855,0.3971991681551301
6048,060480147.WAV,5.7170515060424805,0.2840343832645116
6048,060480148.WAV,6.574264526367188,0.5732600744387255
6048,060480168.WAV,6.257911205291748,0.4665217191246127
6048,060480169.WAV,6.902092933654785,0.6838701508563478
6067,060670002.WAV,6.936511993408203,0.6954832226491419
6067,060670003.WAV,6.987343311309815,0.7126338289801344
6067,060670017.WAV,7.064043521881104,0.7385126606004075
6067,060670029.WAV,6.5521650314331055,0.5658036528196393
6067,060670035.WAV,6.750784397125244,0.6328182944091154
6067,060670036.WAV,6.237553119659424,0.45965285310369963
6067,060670038.WAV,6.111618518829346,0.41716222229873234
6067,060670041.WAV,6.736044883728027,0.6278451478880014
6067,060670044.WAV,6.607247352600098,0.5843885576604089
6067,060670049.WAV,5.920900821685791,0.3528136222802627
6067,060670060.WAV,6.577651023864746,0.5744026866671537
6067,060670062.WAV,6.7036871910095215,0.6169275861858148
6067,060670072.WAV,6.794301986694336,0.6475012315821751
6067,060670075.WAV,6.635226249694824,0.5938287034102359
6067,060670080.WAV,6.870646953582764,0.6732602031475088
6067,060670094.WAV,6.735041618347168,0.6275066437865353
6067,060670111.WAV,7.010044097900391,0.7202931278197278
6067,060670140.WAV,7.070067405700684,0.7405451331830231
6067,060670144.WAV,6.325337886810303,0.4892716402100399
6067,060670149.WAV,6.451221466064453,0.53174505621517
6099,060990011.WAV,6.329529285430908,0.4906858279723443
6099,060990014.WAV,6.223730564117432,0.45498909032171064
6099,060990023.WAV,6.920653343200684,0.690132476733474
6099,060990029.WAV,6.080783367156982,0.40675836952999744
6099,060990030.WAV,6.973357677459717,0.707915043193059
6099,060990034.WAV,6.554962635040283,0.5667475708630343
6099,060990035.WAV,6.970592975616455,0.7069822262822691
6099,060990039.WAV,5.737635135650635,0.29097934835386297
6099,060990059.WAV,6.035828113555908,0.3915903611278877
6099,060990078.WAV,5.988473415374756,0.3756127744755038
6099,060990083.WAV,6.469919681549072,0.538053878140454
6099,060990089.WAV,6.223052501678467,0.4547603104584572
6099,060990093.WAV,6.3231940269470215,0.4885482968449295
6099,060990117.WAV,6.419508457183838,0.521045012357652
6099,060990121.WAV,6.270483493804932,0.4707636388676073
6099,060990124.WAV,5.929941177368164,0.3558638595709944
6099,060990129.WAV,6.83866024017334,0.6624678107375945
6099,060990155.WAV,6.237027168273926,0.45947539586799757
6099,060990168.WAV,6.1243205070495605,0.4214479030282281
6099,060990175.WAV,6.816168308258057,0.6548789799571464
6121,061210013.WAV,6.550400257110596,0.5652082138084575
6121,061210031.WAV,6.165178298950195,0.43523341820605066
6121,061210059.WAV,6.295014381408691,0.4790404180976131
6121,061210060.WAV,6.589626312255859,0.5784431771634579
6121,061210063.WAV,6.192265033721924,0.4443725462877006
6121,061210068.WAV,6.4322943687438965,0.5253590090195897
6121,061210069.WAV,6.320139408111572,0.4875176612584309
6121,061210071.WAV,6.666740417480469,0.6044616578141839
6121,061210075.WAV,6.1063737869262695,0.41539263740708443
6121,061210086.WAV,6.290164470672607,0.4774040467972267
6121,061210095.WAV,6.422775745391846,0.5221474030911344
6121,061210109.WAV,6.580667495727539,0.5754204513752692
6121,061210128.WAV,5.997457504272461,0.3786440272206206
6121,061210129.WAV,6.591790199279785,0.5791732777397194
6121,061210140.WAV,6.293325901031494,0.4784707208431971
6121,061210141.WAV,6.286446571350098,0.47614961881284823
6121,061210142.WAV,6.318166255950928,0.4868519150740831
6121,061210147.WAV,6.716089725494385,0.6211122305200061
6121,061210148.WAV,6.734177112579346,0.627214957505186
6121,061210174.WAV,6.23446798324585,0.458611920814495
6401,064010049.WAV,6.369654178619385,0.5042240613992381
6401,064010056.WAV,6.833411693572998,0.6606969387581081
6401,064010057.WAV,6.158778190612793,0.43307400658538486
6401,064010066.WAV,6.415837287902832,0.5198063511992921
6401,064010067.WAV,6.047329425811768,0.3954709309602864
6401,064010086.WAV,6.389700412750244,0.5109877079893723
6401,064010092.WAV,6.146021366119385,0.42876982396821384
6401,064010093.WAV,6.313302993774414,0.4852110389662625
6401,064010103.WAV,6.615936279296875,0.5873202219840394
6401,064010107.WAV,6.402806282043457,0.5154096591437456
6401,064010109.WAV,6.610796928405762,0.5855861928939234
6401,064010120.WAV,6.663552761077881,0.6033861350393253
6401,064010123.WAV,6.669497966766357,0.6053920614352768
6401,064010135.WAV,7.3104248046875,0.8216422854690035
6401,064010141.WAV,6.306457996368408,0.4829015207264582
6401,064010150.WAV,6.624227523803711,0.5901177074005297
6401,064010161.WAV,6.506502151489258,0.5503968896235298
6401,064010164.WAV,6.346488952636719,0.4964080596153344
6401,064010172.WAV,6.349726676940918,0.4975004754180701
6401,064010173.WAV,6.83571195602417,0.661473052724588
6504,065040005.WAV,6.137889385223389,0.42602607446897145
6504,065040007.WAV,6.056355953216553,0.3985165025576045
6504,065040009.WAV,6.767938137054443,0.6386060066458781
6504,065040011.WAV,6.880810260772705,0.6766893269206327
6504,065040028.WAV,7.227839946746826,0.7937779599722117
6504,065040042.WAV,6.49909257888794,0.5478968823836612
6504,065040044.WAV,6.655217170715332,0.6005736872267151
6504,065040045.WAV,6.369753837585449,0.5042576865690129
6504,065040049.WAV,6.679185390472412,0.6086606210005756
6504,065040077.WAV,5.724438190460205,0.28652666797735105
6504,065040112.WAV,6.408173561096191,0.5172205917321981
6504,065040118.WAV,6.215441703796387,0.4521924093351195
6504,065040124.WAV,5.902172565460205,0.3464946645382523
6504,065040125.WAV,6.382537364959717,0.5085708788010519
6504,065040126.WAV,5.940608978271484,0.3594632007107299
6504,065040127.WAV,6.420100688934326,0.521244832744544
6504,065040133.WAV,6.876155376434326,0.6751187579859776
6504,065040134.WAV,6.359598636627197,0.5008312978575458
6504,065040137.WAV,6.520976066589356,0.5552804226539048
6504,065040160.WAV,6.27073335647583,0.4708479431210144
6902,069020006.WAV,5.144179821014404,0.09074612803756743
6902,069020020.WAV,5.885175704956055,0.34075988378883904
6902,069020024.WAV,6.002340316772461,0.38029149965361264
6902,069020037.WAV,5.667637348175049,0.2673619300654386
6902,069020044.WAV,5.776047706604004,0.3039398402273512
6902,069020048.WAV,5.232114315032959,0.12041543334155991
6902,069020059.WAV,5.3726067543029785,0.16781791310934357
6902,069020065.WAV,6.055509090423584,0.39823076905750754
6902,069020075.WAV,5.562344074249268,0.23183573155337656
6902,069020090.WAV,5.762563705444336,0.29939030649100906
6902,069020091.WAV,5.871264934539795,0.33606635710058996
6902,069020096.WAV,5.489476203918457,0.20724994055263046
6902,069020103.WAV,5.935454368591309,0.3577240232692611
6902,069020114.WAV,6.312509536743164,0.4849433246959014
6902,069020123.WAV,5.469303131103516,0.20044349829187347
6902,069020143.WAV,5.234051704406738,0.12106911307742374
6902,069020155.WAV,5.593046188354492,0.24219469713375186
6902,069020163.WAV,6.24574089050293,0.4624154262625766
6902,069020168.WAV,5.953572750091553,0.3638372078431271
6902,069020175.WAV,5.747115135192871,0.2941779225179557
6912,069120003.WAV,5.976289749145508,0.3715019768060335
6912,069120014.WAV,6.737400054931641,0.6283023858425485
6912,069120020.WAV,6.551872730255127,0.5657050297140314
6912,069120025.WAV,6.601706981658936,0.5825192234612946
6912,069120052.WAV,6.793219566345215,0.6471360204080645
6912,069120059.WAV,6.645723819732666,0.5973706082551884
6912,069120061.WAV,6.273334980010986,0.47172573702671783
6912,069120072.WAV,6.178676128387451,0.4397876176358062
6912,069120083.WAV,7.012651920318604,0.7211730132431688
6912,069120087.WAV,5.734095096588135,0.28978493083994383
6912,069120092.WAV,6.573650360107422,0.5730528532967629
6912,069120093.WAV,6.072828769683838,0.4040744696152345
6912,069120094.WAV,5.820119380950928,0.31880972690892007
6912,069120106.WAV,6.6075310707092285,0.5844842848183804
6912,069120121.WAV,5.570524215698242,0.23459573053657712
6912,069120123.WAV,6.510244369506836,0.5516595227928776
6912,069120140.WAV,6.007551670074463,0.38204982252667574
6912,069120151.WAV,6.569404125213623,0.5716201636467833
6912,069120165.WAV,6.856640338897705,0.6685343383773235
6912,069120170.WAV,6.434249877929688,0.5260188024226855
7001,070010001.WAV,5.588475704193115,0.24065260501751884
7001,070010002.WAV,5.657464027404785,0.26392942768673944
7001,070010003.WAV,5.662265777587891,0.2655495495031679
7001,070010004.WAV,5.5471038818359375,0.2266936547534888
7001,070010005.WAV,5.399489402770996,0.17688818199164613
7001,070010006.WAV,5.437684059143066,0.1897751489723729
7001,070010007.WAV,5.527238368988037,0.21999098394969274
7001,070010008.WAV,5.4908223152160645,0.20770412167356156
7001,070010009.WAV,6.09973669052124,0.4131532654544656
7001,070010010.WAV,5.554098606109619,0.22905369119094554
7001,070010011.WAV,5.621360778808594,0.2517481066133469
7001,070010012.WAV,6.015982627868652,0.38489444753524293
7001,070010013.WAV,5.750467777252197,0.2953091118418194
7001,070010014.WAV,5.8149285316467285,0.3170583221329877
7001,070010015.WAV,5.475955009460449,0.2026878577098652
7001,070010016.WAV,5.543958187103272,0.22563228994485174
7001,070010017.WAV,5.431494235992432,0.18768668806879218
7001,070010018.WAV,5.643287658691406,0.2591462875077506
7001,070010019.WAV,5.85842227935791,0.331733215007058
7001,070010020.WAV,5.784546375274658,0.30680731104504777
7551,075510004.WAV,5.878219127655029,0.33841271822976515
7551,075510010.WAV,6.346929550170898,0.49655671826065517
7551,075510017.WAV,5.7886962890625,0.30820750172711087
7551,075510036.WAV,6.046154022216797,0.3950743470201179
7551,075510038.WAV,6.644306659698486,0.596892455123269
7551,075510041.WAV,5.942161083221436,0.35998688457492833
7551,075510057.WAV,5.934013843536377,0.35723798672433227
7551,075510076.WAV,6.232146739959717,0.4578287278649047
7551,075510086.WAV,6.416321754455566,0.5199698113547531
7551,075510090.WAV,6.851075649261475,0.6666567989932399
7551,075510091.WAV,6.2796478271484375,0.47385570651308284
7551,075510099.WAV,6.010372161865234,0.38300146309710015
7551,075510129.WAV,6.02635669708252,0.38839468291143153
7551,075510131.WAV,5.887442588806152,0.3415247357367339
7551,075510137.WAV,6.704694747924805,0.617267538261099
7551,075510142.WAV,6.363674163818359,0.5022063903267624
7551,075510144.WAV,6.031209945678711,0.3900321804136764
7551,075510163.WAV,6.405099391937256,0.5161833598205285
7551,075510165.WAV,6.143064022064209,0.4277720091215913
7551,075510167.WAV,6.351073741912842,0.4979549783109609
8002,080020001.WAV,4.913767337799072,0.013004413745969279
8002,080020002.WAV,5.730469226837158,0.28856155384966353
8002,080020003.WAV,5.827300071716309,0.32123250887849264
8002,080020004.WAV,5.499575138092041,0.21065734471848319
8002,080020005.WAV,5.690881252288818,0.2752044780360068
8002,080020006.WAV,5.307162761688232,0.14573695592785985
8002,080020007.WAV,5.478492736816406,0.20354409289427755
8002,080020008.WAV,5.263899326324463,0.13113977098202545
8002,080020009.WAV,5.78187894821167,0.30590731487413403
8002,080020010.WAV,5.314769744873047,0.1483035699633597
8002,080020011.WAV,5.14503812789917,0.09103572280117933
8002,080020012.WAV,5.54166316986084,0.2248579457241493
8002,080020013.WAV,5.189103126525879,0.10590335707903131
8002,080020014.WAV,5.453162670135498,0.19499766876215285
8002,080020015.WAV,4.875224590301514,0.0
8002,080020016.WAV,5.149282455444336,0.09246776890723973
8002,080020017.WAV,5.791647434234619,0.3092032250559964
8002,080020018.WAV,5.262698173522949,0.13073449919894875
8002,080020019.WAV,5.560240745544434,0.23112606349654774
8002,080020020.WAV,5.880490779876709,0.33917917903745765
8057,080570004.WAV,6.289012908935547,0.47701550715604735
8057,080570009.WAV,6.072149276733398,0.40384520709404215
8057,080570013.WAV,6.809835910797119,0.65274241414561
8057,080570014.WAV,6.500414371490479,0.5483428583196235
8057,080570031.WAV,6.945425987243652,0.6984908251552306
8057,080570053.WAV,5.708706378936768,0.28121871773230556
8057,080570067.WAV,6.647787570953369,0.598066922775695
8057,080570071.WAV,6.355924129486084,0.4995915104973274
8057,080570072.WAV,6.222235679626465,0.4544847127750866
8057,080570080.WAV,6.807512283325195,0.651958416766121
8057,080570081.WAV,6.5988311767578125,0.5815489201172148
8057,080570087.WAV,6.026705265045166,0.3885122905626537
8057,080570089.WAV,6.113425254821777,0.41777181927613527
8057,080570102.WAV,6.513940811157227,0.552906710908166
8057,080570127.WAV,6.774792671203613,0.640918742605278
8057,080570138.WAV,6.574878692626953,0.5734672955806872
8057,080570143.WAV,6.606971263885498,0.5842954046781139
8057,080570144.WAV,6.500792026519775,0.5484702800156123
8057,080570146.WAV,6.357415199279785,0.5000946009561134
8057,080570157.WAV,6.160283088684082,0.4335817627375842
8063,080630011.WAV,6.700631618499756,0.6158966288273569
8063,080630014.WAV,6.900156021118164,0.6832166320064637
8063,080630019.WAV,6.395402908325195,0.5129117434216137
8063,080630030.WAV,6.43076229095459,0.5248420823665427
8063,080630038.WAV,6.603390216827393,0.5830871509699331
8063,080630044.WAV,6.935225963592529,0.6950493131616635
8063,080630053.WAV,6.720113277435303,0.6224697864174262
8063,080630062.WAV,6.288511753082275,0.4768464159912942
8063,080630086.WAV,6.0085930824279785,0.38240119750652446
8063,080630090.WAV,6.262834548950195,0.4681828668658865
8063,080630091.WAV,6.791614532470703,0.6465944782001107
8063,080630093.WAV,6.084073066711426,0.4078683219045296
8063,080630094.WAV,6.340439796447754,0.4943670600757899
8063,080630123.WAV,6.391644477844238,0.5116436401289535
8063,080630125.WAV,5.905686855316162,0.347680394209263
8063,080630140.WAV,6.956164836883545,0.7021141383059544
8063,080630147.WAV,6.188980102539063,0.44326420277296674
8063,080630152.WAV,5.917733192443848,0.3517448567165553
8063,080630155.WAV,6.6821136474609375,0.6096486218024315
8063,080630170.WAV,6.868323802947998,0.6724763666539995
8068,080680011.WAV,5.833132266998291,0.3232003052972352
8068,080680020.WAV,6.658297538757324,0.6016130106561219
8068,080680029.WAV,6.516384601593018,0.5537312515545609
8068,080680031.WAV,6.507111549377441,0.5506025019056946
8068,080680056.WAV,6.163856506347656,0.43478744227008836
8068,080680060.WAV,6.308626651763916,0.48363323016251747
8068,080680066.WAV,6.660125732421875,0.6022298475026153
8068,080680069.WAV,6.519811630249023,0.5548875390912709
8068,080680084.WAV,6.056885719299316,0.39869524688114466
8068,080680090.WAV,6.204373836517334,0.4484580848583446
8068,080680095.WAV,6.518385887145996,0.5544064900117156
8068,080680106.WAV,6.431158065795898,0.5249756177297635
8068,080680108.WAV,6.438253402709961,0.527369601108955
8068,080680129.WAV,6.443868637084961,0.5292641944068952
8068,080680133.WAV,6.4803547859191895,0.5415747069220547
8068,080680151.WAV,6.696292400360107,0.6144325664113193
8068,080680153.WAV,6.809908866882324,0.6527670297005173
8068,080680170.WAV,6.113166809082031,0.41768461907509224
8068,080680173.WAV,7.212944507598877,0.7887522037357082
8068,080680174.WAV,5.988961219787598,0.3757773608328232
8153,081530002.WAV,6.254007816314697,0.46520470649409806
8153,081530014.WAV,6.684604167938232,0.610488929274845
8153,081530016.WAV,5.932283878326416,0.3566542923896747
8153,081530018.WAV,6.121222496032715,0.4204026268175689
8153,081530023.WAV,6.28795337677002,0.47665801850896705
8153,081530038.WAV,7.111039638519287,0.7543692609959936
8153,081530065.WAV,6.401479721069336,0.5149620743479855
8153,081530073.WAV,6.43808126449585,0.5273115212702526
8153,081530085.WAV,6.761683940887451,0.6364958261350264
8153,081530088.WAV,6.715466022491455,0.6209017916584478
8153,081530096.WAV,6.861218452453613,0.6700790046692326
8153,081530100.WAV,6.369020462036133,0.5040102439321046
8153,081530107.WAV,6.544089794158936,0.5630790487519917
8153,081530109.WAV,6.6212310791015625,0.5891066999035648
8153,081530125.WAV,6.056390285491943,0.3985280863481486
8153,081530139.WAV,6.470467567443848,0.5382387361312262
8153,081530146.WAV,5.54393482208252,0.22562440653184224
8153,081530165.WAV,6.691077709197998,0.6126731173363973
8153,081530167.WAV,6.477830410003662,0.5407229765450763
8153,081530170.WAV,5.90094804763794,0.3460815093421665
8581,085810002.WAV,6.941836833953857,0.697279836385394
8581,085810012.WAV,5.940571308135986,0.3594504907183269
8581,085810018.WAV,6.187593936920166,0.44279650722973307
8581,085810038.WAV,6.208770751953125,0.44994161447793624
8581,085810040.WAV,6.490108489990234,0.5448656296385439
8581,085810043.WAV,6.345865249633789,0.4961976207537766
8581,085810048.WAV,6.302211761474609,0.48146883107647853
8581,085810056.WAV,6.305438041687012,0.4825573856156995
8581,085810078.WAV,5.859107494354248,0.33196440816000816
8581,085810084.WAV,6.33091402053833,0.4911530408576381
8581,085810086.WAV,6.02758264541626,0.3888083207654567
8581,085810112.WAV,6.05299186706543,0.3973814519702257
8581,085810116.WAV,6.2726216316223145,0.4714850516009601
8581,085810119.WAV,6.018580436706543,0.3857709543531078
8581,085810120.WAV,6.1410088539123535,0.4270785905487211
8581,085810121.WAV,5.973567962646484,0.37058363963342456
8581,085810152.WAV,6.390179634094238,0.5111493983990558
8581,085810159.WAV,6.428520202636719,0.5240855964895965
8581,085810163.WAV,5.868417739868164,0.3351057069152976
8581,085810167.WAV,5.918490886688232,0.35200050453843246
8584,085840013.WAV,6.467236518859863,0.5371485727322074
8584,085840020.WAV,6.473970890045166,0.5394207654247019
8584,085840022.WAV,6.54880952835083,0.5646714981798968
8584,085840036.WAV,6.176592350006104,0.439084545904149
8584,085840040.WAV,6.010192394256592,0.38294080908272154
8584,085840059.WAV,6.873768329620361,0.6743133627711775
8584,085840072.WAV,6.803633213043213,0.6506496093205751
8584,085840075.WAV,6.015599727630615,0.3847652560934758
8584,085840077.WAV,5.895298957824707,0.3441754931396608
8584,085840086.WAV,6.597804069519043,0.5812023717167596
8584,085840089.WAV,6.324407577514648,0.48895775166348066
8584,085840092.WAV,6.160070896148682,0.4335101684765801
8584,085840099.WAV,6.03905200958252,0.3926781112372104
8584,085840115.WAV,6.16283130645752,0.4344415374135522
8584,085840117.WAV,5.576747894287109,0.23669561434472253
8584,085840123.WAV,6.120316028594971,0.42009678256999883
8584,085840141.WAV,6.785262107849121,0.6444511551774232
8584,085840147.WAV,6.665014266967773,0.6038792505673645
8584,085840157.WAV,6.638944149017334,0.5950831313946143
8584,085840167.WAV,6.682528495788574,0.6097885926048436
8585,085850006.WAV,6.036896228790283,0.3919507457226048
8585,085850024.WAV,6.622287750244141,0.5894632232347672
8585,085850039.WAV,6.329856872558594,0.49079635664045607
8585,085850042.WAV,5.975922107696533,0.37137793371562
8585,085850044.WAV,6.197690010070801,0.44620294607970723
8585,085850046.WAV,6.4219160079956055,0.5218573256695833
8585,085850056.WAV,5.981997489929199,0.37342778198405235
8585,085850075.WAV,6.686900615692139,0.6112637561534864
8585,085850088.WAV,5.8635454177856445,0.333461773973861
8585,085850092.WAV,6.587693214416504,0.5777909454014123
8585,085850094.WAV,6.616373538970947,0.5874677544275018
8585,085850101.WAV,7.060299873352051,0.73724954477312
8585,085850108.WAV,7.217755794525146,0.7903755432717319
8585,085850112.WAV,5.987329006195068,0.37522664812402096
8585,085850119.WAV,6.827459812164307,0.6586887599584397
8585,085850120.WAV,5.403817176818848,0.178348383144169
8585,085850138.WAV,6.039479732513428,0.39282242596107664
8585,085850146.WAV,6.326944351196289,0.4898136650759335
8585,085850161.WAV,5.878307342529297,0.33844248213602524
8585,085850170.WAV,6.304429054260254,0.48221695088247585
9034,090340002.WAV,6.681856632232666,0.6095619042593274
9034,090340007.WAV,6.545488357543945,0.5635509273306989
9034,090340021.WAV,6.159035682678223,0.4331608850144686
9034,090340032.WAV,6.44757604598999,0.5305150828997187
9034,090340039.WAV,6.221029758453369,0.4540778321322121
9034,090340041.WAV,6.352434158325195,0.49841398601128595
9034,090340043.WAV,6.452591419219971,0.5322072816350907
9034,090340054.WAV,6.948369979858398,0.6994841351944194
9034,090340071.WAV,6.741947650909424,0.6298367554317521
9034,090340085.WAV,6.24929666519165,0.46361515301382883
9034,090340088.WAV,6.569373607635498,0.5716098669440768
9034,090340090.WAV,6.604246139526367,0.5833759413036461
9034,090340108.WAV,6.488400459289551,0.5442893360589565
9034,090340114.WAV,6.212423324584961,0.4511740010830845
9034,090340126.WAV,6.327395439147949,0.4899658632128092
9034,090340131.WAV,6.224276542663574,0.45517330476856377
9034,090340155.WAV,6.109757900238037,0.4165344452056139
9034,090340158.WAV,5.936564922332764,0.3580987267161786
9034,090340164.WAV,5.827470302581787,0.3212899451732758
9034,090340168.WAV,6.706431865692139,0.6178536458854536
9070,090700006.WAV,6.579258441925049,0.5749450333050066
9070,090700008.WAV,6.534135341644287,0.559720393038013
9070,090700019.WAV,5.380582809448242,0.1705090528931965
9070,090700042.WAV,6.530019760131836,0.5583317861464943
9070,090700045.WAV,6.187910079956055,0.44290317463433015
9070,090700047.WAV,6.001677513122559,0.380067868141712
9070,090700054.WAV,7.395902633666992,0.850482706205147
9070,090700055.WAV,6.365312576293945,0.5027591945533014
9070,090700057.WAV,6.620634078979492,0.5889052706568749
9070,090700059.WAV,6.517202377319336,0.5540071710098908
9070,090700065.WAV,6.542437553405762,0.5625215788320383
9070,090700081.WAV,6.571940898895264,0.5724760770592361
9070,090700082.WAV,6.389634609222412,0.5109655057241624
9070,090700108.WAV,6.808853626251221,0.6524109890272543
9070,090700111.WAV,6.416720390319824,0.5201043120338531
9070,090700117.WAV,6.627565383911133,0.5912439092590203
9070,090700127.WAV,6.881571769714356,0.6769462618303483
9070,090700148.WAV,6.214006423950195,0.4517081425359686
9070,090700164.WAV,6.943526744842529,0.6978500162977499
9070,090700172.WAV,6.487588405609131,0.5440153472353837
9088,090880018.WAV,6.210149765014648,0.4504068967314725
9088,090880060.WAV,5.667220592498779,0.26722131571910723
9088,090880064.WAV,6.085176467895508,0.40824061206175055
9088,090880065.WAV,6.370633602142334,0.5045545212017151
9088,090880086.WAV,5.605295181274414,0.2463275361824524
9088,090880090.WAV,6.270683288574219,0.47083105009313697
9088,090880093.WAV,6.188231945037842,0.4430117726706848
9088,090880095.WAV,6.228915214538574,0.45673840357990625
9088,090880100.WAV,6.383549213409424,0.5089122788501543
9088,090880120.WAV,6.464817523956299,0.5363323981567614
9088,090880126.WAV,5.788659572601318,0.3081951135066676
9088,090880130.WAV,6.437412261962891,0.5270857982406152
9088,090880132.WAV,6.206345081329346,0.44912318749877334
9088,090880140.WAV,6.196592330932617,0.44583258655424385
9088,090880142.WAV,6.363811492919922,0.5022527254889406
9088,090880145.WAV,5.876990795135498,0.33799827594584064
9088,090880147.WAV,6.46309232711792,0.5357503126819017
9088,090880154.WAV,6.747654914855957,0.6317623997237909
9088,090880157.WAV,6.39417028427124,0.5124958531638708
9088,090880163.WAV,6.119072437286377,0.4196771919347213
9101,091010017.WAV,6.49809455871582,0.5475601480279721
9101,091010032.WAV,6.460944652557373,0.5350256822289527
9101,091010049.WAV,6.6776227951049805,0.6081333976448222
9101,091010050.WAV,6.519007205963135,0.5546161244433747
9101,091010055.WAV,6.141817092895508,0.42735129228445534
9101,091010063.WAV,6.446086883544922,0.5300126359848523
9101,091010070.WAV,6.4613142013549805,0.5351503688632857
9101,091010072.WAV,6.591144561767578,0.578955438123091
9101,091010082.WAV,5.793975353240967,0.30998867040930356
9101,091010100.WAV,6.994478702545166,0.7150413267816271
9101,091010107.WAV,6.825198173522949,0.6579256777563225
9101,091010109.WAV,6.42198657989502,0.5218811367945915
9101,091010123.WAV,6.087113380432129,0.40889413091163473
9101,091010127.WAV,6.617439270019531,0.5878273345923197
9101,091010133.WAV,6.129424095153809,0.42316986566986015
9101,091010138.WAV,6.458377838134766,0.5341596329997735
9101,091010139.WAV,6.672431945800781,0.6063819928688898
9101,091010142.WAV,6.304559230804443,0.48226087275495666
9101,091010149.WAV,6.785118579864502,0.6444027284975082
9101,091010151.WAV,6.420799732208252,0.5214806915909083
9107,091070001.WAV,6.814287185668945,0.6542442847668972
9107,091070033.WAV,6.301391124725342,0.4811919463052694
9107,091070038.WAV,6.568300247192383,0.5712477126035822
9107,091070040.WAV,6.431473731994629,0.525082124248381
9107,091070049.WAV,6.40055513381958,0.5146501164331834
9107,091070056.WAV,6.259885311126709,0.46718778708092024
9107,091070061.WAV,7.169626712799072,0.7741366777881782
9107,091070065.WAV,6.559363842010498,0.5682325484564437
9107,091070074.WAV,6.186944484710693,0.4425773805252671
9107,091070089.WAV,6.766205787658691,0.6380215078813214
9107,091070108.WAV,7.020323276519775,0.7237613468859394
9107,091070135.WAV,6.278421401977539,0.47344190777307715
9107,091070138.WAV,6.225881099700928,0.45571468609053833
9107,091070140.WAV,6.377819538116455,0.5069790729170653
9107,091070142.WAV,6.465910911560059,0.536701309708407
9107,091070143.WAV,6.373066425323486,0.5053753614705749
9107,091070162.WAV,6.630768299102783,0.5923245803852317
9107,091070163.WAV,6.232643127441406,0.45799621016986003
9107,091070174.WAV,6.599030494689941,0.5816161704567648
9107,091070175.WAV,6.423171520233154,0.5222809384543556
9118,091180015.WAV,6.094366550445557,0.4113413675501343
9118,091180025.WAV,6.012725830078125,0.3837955962933155
9118,091180035.WAV,6.287282943725586,0.4764318128213898
9118,091180042.WAV,6.477370738983154,0.5405678824605642
9118,091180044.WAV,6.906123161315918,0.6852299591574853
9118,091180050.WAV,6.500891208648682,0.5485037442994074
9118,091180056.WAV,6.985104560852051,0.7118784693050466
9118,091180064.WAV,5.913538455963135,0.35032954275239225
9118,091180075.WAV,6.3517351150512695,0.4981781271649217
9118,091180078.WAV,6.654301166534424,0.6002646252595494
9118,091180088.WAV,6.049659252166748,0.39625701985751305
9118,091180091.WAV,5.905091762542725,0.3474796085064922
9118,091180101.WAV,6.151027202606201,0.43045880498399014
9118,091180110.WAV,5.954190254211426,0.3640455551869477
9118,091180133.WAV,6.79064416885376,0.6462670752312494
9118,091180151.WAV,6.067033290863037,0.40211906141693565
9118,091180157.WAV,6.348721981048584,0.4971614886586646
9118,091180159.WAV,6.466094493865967,0.5367632508106241
9118,091180161.WAV,6.330554962158203,0.49103189371486056
9118,091180163.WAV,6.040096759796143,0.39303061241891757
9553,095530005.WAV,6.690598011016846,0.6125112660407341
9553,095530010.WAV,6.214314937591553,0.45181223576488905
9553,095530011.WAV,6.514305591583252,0.5530297886827011
9553,095530016.WAV,6.2573747634887695,0.4663407223973557
9553,095530028.WAV,6.005555629730225,0.38137635381529855
9553,095530041.WAV,6.16961145401001,0.43672917516010545
9553,095530049.WAV,6.450344562530518,0.5314491868983466
9553,095530059.WAV,6.005055904388428,0.38120774530848434
9553,095530066.WAV,5.850682258605957,0.3291217137831983
9553,095530082.WAV,6.366975784301758,0.5033203648507893
9553,095530083.WAV,6.770031929016113,0.639312456983111
9553,095530085.WAV,7.001040935516357,0.7172554396354196
9553,095530116.WAV,6.279058456420898,0.47365685144206915
9553,095530118.WAV,6.378232002258301,0.5071182392895788
9553,095530129.WAV,7.188200950622559,0.7804036693587182
9553,095530144.WAV,6.613816261291504,0.5866049229179182
9553,095530152.WAV,6.414327144622803,0.5192968253013153
9553,095530154.WAV,5.846793174743652,0.32780952773207717
9553,095530161.WAV,6.0385284423828125,0.3925014584314066
9553,095530173.WAV,6.1651930809021,0.4352384056714238
9555,095550027.WAV,6.02671480178833,0.38851550828224934
9555,095550043.WAV,6.533453464508057,0.5594903260869215
9555,095550044.WAV,6.151839256286621,0.4307327938075629
9555,095550046.WAV,6.013136386871338,0.3839341191219099
9555,095550051.WAV,6.211034774780273,0.4507055011099521
9555,095550053.WAV,6.277154922485352,0.4730145946107702
9555,095550073.WAV,6.2372565269470215,0.45955278202427396
9555,095550075.WAV,6.646608829498291,0.597669212633668
9555,095550081.WAV,6.201330661773682,0.4474313105353611
9555,095550082.WAV,6.736225605010986,0.6279061236743397
9555,095550092.WAV,6.353113174438477,0.4986430876464987
9555,095550100.WAV,6.323448657989502,0.488634209958134
9555,095550107.WAV,6.15370512008667,0.4313623406464593
9555,095550116.WAV,6.253130912780762,0.4649088371772747
9555,095550126.WAV,6.7052001953125,0.6174380773996708
9555,095550134.WAV,6.400216102600098,0.5145357265015569
9555,095550143.WAV,6.394706726074219,0.5126768498911283
9555,095550146.WAV,6.560817718505859,0.5687230898088063
9555,095550148.WAV,5.836616039276123,0.32437573826553967
9555,095550173.WAV,6.307169437408447,0.48314156260829644
9556,095560005.WAV,6.248419761657715,0.4633192836970055
9556,095560008.WAV,6.125997066497803,0.42201357813314977
9556,095560010.WAV,6.729393005371094,0.6256007884700099
9556,095560017.WAV,6.570581912994385,0.5720175520168505
9556,095560031.WAV,7.058607578277588,0.7366785604308654
9556,095560037.WAV,6.393805027008057,0.512372614503356
9556,095560051.WAV,6.173287868499756,0.43796960606424284
9556,095560054.WAV,6.393986225128174,0.512433751175674
9556,095560069.WAV,6.858247756958008,0.6690766850151764
9556,095560080.WAV,6.265291690826416,0.4690119123197152
9556,095560083.WAV,6.441739082336426,0.5285456776211783
9556,095560108.WAV,6.660616874694824,0.6023955600617932
9556,095560115.WAV,6.650845050811768,0.5990985236780724
9556,095560129.WAV,6.237750053405762,0.4597192990133505
9556,095560133.WAV,6.380346298217773,0.5078316077239429
9556,095560150.WAV,6.558763980865479,0.5680301538938755
9556,095560153.WAV,6.5504655838012695,0.5652302551876878
9556,095560163.WAV,6.531075954437256,0.5586881485917166
9556,095560164.WAV,6.343000411987305,0.4952310177872319
9556,095560170.WAV,6.488992214202881,0.5444889955598688
9558,095580008.WAV,6.573394298553467,0.5729664575256186
9558,095580012.WAV,6.439001083374023,0.5276218703252569
9558,095580016.WAV,6.432816505432129,0.5255351791674536
9558,095580039.WAV,6.309378147125244,0.4838867864666574
9558,095580045.WAV,6.641361713409424,0.595898823312121
9558,095580056.WAV,6.110801696777344,0.41688662461536174
9558,095580067.WAV,6.362806797027588,0.5019137387295347
9558,095580071.WAV,6.46721887588501,0.5371426199509555
9558,095580078.WAV,6.086893081665039,0.40881980158897435
9558,095580088.WAV,6.71566915512085,0.6209703290858359
9558,095580097.WAV,6.230231761932373,0.4571826097700906
9558,095580099.WAV,6.864449977874756,0.6711693289542315
9558,095580101.WAV,6.132637023925781,0.4242539154016469
9558,095580102.WAV,6.27783203125,0.4732430527020639
9558,095580116.WAV,6.410664081573486,0.5180608992046116
9558,095580128.WAV,7.132119655609131,0.7614817083903003
9558,095580133.WAV,6.314395427703857,0.4855796287459484
9558,095580157.WAV,6.725081443786621,0.6241460574407995
9558,095580166.WAV,6.637548446655273,0.5946122181317854
9558,095580173.WAV,6.339229106903076,0.49395857057311754
9600,096000002.WAV,6.809325695037842,0.6525702661472408
9600,096000003.WAV,6.467158317565918,0.5371221874315231
9600,096000004.WAV,6.583721160888672,0.5764507651898085
9600,096000005.WAV,6.255969524383545,0.46586659141493114
9600,096000006.WAV,6.160184860229492,0.4335486202257488
9600,096000007.WAV,6.387120723724365,0.510117314838739
9600,096000008.WAV,6.2954301834106445,0.4791807106719854
9600,096000009.WAV,5.983709812164307,0.374005523537458
9600,096000010.WAV,6.1018571853637695,0.41386872540656694
9600,096000011.WAV,5.983099937438965,0.37379975036931357
9600,096000012.WAV,6.771429538726807,0.6397840137898589
9600,096000013.WAV,6.189468383789063,0.4434289500162658
9600,096000014.WAV,6.445670127868652,0.5298720216385207
9600,096000015.WAV,5.888317584991455,0.3418199615096382
9600,096000016.WAV,6.36733865737915,0.5034427990814054
9600,096000017.WAV,6.0092291831970215,0.38261581940355716
9600,096000018.WAV,6.523037433624268,0.5559759327445122
9600,096000020.WAV,6.535112380981445,0.5600500484105913
9600,096000021.WAV,6.122102737426758,0.42069962233625113
9600,096000022.WAV,6.155744552612305,0.4320504499819966
9601,096010001.WAV,5.857445240020752,0.33140355963447976
9601,096010002.WAV,6.351974010467529,0.49825873104079377
9601,096010004.WAV,5.874229431152344,0.33706658523690947
9601,096010005.WAV,5.930219650268555,0.3559578169831885
9601,096010006.WAV,6.348342418670654,0.49703342341875634
9601,096010007.WAV,6.62734842300415,0.5911707061382183
9601,096010008.WAV,5.858243465423584,0.3316728827646389
9601,096010009.WAV,5.832691669464111,0.32305164665191444
9601,096010010.WAV,6.205599784851074,0.4488717227123702
9601,096010011.WAV,6.835503101348877,0.6614025846654423
9601,096010012.WAV,6.249353885650635,0.4636344593314028
9601,096010013.WAV,6.04683256149292,0.3953032877693514
9601,096010015.WAV,6.687967777252197,0.6116238189762437
9601,096010016.WAV,5.784934520721436,0.3069382722325924
9601,096010018.WAV,5.752477169036865,0.2959870853606308
9601,096010019.WAV,6.475435256958008,0.5399148462686199
9601,096010020.WAV,6.107222080230713,0.4156788535651208
9601,096010021.WAV,6.202649593353272,0.4478763211554446
9601,096010022.WAV,6.101308345794678,0.413683545643835
9601,096010023.WAV,6.162456035614014,0.43431492014746165
9604,096040001.WAV,6.508053779602051,0.5509204126017482
9604,096040002.WAV,6.039142608642578,0.39270867957336875
9604,096040004.WAV,6.58320951461792,0.5762781345335
9604,096040005.WAV,6.314864635467529,0.48573794055005615
9604,096040006.WAV,6.376144886016846,0.5064140413560627
9604,096040007.WAV,6.110764026641846,0.41687391462295875
9604,096040008.WAV,6.21592378616333,0.45235506506068135
9604,096040009.WAV,6.207336902618408,0.4494578303367247
9604,096040010.WAV,6.506425380706787,0.5503709869807849
9604,096040011.WAV,6.027309417724609,0.3887161330990405
9604,096040012.WAV,6.183011054992676,0.4412502320780256
9604,096040014.WAV,6.191349506378174,0.444063645206515
9604,096040015.WAV,6.29560661315918,0.4792402384845056
9604,096040016.WAV,6.452663421630859,0.5322315754180382
9604,096040018.WAV,6.317087650299072,0.48648799098781104
9604,096040019.WAV,6.626571178436279,0.5909084619911698
9604,096040021.WAV,6.390587329864502,0.5112869559117714
9604,096040023.WAV,5.991716384887695,0.37670696002401693
9604,096040024.WAV,6.8241729736328125,0.6575797728997863
9604,096040025.WAV,6.551211357116699,0.5654818808600706
9606,096060001.WAV,6.377873420715332,0.5069972530327813
9606,096060002.WAV,6.484681606292725,0.5430345863026182
9606,096060003.WAV,6.526781558990479,0.5572392094577789
9606,096060004.WAV,6.448171615600586,0.5307160294884692
9606,096060005.WAV,6.3498711585998535,0.4975492238699448
9606,096060006.WAV,6.144850730895996,0.4283748488878436
9606,096060007.WAV,6.286875247955322,0.4762942553086742
9606,096060008.WAV,6.406063079833984,0.5165085103856726
9606,096060009.WAV,6.356441974639893,0.4997662326713732
9606,096060010.WAV,6.298572540283203,0.48024094927876404
9606,096060011.WAV,6.832376956939697,0.6603478161819762
9606,096060012.WAV,6.876090049743652,0.6750967166067474
9606,096060013.WAV,6.221469879150391,0.4542263298915532
9606,096060014.WAV,6.556142330169678,0.5671456027770205
9606,096060015.WAV,6.400876998901367,0.514758714469538
9606,096060016.WAV,6.509588241577148,0.5514381436846942
9606,096060017.WAV,6.212687015533447,0.451262971029905
9606,096060019.WAV,7.289206981658935,0.8144833420265389
9606,096060020.WAV,6.458847522735596,0.5343181056898614
9606,096060022.WAV,6.528131484985352,0.5576946776665481
9607,096070002.WAV,6.145891189575195,0.428725902095733
9607,096070003.WAV,6.753678798675537,0.6337948723064069
9607,096070005.WAV,6.573969841003418,0.5731606469032184
9607,096070006.WAV,6.266419887542725,0.469392568547885
9607,096070007.WAV,6.1437530517578125,0.4280044893623798
9607,096070008.WAV,6.279167652130127,0.47369369433144004
9607,096070011.WAV,6.613362789154053,0.5864519203511434
9607,096070012.WAV,6.582225322723389,0.5759460658712248
9607,096070013.WAV,5.526283264160156,0.21966872933218484
9607,096070014.WAV,6.550652980804443,0.565293483377743
9607,096070015.WAV,6.068438053131104,0.40259303151338055
9607,096070016.WAV,6.113592624664307,0.4178282902550394
9607,096070017.WAV,6.091884613037109,0.4105039560253567
9607,096070018.WAV,6.395703315734863,0.5130131015888779
9607,096070019.WAV,6.073211669921875,0.4042036610570017
9607,096070020.WAV,6.800672054290772,0.6496505073861145
9607,096070021.WAV,6.979950428009033,0.7101394527495575
9607,096070022.WAV,6.410436153411865,0.5179839957062751
9607,096070023.WAV,6.073793888092041,0.4044001028383184
9607,096070024.WAV,6.245486259460449,0.4623295131493721
9608,096080003.WAV,6.822000503540039,0.656846776375889
9608,096080005.WAV,6.954898834228516,0.7016869860296266
9608,096080006.WAV,6.386739730834961,0.5099887669408913
9608,096080007.WAV,6.163270950317383,0.4345898742869132
9608,096080008.WAV,6.091121196746826,0.410246377571722
9608,096080009.WAV,6.090122699737549,0.40990948233005375
9608,096080010.WAV,6.436704635620117,0.526847043446615
9608,096080012.WAV,6.566629409790039,0.5706839681304181
9608,096080013.WAV,6.634766578674316,0.5936736093257238
9608,096080014.WAV,6.409945011138916,0.5178182831470972
9608,096080015.WAV,6.550815105438232,0.5653481846108697
9608,096080017.WAV,6.899935245513916,0.6831421417978236
9608,096080018.WAV,6.774425983428955,0.6407950212868239
9608,096080021.WAV,6.394933700561523,0.512753431617506
9608,096080022.WAV,7.069072246551514,0.7402093641432128
9608,096080023.WAV,6.5542473793029785,0.5665062418933575
9608,096080024.WAV,6.530869483947754,0.55861848496247
9608,096080025.WAV,6.594304084777832,0.5800214686251424
9608,096080026.WAV,6.627450466156006,0.5912051357378922
9608,096080027.WAV,6.384840965270996,0.5093481189693903
9609,096090001.WAV,6.118666648864746,0.41954027796592475
9609,096090003.WAV,6.017053604125977,0.3852557974458384
9609,096090005.WAV,6.56473970413208,0.5700463769925326
9609,096090006.WAV,6.46694278717041,0.5370494669686605
9609,096090007.WAV,6.066354751586914,0.4018901206677026
9609,096090008.WAV,5.730866432189941,0.28869557187082395
9609,096090010.WAV,6.615541458129883,0.5871870083927779
9609,096090011.WAV,5.888190269470215,0.34177700495303576
9609,096090014.WAV,6.64943265914917,0.5986219794059509
9609,096090015.WAV,6.382966041564941,0.5087155152968779
9609,096090017.WAV,6.245245933532715,0.46224842661556065
9609,096090018.WAV,5.721749305725098,0.28561943193734707
9609,096090019.WAV,6.002599239349365,0.3803788607406353
9609,096090020.WAV,6.186302185058594,0.4423606671104976
9609,096090021.WAV,6.045009136199951,0.39468805978265586
9609,096090023.WAV,6.008396148681641,0.3823347515968736
9609,096090024.WAV,5.975327014923096,0.37117714801284873
9609,096090025.WAV,6.030633449554443,0.3898376692641172
9609,096090026.WAV,6.401881694793701,0.5150977012289435
9609,096090027.WAV,6.5151896476745605,0.553328071289221
9610,096100001.WAV,6.427885055541992,0.523871296364524
9610,096100002.WAV,6.408236026763916,0.51724166779555
9610,096100003.WAV,6.549372673034668,0.5648615045220222
9610,096100004.WAV,7.1013689041137695,0.7511063324399869
9610,096100005.WAV,6.922629356384277,0.6907991882337006
9610,096100006.WAV,6.523155212402344,0.556015671581519
9610,096100007.WAV,6.300225257873535,0.48079858008469656
9610,096100008.WAV,6.233105182647705,0.45815210868427125
9610,096100009.WAV,6.460205078125,0.5347761480743072
9610,096100010.WAV,6.412143707275391,0.5185601283998829
9610,096100011.WAV,6.46173620223999,0.5352927529553948
9610,096100012.WAV,6.835276126861572,0.6613260029390651
9610,096100013.WAV,6.775687217712402,0.6412205647033538
9610,096100014.WAV,6.596592426300049,0.5807935604421275
9610,096100015.WAV,6.651735305786133,0.5993988978023295
9610,096100016.WAV,6.639451026916504,0.5952541531911251
9610,096100017.WAV,6.94418478012085,0.6980720389498523
9610,096100018.WAV,6.405609130859375,0.5163553469329181
9610,096100019.WAV,6.097018718719482,0.4122362153696948
9610,096100020.WAV,6.825362205505371,0.6579810225333687
9611,096110001.WAV,5.864533424377441,0.3337951297239743
9611,096110002.WAV,6.350183963775635,0.49765476507268347
9611,096110003.WAV,6.529982089996338,0.5583190761540913
9611,096110004.WAV,7.144643306732178,0.7657072177633568
9611,096110005.WAV,6.58759880065918,0.577759089977415
9611,096110006.WAV,6.471280097961426,0.5385128858407786
9611,096110008.WAV,6.032930850982666,0.39061281791471836
9611,096110009.WAV,6.587642669677734,0.5777738914875548
9611,096110011.WAV,6.823797225952148,0.6574529947477161
9611,096110012.WAV,6.093437194824219,0.4110278007755348
9611,096110013.WAV,6.269469261169434,0.47042143438860573
9611,096110014.WAV,6.288499355316162,0.47684223295581973
9611,096110015.WAV,6.32138729095459,0.4879386998675266
9611,096110016.WAV,6.393997669219971,0.5124376124391892
9611,096110017.WAV,6.030373573303223,0.3897499864051348
9611,096110018.WAV,6.992507457733154,0.7143762241411988
9611,096110019.WAV,6.234858512878418,0.4587436864319383
9611,096110021.WAV,6.3453450202941895,0.49602209414983167
9611,096110022.WAV,6.590901374816895,0.5788733862734017
9611,096110023.WAV,6.309185028076172,0.4838216276448446
9612,096120001.WAV,6.622702598571777,0.5896031940371793
9612,096120002.WAV,6.019334316253662,0.3860253150871469
9612,096120003.WAV,6.642711639404297,0.5963542915208906
9612,096120004.WAV,6.189237117767334,0.44335092031606993
9612,096120005.WAV,6.167684078216553,0.4360788740298174
9612,096120006.WAV,6.86156177520752,0.6701948425746778
9612,096120007.WAV,6.176443099975586,0.439034188592476
9612,096120008.WAV,5.71153736114502,0.2821738977942856
9612,096120009.WAV,6.50407075881958,0.5495765320126094
9612,096120010.WAV,6.448604106903076,0.5308619530721337
9612,096120011.WAV,6.258155822753906,0.46660425363224234
9612,096120012.WAV,6.367208480834961,0.5033988772089242
9612,096120013.WAV,5.795751571655273,0.31058797068400024
9612,096120014.WAV,6.2093377113342285,0.4501329079078997
9612,096120015.WAV,7.185113906860352,0.779362093525594
9612,096120016.WAV,6.187056064605713,0.44261502784453666
9612,096120017.WAV,6.049790382385254,0.3963012635019536
9612,096120018.WAV,6.474315166473389,0.5395369251021063
9612,096120019.WAV,6.80552864074707,0.6512891310902182
9612,096120020.WAV,6.034399032592773,0.391108185846474
9613,096130001.WAV,6.713366508483887,0.6201934106894573
9613,096130002.WAV,6.254659175872803,0.46542447674248355
9613,096130003.WAV,6.547245979309082,0.5641439530521841
9613,096130004.WAV,6.504556179046631,0.5497403139400301
9613,096130005.WAV,6.808126926422119,0.6521657987940628
9613,096130006.WAV,6.574408054351807,0.5733085011186401
9613,096130007.WAV,6.998960971832275,0.7165536549916001
9613,096130008.WAV,6.577632904052734,0.5743965729999216
9613,096130009.WAV,6.325084686279297,0.48918620975477434
9613,096130010.WAV,6.469066143035889,0.5377658922366402
9613,096130011.WAV,7.241337776184082,0.7983321594019677
9613,096130012.WAV,6.621515274047852,0.5892025879475165
9613,096130013.WAV,6.821524143218994,0.6566860512820842
9613,096130014.WAV,6.768989086151123,0.6389605993453229
9613,096130016.WAV,6.617461681365967,0.5878348962333695
9613,096130017.WAV,6.656952857971191,0.6011593121931302
9613,096130018.WAV,6.751155853271484,0.6329436245873674
9613,096130019.WAV,7.304357528686523,0.8195951722622274
9613,096130020.WAV,6.999034881591797,0.7165785923184667
9613,096130021.WAV,6.2073493003845215,0.44946201337219915
9614,096140002.WAV,6.813268184661865,0.6539004714280978
9614,096140003.WAV,5.932251453399658,0.35664335214304965
9614,096140004.WAV,6.402462482452393,0.5152936603523208
9614,096140005.WAV,6.213472366333008,0.4515279502386098
9614,096140006.WAV,6.406932830810547,0.5168019664127994
9614,096140007.WAV,6.606503486633301,0.5841375755319451
9614,096140008.WAV,6.169700622558594,0.4367592608383253
9614,096140009.WAV,6.192000389099121,0.44428325456892037
9614,096140010.WAV,6.57187557220459,0.5724540356800054
9614,096140011.WAV,6.592287063598633,0.5793409209306544
9614,096140012.WAV,5.879602909088135,0.33887960934309924
9614,096140014.WAV,6.415652751922607,0.5197440883251156
9614,096140015.WAV,6.481165409088135,0.5418482130876885
9614,096140016.WAV,6.315286159515381,0.4858801637561856
9614,096140017.WAV,6.363760948181152,0.5022356715750835
9614,096140018.WAV,6.676462650299072,0.607741962056007
9614,096140019.WAV,6.5570220947265625,0.5674424374097227
9614,096140020.WAV,6.512485980987549,0.5524158477838437
9614,096140021.WAV,6.320146560668945,0.4875200745481274
9614,096140022.WAV,6.355196475982666,0.49934599849217665
9615,096150003.WAV,6.563831806182861,0.5697400500870231
9615,096150005.WAV,6.327025413513184,0.4898410156924966
9615,096150006.WAV,6.152283191680908,0.4308825786547421
9615,096150007.WAV,6.712178707122803,0.6197926437138148
9615,096150009.WAV,6.080142974853516,0.406542299659147
9615,096150010.WAV,6.944101333618164,0.69804388390339
9615,096150011.WAV,6.74998950958252,0.6325500974808154
9615,096150012.WAV,6.241786956787109,0.46108135971820485
9615,096150013.WAV,6.670793056488037,0.6058290277563712
9615,096150016.WAV,6.510746479034424,0.5518289357295905
9615,096150017.WAV,6.207978248596191,0.44967422197953444
9615,096150018.WAV,6.592292785644531,0.5793428515624119
9615,096150019.WAV,6.626170635223389,0.5907733177681511
9615,096150020.WAV,7.012876987457275,0.7212489514256266
9615,096150021.WAV,6.396301746368408,0.5132150134935072
9615,096150024.WAV,6.42769193649292,0.5238061375427112
9615,096150025.WAV,6.633542537689209,0.5932606150156172
9615,096150026.WAV,6.196968078613281,0.44595936470631403
9615,096150027.WAV,6.2956061363220215,0.4792400775985255
9615,096150028.WAV,6.550041198730469,0.56508706666568
9616,096160001.WAV,5.946939468383789,0.36159912297834684
9616,096160002.WAV,5.8915300369262695,0.34290385035544535
9616,096160003.WAV,6.923752307891846,0.6911780747160925
9616,096160004.WAV,6.79551887512207,0.6479118126025847
9616,096160005.WAV,6.7598557472229,0.635878989288533
9616,096160006.WAV,6.098486423492432,0.4127314224154712
9616,096160007.WAV,6.727293491363525,0.6248924075010194
9616,096160008.WAV,6.787829399108887,0.6453173652925825
9616,096160009.WAV,6.610575675964356,0.5855115417993042
9616,096160010.WAV,6.579101085662842,0.5748919409316777
9616,096160011.WAV,6.560302257537842,0.5685491720646592
9616,096160012.WAV,6.2969746589660645,0.4797018203605068
9616,096160013.WAV,6.005764007568359,0.38144666098846414
9616,096160014.WAV,6.031641960144043,0.3901779431113612
9616,096160015.WAV,6.433340072631836,0.525711831973257
9616,096160016.WAV,6.4497389793396,0.5312448617040204
9616,096160017.WAV,6.486573696136475,0.5436729818704025
9616,096160018.WAV,6.374152183532715,0.505741698846544
9616,096160019.WAV,6.561668395996094,0.5690101103967418
9616,096160020.WAV,6.209248065948486,0.45010266134370025
9617,096170001.WAV,5.960669040679932,0.3662315129942779
9617,096170002.WAV,6.993328094482422,0.7146531089124075
9617,096170003.WAV,6.799259185791016,0.6491738022280134
9617,096170004.WAV,6.654941558837891,0.6004806951303998
9617,096170006.WAV,6.717422008514404,0.6215617459475233
9617,096170007.WAV,5.890046119689941,0.3424031731863564
9617,096170008.WAV,6.33376407623291,0.49211465635880924
9617,096170009.WAV,6.620436668395996,0.588838663861244
9617,096170010.WAV,6.949225902557373,0.6997729255281324
9617,096170011.WAV,6.412302970886231,0.5186138643171307
9617,096170012.WAV,6.463468551635742,0.5358772517199515
9617,096170013.WAV,6.848383903503418,0.6657485976373569
9617,096170014.WAV,6.743197917938232,0.6302585984707465
9617,096170015.WAV,6.222714424133301,0.45464624229879047
9617,096170018.WAV,6.49107837677002,0.5451928717214256
9617,096170020.WAV,6.636448860168457,0.5942412150624026
9617,096170021.WAV,6.544318199157715,0.5631561131363079
9617,096170022.WAV,6.675134658813477,0.6072938946023074
9617,096170023.WAV,6.454713344573975,0.5329232242451309
9617,096170024.WAV,6.352283000946045,0.4983629851556943
9618,096180001.WAV,6.294439792633057,0.478846550491973
9618,096180002.WAV,6.352118015289307,0.49830731860668886
9618,096180004.WAV,6.952996253967285,0.701045050970287
9618,096180005.WAV,6.777227878570557,0.6417403873040366
9618,096180007.WAV,6.590158939361572,0.5786228868028769
9618,096180008.WAV,6.474567413330078,0.5396220337854121
9618,096180009.WAV,6.791481971740723,0.6465497518977303
9618,096180010.WAV,5.885561943054199,0.3408902014324644
9618,096180011.WAV,6.781074047088623,0.6430380936169773
9618,096180012.WAV,6.586467266082764,0.5773773075473867
9618,096180013.WAV,6.87729024887085,0.6755016666178644
9618,096180014.WAV,5.882321834564209,0.3397969811998296
9618,096180015.WAV,6.924721717834473,0.6915051559129941
9618,096180016.WAV,6.917401313781738,0.6890352343513448
9618,096180017.WAV,6.811931610107422,0.6534495080267624
9618,096180018.WAV,6.240681171417236,0.4607082651310852
9618,096180019.WAV,6.647659778594971,0.5980238053331128
9618,096180020.WAV,6.486101150512695,0.5435135438644363
9618,096180021.WAV,6.486290454864502,0.5435774155984106
9618,096180022.WAV,6.890861988067627,0.680080803374487
9619,096190001.WAV,6.257655620574951,0.4664354842394485
9619,096190002.WAV,6.238309383392334,0.45990801826763783
9619,096190003.WAV,6.615177154541016,0.5870640915042229
9619,096190004.WAV,6.400053024291992,0.5144807034964705
9619,096190005.WAV,6.074725151062012,0.4047143131568369
9619,096190006.WAV,6.1886420249938965,0.4431501346132991
9619,096190007.WAV,6.390919208526611,0.5113989325537014
9619,096190008.WAV,6.386998176574707,0.5100759671419344
9619,096190009.WAV,6.951608657836914,0.7005768727691148
9619,096190010.WAV,6.369812965393066,0.5042776364305064
9619,096190011.WAV,6.447458744049072,0.530475504948692
9619,096190012.WAV,6.77590799331665,0.6412950549119938
9619,096190013.WAV,6.53199577331543,0.5589984976467208
9619,096190014.WAV,6.153849124908447,0.43141092821235394
9619,096190015.WAV,6.504509449005127,0.5497245471140111
9619,096190016.WAV,6.194851875305176,0.4452453527280309
9619,096190017.WAV,6.978668689727783,0.7097069912358969
9619,096190019.WAV,6.765472412109375,0.637774065244413
9619,096190020.WAV,6.025353908538818,0.38805633969594466
9619,096190021.WAV,6.4782891273498535,0.5408777488576291
9622,096220001.WAV,6.294247627258301,0.47878171344211995
9622,096220002.WAV,5.990529537200928,0.3763065148203337
9622,096220003.WAV,6.249727249145508,0.46376043305357384
9622,096220004.WAV,6.041697025299072,0.3935705457670735
9622,096220005.WAV,5.577378749847412,0.2369084664959773
9622,096220006.WAV,5.762300968170166,0.2993016583161481
9622,096220007.WAV,6.0099711418151855,0.3828661579881014
9622,096220008.WAV,5.798686027526856,0.31157806300359336
9622,096220009.WAV,5.74423360824585,0.2932056885421188
9622,096220010.WAV,6.227184295654297,0.45615438747328896
9622,096220011.WAV,6.179497718811035,0.44006482417897463
9622,096220012.WAV,5.610969066619873,0.24824191845590637
9622,096220013.WAV,5.958491802215576,0.3654969076105823
9622,096220014.WAV,5.811473846435547,0.31589270320945007
9622,096220015.WAV,6.674984455108643,0.6072432155186755
9622,096220016.WAV,6.418856143951416,0.5208249203373072
9622,096220017.WAV,6.424919128417969,0.5228705855702651
9622,096220018.WAV,6.179838180541992,0.4401796967685405
9622,096220019.WAV,5.982028484344482,0.3734382395727385
9622,096220020.WAV,6.092443466186523,0.41069251439366394
9623,096230001.WAV,6.532680988311768,0.5592296907996708
9623,096230002.WAV,6.495244026184082,0.5465983716408214
9623,096230004.WAV,6.843510627746582,0.664104342923961
9623,096230005.WAV,6.395001411437988,0.5127762774266353
9623,096230006.WAV,6.938424587249756,0.6961285363140572
9623,096230007.WAV,6.046695232391357,0.3952569526071732
9623,096230008.WAV,7.230169296264648,0.7945638879834582
9623,096230009.WAV,6.446404457092285,0.5301197860473887
9623,096230010.WAV,6.420857906341553,0.521500319680442
9623,096230011.WAV,6.2621893882751465,0.46796518813523824
9623,096230012.WAV,6.591914653778076,0.5792152689804431
9623,096230013.WAV,6.426371574401856,0.5233606442646888
9623,096230014.WAV,6.281705856323242,0.4745500904018318
9623,096230015.WAV,6.424624919891357,0.5227713189207381
9623,096230016.WAV,6.178297996520996,0.43966003505383733
9623,096230017.WAV,6.343805313110352,0.49550259332110813
9623,096230018.WAV,6.514565467834473,0.5531174715416836
9623,096230019.WAV,6.447595596313477,0.5305216792248897
9623,096230020.WAV,6.195202350616455,0.44536360392317254
9623,096230021.WAV,6.453756332397461,0.5326003260837038
9624,096240001.WAV,5.905998229980469,0.34778545275406225
9624,096240002.WAV,6.54907751083374,0.5647619161005355
9624,096240003.WAV,6.9628448486328125,0.7043679899967532
9624,096240004.WAV,6.810254096984863,0.652883511149881
9624,096240005.WAV,6.536427974700928,0.5604939328288163
9624,096240006.WAV,6.289051532745361,0.4770285389204101
9624,096240007.WAV,5.615285396575928,0.24969825834491433
9624,096240008.WAV,6.134045124053955,0.42472901169995025
9624,096240009.WAV,6.963027000427246,0.704429448441031
9624,096240010.WAV,7.039160251617432,0.7301169866313402
9624,096240011.WAV,6.396183013916016,0.5131749528845406
9624,096240012.WAV,6.408489227294922,0.5173270982508156
9624,096240013.WAV,6.989429473876953,0.7133377051416907
9624,096240014.WAV,6.810290336608887,0.6528957384843446
9624,096240015.WAV,6.588770866394043,0.5781545477157246
9624,096240016.WAV,6.50432825088501,0.5496634104416931
9624,096240017.WAV,7.039430618286133,0.730208208981878
9624,096240019.WAV,6.605696678161621,0.5838653564541503
9624,096240020.WAV,6.465989112854004,0.5367276950090918
9624,096240021.WAV,6.32601261138916,0.48949929387143487
9625,096250001.WAV,7.065503120422363,0.7390051325845268
9625,096250002.WAV,6.456892013549805,0.5336583122867655
9625,096250003.WAV,7.100274085998535,0.7507369382304023
9625,096250004.WAV,6.804697513580322,0.6510087068274537
9625,096250005.WAV,6.585422039031982,0.577024645479699
9625,096250007.WAV,6.3754425048828125,0.5061770563078405
9625,096250008.WAV,6.113462924957275,0.41778452926853826
9625,096250009.WAV,6.576090335845947,0.5738761068553193
9625,096250010.WAV,6.898029804229736,0.6824992414226052
9625,096250011.WAV,6.423504829406738,0.5223933977542246
9625,096250012.WAV,6.098624229431152,0.4127779184636291
9625,096250013.WAV,6.728642463684082,0.6253475539378293
9625,096250014.WAV,6.229282855987549,0.4568624466703197
9625,096250015.WAV,5.97266960144043,0.37028053044751075
9625,096250016.WAV,6.276055812835693,0.472643752427367
9625,096250017.WAV,6.507945537567139,0.550883891484337
9625,096250018.WAV,6.948292255401611,0.6994579107797148
9625,096250020.WAV,6.234544277191162,0.45863766257126026
9625,096250021.WAV,6.467233180999756,0.537147446530349
9625,096250023.WAV,6.988036632537842,0.7128677571947406
9626,096260002.WAV,6.409331321716309,0.5176112228911147
9626,096260003.WAV,6.26667070388794,0.4694771945732519
9626,096260004.WAV,6.462269306182861,0.5354726234807938
9626,096260005.WAV,6.839761734008789,0.6628394573508964
9626,096260006.WAV,6.543240547180176,0.5627925108219956
9626,096260007.WAV,6.351944923400879,0.49824891699602714
9626,096260008.WAV,6.351963520050049,0.4982551915492388
9626,096260009.WAV,6.634478569030762,0.593576434193934
9626,096260011.WAV,6.249558925628662,0.46370364030270994
9626,096260012.WAV,6.243255615234375,0.4615768885359406
9626,096260013.WAV,6.371273040771484,0.5047702693006062
9626,096260014.WAV,5.953145503997803,0.3636930540052401
9626,096260015.WAV,6.473018646240234,0.5390994761230725
9626,096260016.WAV,6.50113582611084,0.548586278807037
9626,096260017.WAV,6.2500762939453125,0.4638782015907761
9626,096260018.WAV,5.873833656311035,0.33693304987368844
9626,096260019.WAV,6.119120597839356,0.41969344141868015
9626,096260020.WAV,6.437373161315918,0.5270726055902728
9626,096260021.WAV,6.580662727355957,0.5754188425154714
9626,096260022.WAV,6.24422025680542,0.46190236087304437
9628,096280001.WAV,5.683463096618652,0.27270157484850155
9628,096280002.WAV,6.245505809783936,0.4623361094745435
9628,096280003.WAV,5.950963973999023,0.36295700064772674
9628,096280004.WAV,6.212515354156494,0.45120505207718264
9628,096280005.WAV,5.653711318969727,0.26266325502583654
9628,096280006.WAV,6.02289342880249,0.38722616804025756
9628,096280007.WAV,5.962486743927002,0.3668448103492159
9628,096280008.WAV,5.664695262908936,0.26636926357016955
9628,096280009.WAV,5.743171215057373,0.2928472345791593
9628,096280010.WAV,6.112919807434082,0.4176012801375639
9628,096280011.WAV,5.910109043121338,0.3491724507857832
9628,096280012.WAV,6.2216620445251465,0.45429116694140625
9628,096280013.WAV,5.79884147644043,0.31163051183300294
9628,096280014.WAV,5.862995624542236,0.3332762724391698
9628,096280015.WAV,5.522686958312988,0.21845532727265127
9628,096280016.WAV,6.050045490264893,0.3963873375011382
9628,096280017.WAV,5.845016956329346,0.3272102274573805
9628,096280018.WAV,5.561366081237793,0.2315057544088388
9628,096280019.WAV,6.0935564041137695,0.411068022270481
9628,096280020.WAV,6.096219539642334,0.41196657046757656
9629,096290001.WAV,6.375380992889404,0.5061563020164483
9629,096290002.WAV,6.028571128845215,0.3891418374015496
9629,096290004.WAV,5.892133712768555,0.3431075320058523
9629,096290005.WAV,6.0296311378479,0.38949948693461045
9629,096290006.WAV,6.277356147766113,0.4730824884942393
9629,096290007.WAV,5.81497049331665,0.31707248009920863
9629,096290008.WAV,5.721231937408447,0.28544487064928115
9629,096290009.WAV,5.838274955749512,0.3249354605892094
9629,096290010.WAV,6.64061450958252,0.5956467149817992
9629,096290011.WAV,6.020725727081299,0.3864947803761576
9629,096290012.WAV,6.437071323394775,0.5269707647650692
9629,096290014.WAV,6.428260326385498,0.5239979136306141
9629,096290015.WAV,5.686991691589356,0.2738921310989062
9629,096290016.WAV,6.467016696929932,0.5370744042955271
9629,096290017.WAV,5.936319351196289,0.35801587043658967
9629,096290018.WAV,5.886733055114746,0.3412853373988147
9629,096290020.WAV,6.419949054718018,0.5211936710029728
9629,096290021.WAV,6.518595218658447,0.5544771189568409
9629,096290022.WAV,6.267350673675537,0.4697066179804239
9629,096290023.WAV,5.940747261047363,0.3595098576448674
9630,096300001.WAV,6.611478328704834,0.5858160989590353
9630,096300002.WAV,6.104458332061768,0.4147463584262907
9630,096300003.WAV,6.462040424346924,0.5353953982104975
9630,096300004.WAV,6.384498119354248,0.5092324419499252
9630,096300005.WAV,6.246943950653076,0.4628213415895728
9630,096300006.WAV,5.740476608276367,0.29193806790739774
9630,096300007.WAV,6.429727077484131,0.5244927989044308
9630,096300008.WAV,6.356758117675781,0.4998729000759703
9630,096300009.WAV,6.490819931030273,0.5451056715203821
9630,096300010.WAV,6.466432094573975,0.5368771580843112
9630,096300011.WAV,6.69062614440918,0.6125207583135415
9630,096300012.WAV,6.792032718658447,0.6467355752043813
9630,096300013.WAV,7.095432281494141,0.7491033019916717
9630,096300014.WAV,6.11658239364624,0.4188370453482875
9630,096300015.WAV,6.459890365600586,0.5346699633276499
9630,096300016.WAV,6.175088405609131,0.43857711152390855
9630,096300017.WAV,6.3450846672058105,0.4959342504048696
9630,096300018.WAV,6.149021625518799,0.4297821185530173
9630,096300019.WAV,6.622382640838623,0.5894952395447441
9630,096300020.WAV,6.370334148406982,0.5044534848064106
9631,096310001.WAV,6.7759785652160645,0.641318866037002
9631,096310002.WAV,6.4878764152526855,0.5441125223671734
9631,096310003.WAV,6.536267280578613,0.560439714253629
9631,096310004.WAV,6.366880893707275,0.5032883485408124
9631,096310005.WAV,5.3500566482543945,0.1602094542393615
9631,096310006.WAV,6.067073822021484,0.40213273672521743
9631,096310007.WAV,5.839323043823242,0.32528908797277545
9631,096310008.WAV,6.208553314208984,0.44986825047115464
9631,096310009.WAV,6.895195484161377,0.681542935158767
9631,096310010.WAV,6.561051368713379,0.5688019239389004
9631,096310011.WAV,6.2802839279174805,0.4740703284101151
9631,096310012.WAV,6.4822611808776855,0.5422179290692328
9631,096310013.WAV,6.448144912719727,0.5307070198736017
9631,096310014.WAV,5.851593971252441,0.3294293277765461
9631,096310015.WAV,6.411413192749023,0.5183136510788529
9631,096310016.WAV,6.065065383911133,0.4014550849783658
9631,096310017.WAV,5.902302265167236,0.34653842552475367
9631,096310018.WAV,5.453735828399658,0.19519105370985357
9631,096310019.WAV,6.208756923675537,0.4499369487845224
9631,096310020.WAV,6.161060333251953,0.43384400688463276
9633,096330003.WAV,6.14362907409668,0.42796265900763575
9633,096330005.WAV,6.61100435256958,0.5856561782951297
9633,096330006.WAV,5.886359691619873,0.3411593636766437
9633,096330007.WAV,6.439200401306152,0.5276891206648064
9633,096330008.WAV,6.36790943145752,0.5036353795992075
9633,096330009.WAV,7.129676342010498,0.7606573286298854
9633,096330010.WAV,6.678799152374268,0.6085303033569505
9633,096330011.WAV,6.117062568664551,0.4189990575299303
9633,096330012.WAV,6.313440322875977,0.4852573741284403
9633,096330013.WAV,6.117009162902832,0.4189810383001944
9633,096330014.WAV,6.530147552490234,0.5583749035890764
9633,096330015.WAV,6.091789722442627,0.41047193971537976
9633,096330016.WAV,6.522071361541748,0.555649977749469
9633,096330017.WAV,6.483533382415772,0.5426471728632978
9633,096330018.WAV,5.9833197593688965,0.3738739188059943
9633,096330019.WAV,6.292248725891113,0.478107279414864
9633,096330020.WAV,5.88338565826416,0.3401559178207285
9633,096330021.WAV,6.346315383911133,0.49634949711869303
9633,096330022.WAV,6.6050944328308105,0.5836621574616825
9633,096330023.WAV,6.656987190246582,0.6011708959836743
9634,096340004.WAV,6.579212665557861,0.5749295882509473
9634,096340005.WAV,6.185579299926758,0.4421167639651442
9634,096340006.WAV,6.269511222839356,0.47043559235482735
9634,096340007.WAV,6.058788776397705,0.39933734282646394
9634,096340008.WAV,6.093710422515869,0.41111998844195097
9634,096340009.WAV,5.946701526641846,0.36151884087443453
9634,096340010.WAV,6.193393707275391,0.4447533634018501
9634,096340011.WAV,6.452343463897705,0.5321236209256026
9634,096340012.WAV,5.935663223266602,0.35779449132840635
9634,096340013.WAV,6.1338300704956055,0.42465645212306735
9634,096340014.WAV,5.735814571380615,0.2903650856830462
9634,096340015.WAV,6.010670185089111,0.3831020168344652
9634,096340016.WAV,6.270167827606201,0.47065713234898987
9634,096340017.WAV,6.132078647613525,0.42406551791931935
9634,096340018.WAV,6.283133029937744,0.4750316221393265
9634,096340019.WAV,6.185673713684082,0.4421486193891415
9634,096340020.WAV,6.109313488006592,0.4163844994724546
9634,096340021.WAV,6.155916690826416,0.432108529820699
9634,096340022.WAV,5.532402992248535,0.22173353999673728
9634,096340023.WAV,5.848515033721924,0.32839048700507845
9635,096350006.WAV,6.20137882232666,0.44744756001931907
9635,096350007.WAV,6.790591716766357,0.6462493777734732
9635,096350008.WAV,6.120638370513916,0.42020554149233313
9635,096350009.WAV,6.44287109375,0.5289276209371867
9635,096350010.WAV,6.499207019805908,0.5479354950188091
9635,096350011.WAV,6.217934608459473,0.4530335212374321
9635,096350012.WAV,6.26777458190918,0.4698496456164525
9635,096350013.WAV,6.629029750823975,0.5917379901029378
9635,096350014.WAV,6.546050548553467,0.5637406119008646
9635,096350015.WAV,6.338286876678467,0.49364065987706396
9635,096350016.WAV,6.263531684875488,0.46841808216833125
9635,096350018.WAV,6.347614765167236,0.4967879114136051
9635,096350019.WAV,6.096898555755615,0.4121956721027893
9635,096350020.WAV,7.153637886047363,0.7687420100000291
9635,096350021.WAV,6.219382286071777,0.45352197107205705
9635,096350023.WAV,6.6552276611328125,0.6005772267182701
9635,096350024.WAV,6.326526641845703,0.48967272895764213
9635,096350025.WAV,6.448444843292236,0.5308082171548858
9635,096350026.WAV,6.684705257415772,0.6105230371025596
9635,096350027.WAV,6.536946296691895,0.5606688158888422
9639,096390001.WAV,5.963809967041016,0.3672912689431176
9639,096390002.WAV,6.401392459869385,0.5149326322136847
9639,096390003.WAV,6.41740083694458,0.5203338963270052
9639,096390004.WAV,6.350510120391846,0.49776481108285586
9639,096390005.WAV,6.694737911224365,0.6139080781172221
9639,096390006.WAV,6.368407726287842,0.5038035054480818
9639,096390007.WAV,6.210951328277588,0.45067734606348986
9639,096390008.WAV,6.280030250549316,0.4739847370688699
9639,096390009.WAV,5.994847297668457,0.3777633373672813
9639,096390010.WAV,6.792191982269287,0.6467893111216296
9639,096390011.WAV,6.774506568908691,0.6408222110174073
9639,096390012.WAV,5.991467952728272,0.37662313842854966
9639,096390013.WAV,6.414328098297119,0.519297147073275
9639,096390014.WAV,6.252246856689453,0.4646105545707544
9639,096390015.WAV,6.741920471191406,0.6298275849309041
9639,096390016.WAV,6.327641487121582,0.49004888037837824
9639,096390017.WAV,5.857058525085449,0.33127308110487474
9639,096390018.WAV,6.557342529296875,0.5675505527881379
9639,096390019.WAV,5.936563968658447,0.3580984049442193
9639,096390020.WAV,6.618127346038818,0.5880594930611485
9640,096400001.WAV,5.938835144042969,0.35886470486593214
9640,096400002.WAV,6.23486852645874,0.4587470650375136
9640,096400004.WAV,6.549604892730713,0.564939855994177
9640,096400006.WAV,6.84356689453125,0.6641233274695757
9640,096400007.WAV,6.561838626861572,0.5690675466915247
9640,096400008.WAV,6.373989105224609,0.5056866758414575
9640,096400010.WAV,6.41203498840332,0.5185234463964921
9640,096400012.WAV,6.454294681549072,0.5327819663548803
9640,096400013.WAV,6.860426902770996,0.669811933942791
9640,096400014.WAV,6.572927474975586,0.5728089501514095
9640,096400016.WAV,6.581962585449219,0.5758574176963636
9640,096400018.WAV,7.148078918457031,0.7668664012477031
9640,096400019.WAV,6.028594970703125,0.3891498817005392
9640,096400020.WAV,6.011221408843994,0.38328800102709626
9640,096400021.WAV,6.250439643859863,0.4640007967073718
9640,096400022.WAV,7.076327323913574,0.7426572443256318
9640,096400024.WAV,6.771777153015137,0.6399012996691218
9640,096400025.WAV,6.320488929748535,0.4876355906816128
9640,096400026.WAV,6.5575032234191895,0.5676047713633252
9640,096400028.WAV,6.1404314041137695,0.4268837576272022
9643,096430002.WAV,6.094577312469482,0.411412479153199
9643,096430003.WAV,6.304238796234131,0.48215275737654184
9643,096430004.WAV,6.363400936126709,0.5021142026603462
9643,096430005.WAV,6.087747097015381,0.40910794837876785
9643,096430006.WAV,6.187002182006836,0.4425968477288207
9643,096430007.WAV,6.784272193908691,0.6441171558833909
9643,096430008.WAV,5.8426618576049805,0.3264156116032255
9643,096430009.WAV,6.183241367340088,0.44132794000626174
9643,096430010.WAV,6.2574968338012695,0.46638190920818023
9643,096430011.WAV,6.342271327972412,0.4949850231241417
9643,096430012.WAV,6.019184112548828,0.385974636003515
9643,096430013.WAV,5.953504085540772,0.36381404026203845
9643,096430014.WAV,6.260834693908691,0.4675081110666708
9643,096430015.WAV,6.187249183654785,0.442680186666349
9643,096430016.WAV,6.168916702270508,0.43649476428755984
9643,096430017.WAV,5.970719337463379,0.3696225067901928
9643,096430018.WAV,6.795435905456543,0.6478838184421025
9643,096430019.WAV,5.831829071044922,0.3227606039144846
9643,096430020.WAV,6.474228858947754,0.5395078047397652
9643,096430021.WAV,6.222545146942139,0.45458912777596683
9645,096450001.WAV,5.658447265625,0.2642611745770549
9645,096450002.WAV,6.165277004241943,0.4352667216038657
9645,096450003.WAV,6.098884582519531,0.41286576220859117
9645,096450004.WAV,6.631986141204834,0.592735483177601
9645,096450005.WAV,6.601341724395752,0.5823959848007798
9645,096450006.WAV,6.87200927734375,0.6737198543917529
9645,096450007.WAV,6.321474552154541,0.4879681420018269
9645,096450008.WAV,6.760179996490479,0.6359883917547868
9645,096450010.WAV,6.558755397796631,0.5680272579462391
9645,096450011.WAV,6.590383052825928,0.5786985032133758
9645,096450012.WAV,6.601871490478516,0.58257472912432
9645,096450013.WAV,6.144702911376953,0.4283249742341104
9645,096450014.WAV,5.896775722503662,0.344673757019053
9645,096450015.WAV,6.2437520027160645,0.46174437084089637
9645,096450016.WAV,6.595674991607666,0.5804840158170224
9645,096450017.WAV,6.951376914978027,0.7004986821829393
9645,096450018.WAV,6.762849807739258,0.6368891923555993
9645,096450019.WAV,5.651411056518555,0.26188714105935684
9645,096450020.WAV,6.533421039581299,0.559479385840296
9645,096450021.WAV,6.941450595855713,0.6971495187417684
9646,096460002.WAV,6.381181716918945,0.5081134799605251
9646,096460003.WAV,6.015847682952881,0.38484891680296385
9646,096460004.WAV,5.928317546844482,0.35531604280982854
9646,096460005.WAV,5.65394401550293,0.26274176738397137
9646,096460006.WAV,6.019541263580322,0.3860951396023735
9646,096460007.WAV,6.844549179077148,0.6644547525879314
9646,096460008.WAV,6.360289573669434,0.5010644216422533
9646,096460009.WAV,6.265193939208984,0.46897893069385943
9646,096460010.WAV,6.6898393630981445,0.6122552964468972
9646,096460011.WAV,6.522547245025635,0.5558105419572936
9646,096460012.WAV,6.185434818267822,0.44206801551326946
9646,096460013.WAV,6.119236469268799,0.419732536711767
9646,096460014.WAV,6.235029220581055,0.4588012836127009
9646,096460015.WAV,6.719694137573242,0.6223283676411959
9646,096460016.WAV,6.0696001052856445,0.40298511064611486
9646,096460017.WAV,6.691396713256836,0.6127807500568732
9646,096460018.WAV,6.055528163909912,0.39823720449669886
9646,096460019.WAV,6.749826908111572,0.6324952353617086
9646,096460020.WAV,5.7657470703125,0.30046438129204955
9646,096460021.WAV,6.426255702972412,0.5233215489716005
9647,096470002.WAV,5.9212327003479,0.35292559892219266
9647,096470003.WAV,6.871825695037842,0.6736579132895357
9647,096470004.WAV,6.078834533691406,0.40610082853061846
9647,096470005.WAV,6.317299842834473,0.48655958524881515
9647,096470007.WAV,6.490299224853516,0.5449299840304576
9647,096470008.WAV,6.19941520690918,0.44678503155456695
9647,096470010.WAV,6.041582584381104,0.3935319331319256
9647,096470011.WAV,6.190399169921875,0.4437429994488047
9647,096470012.WAV,6.17396879196167,0.43819935124337506
9647,096470013.WAV,6.219805717468262,0.45366483782210554
9647,096470014.WAV,6.587268352508545,0.5776475959934244
9647,096470015.WAV,6.491097927093506,0.5451994680465966
9647,096470016.WAV,6.371247291564941,0.5047615814576976
9647,096470017.WAV,6.320884704589844,0.4877691260448336
9647,096470018.WAV,6.333298683166504,0.4919576316425396
9647,096470019.WAV,6.534274578094482,0.5597673717441103
9647,096470020.WAV,6.279412269592285,0.4737762288390692
9647,096470021.WAV,6.354684352874756,0.499173206949888
9647,096470022.WAV,6.112845420837402,0.4175761819247177
9647,096470023.WAV,6.2172040939331055,0.4527870439164021
9649,096490001.WAV,6.064202785491943,0.4011640422409355
9649,096490002.WAV,6.3575439453125,0.5001380401706548
9649,096490003.WAV,6.115950584411621,0.4186238714250734
9649,096490004.WAV,6.523951053619385,0.5562841902817788
9649,096490005.WAV,6.22459888458252,0.4552820636908985
9649,096490006.WAV,6.311800956726074,0.48470424812994195
9649,096490007.WAV,5.815695285797119,0.31731702678848084
9649,096490008.WAV,6.467013359069824,0.5370732780936682
9649,096490009.WAV,6.294634342193604,0.47891219197172563
9649,096490010.WAV,5.984762191772461,0.3743605988948422
9649,096490011.WAV,6.099833488464356,0.4131859253083625
9649,096490012.WAV,6.137101650238037,0.4257602908303679
9649,096490013.WAV,5.99197244644165,0.37679335579516127
9649,096490014.WAV,6.25725793838501,0.4663013053323082
9649,096490015.WAV,6.1509690284729,0.43043917689445643
9649,096490016.WAV,6.379225254058838,0.5074533647854695
9649,096490017.WAV,6.326887130737305,0.4897943587583591
9649,096490018.WAV,6.468142509460449,0.5374542560937978
9649,096490019.WAV,6.602287769317627,0.5827151825846719
9649,096490020.WAV,6.250472545623779,0.464011897839977
