Speaker,Audio filename,Raw Mean of Per Token Losses,Normalized Per Token Losses
1,10011,6.769767761230469,0.6048209149626496
1,10035,6.9641828536987305,0.676672042193095
1,10053,5.980332374572754,0.31306464395082334
1,10063,6.40274715423584,0.46917895427653966
1,10069,6.269431591033936,0.4199087388225504
1,10075,6.277786731719971,0.4229965972230423
1,10089,6.421092987060547,0.47595913143100455
1,10095,6.288224697113037,0.4268542173798038
1,10106,6.687407970428467,0.574382723500978
1,10115,6.215737342834473,0.4000646402500456
1,10121,6.982072830200195,0.6832837458496221
1,10122,6.426653861999512,0.4780142966328389
1,10133,7.426117897033691,0.8473920884069968
1,10135,6.300044536590576,0.4312225448556284
1,10140,7.027735710144043,0.7001596444997722
1,10145,6.5631489753723145,0.5284595971121953
1,10149,6.522187232971191,0.5133211254664081
1,10168,6.364833831787109,0.4551671050913362
1,10173,6.197625637054443,0.39337099080215787
3,30012,6.2495598793029785,0.4125646336415143
3,30040,5.957199573516846,0.30451531884050076
3,30047,6.322839736938477,0.4396471008900724
3,30049,5.956727504730225,0.30434085360728047
3,30054,7.051846981048584,0.7090705884571336
3,30059,7.000582218170166,0.6901243690394352
3,30067,6.395569801330566,0.4665263778215569
3,30069,6.3727898597717285,0.4581074610673783
3,30079,6.577916145324707,0.5339171868168433
3,30080,6.397355079650879,0.4671861736126448
3,30101,6.371825218200684,0.45775095281808054
3,30116,6.342947959899902,0.4470786149152268
3,30119,6.482249736785889,0.4985611905084568
3,30145,6.3209309577941895,0.43894166217433406
3,30153,5.950845241546631,0.3021669110648497
3,30154,6.625814437866211,0.5516192400259194
3,30175,6.212738037109375,0.3989561692228174
5,50003,6.173627853393555,0.38450198899177246
5,50028,6.009490013122559,0.32384060362855993
5,50040,7.448421001434326,0.8556347776528719
5,50055,6.269161701202393,0.4198089940528502
5,50100,6.51123571395874,0.5092737082832042
5,50114,6.21442174911499,0.3995784285546369
5,50174,6.26382303237915,0.41783595086988545
5,50175,6.427517414093018,0.47833344465037597
6,60015,5.712265968322754,0.21399376824285166
6,60020,6.686395168304443,0.5740084162733419
6,60029,6.1539692878723145,0.3772366575069481
6,60031,6.7355570793151855,0.592177472379422
6,60049,7.100524425506592,0.7270605974147777
6,60056,6.367316722869873,0.4560847217270718
6,60077,5.95610237121582,0.3041098193438947
6,60081,6.305892467498779,0.4333837990174614
6,60082,6.409509181976318,0.4716780365717901
6,60083,6.124417781829834,0.3663151339073536
6,60094,6.591923236846924,0.5390938698732557
6,60102,6.055150985717773,0.3407157973686765
6,60106,5.593215465545654,0.16999557492726658
6,60111,6.737270355224609,0.5928106578167565
6,60113,6.503954887390137,0.5065828904589196
6,60116,6.46966028213501,0.4939084318342306
6,60124,6.328527450561523,0.44174914260911513
6,60130,6.104692459106445,0.35902513057136676
6,60136,6.396929740905762,0.46702897867523796
6,60153,6.22123384475708,0.40209601473825907
24,240010,7.220142841339111,0.771268677692752
24,240031,5.907937049865723,0.2863090787301681
24,240060,7.193225860595703,0.7613208110765333
24,240071,6.350625038146973,0.4499158777989114
24,240073,6.481378078460693,0.4982390466232782
24,240099,6.256519794464111,0.41513685035271064
24,240115,6.266600608825684,0.41886247610575267
24,240116,6.559420585632324,0.5270816742247708
24,240151,6.114264965057373,0.3625628978005573
24,240152,6.210672378540039,0.3981927516568471
24,240248,6.421519756317139,0.4761168550509358
24,240284,6.145766258239746,0.374205015681605
24,240287,6.480284214019775,0.4978347807192305
24,240289,6.311870098114014,0.4355929870615525
24,240320,6.512499809265137,0.5097408874077163
24,240324,6.520086765289307,0.5125448432923319
24,240329,6.1100239753723145,0.36099553034170717
24,240350,6.972975730895996,0.6799216774462098
24,240352,6.245863437652588,0.41119851799714646
26,260011,5.78078031539917,0.23931501777342556
26,260015,6.259042739868164,0.41606927009914396
26,260032,6.412453651428223,0.47276624143556334
26,260033,5.877766132354736,0.27515863559728726
26,260039,6.156287670135498,0.3780934756523193
26,260048,6.802256107330322,0.6168278237858853
26,260050,6.352008819580078,0.45042729002800797
26,260052,5.943709850311279,0.2995298426305977
26,260075,6.526340007781982,0.5148558908362226
26,260091,6.70062780380249,0.5792684549411817
26,260095,6.3098578453063965,0.43484930697651225
26,260096,6.325932025909424,0.4407899362814198
26,260112,6.070558547973633,0.3464100606169762
26,260115,6.35508394241333,0.4515637812290565
26,260121,5.718830585479736,0.2164198923496643
26,260126,5.810081005096436,0.2501438457036531
26,260133,6.3529157638549805,0.45076247474880105
26,260166,6.726938724517822,0.5889923363943466
36,360013,5.941308498382568,0.2986423608987814
36,360034,6.044195652008057,0.33666697036540616
36,360036,6.391002655029297,0.4648384707470268
36,360132,6.362020969390869,0.4541275390198545
36,360133,6.014449119567871,0.325673369714915
36,360190,6.2593536376953125,0.4161841704345577
36,360210,6.595558166503906,0.5404372521690524
36,360241,6.544682025909424,0.521634658170621
36,360283,6.96914529800415,0.6785060418720084
36,360313,6.707453727722168,0.5817911517225445
36,360314,6.150240898132324,0.3758587346195241
36,360332,6.280866622924805,0.424134850699174
36,360334,6.302443981170654,0.43210932167741123
36,360339,6.349674224853516,0.4495644801473546
36,360343,6.182658672332764,0.38783956177153045
36,360378,6.923620700836182,0.6616812491992665
44,440032,6.647861957550049,0.559767471327344
44,440045,6.6561431884765625,0.562828014464049
44,440049,6.646933555603027,0.5594243563686774
44,440089,6.831791400909424,0.6277433556501977
44,440090,6.523909091949463,0.5139574829988918
44,440132,6.108822345733643,0.3605514370207825
44,440173,5.739012718200684,0.22387872163860556
48,480010,6.630215167999268,0.5532456437000517
48,480015,6.577568531036377,0.5337887169632898
49,490002,6.417619228363037,0.474675314033014
49,490032,6.422694683074951,0.47655107963139565
49,490047,6.018415451049805,0.3271392301289826
49,490052,7.09543514251709,0.7251797212186555
49,490086,6.883523464202881,0.6468622780260336
49,490087,6.357149600982666,0.4523271987950268
49,490088,6.952919006347656,0.672509195991952
49,490092,6.65123176574707,0.561012871128524
49,490102,6.7924981117248535,0.6132215040559645
49,490134,6.079298973083496,0.34964031084417724
49,490144,5.848268985748291,0.26425720193363866
49,490151,6.678364276885986,0.5710403925784957
49,490157,6.372014045715332,0.45782073891136865
49,490162,6.277490139007568,0.4228869837128777
49,490164,6.618913173675537,0.5490686992982445
49,490175,6.318729400634766,0.43812801976849713
53,530003,6.476644992828369,0.49648981237585876
53,530006,6.270627498626709,0.42035071741337515
53,530019,6.145864963531494,0.3742414947758237
53,530030,6.411725997924805,0.47249731825789243
53,530037,6.701219081878662,0.5794869770514779
53,530054,6.0031938552856445,0.32151369560892173
53,530055,6.056821823120117,0.3413332985577717
53,530076,6.0778584480285645,0.3491079275415927
53,530094,7.075216293334961,0.7177073224115749
53,530109,6.262547016143799,0.4173643660576658
53,530115,6.443416595458984,0.48420939845973643
53,530154,6.424270153045654,0.47713333531883007
53,530163,6.854724407196045,0.6362188414345413
53,530174,6.589687347412109,0.538267539086821
54,540001,7.03946590423584,0.7044948412040359
54,540004,7.337975978851318,0.8148169621796384
54,540014,6.482790470123291,0.49876103250287307
54,540018,6.350543022155762,0.44988556666748347
54,540031,6.166703224182129,0.3819428131161906
54,540054,7.759429931640625,0.970576174076123
54,540055,6.174058437347412,0.38466112243177064
54,540058,6.482030391693115,0.4984801258546374
54,540072,6.469855785369873,0.49398068511263493
54,540077,6.352133750915527,0.4504734616351833
54,540088,6.489070892333984,0.5010821250147373
54,540111,6.0047221183776855,0.3220785047730341
54,540117,6.477053642272949,0.49664083935047487
54,540123,6.701747417449951,0.579682237130678
54,540127,6.137158393859863,0.37102375670171184
54,540130,6.6083984375,0.5451827065126464
54,540156,6.2692484855651855,0.4198410674593618
54,540163,6.252841949462891,0.41377760758116655
56,560016,6.104738712310791,0.35904222463967206
56,560017,6.176273345947266,0.38547969920784
56,560033,7.259712219238281,0.7858925650142929
56,560074,6.457752227783203,0.48950750226937
56,560075,6.045278549194336,0.3370671830367631
56,560086,5.785048484802246,0.24089243020024909
56,560088,6.279059886932373,0.4234671246702122
56,560134,6.588409423828125,0.5377952493645679
56,560154,5.7343621253967285,0.2221599747501226
70,700008,6.266912937164307,0.4189779051236917
70,700012,5.992550373077393,0.3175801213960814
70,700015,5.819989204406738,0.2538056770986892
70,700034,6.923367500305176,0.661587672392357
70,700037,5.950098991394043,0.3018911150143546
70,700046,6.96776819229126,0.6779970968280284
70,700048,6.172194004058838,0.3839720728743041
70,700053,7.251319408416748,0.782790784640645
70,700082,5.865216255187988,0.27052050380625015
70,700109,6.220483303070068,0.40181863264018935
70,700120,5.959275245666504,0.30528243718414516
70,700123,6.4835286140441895,0.49903383268572665
70,700130,6.386439800262451,0.4631521497200717
70,700151,6.777445793151856,0.6076585303013513
70,700174,5.610330104827881,0.17632073265529224
75,750005,5.8142828941345215,0.25169676250682227
75,750015,6.449510097503662,0.4864614097883455
75,750024,6.6167097091674805,0.5482543519823746
75,750029,6.539794921875,0.5198285024380194
75,750082,7.184739112854004,0.7581843138837494
75,750085,6.91614294052124,0.6589176494140523
75,750091,6.537193775177002,0.5188671813802246
75,750101,6.481637954711914,0.4983350906153039
75,750106,6.111445426940918,0.3615208645439594
75,750108,6.496063232421875,0.5036663251964983
75,750123,6.321360111236572,0.4391002669318069
75,750140,6.337367057800293,0.44501604815804385
75,750149,5.978938579559326,0.3125495309440527
92,920009,6.162815093994141,0.38050585401348447
92,920010,6.368156433105469,0.45639505836919425
92,920025,6.904622554779053,0.6546599928134424
92,920040,6.353868007659912,0.4511144010828827
92,920051,7.12503719329834,0.7361199249341308
92,920055,5.85578203201294,0.2670338425544674
92,920074,5.883708953857422,0.27735495903327245
92,920092,6.433121204376221,0.48040447032795774
92,920094,6.497685432434082,0.5042658511797462
92,920099,6.454420566558838,0.48827620066885413
92,920104,6.270189762115479,0.4201889405607526
92,920122,6.473933696746826,0.4954877827636459
92,920126,6.3169050216674805,0.4374537733217283
92,920129,6.062003612518311,0.343248362890505
92,920134,6.299274444580078,0.4309379374297182
92,920136,6.501100540161133,0.5055279925942153
93,930005,6.623748779296875,0.5508558224599491
93,930014,6.296484470367432,0.4299068302786353
93,930026,6.064698696136475,0.3442444007674357
93,930035,5.758073329925537,0.23092306382801753
93,930040,7.017247676849365,0.6962835204546389
93,930050,6.167197227478027,0.38212538481479297
93,930051,7.023613929748535,0.6986363339179975
93,930056,6.086568832397461,0.352327075435771
93,930089,6.132156848907471,0.3691753063671175
93,930091,6.579540729522705,0.5345175939376328
93,930095,6.028443336486816,0.3308452946286031
93,930099,6.516274929046631,0.5111360805909542
93,930101,6.657558917999268,0.5633512339362017
93,930111,6.110929489135742,0.36133018637997494
93,930148,5.961796760559082,0.3062143282480536
93,930155,6.040850162506104,0.33543055816714973
93,930162,6.515908241271973,0.5110005616370692
94,940012,6.8189473152160645,0.6229964914865371
94,940015,6.644747734069824,0.5586165294706145
94,940021,6.205915451049805,0.39643470603401254
94,940027,6.09932804107666,0.35704257110295345
94,940032,5.923460006713867,0.2920459890354772
94,940042,5.850950241088867,0.2652481292128288
94,940049,6.874509334564209,0.6435308732090659
94,940067,5.829154968261719,0.25719312226329705
94,940068,6.064230442047119,0.34407134535428185
94,940073,6.765953063964844,0.6034110948962226
94,940074,6.01251220703125,0.3249575335761865
94,940086,6.228575706481934,0.4048093896836067
94,940102,6.825701713562012,0.6254927541416551
94,940103,6.215202331542969,0.3998669129857293
94,940122,6.456355094909668,0.48899115567004103
94,940133,6.678254127502441,0.5709996840240776
94,940147,6.947641849517822,0.6705588861575584
94,940150,6.8406758308410645,0.6310268265849064
94,940173,6.721904754638672,0.5871319025891875
96,960002,6.8191094398498535,0.6230564088393604
96,960046,6.242276668548584,0.4098729346796881
96,960050,6.4309916496276855,0.47961743827587466
96,960054,6.390096187591553,0.46450346225374184
96,960066,6.046403408050537,0.3374829037288507
96,960073,6.604156017303467,0.543614810371271
96,960136,6.072858333587647,0.34726000588952366
96,960167,5.758074760437012,0.2309235925105424
96,960168,7.04569673538208,0.7067976060550365
103,1030008,5.9610209465026855,0.30592760609204395
103,1030013,6.482372283935547,0.498606480978091
103,1030032,6.776758193969727,0.6074044102343772
103,1030048,6.9308366775512695,0.6643481000824216
103,1030053,5.987637996673584,0.31576462560553975
103,1030054,6.366611003875732,0.455823905014783
103,1030060,5.749134063720703,0.22761932672985385
103,1030061,6.035768032073975,0.33355232538365187
103,1030065,7.063245296478272,0.7132831308156182
103,1030077,6.374083042144775,0.4585853900698973
103,1030078,6.161264896392822,0.37993293838399045
103,1030090,6.50848388671875,0.5082566993327851
103,1030099,6.663454532623291,0.5655301108488653
103,1030102,6.581005573272705,0.535058964843141
103,1030103,5.910431385040283,0.28723092482610313
103,1030121,6.232753276824951,0.4063533188838526
103,1030136,6.120636940002441,0.3649178259940158
103,1030143,6.739718914031982,0.5937155860718943
103,1030144,6.5386271476745605,0.5193969212701843
103,1030155,6.396230220794678,0.46677045292055674
104,1040022,6.601732730865479,0.5427192221740735
104,1040026,6.781818866729736,0.6092747127800016
104,1040038,6.759738922119141,0.6011144980080123
104,1040050,6.45174503326416,0.48728738811976346
104,1040062,6.637324333190918,0.555873019621347
104,1040067,6.717698097229004,0.5855772235109351
104,1040069,6.449224948883057,0.4863560257383803
104,1040071,6.473725318908691,0.4954107713425173
104,1040073,6.036289215087891,0.3337449420502272
104,1040100,6.494585990905762,0.5031203723757744
104,1040104,6.013368129730225,0.3252738619535911
104,1040106,6.394184112548828,0.4660142606824269
104,1040115,6.605724334716797,0.5441944226460806
104,1040120,6.428780555725098,0.4788002713198718
104,1040122,5.890711784362793,0.2799430362202162
104,1040134,7.27182149887085,0.7903678625876578
104,1040136,5.975447654724121,0.31125936935576326
104,1040149,6.393784999847412,0.4658667582579772
104,1040173,5.957617282867432,0.3046696941377742
111,1110009,5.990762233734131,0.31691926823994376
111,1110023,6.7666120529174805,0.6036546413126975
111,1110039,7.236088275909424,0.7771617255704177
111,1110040,6.202264785766602,0.3950855082304414
111,1110047,6.986125946044922,0.6847816796702009
111,1110067,6.131969928741455,0.3691062251838628
111,1110072,6.869730949401856,0.6417648973483578
111,1110076,6.834780216217041,0.6288479496722432
111,1110094,6.646480083465576,0.5592567640082808
111,1110099,7.228055477142334,0.7741929969655386
111,1110114,5.912669658660889,0.2880581367500794
111,1110137,6.4217915534973145,0.47621730473066903
111,1110151,6.772027492523193,0.6056560571244993
112,1120010,7.032026290893555,0.7017453396194859
112,1120031,6.630402088165283,0.5533147248833068
112,1120038,6.304413318634033,0.43283714128670403
112,1120063,6.252610683441162,0.41369213723963916
112,1120078,6.318944931030273,0.4382076746022501
112,1120090,6.947472095489502,0.6704961491646022
112,1120136,6.098843097686768,0.3568633477270089
112,1120159,6.42633056640625,0.47789481438220904
112,1120162,6.774000644683838,0.606385286553859
113,1130002,6.498023509979248,0.5043907964831333
113,1130005,6.465785503387451,0.49247640710175733
113,1130019,6.755268096923828,0.5994621888901597
113,1130021,6.209349632263184,0.39770389654881355
113,1130023,6.559061527252197,0.5269489749110183
113,1130024,6.585442066192627,0.5366985855803958
113,1130039,6.326175689697266,0.4408799885381629
113,1130047,6.068617343902588,0.3456926384306731
113,1130073,6.513117790222168,0.5099692782584777
113,1130074,6.730014324188232,0.5901290038229032
113,1130082,6.080236911773682,0.3499869503530102
113,1130102,6.564746379852295,0.5290499592650117
113,1130118,6.819750308990479,0.6232932586105207
113,1130123,6.323393821716309,0.4398518772547211
113,1130138,6.247868061065674,0.41193937844205375
113,1130155,6.420977115631104,0.475916308146487
113,1130168,6.207126140594482,0.39688214767759455
113,1130173,6.480321407318115,0.497848526464878
114,1140008,6.303416252136231,0.43246864956684195
114,1140045,6.472253322601318,0.4948667570243843
114,1140046,6.47786283493042,0.49693989743206557
114,1140049,5.565332889556885,0.1596908476067338
114,1140054,6.294427871704102,0.4291467610353228
114,1140056,5.8037309646606445,0.24779702397557624
114,1140059,5.701651096343994,0.21007076768050958
114,1140064,6.382930755615234,0.46185529148646665
114,1140068,5.929044246673584,0.29410978938521803
114,1140099,7.041701793670654,0.7053211719904706
114,1140104,6.328366279602051,0.44168957771130857
114,1140108,6.365514278411865,0.45541858174568506
114,1140120,6.113918304443359,0.36243478040202093
114,1140133,6.622509479522705,0.5503978071658688
114,1140140,6.315962314605713,0.4371053715378126
114,1140146,6.700494289398193,0.5792191112388567
114,1140159,6.227665424346924,0.4044729713702553
114,1140163,6.062464237213135,0.34341859866352586
120,1200015,6.644790649414063,0.5586323899463619
120,1200016,6.26580286026001,0.41856764748436137
120,1200050,6.03054141998291,0.3316206956651382
120,1200081,5.79075288772583,0.24300063988208254
120,1200103,6.65153694152832,0.5611256567338383
120,1200114,6.915343761444092,0.6586222921101361
120,1200121,6.468386173248291,0.49343755193204397
120,1200126,6.268125057220459,0.4194258754497986
120,1200145,6.387662410736084,0.46360399705136124
120,1200146,6.610629081726074,0.5460070987964898
120,1200159,6.816134929656982,0.621957101642564
120,1200161,6.454433917999268,0.48828113503908654
120,1200162,6.089273929595947,0.35332681409037625
120,1200168,6.403058052062988,0.4692938546119534
120,1200209,6.730582237243652,0.5903388907852929
120,1200210,6.473418712615967,0.4952974570546782
120,1200306,6.8458404541015625,0.6329355467273408
120,1200338,6.597782611846924,0.5412593534952876
120,1200350,6.463783264160156,0.4917364277943912
122,1220021,6.572802543640137,0.5320273230177974
122,1220031,6.728682041168213,0.5896366241647037
122,1220034,7.475907325744629,0.8657930599140047
122,1220038,6.580342769622803,0.5348140086065991
122,1220051,6.016313552856445,0.3263624192723815
122,1220068,6.1390814781188965,0.3717344822426998
122,1220104,6.030004978179932,0.331422439718297
122,1220166,6.120754241943359,0.3649611779610582
122,1220168,6.079515933990479,0.34972049436045594
131,1310020,6.52401065826416,0.5139950194581606
131,1310022,6.248015403747559,0.4119938327421193
131,1310023,6.348444938659668,0.4491101656309484
131,1310061,6.5344085693359375,0.5178378365042244
131,1310062,6.640957355499268,0.5572156970071107
131,1310076,6.298397541046143,0.43061385504194827
131,1310078,6.660747051239014,0.5645294910567185
131,1310081,6.654576778411865,0.5622491070992723
131,1310096,6.24806547164917,0.4120123366304915
131,1310122,6.496930122375488,0.5039867068065937
131,1310123,6.470580577850342,0.4942485509252561
131,1310129,6.5946364402771,0.540096604395502
131,1310144,6.664050102233887,0.565750219006736
131,1310148,5.661899089813232,0.19537938522328813
131,1310152,6.391478061676025,0.4650141695728054
131,1310154,6.526033401489258,0.5147425765483835
131,1310155,6.380025386810303,0.46078153727837434
131,1310162,5.983782768249512,0.31433982620090695
131,1310165,6.305540084838867,0.4332535668888251
131,1310168,6.661165237426758,0.5646840425815005
133,1330002,7.082544803619385,0.7204157629866896
133,1330027,6.043027877807617,0.3362353891975711
133,1330057,6.708071231842041,0.5820193663457978
133,1330067,5.964587211608887,0.3072456116266451
133,1330068,6.137047290802002,0.37098269569227704
133,1330099,6.341292381286621,0.4464667530063975
133,1330112,5.8036208152771,0.24775631542115817
133,1330115,6.281116485595703,0.4242271939135247
133,1330118,6.295699596405029,0.42961675979996783
133,1330126,5.778107643127441,0.23832726258938508
133,1330128,6.428635597229004,0.4787466981573478
133,1330146,5.997829914093018,0.3195313123680166
133,1330170,6.091754913330078,0.3542437258160789
133,1330172,6.6696600914001465,0.5678235356419254
135,1350002,6.210616111755371,0.39817195681086726
135,1350091,6.74479866027832,0.5955929377178502
135,1350119,6.798799991607666,0.6155505268057022
135,1350124,6.26430606842041,0.418014469335797
135,1350134,6.258382797241211,0.41582537122765184
135,1350163,6.5234479904174805,0.5137870709983623
135,1350174,5.703893184661865,0.2108993894245519
135,1350180,6.592552185058594,0.5393263139567075
135,1350194,6.718673706054688,0.5859377849929241
135,1350216,7.135054111480713,0.7398219362010601
135,1350219,5.94556188583374,0.30021431027284806
135,1350243,6.499190330505371,0.5048220251959517
135,1350285,6.683936595916748,0.5730997872405295
135,1350312,6.195856094360352,0.392717010518844
135,1350317,6.66884708404541,0.5675230677402683
135,1350318,6.60123872756958,0.5425366504754707
135,1350343,6.524547100067139,0.5141932754050018
135,1350350,5.716073513031006,0.2154009448966543
135,1350356,6.594572067260742,0.5400728136818811
135,1350375,6.355707168579102,0.45179411058240926
145,1450037,5.89835786819458,0.2827688443158609
145,1450043,7.168370723724365,0.7521349522062188
145,1450049,6.156581401824951,0.37820203179743417
145,1450090,6.451872825622559,0.487334617091989
145,1450094,5.930741310119629,0.2947369830872699
145,1450098,6.629460334777832,0.5529666755544074
145,1450142,5.864588737487793,0.27028858840532277
145,1450146,6.116647720336914,0.3634435066595494
145,1450159,6.280441284179688,0.4239776557617676
145,1450170,6.878196716308594,0.6448936405307764
145,1450172,6.660112857818604,0.5642951084706753
145,1450173,6.439849853515625,0.48289121669762713
149,1490002,5.782622337341309,0.23999578463800142
149,1490016,5.737850666046143,0.22344925520087044
149,1490024,6.312172889709473,0.4357048915293251
149,1490032,6.259944438934326,0.4164025163173457
149,1490039,6.61402702331543,0.5472628960206596
149,1490052,6.421760559082031,0.47620584994262916
149,1490056,5.814776420593262,0.2518791579779165
149,1490077,6.631246566772461,0.553626823800512
149,1490093,5.76287841796875,0.23269890842919083
149,1490101,6.267854690551758,0.4193259544525907
149,1490127,5.823028087615967,0.2549287750091065
149,1490131,6.035222053527832,0.3333505448866443
149,1490138,6.2312421798706055,0.4057948539100391
149,1490153,5.797970294952393,0.24566801944776295
149,1490155,6.333675384521484,0.44365169478875877
157,1570024,6.519258975982666,0.512238912337917
157,1570030,7.193126678466797,0.7612841557548065
157,1570034,6.155961513519287,0.37797293603663973
157,1570061,6.379422187805176,0.4605586094803702
157,1570072,6.530717372894287,0.5164736593624479
157,1570100,7.170181274414063,0.7528040880552471
157,1570165,6.605022430419922,0.5439350157538583
157,1570185,6.555971145629883,0.5258068444297039
157,1570194,6.697779655456543,0.5782158480340855
157,1570203,5.589822292327881,0.16874153997817953
157,1570212,6.60862398147583,0.5452660621240739
157,1570216,6.173752307891846,0.38454798437143967
157,1570269,6.7686543464660645,0.6044094237307613
157,1570272,6.573608875274658,0.5323253237343384
157,1570290,6.5101494789123535,0.5088722620192889
157,1570316,6.868206977844238,0.6412016742318201
157,1570324,6.36725664138794,0.45606251706102596
157,1570325,6.942448616027832,0.6686395923646262
157,1570361,6.319454193115234,0.4383958855811183
157,1570378,6.545838356018066,0.5220620098782567
306,3060025,6.463876724243164,0.4917709683860185
306,3060226,6.293217182159424,0.42869931939174033
306,3060235,6.557444095611572,0.5263512112028532
457,4570010,6.58967924118042,0.5382645432191799
457,4570129,5.577714443206787,0.16426677108733956
457,4570289,6.53220272064209,0.5170226080508129
457,4570300,6.369680881500244,0.4569584577132402
457,4570304,6.762456893920898,0.6021189948053418
461,4610148,6.567856311798096,0.5301993150741662
461,4610151,6.172167778015137,0.38396238036134744
461,4610176,6.041447639465332,0.3356513712350535
461,4610177,6.244253635406494,0.41060357392911384
461,4610230,6.636207580566406,0.5554602947969005
461,4610231,6.596553802490234,0.54080521520639
461,4610239,6.115146636962891,0.3628887424634104
461,4610246,6.417243003845215,0.47453627052896263
461,4610362,6.039760112762451,0.335027702083168
482,4820005,6.09910249710083,0.356959215491526
482,4820015,5.901185035705566,0.28381369721259175
482,4820041,6.631287574768066,0.553641979366226
482,4820045,6.43914270401001,0.482629871302813
482,4820055,6.537281036376953,0.5188994310142439
482,4820114,6.078455924987793,0.3493287406094969
482,4820119,5.868809223175049,0.2718483780813161
482,4820144,6.146371841430664,0.3744288246171503
482,4820201,6.943927764892578,0.6691862500953831
482,4820214,6.508694171905518,0.5083344156639471
482,4820220,6.675027370452881,0.5698071524753885
482,4820239,6.546803951263428,0.5224188705825712
482,4820258,6.869157314300537,0.6415528956558687
482,4820265,6.451550960540772,0.48721566352388446
482,4820268,6.881873607635498,0.6462525308473037
482,4820329,6.575753211975098,0.5331178188391787
482,4820353,6.6433610916137695,0.5581040598764682
482,4820370,6.050477504730225,0.3389885915597952
482,4820371,6.75450611114502,0.5991805773318915
482,4820378,6.578681468963623,0.5342000319676703
560,5600060,6.2870049476623535,0.4264034274135635
560,5600065,6.660847187042236,0.564566498833462
560,5600145,6.43026065826416,0.47934728150564543
560,5600146,5.664058685302734,0.19617751960839436
560,5600153,6.947376728057861,0.6704609036629419
560,5600154,6.773033618927002,0.6060278971670197
560,5600180,5.946305751800537,0.3004892251858011
560,5600199,6.293574810028076,0.42883149002296794
563,5630081,6.425152778625488,0.4774595324366995
563,5630122,6.319933891296387,0.43857317045447153
563,5630127,6.363223552703857,0.4545719847957954
563,5630142,6.569337844848633,0.5307468539424651
563,5630169,6.21951150894165,0.4014594809782672
563,5630195,7.83904504776001,1.0000000000000002
563,5630225,6.354056358337402,0.4511840109486627
563,5630291,6.442620277404785,0.48391509852086956
563,5630302,6.422698020935059,0.4765523132239535
563,5630375,5.817173957824707,0.2527652298896659
567,5670137,6.2224955558776855,0.40256231272523
567,5670159,6.784224987030029,0.6101639567869002
567,5670189,6.145212650299072,0.3740004155444645
567,5670198,6.607166767120361,0.5447275108586986
575,5750067,6.37174129486084,0.45771993677661915
575,5750089,6.552433967590332,0.5244995887731096
575,5750150,6.084706783294678,0.3516389070158461
575,5750168,6.607710838317871,0.5449285864456728
575,5750179,7.034117221832275,0.7025180972433966
575,5750249,7.139776229858398,0.7415671172157887
575,5750290,6.80570650100708,0.6181030060359685
575,5750297,6.693702697753906,0.5767091028380913
575,5750298,6.355779647827148,0.45182089716367124
575,5750303,6.462520599365234,0.49126977735240396
575,5750321,6.196133136749268,0.3928193987011681
575,5750330,6.607563018798828,0.5448739559180986
594,5940019,6.6705322265625,0.5681458557546126
594,5940025,6.262848854064941,0.4174759180704217
594,5940141,6.337867259979248,0.44520091081425384
594,5940142,6.721073627471924,0.5868247380422147
594,5940193,6.356902599334717,0.45223591294572585
594,5940195,6.172455310821533,0.38406864554885467
594,5940267,6.526054382324219,0.5147503305587489
594,5940271,6.475427627563477,0.4960399035471601
594,5940283,6.180644512176514,0.3870951767764572
594,5940304,6.090494632720947,0.3537779565116328
594,5940380,6.646541118621826,0.5592793211293434
736,7360108,5.924942970275879,0.29259405658630055
736,7360205,6.639702796936035,0.5567520424327645
736,7360250,5.952235221862793,0.3026806142515539
739,7390120,6.429211616516113,0.4789595809873781
765,7650181,6.301462173461914,0.43174646923781457
765,7650192,6.260984897613525,0.4167870447404638
765,7650197,6.0489182472229,0.33841232760764295
765,7650254,5.960773468017578,0.3058361440152344
765,7650271,5.892414093017578,0.28057216842485944
765,7650377,6.340338230133057,0.4461141217622824
811,8110043,6.489052772521973,0.5010754283694216
811,8110049,6.610863208770752,0.5460936265030665
811,8110106,6.576309680938721,0.533323476341369
811,8110107,6.81473445892334,0.6214395214506767
811,8110110,6.512513160705566,0.5097458217779487
811,8110113,5.390390872955322,0.09503649936038228
811,8110116,6.688586711883545,0.5748183579015043
811,8110147,6.206139087677002,0.39651735673540656
811,8110159,5.912282943725586,0.2879152162408454
811,8110175,6.246996402740479,0.4116172345568756
811,8110204,6.37051248550415,0.45726579848772153
811,8110209,6.324778079986572,0.4403634657113258
811,8110224,6.164907455444336,0.38127914031992005
811,8110247,5.993476390838623,0.3179223552172068
811,8110258,6.219383716583252,0.4014122520060417
811,8110286,6.260907173156738,0.41675831965661003
811,8110287,6.6593828201293945,0.5640253041554624
811,8110307,7.105960369110107,0.7290695910094367
811,8110340,5.966561317443848,0.3079751935110211
811,8110371,6.431072235107422,0.47964722072477817
813,8130061,6.174681663513184,0.38489145178512296
813,8130081,6.647543907165527,0.5596499275793054
813,8130091,6.273360729217529,0.4213608534909701
813,8130100,6.470605373382568,0.4942577147556879
813,8130153,6.597079753875732,0.5409995941480485
813,8130196,6.6725239753723145,0.5688819580567956
813,8130222,6.299060344696045,0.43085881127849013
813,8130233,6.546703815460205,0.5223818628058277
813,8130257,6.403955936431885,0.46962569101008866
813,8130271,6.256262302398682,0.415041687498227
813,8130281,6.630950927734375,0.5535175627453637
813,8130282,6.396647930145264,0.46692482821783066
813,8130283,6.159303188323975,0.37920793841483014
813,8130288,6.355035305023193,0.4515458060232096
813,8130301,5.759428977966309,0.23142407863412395
813,8130339,7.102789402008057,0.7278976780792188
813,8130340,6.237858295440674,0.40824001058774884
813,8130346,5.6808390617370605,0.20237914185309935
813,8130356,6.662955284118652,0.5653456006476716
813,8130380,6.8171467781066895,0.6223310564151838
960,9600120,5.893930912017822,0.2811327481287724
960,9600127,6.382415771484375,0.46166496577749894
960,9600129,6.729644298553467,0.5899922512764599
960,9600140,6.657571315765381,0.5633558158514178
960,9600186,6.742038249969482,0.5945727566722818
960,9600215,6.6718926429748535,0.5686486328358022
960,9600262,6.810648441314697,0.6199294279320251
960,9600267,6.715835571289063,0.584888878863502
960,9600270,6.2642598152160645,0.41799737526749126
960,9600287,5.792897701263428,0.24379331121443149
981,9810029,6.151860237121582,0.37645720323772225
981,9810075,6.551762580871582,0.5242514604414181
981,9810106,6.31084680557251,0.4352148028287337
981,9810155,6.590733051300049,0.5386540060125304
981,9810200,7.461895942687988,0.8606147908100177
981,9810204,6.296446800231934,0.4298929083054792
981,9810230,6.304973125457764,0.43304403238145217
981,9810235,6.23570728302002,0.40744504829779227
981,9810249,6.372306823730469,0.4579289426014672
981,9810283,6.465044975280762,0.49220272578136215
981,9810293,6.478100776672363,0.49702783495870917
981,9810305,6.166904449462891,0.38201718112469485
981,9810327,6.553468227386475,0.5248818262386197
981,9810344,6.2760772705078125,0.4223648216057747
981,9810349,6.745538711547852,0.5958664428107372
1012,10120008,6.867818355560303,0.6410580488125526
1012,10120059,6.593390464782715,0.5396361219163051
1012,10120071,6.00216007232666,0.32113163437091985
1012,10120128,7.039856910705566,0.7046393477608446
1012,10120148,6.134064197540283,0.369880216400331
1012,10120166,6.885599136352539,0.647629396369678
1012,10120180,6.427379608154297,0.47828251490047635
1012,10120193,5.621152400970459,0.18032039218374618
1012,10120200,6.477859020233154,0.4969384876119991
1012,10120208,6.188595294952393,0.390033594249908
1012,10120212,6.683940887451172,0.5731013732881041
1012,10120219,6.83416223526001,0.6286195588214822
1012,10120243,6.296603679656982,0.42995088715571117
1012,10120255,5.9471845626831055,0.3008140124836045
1012,10120265,6.638751029968262,0.556400292326191
1012,10120269,5.8461594581604,0.26347757143690465
1012,10120303,6.259024143218994,0.4160623972263202
1012,10120334,6.410758018493652,0.47213957641603677
1012,10120335,6.585263252258301,0.5366325002647818
1012,10120374,6.168806076049805,0.3827199764278084
1027,10270117,6.848171234130859,0.6337969467879276
1027,10270124,6.190132141113281,0.39060157550916963
1027,10270131,6.400706768035889,0.4684248767685093
1027,10270140,6.476583480834961,0.4964670790272876
1027,10270170,6.81747579574585,0.6224526533959132
1027,10270198,6.50144624710083,0.5056557575377354
1027,10270226,6.231919765472412,0.40604527319933825
1027,10270238,6.708151340484619,0.5820489725671927
1027,10270265,6.6507768630981445,0.5608447500856026
1027,10270268,6.86339807510376,0.6394244198105803
1027,10270294,6.034658432006836,0.3331422439718297
1027,10270301,6.226921558380127,0.4041980564573022
1027,10270306,6.2099289894104,0.39791801297140217
1027,10270314,6.629390239715576,0.552940770110687
1027,10270349,6.302453994750977,0.4321130224550853
1027,10270354,6.289580821990967,0.42735540841341835
1027,10270356,6.416197299957275,0.47414980360325365
1027,10270366,5.827308177947998,0.256510593123638
1027,10270368,6.409440517425537,0.4716526598105941
1027,10270377,6.6584792137146,0.5636913530272276
1029,10290003,7.20623254776001,0.7661277688205252
1029,10290066,6.749148368835449,0.5972004850485939
1029,10290094,5.9003005027771,0.28348679518468933
1029,10290096,6.5986762046813965,0.5415896038458483
1029,10290123,6.48894739151001,0.5010364820900863
1029,10290152,6.161959171295166,0.3801895256360799
1029,10290179,6.002243995666504,0.32116265041238123
1029,10290189,5.958384990692139,0.3049534204261428
1029,10290229,6.355336666107178,0.4516571818084574
1029,10290236,6.650312423706055,0.5606731044925153
1029,10290252,6.159247875213623,0.37918749602386703
1029,10290260,6.645537376403809,0.5589083622243647
1029,10290276,6.2504496574401855,0.4128934741720085
1029,10290287,6.059944152832031,0.3424872362821423
1029,10290294,6.491518020629883,0.5019865245873503
1029,10290320,6.493343353271484,0.5026611234891354
1029,10290330,5.9388747215271,0.2977428956964008
1029,10290341,6.497605323791504,0.5042362449583513
1029,10290361,6.691842555999756,0.5760216393281998
1029,10290362,6.013665676116943,0.3253838279187724
1030,10300003,6.05437707901001,0.3404297801227003
1030,10300105,6.578429698944092,0.5341069838432857
1030,10300106,6.366136074066162,0.45564838241651295
1030,10300123,6.221978187561035,0.4023711058787207
1030,10300128,5.91538667678833,0.2890622810923922
1030,10300133,7.446125030517578,0.8547862422003909
1030,10300153,6.189887523651123,0.39051117079741027
1030,10300157,6.74851131439209,0.5969650450975006
1030,10300159,6.4311347007751465,0.4796703065283656
1030,10300169,6.681963443756104,0.5723705578111702
1030,10300194,6.461872100830078,0.49103010794111124
1030,10300216,6.080142021179199,0.349951881078858
1030,10300217,6.38032865524292,0.46089361797365513
1030,10300236,6.90524435043335,0.6548897934842699
1030,10300275,6.232054233551025,0.40609496935668
1030,10300282,5.971384525299072,0.30975773475751
1030,10300298,6.651726245880127,0.5611956190546346
1030,10300316,6.803679943084717,0.6173540391256791
1030,10300325,6.0270161628723145,0.330317845696251
1030,10300328,6.840846061706543,0.6310897398053708
1033,10330026,6.643296241760254,0.5580800929353387
1033,10330033,5.858695030212402,0.2681104164026926
1033,10330035,6.021246910095215,0.3281856690732885
1033,10330052,6.2992939949035645,0.4309451627575587
1033,10330053,6.246761798858643,0.4115305306227899
1033,10330085,5.94443941116333,0.2997994707183016
1033,10330103,5.797809600830078,0.24560863077746453
1033,10330129,6.236732006072998,0.40782376121313635
1033,10330139,6.612759113311768,0.546794307076081
1033,10330147,6.192027568817139,0.391302079854676
1033,10330197,6.322153568267822,0.4393935095056236
1033,10330206,6.601372718811035,0.5425861704053039
1033,10330235,6.255378723144531,0.4147151379253404
1033,10330241,6.270788192749023,0.42041010608367313
1033,10330257,6.683343887329102,0.572880736447708
1033,10330268,6.074680328369141,0.3479333711987509
1033,10330277,6.7090373039245605,0.5823764032776204
1033,10330325,6.143277168273926,0.3732851080882613
1033,10330345,6.233274459838867,0.4065459355504284
1033,10330346,6.646027565002441,0.5590895241029006
1037,10370025,6.269806861877441,0.42004742987158505
1037,10370070,6.468266010284424,0.4933931425999514
1037,10370099,6.079209804534912,0.3496073563001245
1037,10370102,5.825045585632324,0.2556743935967385
1037,10370131,5.831297397613525,0.2579849124581044
1037,10370140,6.3456339836120605,0.4480713044694997
1037,10370202,5.64008903503418,0.18731891522099908
1037,10370204,6.223534107208252,0.40294613623831466
1037,10370216,6.597296237945557,0.5410796014368182
1037,10370217,6.458486080169678,0.489778716404649
1037,10370232,6.170316219329834,0.38327808894660564
1037,10370234,6.145806789398193,0.37421999501981085
1037,10370246,6.397303581237793,0.4671671410417477
1037,10370251,6.571066379547119,0.531385678660065
1037,10370253,6.4800238609313965,0.49773856049969667
1037,10370265,6.637168884277344,0.5558155694536404
1037,10370290,7.334469318389893,0.813520985083575
1037,10370309,6.431402206420898,0.4797691701605238
1037,10370352,6.230424404144287,0.40549262373329875
1037,10370380,6.839167594909668,0.6304694189761431
1039,10390004,6.616292953491211,0.5481003291401174
1039,10390027,6.180650234222412,0.3870972915065567
1039,10390039,6.047469139099121,0.33787677220990875
1039,10390041,5.849077224731445,0.2645559075602131
1039,10390064,5.634312152862549,0.1851839189579032
1039,10390126,6.953825950622559,0.6728443807127451
1039,10390166,5.868428707122803,0.27170774852969015
1039,10390170,5.9957780838012695,0.31877300539978726
1039,10390175,6.091648578643799,0.3542044270817273
1039,10390183,6.614077091217041,0.5472813999090314
1039,10390189,6.310945510864258,0.43525128192295237
1039,10390216,6.495421409606934,0.5034291229703218
1039,10390218,6.240313529968262,0.4091474060280029
1039,10390244,6.028433322906494,0.33084159385092904
1039,10390257,6.263253211975098,0.4176253589974628
1039,10390269,6.785207748413086,0.6105271616815136
1039,10390285,5.915623664855957,0.28914986616401905
1039,10390303,5.862118244171143,0.2693755536848028
1039,10390341,6.382232666015625,0.46159729441431074
1039,10390366,6.252885818481445,0.41379382051193025
1042,10420022,6.677168369293213,0.570598413987671
1042,10420023,6.47114372253418,0.49445667561256257
1042,10420025,6.631650924682617,0.553776264727553
1042,10420034,7.271756649017334,0.7903438956465287
1042,10420047,6.895580291748047,0.6513181905734851
1042,10420060,6.4226484298706055,0.47653398556309035
1042,10420105,6.5507402420043945,0.5238736286636156
1042,10420107,6.34224796295166,0.44681991293303747
1042,10420129,6.733027935028076,0.591242761675381
1042,10420133,6.235455989837647,0.4073521764009167
1042,10420134,6.765480041503906,0.6032362772079856
1042,10420157,6.431643009185791,0.4798581650522171
1042,10420167,6.429372787475586,0.4790191458851847
1042,10420175,6.61158561706543,0.546360611178146
1044,10440006,6.165128707885742,0.3813609098837729
1044,10440008,6.689762592315674,0.5752529349369804
1044,10440012,6.378504276275635,0.4602193715268863
1044,10440017,5.981828689575195,0.31361764587187957
1044,10440038,6.673712253570557,0.5693211170074879
1044,10440039,7.254133224487305,0.7838307031671434
1044,10440053,6.705164909362793,0.5809452596826883
1044,10440064,6.458893299102783,0.4899292146967398
1044,10440077,6.035358905792236,0.3334011221815276
1044,10440099,6.382428646087647,0.46166972392022365
1044,10440106,6.548566818237305,0.5230703836807689
1044,10440107,5.95941162109375,0.3053328382515199
1044,10440117,6.279265880584717,0.42354325495379963
1044,10440119,6.6163530349731445,0.5481225338061637
1044,10440120,6.382697105407715,0.4617689400073981
1044,10440127,6.318145275115967,0.4379121410708253
1044,10440149,5.593152523040772,0.16997231289617099
1044,10440150,5.71193790435791,0.2138725237171386
1044,10440154,6.453686237335205,0.48800481030606657
1046,10460020,5.986471176147461,0.31533339689272144
1046,10460034,6.749814510345459,0.5974466748776937
1046,10460050,6.804664134979248,0.6177177727028174
1046,10460053,6.321855068206787,0.439283191085426
1046,10460061,6.464394092559815,0.4919621752325283
1046,10460079,5.980937480926514,0.3132882766588605
1046,10460111,6.30479907989502,0.4329797093409218
1046,10460152,6.668939590454102,0.5675572558768789
1046,10460158,6.113548278808594,0.36229802785557763
1046,10460162,6.3273797035217285,0.44132496299662916
1050,10500071,6.108281135559082,0.3603514187988581
1050,10500073,6.141864776611328,0.3727631222086665
1050,10500083,6.222136497497559,0.40242961341147754
1050,10500100,5.911794185638428,0.28773458304483435
1050,10500108,6.257480621337891,0.41549194878194196
1050,10500110,6.1981048583984375,0.3935480994480025
1050,10500113,5.824585914611816,0.2555045102787339
1050,10500131,5.763904571533203,0.23307815002705978
1050,10500152,6.413831233978272,0.4732753627070523
1050,10500163,6.586296558380127,0.5370143852752756
1050,10500167,6.144847393035889,0.3738654252731044
1061,10610015,6.912201881408691,0.6574611290579246
1061,10610017,6.781362533569336,0.6091060630545548
1061,10610035,6.755420207977295,0.5995184054653084
1061,10610057,6.178481578826904,0.38629580879879266
1061,10610069,6.752939224243164,0.5986014937396058
1061,10610073,6.433531761169434,0.48055620221260686
1061,10610080,6.590798377990723,0.5386781491811676
1061,10610087,6.921300888061523,0.6608239023713705
1061,10610102,6.737349987030029,0.5928400878106428
1064,10640005,6.634367942810059,0.5547804090698658
1064,10640017,6.338791370391846,0.4455424397253458
1064,10640028,6.7673845291137695,0.6039401298761493
1064,10640034,7.07614278793335,0.7180497324602084
1064,10640036,6.294761657714844,0.42927012029113487
1064,10640098,6.3425798416137695,0.44694256727881654
1064,10640166,6.644920825958252,0.5586805000561286
1064,10640210,6.229814529418945,0.40526722875017884
1064,10640212,6.692505836486816,0.5762667717922498
1064,10640242,7.120262145996094,0.7343551826659802
1064,10640250,6.712700843811035,0.5837303592239154
1064,10640277,6.551546096801758,0.5241714531526485
1064,10640280,6.326313495635986,0.4409309182880625
1064,10640284,7.1866841316223145,0.758903145890119
1064,10640286,6.525761604309082,0.5146421268686503
1064,10640314,6.202759742736816,0.3952684323840605
1075,10750002,6.131922245025635,0.3690886024330322
1075,10750003,6.939411640167236,0.6675171993642419
1075,10750010,6.369234561920166,0.4567935087654684
1075,10750011,6.26954984664917,0.41995244324460956
1075,10750021,6.415170669555664,0.4737703857778761
1075,10750024,5.9554619789123535,0.30387314580024305
1075,10750026,6.493948936462402,0.5028849324246807
1075,10750035,5.98850679397583,0.3160857121256686
1075,10750043,6.578385353088379,0.5340905946850139
1075,10750060,6.07847261428833,0.34933490857228766
1075,10750097,6.302140235900879,0.43199706475462185
1075,10750099,6.095669746398926,0.35569055365924984
1075,10750102,6.346991539001465,0.4485730241856396
1075,10750117,5.545249938964844,0.15226867363951935
1075,10750163,5.991371154785156,0.31714431076804694
1075,10750168,6.4379496574401855,0.482188950077038
1092,10920012,6.0771026611328125,0.3488286069409321
1092,10920030,6.988998889923096,0.6858434504077289
1092,10920032,6.29297399520874,0.4286094433625054
1092,10920043,6.633941650390625,0.5546228616774427
1092,10920044,6.44220781326294,0.4837626617261874
1092,10920075,6.038093090057373,0.3344116107141393
1092,10920101,6.103531837463379,0.35859619281615607
1092,10920141,6.73676872253418,0.5926252664780212
1092,10920159,6.689675807952881,0.5752208615304693
1092,10920165,6.149021625518799,0.37540812088079245
1099,10990020,6.290752410888672,0.42778839940131985
1099,10990048,6.353389739990234,0.4509376448920548
1099,10990060,5.9221625328063965,0.2915664739853836
1099,10990063,6.241681098937988,0.40965282652181734
1099,10990082,6.280358791351318,0.42394716840283064
1099,10990087,6.722002029418945,0.5871678530008813
1099,10990123,6.859335422515869,0.6379229614398352
1099,10990139,6.283117294311523,0.42496664453836597
1099,10990162,5.8728132247924805,0.2733281604685398
1099,10990165,6.11372709274292,0.3623641131711912
1099,10990188,6.265737533569336,0.41854350431572374
1099,10990202,5.8689446449279785,0.27189842669367414
1099,10990218,6.2262959480285645,0.40396684596640786
1099,10990239,6.490686893463135,0.5016793600403775
1099,10990260,6.425395965576172,0.4775494084659344
1099,10990267,6.419507026672363,0.47537299873838745
1099,10990276,6.428145408630371,0.47856553627881193
1099,10990279,5.7718892097473145,0.2360290796536002
1099,10990291,6.363056182861328,0.45451012894038123
1099,10990313,5.836181640625,0.2597900108256559
1109,11090034,6.903216361999512,0.6541402978914557
1109,11090089,6.041683673858643,0.33573860385166365
1109,11090140,6.394342422485352,0.46607276821518373
1109,11090246,6.780390739440918,0.6087469113926327
1109,11090273,6.0326457023620605,0.3323983876592813
1109,11090277,6.443384170532227,0.4841974149891717
1109,11090295,6.536271572113037,0.5185263573791656
1109,11090329,6.3650336265563965,0.4552409444173151
1109,11090333,6.590934753417969,0.5387285502485424
1109,11090335,6.49107551574707,0.5018229854596445
1109,11090359,6.634243011474609,0.5547342374626905
1135,11350141,6.620959758758545,0.5498250677638825
1135,11350158,6.495500564575195,0.5034583767367
1135,11350173,6.714809417724609,0.5845096372656331
1135,11350221,6.385962963104248,0.4629759222117682
1135,11350374,6.107235908508301,0.35996512810065684
1156,11560005,6.719667434692383,0.5863050431202279
1156,11560058,6.772033214569092,0.6056581718545988
1156,11560063,6.12696647644043,0.367257069939235
1156,11560068,6.262791156768799,0.417454594541917
1156,11560072,6.539628982543945,0.51976717526513
1156,11560075,5.965525627136231,0.30759242736298664
1156,11560086,6.774989128112793,0.6067506061785719
1156,11560100,6.472341537475586,0.49489935911342076
1156,11560117,6.2300567626953125,0.40535675232439705
1156,11560184,6.929062366485596,0.6636923575240246
1156,11560192,6.2170186042785645,0.40053816356485705
1156,11560202,6.783395290374756,0.6098573209224523
1156,11560257,6.357022285461426,0.45228014605030986
1156,11560269,6.385099411010742,0.4626567741942307
1156,11560275,5.829679012298584,0.25738679629492256
1156,11560289,6.300357341766357,0.43133815010107557
1156,11560320,6.490056037902832,0.5014462110468918
1156,11560353,6.533122539520264,0.5173625509143303
1156,11560354,6.585740089416504,0.5368087277730853
1156,11560372,6.541340827941895,0.5203998320199397
1181,11810063,6.357048511505127,0.45228983856326654
1181,11810133,6.583280563354492,0.5358997462852566
1181,11810162,6.517397880554199,0.5115510963730088
1181,11810168,6.6803789138793945,0.5717849538010775
1181,11810222,6.928861141204834,0.6636179895155208
1181,11810246,6.514760494232178,0.5105763820245828
1181,11810247,6.970519542694092,0.679013929550939
1186,11860264,5.838763236999512,0.26074410655561064
1186,11860284,6.425769805908203,0.4776875708324442
1186,11860287,6.350478172302246,0.449861599726354
1186,11860346,7.13508939743042,0.7398349770366746
1186,11860359,6.802889823913574,0.6170620301444203
1186,11860361,6.66840934753418,0.5673612908876458
1197,11970006,6.407411098480225,0.470902635535255
1197,11970019,6.054963111877441,0.34064636373040513
1197,11970023,6.340421199798584,0.44614478534872704
1197,11970036,6.120565414428711,0.3648913918677701
1197,11970042,5.771849632263184,0.2360144527704111
1197,11970075,6.086973190307617,0.3524765163628125
1197,11970081,6.294436454772949,0.429149933130472
1197,11970088,6.267651081085205,0.4192507053065453
1197,11970092,6.716550827026367,0.5851532201259568
1197,11970095,6.284943580627441,0.4256415958951678
1197,11970107,5.980565071105957,0.3131506429748756
1197,11970141,6.10218620300293,0.3580988787877242
1197,11970142,6.343600749969482,0.44731987037409415
1197,11970145,5.918386936187744,0.29017110457463713
1197,11970165,6.265756607055664,0.4185505534160556
1197,11970173,5.846352577209473,0.26354894357776737
1197,11970175,6.500900268554688,0.5054539770407283
1203,12030007,6.1886091232299805,0.3900387048476486
1203,12030010,6.381753921508789,0.4614203619959738
1203,12030024,6.47689151763916,0.4965809219976516
1203,12030027,6.446128845214844,0.485211780526966
1203,12030031,6.95244026184082,0.6723322635736155
1203,12030032,6.40534782409668,0.4701400991068263
1203,12030036,7.300968170166016,0.8011397690327031
1203,12030043,6.260495185852051,0.41660605908943604
1203,12030044,5.845202445983887,0.2631238828277398
1203,12030055,6.545942783355713,0.5221006037025753
1203,12030058,6.692564487457275,0.5762884477757713
1203,12030072,6.250389575958252,0.4128712695059622
1203,12030078,5.746681213378906,0.22671281242714092
1203,12030083,7.3281402587890625,0.8111819173658643
1203,12030093,6.82192850112915,0.6240982658684502
1203,12030097,6.812152862548828,0.620485425720722
1203,12030116,6.537071228027344,0.5188218909105904
1203,12030138,6.186695098876953,0.3893313276293189
1228,12280016,6.645911693572998,0.559046700818383
1228,12280033,6.60953426361084,0.5456024804374249
1228,12280161,6.661741256713867,0.5648969254115308
1228,12280173,6.891537189483643,0.6498239575305804
1228,12280206,6.928106307983398,0.6633390213698764
1228,12280243,6.592857360839844,0.5394390995620217
1228,12280262,6.807502269744873,0.618766678832239
1228,12280276,6.4093017578125,0.4716013776056782
1228,12280288,6.379451751708984,0.4605695355858852
1228,12280343,6.179574489593506,0.3866997222478241
1228,12280355,6.711693286895752,0.5833579904988702
1228,12280375,6.23316764831543,0.4065064605885682
1260,12600072,6.667026996612549,0.5668504073410741
1260,12600082,6.325865745544434,0.4407654406577659
1260,12600131,6.506961345672607,0.5076940048987726
1260,12600186,7.317916393280029,0.8074034233603309
1260,12600210,5.919209003448486,0.2904749207989521
1260,12600219,6.409091949462891,0.4715238375020243
1260,12600224,6.80088996887207,0.6163229319745958
1260,12600252,6.463165283203125,0.4915080369436302
1260,12600263,6.553993225097656,0.5250758527252615
1260,12600281,6.375858783721924,0.4592416613108192
1260,12600295,6.248219013214111,0.41206908188816516
1260,12600330,5.926358699798584,0.2931172760584533
1260,12600338,6.82213306427002,0.6241738674695128
1260,12600357,5.820362567901611,0.2539436632376908
1260,12600368,5.910050868988037,0.28709029527447716
1292,12920007,6.285598278045654,0.4258835562640686
1292,12920054,7.439703941345215,0.8524131625735774
1292,12920062,6.315150737762451,0.43680543231867985
1292,12920073,6.006962776184082,0.32290659783455156
1292,12920085,6.763089656829834,0.6023528487088605
1292,12920110,7.119180202484131,0.73395532244964
1292,12920121,6.65370512008667,0.5619269632140937
1292,12920143,6.700396060943604,0.5791828083721462
1292,12920146,6.6101789474487305,0.5458407400286511
1292,12920155,6.451708793640137,0.4872739948291327
1292,12920158,7.022524833679199,0.6982338302890325
1292,12920214,6.811357021331787,0.6201913020093637
1292,12920254,5.975138187408447,0.3111449977028744
1292,12920259,5.392419338226318,0.0957861711807051
1292,12920268,6.664090633392334,0.5657651983449419
1292,12920270,6.230050563812256,0.405354461366789
1292,12920299,6.293886184692383,0.4289465665858898
1292,12920301,6.196564674377441,0.3929788845961826
1292,12920368,6.190825462341309,0.3908578103062428
1293,12930008,5.737722396850586,0.22340185000113677
1293,12930012,5.866360187530518,0.27094327359866965
1293,12930028,6.358409404754639,0.4527927918719643
1293,12930036,6.976655960083008,0.6812818013552955
1293,12930037,6.667598247528076,0.5670615278960216
1293,12930040,6.542794704437256,0.5209371496927562
1293,12930051,6.353153705596924,0.4508504122754442
1293,12930067,5.720308780670166,0.21696619762540492
1293,12930079,6.3405609130859375,0.4461964200086601
1293,12930097,5.949141025543213,0.30153707395017304
1293,12930114,6.016355991363525,0.32637810352062036
1293,12930127,6.595815181732178,0.5405322387960279
1293,12930139,6.179306983947754,0.38660085861566595
1293,12930155,5.88228702545166,0.27682944860351166
1293,12930195,6.270130157470703,0.42016691212221446
1293,12930225,6.610443115234375,0.5459383700682514
1293,12930240,6.259017467498779,0.416059930041204
1293,12930261,6.503303527832031,0.5063421636825771
1293,12930266,6.264383316040039,0.4180430181921422
1293,12930315,5.943150997161865,0.2993233039908658
1309,13090018,6.195952892303467,0.3927527847030292
1309,13090027,6.686700344085693,0.5741212018786557
1309,13090041,7.429919719696045,0.8487971503306999
1309,13090051,6.477519035339356,0.4968128373985794
1309,13090076,7.164318084716797,0.7506371946131483
1309,13090105,6.039709568023682,0.33500902196728766
1309,13090128,6.849213600158691,0.6341821801210792
1309,13090147,6.793803691864014,0.6137040149736992
1309,13090148,6.382623195648193,0.46174162474361125
1309,13090160,5.94916582107544,0.3015462377806053
1309,13090179,6.602908611297607,0.5431537992095492
1309,13090181,5.963239669799805,0.30674759268817975
1309,13090184,6.273191452026367,0.42129829272552244
1309,13090185,6.923518180847168,0.6616433602849809
1309,13090202,6.84913969039917,0.6341548648572919
1309,13090232,7.044270515441895,0.7062705095777011
1309,13090267,6.830223560333252,0.6271639196028962
1309,13090287,6.413898944854736,0.47330038701323107
1309,13090339,6.94298791885376,0.6688389056765172
1309,13090364,6.71579647064209,0.5848744282078211
1334,13340007,6.203207492828369,0.39543391001435757
1334,13340034,6.133661270141602,0.3697313041558148
1334,13340046,6.529440879821777,0.5160018983227197
1334,13340091,5.572715759277344,0.16241937811779494
1334,13340137,6.763669490814209,0.6025671413589573
1334,13340147,5.970595359802246,0.3094660782312679
1334,13340159,7.225812435150146,0.7733640227664791
1334,13340204,6.294388771057129,0.42913231037964183
1334,13340217,6.417314529418945,0.47456270465520833
1334,13340243,6.361013412475586,0.4537551702948093
1334,13340245,6.437410354614258,0.4819896367651466
1334,13340255,6.5171799659729,0.5114705604017142
1334,13340259,6.327939987182617,0.44153203031888544
1334,13340277,5.85912561416626,0.2682695498426908
1334,13340291,6.346273899078369,0.4483078017856428
1334,13340297,6.970609664916992,0.6790472365500084
1334,13340313,6.5779805183410645,0.5339409775304642
1334,13340345,7.144748687744141,0.7434048176723766
1334,13340375,6.466522216796875,0.49274867860208604
1334,13340378,6.474207878112793,0.4955891135809203
1336,13360001,6.777048587799072,0.6075117327869342
1336,13360002,6.444890022277832,0.48475394146039386
1336,13360016,5.797799110412598,0.24560475377228186
1336,13360082,6.862141609191895,0.6389600603262011
1336,13360123,6.53418493270874,0.51775518580283
1336,13360130,5.92191219329834,0.2914739545435243
1336,13360140,5.7848801612854,0.24083022188981817
1336,13360145,6.200989246368408,0.3946140996457299
1336,13360146,5.715460777282715,0.2151744925484842
1336,13360161,6.560037612915039,0.5273097126205155
1336,13360226,6.043143272399902,0.3362780362545805
1336,13360234,6.429800510406494,0.4791772219601327
1336,13360235,5.923312187194824,0.29199135850790303
1336,13360257,5.990758419036865,0.3169178584198773
1336,13360263,6.345335483551025,0.4479609860493017
1336,13360268,6.189280033111572,0.3902866569518315
1336,13360360,6.748157978057861,0.5968344605138476
1336,13360363,6.149832248687744,0.375707707644908
1362,13620027,6.107142925262451,0.35993076373653765
1362,13620106,6.289218902587891,0.4272216517346161
1362,13620108,6.404705047607422,0.46990254442563306
1362,13620128,6.202854156494141,0.39530332543070457
1362,13620137,6.245584011077881,0.4110952486772803
1362,13620140,6.15994119644165,0.3794437308209402
1362,13620143,6.5785417556762695,0.5341483973077372
1362,13620146,5.773928642272949,0.23678280470661384
1362,13620162,5.943404197692871,0.29941688079777484
1362,13620175,6.7488627433776855,0.5970949247711201
1362,13620184,6.458713054656982,0.4898626006986013
1362,13620185,6.007063388824463,0.3229437818388037
1362,13620210,6.080370903015137,0.35003647028284335
1362,13620241,6.4426703453063965,0.48393360240924177
1362,13620258,6.080278396606445,0.35000228214623275
1362,13620292,6.537235736846924,0.5188826894009553
1362,13620361,5.7587761878967285,0.23118282317525662
1362,13620366,6.791743755340576,0.6129427121378284
1372,13720023,6.072818756103516,0.3472453790063341
1372,13720051,6.340953826904297,0.44634163147550177
1372,13720070,6.161083698272705,0.3798659719308348
1372,13720082,5.9179205894470215,0.2899987540715163
1372,13720140,5.947269916534424,0.30084555720759076
1372,13720153,6.445370197296143,0.48493140256125566
1372,13720167,5.741563320159912,0.22482136258052043
1372,13720182,7.030987739562988,0.7013615161064013
1372,13720189,6.358897686004639,0.4529732488404672
1372,13720198,6.407029628753662,0.4707616535286123
1372,13720199,6.3573079109191895,0.45238570632778363
1372,13720201,6.372660636901856,0.45805970341262836
1372,13720215,5.602685928344727,0.17349562946968056
1372,13720233,6.3917741775512695,0.46512360685546184
1372,13720256,6.780648708343506,0.6088422504746249
1372,13720274,6.364279270172119,0.4549621524991794
1372,13720275,6.262603282928467,0.41738516090364564
1372,13720311,6.328854560852051,0.44187003467981145
1372,13720360,7.00413179397583,0.6914362066112456
1404,14040028,5.556640625,0.15647839635787109
1404,14040052,6.241789817810059,0.40969300639371053
1404,14040081,5.9593024253845215,0.30529248215211857
1404,14040089,6.267996311187744,0.4193782940225568
1404,14040097,6.044252395629883,0.33668794143889413
1404,14040122,6.039985179901123,0.3351108814670869
1407,14070040,6.678652763366699,0.5711470102210192
1407,14070080,6.133650779724121,0.3697274271506321
1407,14070092,6.345123767852783,0.4478827410356152
1407,14070101,6.263022422790527,0.417540064883444
1407,14070159,6.020896434783936,0.3280561418546857
1407,14070207,6.3678483963012695,0.45628121539883026
1407,14070217,6.352485179901123,0.45060334130880286
1407,14070239,6.425110340118408,0.47744384818846064
1407,14070248,7.133399486541748,0.7392104267472475
1407,14070265,6.702289581298828,0.5798826078076187
1407,14070270,5.854887962341309,0.26670341597639813
1407,14070281,6.018671035766602,0.3272336880734332
1407,14070297,6.448410511016846,0.48605502915419785
1407,14070358,6.662837505340576,0.5653020724531206
1408,14080008,6.2770586013793945,0.4227274978178628
1408,14080091,6.5795745849609375,0.5345301060907224
1408,14080117,6.469113349914551,0.49370629888220674
1408,14080134,6.73148250579834,0.5906716083209698
1408,14080149,6.092310428619385,0.3544490308632524
1408,14080201,6.291296482086182,0.427989474988294
1408,14080243,6.576488971710205,0.5333897378844912
1408,14080270,5.807908535003662,0.2493409531758226
1408,14080301,5.833873271942139,0.2589368934579592
1408,14080333,6.4471964836120605,0.4856063539180575
1408,14080336,6.216200828552246,0.4002359333881167
1408,14080337,6.726276397705078,0.5887475563853133
1408,14080339,6.070289134979248,0.3463104920747846
1408,14080361,6.378561019897461,0.4602403426003743
1408,14080362,5.693774700164795,0.20715984169835377
1418,14180002,6.235172271728516,0.40724732103347594
1418,14180011,6.9586052894592285,0.6746107090284703
1418,14180013,6.380898475646973,0.4611042098460778
1418,14180044,7.143067359924316,0.7427834394780988
1418,14180051,6.162201881408691,0.3802792254378067
1418,14180063,6.1282877922058105,0.3677453963647437
1418,14180077,5.499654293060303,0.13541762306803995
1418,14180084,6.711063385009766,0.5831251939604016
1418,14180088,6.090458869934082,0.35376473944851017
1418,14180100,5.361928939819336,0.08451765561726066
1418,14180131,6.536961555480957,0.5187813585836809
1418,14180139,6.59468936920166,0.5401161656489235
1418,14180150,6.2445478439331055,0.4107123063017373
1418,14180155,6.059173107147217,0.3422022764012158
1418,14180158,5.496683597564697,0.13431972569130957
1418,14180160,6.018838405609131,0.32729554392884785
1418,14180165,5.8629889488220215,0.2696973451149647
1418,14180166,5.868419647216797,0.27170440020703235
1419,14190006,6.49954891204834,0.504954548282196
1419,14190059,6.38898515701294,0.4640928521593952
1419,14190062,6.040500640869141,0.3353013834035632
1419,14190071,6.423824310302734,0.47696856259856646
1419,14190088,6.082993030548096,0.3510055453510039
1419,14190107,6.275946617126465,0.42231653526849944
1419,14190108,6.644287109375,0.5584462936975931
1419,14190114,6.093381404876709,0.3548448378469018
1419,14190172,6.211915969848633,0.39865235299850243
1420,14200011,5.99540901184082,0.31863660530836024
1420,14200060,6.543920516967773,0.5213532228398605
1420,14200076,5.779729843139648,0.23892678857263294
1420,14200086,5.917759895324707,0.28993936540121834
1420,14200087,6.188807010650635,0.3901118392635945
1420,14200124,6.102542400360107,0.35823052073642647
1420,14200161,6.376676082611084,0.459543715260051
1420,14200177,6.352148532867432,0.45047892468794104
1420,14200206,6.703917503356934,0.5804842485209665
1420,14200207,6.066995620727539,0.34509328867493294
1420,14200229,6.290719509124756,0.42777623970324696
1420,14200238,5.923978805541992,0.2922377245645109
1420,14200246,6.032998561859131,0.33252879601542573
1420,14200272,6.881120204925537,0.6459740913841843
1420,14200295,6.0418243408203125,0.33579059096661346
1420,14200296,6.359211444854736,0.45308920654093066
1420,14200339,6.081248760223389,0.35036090512563
1420,14200342,6.053199291229248,0.33999449817719074
1420,14200353,6.4855122566223145,0.49976693912026904
1420,14200357,6.611936569213867,0.5464903146242575
1422,14220001,6.265435218811035,0.4184317760754592
1422,14220003,6.463320732116699,0.49156548711133685
1422,14220038,6.18862771987915,0.39004557772047277
1422,14220048,6.599377632141113,0.5418488345105625
1422,14220068,6.302460670471191,0.4321154896402015
1422,14220070,6.1193156242370605,0.3644294995685071
1422,14220140,6.145991325378418,0.3742881950655239
1422,14220167,6.016868114471436,0.32656737186453877
1435,14350004,6.972930431365967,0.6799049358329208
1435,14350012,6.698932647705078,0.5786419661491629
1435,14350016,5.954833984375,0.30364105417180753
1435,14350020,6.5773234367370605,0.5336981360240218
1435,14350022,6.76148796081543,0.6017609005084694
1435,14350028,6.12364673614502,0.3660301740264271
1435,14350094,6.235034942626953,0.40719656751108446
1435,14350103,6.241082668304443,0.4094316609988964
1435,14350110,6.689105987548828,0.5750102696580466
1435,14350133,6.744346618652344,0.5954258740399789
1435,14350153,6.495128154754639,0.5033207430527151
1435,14350157,5.882152080535889,0.2767795762186618
1435,14350158,6.133083343505859,0.36951771641575104
1435,14350163,6.898156642913818,0.652270347800848
1435,14350165,7.212450981140137,0.7684259517563097
1439,14390008,6.285892963409424,0.42599246486420017
1439,14390009,6.61322021484375,0.54696471907661
1439,14390045,6.660998344421387,0.5646223629535945
1439,14390052,6.435250282287598,0.48119132615253224
1439,14390064,5.744454860687256,0.22589000619087263
1439,14390068,6.485384464263916,0.4997197101480435
1439,14390076,6.063937664031982,0.3439631416641833
1439,14390086,5.972785949707031,0.31027566740441404
1439,14390090,6.317468643188477,0.4376620742365429
1439,14390117,5.981868743896484,0.3136324489825768
1439,14390124,6.071456909179688,0.3467420732426201
1439,14390133,6.190532207489014,0.3907494303886365
1439,14390135,6.281987190246582,0.424548985343687
1439,14390143,5.957210063934326,0.30451919584568343
1439,14390154,6.209371566772461,0.3977120030141952
1439,14390156,6.499701499938965,0.5050109410848533
1439,14390163,6.365982532501221,0.4555916371588389
1447,14470007,6.263926982879639,0.41787436846669546
1447,14470017,5.928218841552734,0.29380473956834474
1447,14470026,6.81745719909668,0.622445780523089
1447,14470028,6.944669246673584,0.669460283870795
1447,14470031,6.173725605010986,0.38453811563097484
1447,14470038,6.336723327636719,0.44477814102183433
1447,14470039,6.081401348114014,0.35041729792828735
1447,14470048,6.315922737121582,0.43709074465462305
1447,14470053,6.452239036560059,0.48746995981836583
1447,14470060,5.974158763885498,0.31078302640081934
1447,14470063,6.041138648986816,0.3355371758096728
1447,14470084,6.0560078620910645,0.34103247820109783
1447,14470100,6.270042419433594,0.4201344862606866
1447,14470109,6.206434726715088,0.39662661779055486
1447,14470124,6.276185035705566,0.4224046490226512
1447,14470140,6.000093460083008,0.3203678643499328
1447,14470141,6.408738613128662,0.47139325291837175
1465,14650011,6.518341541290283,0.5118998506119412
1465,14650023,6.369595050811768,0.4569267367617458
1465,14650032,6.480257034301758,0.4978247357512571
1465,14650037,6.481954097747803,0.49845192945330896
1465,14650038,5.3492817878723145,0.07984357341452974
1465,14650040,7.348101615905762,0.8185591533184609
1465,14650041,7.073606967926025,0.7171125545710508
1465,14650043,6.712604999542236,0.5836949374947464
1465,14650047,6.586767196655273,0.537188321825971
1465,14650058,7.047403812408447,0.7074285005347625
1465,14650059,6.560117244720459,0.5273391426144023
1465,14650085,6.205818176269531,0.3963987556223183
1465,14650087,6.56304407119751,0.5284208270603685
1465,14650088,6.393165111541748,0.46563766249718275
1465,14650108,6.146321773529053,0.37441032072877856
1465,14650113,6.489142417907715,0.5011085591409825
1465,14650125,6.969491004943848,0.6786338068155284
1465,14650164,6.329281330108643,0.44202775829974317
1469,14690004,6.598081588745117,0.5413698481429938
1469,14690006,6.18430233001709,0.3884470179926527
1469,14690018,6.133020877838135,0.36949463061216314
1469,14690020,6.490787029266357,0.501716367817121
1469,14690047,6.326210975646973,0.4408930293737774
1469,14690048,6.844712734222412,0.6325187686702034
1469,14690050,6.519813060760498,0.5124436887025656
1469,14690055,6.402327537536621,0.4690238740692323
1469,14690062,6.347379684448242,0.4487164733773985
1469,14690067,6.623302936553955,0.5506910497396855
1469,14690074,5.9448323249816895,0.2999446821851437
1469,14690082,6.02497148513794,0.3295621821406465
1469,14690110,6.294528007507324,0.4291837688120663
1469,14690113,6.129136562347412,0.3680590813295239
1469,14690121,5.985579967498779,0.31500402767970237
1469,14690125,6.668086051940918,0.5672418086370159
1469,14690136,5.568274021148682,0.16077781887794917
1469,14690150,6.182354927062988,0.3877273048487415
1469,14690167,6.47047233581543,0.4942085472808715
1501,15010004,6.3313469886779785,0.4427911758657135
1501,15010014,6.198591232299805,0.39372785150647194
1501,15010033,5.900619029998779,0.283604515160236
1501,15010038,5.795722007751465,0.2448371067461126
1501,15010041,6.477878093719482,0.49694553671233144
1501,15010079,6.0316572189331055,0.332033068034568
1501,15010087,6.476047039031982,0.4962688230804464
1501,15010094,6.126658439636231,0.36714322696887147
1501,15010097,5.70704984664917,0.21206601552952065
1501,15010103,5.686744689941406,0.20456171954343705
1501,15010115,5.842871189117432,0.26226230653964433
1501,15010121,5.925545692443848,0.2928168081567961
1501,15010137,6.313935279846191,0.43635622840001465
1501,15010145,5.8583831787109375,0.26799516361226217
1501,15010151,6.4804301261901855,0.4978887063367712
1501,15010159,5.888284206390381,0.2790458619754437
1501,15010169,6.174489498138428,0.38482043209927697
1501,15010170,6.026031017303467,0.32995375966409646
1502,15020001,6.108858108520508,0.36056465408390515
1502,15020007,6.836672306060791,0.6295472204251913
1502,15020010,5.978305816650391,0.312315677040534
1502,15020017,6.189953327178955,0.39053549019355605
1502,15020029,6.608909130096436,0.5453714461740395
1502,15020061,6.313465595245361,0.43618264430433595
1502,15020065,5.5473151206970215,0.15303191497798152
1502,15020070,6.270331382751465,0.4202412801307187
1502,15020088,6.215434551239014,0.399952735782273
1502,15020097,6.347214221954346,0.44865532243201733
1502,15020099,6.63456392288208,0.5548528385757787
1502,15020101,6.478262424468994,0.4970875760840239
1502,15020113,6.0416436195373535,0.3357238007409664
1502,15020161,6.120142459869385,0.3647350780679053
1502,15020162,6.508096694946289,0.5081136025960429
1503,15030001,6.200273036956787,0.3943494059282584
1503,15030005,6.273763179779053,0.4215095895079781
1503,15030027,6.223270893096924,0.4028488586537311
1503,15030030,6.603463649749756,0.5433589280292146
1503,15030041,6.542128562927246,0.5206909598636564
1503,15030077,6.29481840133667,0.4292910913646233
1503,15030082,6.168048858642578,0.38244012714462294
1503,15030106,6.136974811553955,0.37095590911101506
1503,15030109,5.946674346923828,0.30062544904971955
1503,15030115,6.285863399505615,0.42598153875868516
1503,15030118,6.085550785064697,0.35195082970554314
1503,15030122,6.305616855621338,0.4332819395176617
1503,15030125,6.2236809730529785,0.4030004143108721
1503,15030133,6.011887073516846,0.32472649931280073
1503,15030142,6.638989448547363,0.5564884060803428
1503,15030150,5.728672027587891,0.2200570518935383
2002,20020015,6.735760688781738,0.5922527215254678
2002,20020032,6.672257423400879,0.5687834468796542
2002,20020094,6.905314922332764,0.6549158751554989
2002,20020108,6.266902923583984,0.4189742043460172
2002,20020123,7.018677234649658,0.6968118505245326
2002,20020174,6.431817531585693,0.4799226643202561
2002,20020181,6.294769287109375,0.4292729399312678
2002,20020185,6.5161452293396,0.5110881467086961
2002,20020204,6.036601543426514,0.33386037106816624
2002,20020206,6.422226905822754,0.47637820044574997
2002,20020208,6.624566078186035,0.5511578764091813
2002,20020220,6.510149002075195,0.5088720857917808
2002,20020278,6.589874267578125,0.5383366202700757
2002,20020285,6.820887565612793,0.623713561217824
2002,20020295,6.591717720031738,0.5390179158171768
2002,20020303,6.619711399078369,0.5493637041471444
2002,20020348,6.1423187255859375,0.37293089079657116
2002,20020357,6.614444732666016,0.5474172713179335
2002,20020361,7.407094478607178,0.8403614919632327
2002,20020377,6.241445541381836,0.40956577013271533
2007,20070039,6.037988185882568,0.33437284066231254
2007,20070050,6.29737663269043,0.43023655194667065
2007,20070065,5.954617977142334,0.303561223110546
2007,20070066,6.142467498779297,0.37298587377916204
2007,20070070,6.219078063964844,0.4012992901732193
2007,20070079,6.220403671264648,0.401789202646303
2007,20070081,6.60350227355957,0.543373202457387
2007,20070086,6.166794776916504,0.3819766487977849
2007,20070091,5.871017932891846,0.2726646638997774
2007,20070095,6.740582942962647,0.5940349103169404
2007,20070105,6.231062889099121,0.40572859236691694
2007,20070132,6.365600109100342,0.4554503026971799
2007,20070146,6.193917274475098,0.39200046947008205
2007,20070152,6.3309478759765625,0.4426436734412633
2007,20070153,6.280333042144775,0.42393765211738255
2007,20070154,6.413528919219971,0.4731636344667878
2007,20070157,6.93623685836792,0.6663438766139576
2007,20070165,6.745907306671143,0.5960026666746556
2007,20070166,5.830538749694824,0.2577045344923936
2014,20140004,6.167234420776367,0.38213913056044047
2014,20140014,6.316864013671875,0.43743861775601434
2014,20140028,6.551543235778809,0.5241703957875987
2014,20140036,5.804570198059082,0.24810718439019053
2014,20140041,6.567218780517578,0.5299636988955647
2014,20140045,5.721498966217041,0.21740606148613018
2014,20140048,6.380465507507324,0.460944195268538
2014,20140055,6.314907550811768,0.43671555628944536
2014,20140074,6.4696455001831055,0.49390296878147333
2014,20140083,6.169795989990234,0.3830858247350466
2014,20140087,6.046992301940918,0.3377005447016057
2014,20140096,6.246873378753662,0.4115717678597328
2014,20140099,6.870481967926025,0.6420424556739357
2014,20140114,6.946488857269287,0.6701327680424807
2014,20140117,6.156397342681885,0.37813400797922925
2014,20140121,5.930239677429199,0.2945515917485346
2014,20140133,6.300401210784912,0.43135436303183927
2014,20140173,6.198366165161133,0.39364467212255305
2016,20160042,5.801648139953613,0.24702726221930704
2016,20160068,6.326433181762695,0.440975151392647
2016,20160093,6.123108863830566,0.3658313893970606
2016,20160128,6.407483577728272,0.47092942211651745
2016,20160131,6.376707077026367,0.4595551700480909
2016,20160132,5.855865478515625,0.2670646823684202
2016,20160151,6.027455806732178,0.330480327458907
2016,20160171,6.091699600219727,0.3542232834251158
2016,20160178,6.073517322540283,0.3475035523059986
2016,20160207,5.636939525604248,0.18615493252865511
2016,20160222,6.416620254516602,0.47430611740311845
2016,20160245,6.521354675292969,0.5130134322369104
2016,20160264,6.088490009307861,0.3530370960667255
2016,20160295,6.471465110778809,0.49457545295315897
2016,20160312,6.375235080718994,0.4590111557299583
2016,20160318,6.34202241897583,0.44673655732161
2016,20160335,6.856432914733887,0.6368502645967926
2016,20160344,5.812717914581299,0.2511183838245705
2016,20160347,6.3376240730285645,0.44511103478501934
2016,20160371,6.5688982009887695,0.5305843721798091
2022,20220021,6.703032493591309,0.5801571702655555
2022,20220023,6.36881160736084,0.4566371949656032
2022,20220033,6.508156776428223,0.5081358072620892
2022,20220048,6.1045403480529785,0.358968913996218
2022,20220056,6.231357097625732,0.4058373247395404
2022,20220060,6.481410026550293,0.49825085386633483
2022,20220072,6.535736560821533,0.5183286301148493
2022,20220091,6.222206592559815,0.40245551885519837
2022,20220120,6.151735305786133,0.3764110316305469
2022,20220122,6.0725202560424805,0.3471350605861365
2022,20220139,6.600830078125,0.5423856235008546
2022,20220141,6.163972854614258,0.3809337344036454
2022,20220176,6.804837226867676,0.6177817432883315
2022,20220200,5.964745044708252,0.3073039429318938
2022,20220221,6.654341697692871,0.5621622269376789
2022,20220232,6.182541847229004,0.3877963860319962
2022,20220259,5.991901874542236,0.31734045198478866
2022,20220264,7.095277786254883,0.7251215661409154
2022,20220295,6.503584384918213,0.5064459616849677
2022,20220366,6.445976734161377,0.48515556395181725
2027,20270001,6.380931377410889,0.4611163695441507
2027,20270020,6.130193710327148,0.3684497777154323
2027,20270042,6.826395034790039,0.6257489889387282
2027,20270048,7.211277484893799,0.7679922558583752
2027,20270049,5.876644611358643,0.2747441484977575
2027,20270077,6.392294406890869,0.46531587106702044
2027,20270087,6.314823627471924,0.436684540247984
2027,20270113,6.353790283203125,0.4510856759990294
2027,20270136,5.782419681549072,0.23992088794697275
2027,20270142,6.59300708770752,0.5394944349996293
2027,20270146,6.882136344909668,0.6463496322043787
2027,20270161,6.453641414642334,0.48798824492028614
2027,20270167,6.532045364379883,0.5169644529730728
2027,20270168,6.8337483406066895,0.6284665933442748
2027,20270170,6.435427665710449,0.4812568827856214
2027,20270171,6.326676368713379,0.4410650274218815
2027,20270174,6.86246395111084,0.6390791901218138
2030,20300005,6.217093467712402,0.40056583128366063
2030,20300012,6.303670406341553,0.43256257882876725
2030,20300017,6.389025688171387,0.46410783149760104
2030,20300020,6.214954376220703,0.3997752746814116
2030,20300044,6.944394588470459,0.6693587768260121
2030,20300056,7.177958488464356,0.7556783587156757
2030,20300057,6.504390716552734,0.5067439624015087
2030,20300059,6.655847549438477,0.5627187534089011
2030,20300065,6.646202087402344,0.55915402337094
2030,20300083,6.363393783569336,0.4546348980162598
2030,20300132,6.86181640625,0.6388398731655378
2030,20300143,7.037008762359619,0.7035867408537484
2030,20300147,6.627378940582275,0.552197442480663
2030,20300156,7.176854610443115,0.755270392033953
2030,20300171,6.142935276031494,0.3731587529648077
2030,20300173,6.315739154815674,0.4370228970639263
2031,20310032,6.408934593200684,0.4714656824242842
2031,20310042,6.450036525726318,0.4866559649575126
2031,20310075,6.797457695007324,0.6150544463698282
2031,20310085,6.242384433746338,0.4099127620965646
2031,20310112,6.706170558929443,0.5813169234977
2031,20310114,6.513756275177002,0.5102052468920959
2031,20310133,6.4647536277771,0.49209505077378846
2031,20310141,5.630312919616699,0.18370589884576272
2031,20310148,6.42844295501709,0.47867550224399324
2031,20310151,6.495923042297363,0.5036145143090571
2031,20310154,6.345325469970703,0.4479572852716276
2031,20310174,6.282893180847168,0.42488381760946337
2031,20310219,6.596305847167969,0.5407135769020719
2031,20310273,6.623011589050293,0.5505833747321123
2031,20310281,6.314925193786621,0.4367220767072524
2031,20310295,7.01176118850708,0.6942558467441
2031,20310297,6.645765781402588,0.5589927752008423
2031,20310322,6.259342670440674,0.4161801172018669
2031,20310335,6.875340461730957,0.6438380377560387
2031,20310376,6.348233699798584,0.4490320968447701
2034,20340016,6.1057538986206055,0.3594174130048502
2034,20340019,6.156836032867432,0.3782961372868685
2034,20340029,5.800881385803223,0.24674388838595518
2034,20340043,6.042868137359619,0.33617635298228943
2034,20340055,6.237700939178467,0.40818185551000874
2034,20340056,6.366518974304199,0.4557898931056805
2034,20340063,6.572767734527588,0.5320144584096915
2034,20340065,6.470314025878906,0.49415003974811467
2034,20340096,6.230506420135498,0.4055229348647271
2034,20340098,6.268496036529541,0.4195629804512586
2034,20340113,6.370304584503174,0.4571889632941011
2034,20340124,6.145277976989746,0.37402455871310214
2034,20340140,6.58768367767334,0.53752703109693
2034,20340144,6.3597798347473145,0.45329926973082846
2034,20340156,6.076870441436768,0.3487427841443884
2034,20340162,7.075396060943604,0.7177737601822056
2034,20340166,6.497109413146973,0.5040529683497159
2034,20340169,6.153643131256104,0.377116117891269
2036,20360017,6.5017499923706055,0.5057680144605243
2036,20360019,6.681179046630859,0.5720806635600109
2036,20360036,6.469725608825684,0.49393257500286825
2036,20360055,5.402108669281006,0.09936711414943011
2036,20360089,6.357039451599121,0.45228649024060874
2036,20360097,6.409824848175049,0.471794699182287
2036,20360100,6.266711711883545,0.41890353711518746
2036,20360131,6.008938789367676,0.323636884628961
2036,20360136,6.189386367797852,0.3903259556861831
2036,20360143,6.700376510620117,0.5791755830443057
2036,20360202,6.583581447601318,0.5360109458429958
2036,20360211,6.165224075317383,0.38139615538543326
2036,20360220,6.082763671875,0.35092077991951
2036,20360228,5.532780170440674,0.14766014806987715
2036,20360245,6.604835510253906,0.5438659345706032
2036,20360299,5.813856601715088,0.25153921511439914
2036,20360301,6.015639781951904,0.32611340980314885
2036,20360302,6.270479202270508,0.42029591065829286
2036,20360312,6.345836162567139,0.44814602493302025
2036,20360329,5.760232925415039,0.23172119821312376
2059,20590022,6.339676856994629,0.4458696942082654
2059,20590026,6.653904914855957,0.5620008025400731
2059,20590047,6.7108893394470215,0.5830608709198708
2059,20590077,6.616861343383789,0.5483103923300152
2059,20590103,6.417754650115967,0.47472536264537246
2059,20590121,6.682231903076172,0.5724697738983446
2059,20590122,6.226208686828613,0.4039345963323886
2059,20590123,6.463320732116699,0.49156548711133685
2059,20590144,6.673269748687744,0.5691575778797822
2059,20590151,7.462230205535889,0.8607383262933384
2059,20590164,6.546576976776123,0.5223349862886189
2059,20590181,6.508759498596191,0.5083585588325843
2059,20590228,6.594625473022461,0.5400925511628107
2059,20590265,6.272185325622559,0.4209264526830021
2059,20590274,6.388293266296387,0.46383714604484694
2059,20590276,6.752172470092773,0.5983181199062539
2059,20590290,6.623802185058594,0.5508755599408792
2059,20590322,6.471019268035889,0.49441068023289536
2059,20590359,6.57676362991333,0.5334912449292737
2059,20590376,6.546082019805908,0.5221520621349998
2061,20610010,6.173930168151856,0.3846137172320374
2061,20610014,6.117299556732178,0.36368440966340043
2061,20610061,6.09904146194458,0.35693665837046296
2061,20610090,6.304594039916992,0.43290393151235107
2061,20610122,6.586603164672852,0.5371276995631147
2061,20610134,6.470742225646973,0.49430829205057125
2061,20610166,6.547147750854492,0.5225459306160578
2061,20610168,7.026200771331787,0.6995923681505436
2061,20610174,6.443591594696045,0.484274073955284
2061,20610175,6.822611331939697,0.6243506236603407
2061,20610194,5.970513820648193,0.30943594332734814
2061,20610201,6.610445976257324,0.5459394274333011
2061,20610206,6.625117778778076,0.5513617716362884
2061,20610207,5.850909233093262,0.26523297364711484
2061,20610291,6.626550674438477,0.55189133529874
2061,20610302,6.365227222442627,0.4553124927856864
2061,20610316,6.663870334625244,0.5656837812361057
2061,20610328,6.358882904052734,0.4529677857877099
2061,20610341,5.784875869750977,0.24082863584224312
2061,20610343,6.978600025177002,0.6820002809066483
2089,20890003,6.32882022857666,0.4418573462992137
2089,20890037,6.695677280426025,0.5774388609499754
2089,20890112,6.434010028839111,0.4807329584034352
2089,20890134,6.170788288116455,0.38345255417982593
2089,20890156,6.353453636169434,0.4509612593781671
2089,20890165,5.964015483856201,0.3070343148441894
2089,20890206,6.558407306671143,0.5267071907696261
2089,20890207,6.708848476409912,0.5823066171843323
2089,20890215,5.682148456573486,0.20286306259090048
2089,20890219,5.29832935333252,0.0610127830147702
2089,20890259,7.117647647857666,0.733388927237953
2089,20890260,6.101996421813965,0.35802874023941933
2089,20890267,6.510437488555908,0.5089787034343043
2089,20890274,6.445393562316895,0.4849400377091626
2089,20890306,6.445024013519287,0.484803461390227
2089,20890313,6.532918453216553,0.5172871255407763
2089,20890326,6.680200576782227,0.5717190447129721
2089,20890340,7.265103816986084,0.7878851694506797
2089,20890346,5.983687877655029,0.3143047569267543
2089,20890371,6.255293369293213,0.4146835932013542
2112,21120025,6.13145637512207,0.36891642815742
2112,21120059,6.185769557952881,0.38898927003570205
2112,21120074,6.39658260345459,0.466900685049193
2112,21120075,6.559029579162598,0.5269371676679622
2112,21120085,6.102994918823242,0.35839776064180673
2112,21120108,6.678113460540772,0.5709476969091287
2112,21120135,6.275689125061035,0.4222213724140158
2112,21120151,6.499475955963135,0.5049275854734254
2112,21120161,6.368998050689697,0.4567060999213497
2112,21120164,6.059292316436768,0.3422463332782917
2112,21120171,6.2187042236328125,0.40116112780670954
2112,21120187,6.417525768280029,0.47464077344138667
2112,21120232,6.376007556915283,0.45929664429340966
2112,21120233,6.387784004211426,0.4636489350659787
2112,21120256,6.673068523406982,0.5690832098712784
2112,21120296,6.352863788604736,0.4507432659503958
2112,21120309,6.945255756378174,0.669677043706008
2112,21120321,6.073634624481201,0.34754690427304147
2112,21120354,5.86216926574707,0.2693944100281913
2116,21160002,6.411550045013428,0.4724322903073286
2116,21160027,6.765894412994385,0.6033894189127011
2116,21160075,6.120039463043213,0.36469701292611156
2116,21160080,6.650924205780029,0.5608992043856682
2116,21160089,6.083072185516357,0.3510347991173821
2116,21160090,6.277608394622803,0.42293068813493684
2116,21160120,6.234123706817627,0.4068597967427168
2116,21160134,5.7579498291015625,0.23087742090336705
2116,21160185,6.328770160675049,0.4418388424108419
2116,21160188,6.306550979614258,0.4336271692064282
2116,21160195,6.1016926765441895,0.35791648331662995
2116,21160198,6.08867073059082,0.35310388629237255
2116,21160203,6.010382652282715,0.32417050152410387
2116,21160207,6.27802038192749,0.42308294870211083
2116,21160212,5.923342704772949,0.2920026370684343
2116,21160232,5.6768975257873535,0.20092244526946357
2116,21160249,6.428307056427002,0.47862527740412664
2116,21160303,6.0964674949646,0.35598538228064114
2116,21160310,6.312661647796631,0.43588552472533615
2116,21160326,6.107092380523682,0.35991208362065774
2129,21290009,5.782908439636231,0.24010152114298378
2129,21290011,6.321482181549072,0.43914538117393254
2129,21290068,6.955666542053223,0.6735246188947965
2129,21290121,6.386666297912598,0.46323585778651544
2129,21290134,5.995479583740234,0.3186626869795892
2129,21290144,6.963533878326416,0.6764321965542941
2129,21290148,6.99273157119751,0.6872229593427279
2129,21290160,6.044086456298828,0.3366266142660044
2129,21290169,6.357362270355225,0.45240579626373
2129,21290173,6.447952747344971,0.4858858507462267
2129,21290200,5.7159833908081055,0.21536763789758484
2129,21290209,6.783241271972656,0.6098003994372705
2129,21290235,6.229559898376465,0.40517312326074495
2129,21290261,6.816871166229248,0.6222291969153841
2129,21290282,6.40721607208252,0.4708305584843593
2129,21290291,6.955348014831543,0.6734068989192499
2129,21290319,7.115674018859863,0.7326595215810852
2129,21290324,6.379220008850098,0.46048388901684967
2129,21290326,6.117116451263428,0.3636167383002118
2129,21290371,6.801936626434326,0.6167097513553219
2168,21680007,6.05161190032959,0.3394078368020488
2168,21680016,6.089735507965088,0.35349740231841387
2168,21680048,7.065215110778809,0.7140111266524192
2168,21680052,6.60512638092041,0.5439734333506683
2168,21680122,5.997799396514893,0.3195200338074853
2168,21680154,6.407327175140381,0.47087161949379364
2168,21680169,6.514827728271484,0.5106012301032534
2168,21680190,6.0404052734375,0.3352661379019024
2168,21680237,6.570059299468994,0.531013486162528
2168,21680246,6.707771301269531,0.5819085192430749
2168,21680249,6.5622100830078125,0.5281126051483456
2168,21680251,6.557618141174316,0.526415534243384
2168,21680266,5.735695838928223,0.2226528830908474
2168,21680288,6.844147682189941,0.6323099390728635
2168,21680297,6.404367923736572,0.46977795157726265
2168,21680318,6.261668682098389,0.41703975498737056
2168,21680332,6.329331874847412,0.4420464384156231
2168,21680369,6.285223484039307,0.4257450414425421
2168,21680379,6.582913875579834,0.5357642273313712
2168,21680380,6.755420684814453,0.599518581692817
2170,21700029,6.367832660675049,0.45627539989105625
2170,21700034,6.461182594299316,0.49077528296410455
2170,21700062,6.421733379364014,0.47619580497465575
2170,21700077,6.359660625457764,0.4532552128537526
2170,21700120,6.474092960357666,0.495546642751419
2170,21700131,6.514750957489014,0.5105728574744168
2170,21700139,6.505064964294434,0.5069931480982499
2170,21700153,6.015355587005615,0.32600837820819994
2170,21700176,7.31866455078125,0.807679924320859
2170,21700211,6.2956862449646,0.4296118254297354
2170,21700224,6.260867118835449,0.4167435165459128
2170,21700232,6.268864631652832,0.4196992043151775
2170,21700236,6.182033061981201,0.38760835128063653
2170,21700240,6.567589282989502,0.5301006276695166
2170,21700277,6.434544563293457,0.4809305094402434
2170,21700287,6.074564933776856,0.3478907241417415
2170,21700291,6.387997150421143,0.4637277087621905
2170,21700300,6.974315643310547,0.6804168767445422
2170,21700362,5.820001602172852,0.25381025901390486
2170,21700379,6.859074592590332,0.6378265649927932
2179,21790008,6.120449542999268,0.36484856858325254
2179,21790025,7.052046298980713,0.7091442515556043
2179,21790030,6.082793235778809,0.35093170602502455
2179,21790035,5.881723880767822,0.2766213239162052
2179,21790039,5.888745307922363,0.2792162739759727
2179,21790040,6.2717814445495605,0.4207771879834692
2179,21790043,6.6227707862854,0.5504943798404189
2179,21790055,6.175629138946533,0.38524161584412187
2179,21790075,5.849816799163818,0.26482923642559153
2179,21790081,6.138202667236328,0.3714096949448964
2179,21790083,5.8679518699646,0.27153152102138667
2179,21790084,6.674469470977783,0.5696009662906738
2179,21790108,6.394946575164795,0.46629604846820416
2179,21790112,6.042201995849609,0.3359301631531897
2179,21790125,6.629677772521973,0.5530470352981938
2179,21790149,5.823323249816895,0.25503785983674665
2179,21790152,6.73913049697876,0.5934981213266479
2179,21790168,5.956233978271484,0.30415845813618625
2179,21790173,6.839890480041504,0.6307365798787308
2208,22080028,6.671523571014404,0.5685122327443752
2208,22080038,6.040597438812256,0.3353371575877484
2208,22080100,6.262465953826904,0.41733440738125416
2208,22080116,6.434995651245117,0.48109722066309835
2208,22080124,6.22675085067749,0.40413496700932927
2208,22080146,6.768093109130859,0.6042020039534879
2208,22080179,6.292662143707275,0.42849419057207494
2208,22080181,6.858034133911133,0.6374420365696751
2208,22080187,5.945441246032715,0.3001697247132469
2208,22080189,6.564301490783691,0.5288855389997644
2208,22080192,5.55746603012085,0.15678344617474393
2208,22080202,5.897319316864014,0.2823850208027763
2208,22080204,6.439945220947266,0.4829264621992875
2208,22080210,6.2763872146606445,0.4224793694861717
2208,22080294,6.300720691680908,0.43147243546240266
2208,22080299,6.390418529510498,0.46462259204935497
2208,22080340,6.200538635253906,0.3944475646503831
2208,22080341,6.117554187774658,0.3637785151528343
2236,22360092,6.444820880889893,0.48472838847168975
2236,22360126,5.854672431945801,0.2666237611426452
2236,22360147,6.513287544250488,0.5100320152514335
2236,22360159,6.498856067657471,0.504698489712631
2236,22360186,6.08848762512207,0.3530362149291839
2236,22360221,5.859225273132324,0.2683063813919262
2236,22360222,6.196499347686768,0.39295474142754494
2236,22360227,6.341825008392334,0.4466635991331722
2236,22360253,7.077287673950195,0.7184728547076447
2236,22360259,6.509285926818848,0.5085531140017514
2236,22360262,5.986896514892578,0.31549059183012784
2236,22360265,6.801620960235596,0.616593088744825
2236,22360293,6.883352279663086,0.6467990123505525
2236,22360310,6.520894527435303,0.5128433726913977
2236,22360311,6.08080530166626,0.350197013542908
2236,22360326,6.665499687194824,0.5662859506319784
2236,22360350,6.2992448806762695,0.43092701132420363
2242,22420015,6.939947605133057,0.667715279083575
2242,22420045,6.407684326171875,0.47100361389751266
2242,22420067,5.803512573242188,0.24771631177677356
2242,22420073,6.301271915435791,0.43167615446200114
2242,22420086,6.278748989105225,0.42335222433479847
2242,22420106,5.444255828857422,0.11494368738085936
2242,22420129,6.470773696899414,0.49431992306611927
2242,22420138,6.017351150512695,0.32674589033044943
2242,22420146,6.178115367889404,0.38616046607241583
2242,22420164,6.6320881843566895,0.5539378653526674
2242,22420168,5.750909805297852,0.2282755979707758
2242,22420172,6.577325820922852,0.5336990171615634
2242,22420273,6.5826849937438965,0.5356796381273854
2242,22420288,6.093982219696045,0.3550668845073639
2242,22420292,6.286135673522949,0.4260821646659265
2242,22420306,6.297039031982422,0.4301117828707921
2242,22420342,5.978088855743408,0.31223549352425617
2242,22420346,7.147738933563232,0.7445099403769471
2242,22420348,6.524758338928223,0.5142713441911801
2242,22420362,6.943442344665527,0.6690068504919304
2244,22440038,6.199488162994385,0.39405933544959093
2244,22440039,6.473384380340576,0.49528476867408
2244,22440062,6.15713357925415,0.3784061032520498
2244,22440073,6.407243251800537,0.47084060345233225
2244,22440126,7.235579967498779,0.7769738670465662
2244,22440134,6.145294666290283,0.3740307266758929
2244,22440139,5.743552207946777,0.22555640751765416
2244,22440144,6.540685176849365,0.5201575191960222
2244,22440165,6.430631637573242,0.4794843865071059
2244,22440180,6.804461479187012,0.6176428760117882
2244,22440189,6.510003566741943,0.5088183364017482
2244,22440215,6.272699356079102,0.4211164259369531
2244,22440277,5.829288482666016,0.25724246596562206
2244,22440286,5.988179683685303,0.3159648200549723
2244,22440312,6.558836460113525,0.526865795527099
2244,22440337,5.496034622192383,0.1340798800525087
2244,22440340,5.67365026473999,0.19972233593791722
2244,22440352,6.035233974456787,0.3333549505743518
2244,22440361,6.385392665863037,0.4627651541118374
2244,22440362,6.191154479980469,0.3909794072869721
2251,22510066,6.797842979431152,0.6151968381965369
2251,22510069,6.744578838348389,0.5955116968365226
2251,22510089,6.716879844665527,0.5852748171066862
2251,22510093,6.748879432678223,0.5971010927339109
2251,22510095,6.268606185913086,0.4196036890056771
2251,22510122,6.714290142059326,0.5843177255090903
2251,22510152,6.618086814880371,0.548763297026355
2251,22510166,6.275196552276611,0.4220393293979383
2251,22510190,7.049736022949219,0.7082904292778742
2251,22510211,6.3780951499938965,0.46006816832476205
2251,22510230,6.414702415466309,0.4735973303647223
2251,22510237,6.484940528869629,0.4995556423378129
2251,22510255,5.913012981414795,0.2881850205560579
2251,22510266,5.997725486755371,0.31949271854369843
2251,22510276,7.01669454574585,0.696079096545007
2251,22510291,6.541748046875,0.5205503303120305
2251,22510300,6.372056007385254,0.45783624693209934
2251,22510320,6.474662780761719,0.4957572346238417
2251,22510323,6.147769451141357,0.37494534744398744
2251,22510368,5.840888500213623,0.26152955256011867
2252,22520012,6.397193431854248,0.46712643248732966
2252,22520036,6.413433074951172,0.47312821273761885
2252,22520067,6.848260402679443,0.6338299013319804
2252,22520159,6.0427117347717285,0.33611855035956606
2252,22520174,7.253215789794922,0.7834916414411677
2252,22520200,6.123926639556885,0.366133619573801
2252,22520203,5.9379658699035645,0.2974070060655747
2252,22520209,6.394578456878662,0.4661600008317939
2252,22520221,6.8979034423828125,0.652176770993939
2252,22520225,6.1139092445373535,0.3624314320793631
2252,22520226,6.574066638946533,0.53249450214231
2252,22520258,6.331808567047119,0.4429617640937511
2252,22520272,6.788681983947754,0.6118111553070122
2252,22520290,6.612171173095703,0.5465770185583427
2252,22520337,6.621025562286377,0.5498493871600287
2252,22520345,5.99107551574707,0.3170350497128991
2252,22520358,6.133479118347168,0.3696639852476429
2252,22520360,5.857248783111572,0.2675759183700086
2252,22520366,5.935734748840332,0.2965824375542232
2252,22520375,6.352108478546143,0.45046412157724336
2282,22820020,6.445262432098389,0.48489157514437875
2282,22820021,6.180037975311279,0.3868710153858952
2282,22820026,5.81965446472168,0.2536819653878599
2282,22820062,6.378605842590332,0.46025690798615515
2282,22820072,7.125430107116699,0.7362651364009725
2282,22820079,6.549492835998535,0.5234126175018943
2282,22820107,5.817834854125977,0.2530094812161743
2282,22820121,6.410324096679688,0.4719792093834807
2282,22820134,5.750438690185547,0.22810148519257178
2282,22820142,6.02015495300293,0.32778210807927377
2282,22820155,6.033384323120117,0.33267136406964304
2282,22820191,6.21546745300293,0.39996489548034586
2282,22820197,6.073118686676025,0.34735622610905703
2282,22820281,6.153425693511963,0.3770357581474826
2282,22820291,7.084771156311035,0.7212385692229584
2282,22820293,6.799320220947266,0.6157427910172613
2282,22820317,5.704292297363281,0.21104689184900205
2282,22820357,6.486650943756104,0.5001877704100977
2327,23270032,6.5215559005737305,0.5130878002454147
2327,23270080,6.756364345550537,0.5998673359317495
2327,23270098,6.553569316864014,0.5249191864703799
2327,23270118,5.829912662506104,0.25747314777399155
2327,23270120,6.608677864074707,0.5452859758325121
2327,23270140,6.251308441162109,0.4132108599144628
2327,23270148,6.726747035980225,0.5889214929360087
2327,23270161,6.4984564781188965,0.5045508110606731
2327,23270171,6.209671497344971,0.3978228501169181
2327,23270214,6.219554424285889,0.40147534145401464
2327,23270237,6.585564613342285,0.5367438760500296
2327,23270268,6.841549396514893,0.6313496753801184
2327,23270280,6.272242546081543,0.42094759998399867
2327,23270286,6.497914791107178,0.5043506166112401
2327,23270303,6.179880142211914,0.38681268408064695
2327,23270315,6.683672428131104,0.5730021572009296
2327,23270319,6.252541542053223,0.4136665842509355
2327,23270321,6.3207783699035645,0.4388852693716767
2327,23270331,6.414543628692627,0.4735386466044573
2327,23270364,6.822047710418701,0.6241423227455261
2355,23550002,6.193040370941162,0.3916763870823121
2355,23550003,6.504914283752441,0.506937460205626
2355,23550008,6.588150978088379,0.5376997340550671
2355,23550013,6.668314456939697,0.5673262216134936
2355,23550099,6.902650356292725,0.6539311158390995
2355,23550123,6.111508846282959,0.361544302802564
2355,23550138,6.283588886260986,0.4251409335440781
2355,23550167,6.370472431182861,0.45725099537702385
2355,23550175,7.302304267883301,0.8016335585109695
2355,23550201,6.158556938171387,0.3789321423643355
2355,23550202,6.615506649017334,0.5478097299789251
2355,23550230,6.068325042724609,0.34558461096808313
2355,23550233,6.787299633026123,0.6113002717604406
2355,23550237,6.88720703125,0.6482236355276771
2355,23550257,6.28806209564209,0.42679412379947235
2355,23550260,6.518798828125,0.5120688527924042
2355,23550290,6.22999382019043,0.405333490293301
2355,23550319,6.3498616218566895,0.44963373755811786
2355,23550341,5.846707820892334,0.2636802330714534
2380,23800015,6.427084445953369,0.47817343007283664
2380,23800042,6.460947513580322,0.49068840280251114
2380,23800056,6.53331995010376,0.5174355091027676
2380,23800093,6.43099308013916,0.47961796695839953
2380,23800114,6.432385921478272,0.48013272751015434
2380,23800124,6.151214122772217,0.3762184149639711
2380,23800160,6.28795337677002,0.4267539439275796
2380,23800186,6.785375118255615,0.6105890175369282
2380,23800242,6.052512168884277,0.33974055433772565
2380,23800260,5.927806854248047,0.29365247900117075
2380,23800277,6.686405181884766,0.574012117051016
2380,23800278,6.578242301940918,0.5340377264325229
2380,23800280,6.527203559875488,0.5151750388537601
2380,23800298,6.38827657699585,0.4638309780820562
2380,23800326,6.698733329772949,0.5785683030506921
2380,23800330,6.184839248657227,0.388645450167002
2380,23800338,6.255688667297363,0.41482968580573787
2380,23800352,5.790241241455078,0.24281154776567315
2380,23800363,6.61842155456543,0.5488870087371838
2380,23800368,6.158947944641113,0.3790766489211441
2402,24020047,6.169871807098389,0.38311384490886646
2402,24020051,5.916546821594238,0.2894910426200943
2402,24020053,6.519559383392334,0.512349935668148
2402,24020069,7.0450592041015625,0.7065619898764346
2402,24020084,6.179625988006592,0.3867187548187212
2402,24020142,6.438175201416016,0.48227230568846546
2402,24020158,6.553536415100098,0.524907026772307
2402,24020175,6.576117038726807,0.5332522804280144
2402,24020176,6.378057479858398,0.46005424635160597
2402,24020205,6.579864501953125,0.5346372524157708
2402,24020233,6.313971519470215,0.43636962169064586
2402,24020238,6.236140251159668,0.4076050628753316
2402,24020256,6.133167743682861,0.369548908684721
2402,24020260,5.944386959075928,0.29978008569238823
2402,24020265,6.707818984985352,0.581926141993905
2402,24020291,6.515970230102539,0.5110234712131485
2402,24020321,5.946567535400391,0.3005859740878598
2402,24020328,6.3131842613220215,0.4360786700744368
2402,24020337,6.412379264831543,0.47273874994426834
2427,24270011,6.614145755767822,0.5473067766702273
2427,24270019,6.240021228790283,0.40903937856541295
2427,24270028,6.883521556854248,0.6468615731160001
2427,24270051,5.886317729949951,0.27831909973120017
2427,24270053,6.187732219696045,0.38971462245987865
2427,24270057,6.53963041305542,0.5197677039476549
2427,24270077,5.628000259399414,0.18285119543049144
2427,24270127,6.649264812469482,0.5602859326567724
2427,24270155,6.835623741149902,0.6291596961344321
2427,24270168,6.530343055725098,0.5163353207684296
2427,24270176,6.529083728790283,0.5158699039190002
2427,24270178,6.707244873046875,0.5817139640739077
2427,24270183,6.667258262634277,0.5669358776826015
2427,24270197,6.3916192054748535,0.4650663329152629
2427,24270206,6.613071918487549,0.5469099123215277
2427,24270245,6.509772777557373,0.5087330422877294
2427,24270270,6.215231895446777,0.3998778390912443
2427,24270292,6.914214134216309,0.6582048091429653
2427,24270313,5.74071216583252,0.2245067964781995
2427,24270336,6.608187198638916,0.5451046377264677
2430,24300001,6.612441062927246,0.5466767633280425
2430,24300052,6.625731468200684,0.5515885764394748
2430,24300061,6.078561305999756,0.34936768688883224
2430,24300063,6.716681003570557,0.585201330235724
2430,24300065,7.181643009185791,0.7570400686723355
2430,24300068,6.6711015701293945,0.5683562713995267
2430,24300080,6.767454147338867,0.6039658590923616
2430,24300082,6.924802303314209,0.6621179409648421
2430,24300093,6.41981315612793,0.475486136798718
2430,24300099,6.1045918464660645,0.35898794656711464
2430,24300118,6.320631980895996,0.43883116752662743
2430,24300131,6.053222179412842,0.34000295709758954
2430,24300132,6.807098388671875,0.6186174141327061
2430,24300135,6.96164083480835,0.6757325733463297
2430,24300189,6.576797008514404,0.5335035808548552
2430,24300221,6.584749221801758,0.5364425270108308
2430,24300270,7.54334545135498,0.8907165639583374
2430,24300330,6.409585475921631,0.47170623297311853
2430,24300345,6.737147331237793,0.5927651911196141
2430,24300360,6.927151203155518,0.6629860376707446
2438,24380040,6.512298107147217,0.5096663431717039
2438,24380041,6.999200344085693,0.6896136617203716
2438,24380116,6.251404762268066,0.4132464578711399
2438,24380142,6.313271045684815,0.43611074348094836
2438,24380154,6.312671184539795,0.43588904927550254
2438,24380194,6.8896355628967285,0.6491211622274664
2438,24380197,5.971033096313477,0.30962785508389046
2438,24380200,6.268620491027832,0.4196089758309258
2438,24380204,6.693514823913574,0.5766396691998199
2438,24380234,5.933554172515869,0.2957765491587516
2438,24380247,5.8911871910095215,0.2801187350459944
2438,24380265,5.82257604598999,0.2547617113312348
2438,24380276,6.140284061431885,0.3721789280186407
2438,24380278,6.106296539306641,0.35961795990929946
2438,24380315,6.433313369750977,0.4804754900138042
2438,24380317,6.100946426391602,0.3576406872661353
2438,24380325,6.142133712768555,0.3728625145233495
2438,24380354,6.198002338409424,0.3935102105337174
2438,24380363,6.9121174812316895,0.6574299367889551
2438,24380369,6.097682476043701,0.3564344099717982
2441,24410049,6.269599914550781,0.41997094713298133
2441,24410052,6.783137798309326,0.6097621580679686
2441,24410092,6.171844959259033,0.3838430743382262
2441,24410098,6.173210620880127,0.38434778992200713
2441,24410110,6.572485446929932,0.5319101317247756
2441,24410149,6.064296245574951,0.34409566475042763
2441,24410158,5.891068935394287,0.28007503062393524
2441,24410160,6.488651752471924,0.5009272210349385
2441,24410173,6.364035129547119,0.45487192401492815
2441,24410222,6.73022985458374,0.5902086586566566
2441,24410228,6.374094486236572,0.4585896195300967
2441,24410240,6.898603916168213,0.652435649203637
2441,24410241,6.250016689300537,0.4127334595944687
2441,24410294,6.090993881225586,0.3539624667128265
2441,24410312,6.742801189422607,0.5948547206855672
2441,24410318,6.166689872741699,0.3819378787459582
2441,24410322,6.895070552825928,0.6511298033671087
2441,24410350,6.64830493927002,0.5599311866825583
2441,24410368,6.619488716125488,0.5492814059007667
2441,24410377,6.622306823730469,0.5503229104748397
2448,24480016,6.703446865081787,0.580310311970271
2448,24480028,6.72369909286499,0.5877950467029331
2448,24480094,6.296506881713867,0.4299151129715255
2448,24480095,6.519842624664307,0.5124546148080806
2448,24480105,6.1207804679870605,0.3649708704740149
2448,24480127,6.672897338867188,0.5690199441957977
2448,24480159,6.57603931427002,0.5332235553441611
2448,24480186,7.302995681762695,0.8018890883980092
2448,24480188,5.893504142761231,0.28097502450884115
2448,24480228,6.555931568145752,0.5257922175465148
2448,24480232,5.756442070007324,0.23032018952211142
2448,24480241,6.506604194641113,0.5075620104950531
2448,24480244,6.807179927825928,0.6186475490366259
2448,24480251,6.642862319946289,0.5579197259027826
2448,24480255,6.333703517913818,0.4436620922117489
2448,24480270,6.335076808929443,0.44416962743566235
2448,24480292,6.4470415115356445,0.485549079977859
2448,24480297,6.334412097930908,0.4439239662890875
2448,24480335,6.380983352661133,0.4611355783425559
2450,24500006,6.27734899520874,0.42283482037041975
2450,24500021,5.944260597229004,0.299733385402688
2450,24500033,6.323575496673584,0.4399190199353844
2450,24500095,6.222864151000977,0.40269853658914845
2450,24500126,5.7816081047058105,0.23962094872784
2450,24500139,5.749907493591309,0.22790516774832192
2450,24500141,6.4991374015808105,0.5048024639425301
2450,24500147,6.675217628479004,0.5698774672512015
2450,24500151,6.055943012237549,0.3410085112599688
2450,24500156,5.690633296966553,0.20599885487365133
2450,24500164,6.07330846786499,0.3474263646573619
2450,24500228,6.12675666809082,0.36717952983558155
2450,24500250,6.038501262664795,0.3345624614612468
2450,24500268,6.292493343353272,0.4284318060341359
2450,24500284,6.558446407318115,0.5267216414253071
2450,24500317,6.351611137390137,0.4502803162860831
2450,24500327,5.9385271072387695,0.2976144258428477
2450,24500333,6.627417087554932,0.5522115406813273
2450,24500350,6.242959499359131,0.4101252924715786
2450,24500363,6.59206485748291,0.5391462094432218
2451,24510017,6.463831901550293,0.4917544030002381
2451,24510043,6.685593605041504,0.5737121778318837
2451,24510061,5.953959465026856,0.3033178529215792
2451,24510070,6.411250591278076,0.4723216194321138
2451,24510114,6.204784393310547,0.39601669438431686
2451,24510164,7.180020809173584,0.7564405426890872
2451,24510179,6.1923604011535645,0.3914250866554718
2451,24510195,6.578922748565674,0.5342892030868718
2451,24510206,6.286514759063721,0.4262222655350276
2451,24510215,6.559389591217041,0.5270702194367314
2451,24510224,6.80096435546875,0.6163504234658912
2451,24510252,6.727096080780029,0.5890504914720867
2451,24510275,7.144272327423096,0.7432287663915813
2451,24510316,5.965709209442139,0.307660274953683
2451,24510323,6.387168884277344,0.46342160158026746
2451,24510336,6.129140377044678,0.3680604911495904
2451,24510351,6.878461837768555,0.6449916230253929
2451,24510352,6.545901298522949,0.5220852719093527
2451,24510375,5.776618003845215,0.23777672785344506
2488,24880041,6.598308086395264,0.541453556209438
2488,24880059,5.944619655609131,0.2998660847164405
2488,24880070,6.74950647354126,0.5973328319073297
2488,24880098,6.514204502105713,0.5103709007499011
2488,24880118,6.730764389038086,0.5904062096934648
2488,24880155,6.595023155212402,0.540239524904736
2488,24880176,6.4298481941223145,0.4791948447109633
2488,24880190,6.654914379119873,0.5623738761751513
2488,24880194,6.812915325164795,0.6207672135064992
2488,24880195,6.625204086303711,0.5513936688152914
2488,24880207,6.289665699005127,0.42738677690989646
2488,24880210,6.719764232635498,0.5863408173044136
2488,24880234,5.769453048706055,0.235128733313678
2488,24880245,6.555101871490479,0.5254855816820674
2488,24880258,5.85448169708252,0.26655327013932406
2488,24880267,6.294999599456787,0.42935805781777847
2488,24880269,6.688385009765625,0.5747438136654919
2488,24880299,6.213971614837647,0.39941206978679866
2488,24880303,6.636691570281982,0.5556391657178283
2488,24880339,6.352956771850586,0.450777630314515
2538,25380051,6.690998554229736,0.5757097166385028
2538,25380065,6.499898433685303,0.5050837230457825
2538,25380091,6.390130996704102,0.4645163268618482
2538,25380107,6.579037189483643,0.5343314976888645
2538,25380133,5.836699962615967,0.2599815701271819
2538,25380149,7.297876358032227,0.7999971098688639
2538,25380151,6.402232646942139,0.4689888047950801
2538,25380152,6.58312463760376,0.5358421198900414
2538,25380162,5.988490581512451,0.31607972039038645
2538,25380175,6.753911972045898,0.5989609978565451
2538,25380202,6.758906841278076,0.6008069810060228
2538,25380217,6.6080827713012695,0.5450660439021495
2538,25380251,6.686206340789795,0.5739386301800533
2538,25380256,6.748151779174805,0.59683216955624
2538,25380277,6.320849418640137,0.4389115272704138
2538,25380298,6.647563457489014,0.5596571529071459
2538,25380340,6.256082057952881,0.4149750735000881
2538,25380347,5.920584201812744,0.290983160932899
2621,26210005,6.3708906173706055,0.4574055469018059
2621,26210047,6.28007173538208,0.423841079442832
2621,26210096,6.17723274230957,0.3858342689545464
2621,26210123,6.1601386070251465,0.3795166890093775
2621,26210132,5.994875431060791,0.3184394067265688
2621,26210135,6.2809343338012695,0.4241598750053528
2621,26210136,5.841878890991211,0.261895577094865
2621,26210141,6.893443584442139,0.6505285151087776
2621,26210177,6.137100696563721,0.37100243317320714
2621,26210203,5.938380241394043,0.2975601477702903
2621,26210213,6.309076309204102,0.4345604700904031
2621,26210220,6.779174327850342,0.6082973550189508
2621,26210231,6.065601348876953,0.34457799944065415
2621,26210242,6.376402854919434,0.45944273689779336
2621,26210262,6.184363842010498,0.3884697513412234
2621,26210287,6.155074119567871,0.3776449766436871
2621,26210299,6.663026332855225,0.5653718585464087
2621,26210302,6.490879058837891,0.5017503797262235
2740,27400077,6.607053756713867,0.5446857449392308
2740,27400094,6.1351470947265625,0.37028042907168834
2740,27400125,6.212744235992432,0.39895846018042547
2740,27400126,6.183642864227295,0.3882032953486687
2740,27400145,6.108726978302002,0.36051619151912173
2740,27400146,6.319575309753418,0.4384406473682272
2740,27400151,7.40061092376709,0.8379653265328313
2740,27400171,6.441697120666504,0.4835739220647943
2740,27400173,6.715261936187744,0.5846768771710129
2740,27400176,6.056587219238281,0.34124659462368645
2740,27400201,5.950586318969727,0.3020712195278408
2740,27400238,6.675118923187256,0.5698409881569828
2740,27400246,6.758940696716309,0.6008194931591124
2740,27400276,5.655648708343506,0.19306939504444753
2740,27400283,6.052445888519287,0.3397160587140713
2740,27400286,6.365652084350586,0.4554695114955847
2740,27400289,6.79314661026001,0.6134611734672568
2740,27400295,6.261851787567139,0.4171074263505592
2740,27400321,6.502542495727539,0.5060609045793247
2740,27400372,5.949333190917969,0.3016080936360195
2799,27990028,6.182568073272705,0.38780607854495286
2799,27990046,5.899315357208252,0.28312270915253435
2799,27990056,6.558374404907227,0.5266950310715532
2799,27990059,5.9589667320251465,0.30516841798627303
2799,27990066,6.063334465026856,0.34374021386618003
2799,27990153,6.370752334594727,0.45735444092439814
2799,27990156,6.5061869621276855,0.5074078114252878
2799,27990160,5.991362571716309,0.3171411386728977
2799,27990162,6.383842468261719,0.4621922384823429
2799,27990167,6.306066513061523,0.43344812205799177
2799,27990201,6.021712303161621,0.3283576671213926
2799,27990232,6.719124794006348,0.5861044962157786
2799,27990242,6.589853286743164,0.5383288662597103
2799,27990247,6.658604145050049,0.563737524634403
2799,27990264,5.850676536560059,0.2651469746230626
2799,27990309,5.82620096206665,0.2561013928493574
2799,27990328,6.414674282073975,0.4735869329417326
2799,27990330,6.44278621673584,0.4839764256937593
2799,27990341,6.7441887855529785,0.5953675427347302
2799,27990358,6.662437915802002,0.5651543938011623
2892,28920012,6.773826599121094,0.6063209635133282
2892,28920027,6.218969345092773,0.4012591103013261
2892,28920044,6.620325565338135,0.5495906851778394
2892,28920050,6.812562942504883,0.6206369813778629
2892,28920120,6.061283111572266,0.3429820831254584
2892,28920122,6.826884746551514,0.6259299745897555
2892,28920128,6.191536903381348,0.39112074174863154
2892,28920131,7.059762001037598,0.7119957888674617
2892,28920174,6.197638511657715,0.39337574894488214
2892,28920200,5.625584125518799,0.18195825064591786
2892,28920213,6.487298488616943,0.5004270873663732
2892,28920214,6.345741748809815,0.44811113188637663
2892,28920224,6.250617504119873,0.41295550625493127
2892,28920235,6.422290325164795,0.47640163870435415
2892,28920239,6.521596908569336,0.5131029558111286
2892,28920242,6.778244972229004,0.6079538876052675
2892,28920259,6.903903484344482,0.6543942417309208
2892,28920315,6.157367706298828,0.3784926309586265
2892,28920321,7.180608749389648,0.7566578312068255
2897,28970002,6.582515239715576,0.5356169011344296
2897,28970016,6.499759674072266,0.5050324408408662
2897,28970022,6.653044700622559,0.5616828881150935
2897,28970039,6.576694488525391,0.53346569194057
2897,28970052,6.139708042144775,0.37196604518861043
2897,28970057,6.812724590301514,0.6206967225031781
2897,28970088,6.0836262702941895,0.3512395754820308
2897,28970129,6.2352070808410645,0.40726018564158184
2897,28970146,5.91157865524292,0.28765492821108096
2897,28970158,6.56239128112793,0.5281795716015012
2897,28970190,6.139387130737305,0.37184744407552217
2897,28970198,6.493526458740234,0.502728794852324
2897,28970221,5.667045593261719,0.1972814087204069
2897,28970245,6.783805847167969,0.6100090528071018
2897,28970251,6.084061622619629,0.3514004711971117
2897,28970273,5.876342296600342,0.274632420257493
2897,28970279,6.412351131439209,0.4727283525212782
2897,28970294,6.855787754058838,0.6366118287780578
2897,28970329,7.034743785858154,0.7027496601893073
2917,29170012,6.444677352905273,0.48467534399169065
2917,29170043,7.054154396057129,0.7099233533698135
2917,29170055,6.664950847625732,0.5660831127699211
2917,29170086,6.2416815757751465,0.4096530027493255
2917,29170104,6.123544692993164,0.3659924613396497
2917,29170149,5.919674873352051,0.29064709507456477
2917,29170156,6.125438690185547,0.3666924370026312
2917,29170161,6.163961887359619,0.38092968117095416
2917,29170177,6.102874279022217,0.358353175082206
2917,29170181,6.704089164733887,0.5805476904239557
2917,29170196,5.133240699768066,0.0
2917,29170197,6.351828575134277,0.45036067602986907
2917,29170211,6.304702758789063,0.4329441113842447
2917,29170226,6.384974956512451,0.4626107788145635
2917,29170231,5.693593502044678,0.2070928752451986
2917,29170252,7.078696250915527,0.718993430767173
2917,29170309,6.487186431884766,0.5003856739019221
2917,29170321,6.9900431632995605,0.6862293886509134
2917,29170359,6.714964866638184,0.5845670874333397
2917,29170362,6.696965217590332,0.5779148514499031
2937,29370015,6.442192554473877,0.48375702244592156
2937,29370032,6.857588291168213,0.6372772638494115
2937,29370040,6.179164886474609,0.3865483428181917
2937,29370106,6.14778470993042,0.3749509867242533
2937,29370123,6.659751892089844,0.5641617042468894
2937,29370126,6.083864688873291,0.3513276892361825
2937,29370142,6.95241117477417,0.6723215136956091
2937,29370153,6.7037200927734375,0.5804112903325291
2937,29370193,6.401604175567627,0.46875653693913644
2937,29370210,6.463690757751465,0.4917022396577806
2937,29370217,6.731112480163574,0.590534855774526
2937,29370221,6.29120683670044,0.42795634421673356
2937,29370230,6.682498455047607,0.5725682850754861
2937,29370235,7.016797065734863,0.6961169854592921
2937,29370239,6.220470428466797,0.40181387449746553
2937,29370270,6.5175089836120605,0.5115921573824436
2937,29370303,5.995545387268066,0.318687006375735
2937,29370379,5.764011383056641,0.23311762498891997
2981,29810020,6.155745506286621,0.37789310497537865
2981,29810027,7.072258949279785,0.7166143594050773
2981,29810135,6.1493425369262695,0.37552672199388026
2981,29810139,6.191474437713623,0.3910976559450441
2981,29810147,5.753775119781494,0.22933454906817086
2981,29810158,6.674400806427002,0.5695755895294778
2981,29810200,6.070200443267822,0.34627771375824046
2981,29810204,5.967321395874023,0.30825610015925675
2981,29810216,6.331582069396973,0.4428780560273069
2981,29810221,6.478865623474121,0.4973105038820276
2981,29810234,6.044963836669922,0.3369508728812829
2981,29810235,6.202736854553223,0.3952599734636617
2981,29810243,6.581369400024414,0.5351934264319762
2981,29810283,6.277373790740967,0.42284398420085156
2981,29810294,5.758307456970215,0.23100959153459466
2981,29810301,5.771068572998047,0.2357257921118101
2981,29810315,6.441774368286133,0.4836024709211395
2981,29810349,6.16010332107544,0.3795036481737635
2981,29810350,6.3951096534729,0.46635631827604374
2981,29810360,5.755012035369873,0.22979168322470955
3002,30020008,5.940411567687988,0.29831087695566283
3002,30020012,6.416998386383057,0.47444586581720327
3002,30020022,6.768129348754883,0.6042153972441191
3002,30020047,6.600149631500244,0.5421341468465057
3002,30020048,6.792829990386963,0.6133441584017436
3002,30020065,6.4731316566467285,0.49519136809467956
3002,30020077,6.474917411804199,0.4958513401132756
3002,30020092,6.417808532714844,0.4747452763538107
3002,30020100,6.677072048187256,0.5705628160309935
3002,30020112,6.160722255706787,0.3797323914795412
3002,30020117,6.361905574798584,0.45408489196284507
3002,30020136,6.599430561065674,0.541868395763984
3002,30020138,5.97011661529541,0.30928914581293143
3002,30020144,6.686763763427734,0.5741446401372603
3002,30020152,6.130561351776123,0.36858564912433445
3002,30020159,6.558687686920166,0.5268108125445086
3002,30020161,5.950177192687988,0.3019200163257165
3002,30020162,6.308287143707275,0.434268813564161
3002,30020172,6.599916934967041,0.5420481478224539
3007,30070015,6.705577850341797,0.581097872704879
3007,30070017,5.8900909423828125,0.27971358800440504
3007,30070019,6.311293601989746,0.43537992800401404
3007,30070022,6.488941192626953,0.5010341911324787
3007,30070025,6.406302452087402,0.47049290657844955
3007,30070043,5.797543048858643,0.2455101196003231
3007,30070049,6.7602152824401855,0.6012905492888077
3007,30070058,6.796102523803711,0.6145536077912299
3007,30070066,7.339089393615723,0.8152284534115266
3007,30070093,6.917137622833252,0.6592852599963732
3007,30070094,7.344281196594238,0.8171472185219344
3007,30070099,5.980728149414063,0.3132109127827156
3007,30070111,6.300054550170898,0.4312262456333029
3007,30070112,6.503539085388184,0.5064292200716787
3007,30070135,6.474519729614258,0.49570436637135074
3007,30070138,6.348916053771973,0.44928427840915197
3007,30070152,7.0917067527771,0.7238017983312315
3007,30070159,6.057103157043457,0.3414372727876709
3012,30120001,6.41560173034668,0.47392969544538244
3012,30120018,6.294806957244873,0.4292868619044239
3012,30120021,6.761064052581787,0.6016042342535874
3012,30120029,6.295157432556152,0.4294163891230267
3012,30120044,6.277722835540772,0.42297298273692996
3012,30120072,6.284646034240723,0.4255316299299865
3012,30120079,5.915485382080078,0.28909876018661085
3012,30120089,6.176395893096924,0.38552498967747373
3012,30120097,6.267400741577148,0.419158185864686
3012,30120106,6.268937587738037,0.4197261671239476
3012,30120121,6.699809074401856,0.5789658723094251
3012,30120141,6.832878112792969,0.6281449781416211
3012,30120150,5.802921772003174,0.24749796589398554
3012,30120154,6.872042179107666,0.6426190720811042
3012,30120155,6.292792797088623,0.4285424769093502
3012,30120157,6.035848140716553,0.3335819316050468
3012,30120163,6.181910991668701,0.3875632370385109
3012,30120165,6.495828628540039,0.5035796212624131
3012,30120173,6.121367454528809,0.36518780653673644
3014,30140009,6.402561187744141,0.4691102255483013
3014,30140010,6.752447128295898,0.5984196269510369
3014,30140025,6.971065044403076,0.679215533820438
3014,30140043,6.409692287445068,0.4717457079349783
3014,30140053,6.28190279006958,0.42451779307471704
3014,30140075,6.781264781951904,0.6090699364153529
3014,30140086,6.70269775390625,0.5800334585547267
3014,30140089,6.3752121925354,0.4590026968095595
3014,30140092,6.661521911621094,0.5648158607577114
3014,30140095,6.775991916656494,0.6071212126285339
3014,30140099,6.656412124633789,0.562927406778732
3014,30140126,6.707933902740479,0.5819686128234067
3014,30140128,6.297114849090576,0.4301398030446124
3014,30140129,5.847004413604736,0.26378984658161797
3014,30140132,6.40928840637207,0.47159644323544536
3014,30140134,6.4564714431762695,0.4890341551820667
3014,30140144,6.15143346786499,0.376299479617791
3014,30140147,6.718272686004639,0.5857895776584405
3014,30140173,5.741817951202393,0.22491546806995477
3020,30200005,6.142551898956299,0.37301706604813156
3020,30200011,6.37693452835083,0.45963923056955136
3020,30200016,6.470312595367432,0.4941495110655898
3020,30200018,6.255398750305176,0.4147225394806895
3020,30200019,6.442020416259766,0.4836934043154242
3020,30200021,6.261353969573975,0.41692344483189037
3020,30200037,6.169409275054932,0.38294290422581256
3020,30200041,6.553774833679199,0.5249951405264588
3020,30200049,6.291169166564941,0.42794242224357704
3020,30200057,5.7256178855896,0.21892831470285512
3020,30200076,6.636477947235107,0.5555602157941084
3020,30200078,6.398047924041748,0.46744223218220937
3020,30200087,6.368478298187256,0.45651401193729924
3020,30200101,6.716263771057129,0.5850471311659582
3020,30200105,6.432646751403809,0.48022912395719586
3020,30200108,7.030036926269531,0.7010101184548445
3020,30200137,6.391997814178467,0.46520625755685585
3020,30200151,7.222921848297119,0.7722957316111441
3020,30200153,6.844297885894775,0.6323654507379792
3020,30200164,7.013635158538818,0.6949484208517325
3021,30210005,7.097001075744629,0.725758452355924
3021,30210032,5.735007286071777,0.222398410568857
3021,30210041,6.017768859863281,0.32690026562772334
3021,30210042,6.605411052703857,0.5440786411731253
3021,30210044,7.204370498657227,0.7654396004006003
3021,30210045,6.75548791885376,0.5995434297714877
3021,30210047,6.460762023925781,0.4906198503017809
3021,30210050,6.225225448608398,0.4035712152102666
3021,30210060,6.531964302062988,0.5169344942966612
3021,30210074,6.68056058883667,0.5718520964817413
3021,30210079,6.632196426391602,0.5539778689970525
3021,30210082,6.559962272644043,0.5272818686742033
3021,30210123,6.52569055557251,0.5146158689699132
3021,30210137,6.576472759246826,0.5333837461492086
3021,30210143,6.64967679977417,0.5604381932239468
3021,30210152,6.36677885055542,0.45588593709770575
3021,30210164,6.569560050964356,0.5308289759613347
3021,30210165,6.190754413604736,0.39083155240750567
3021,30210175,6.099785804748535,0.3572117495109246
3023,30230003,5.936487674713135,0.29686070078983406
3023,30230018,6.229515552520752,0.40515673410247266
3023,30230056,6.2331976890563965,0.40651756292159136
3023,30230060,6.49697208404541,0.5040022148273244
3023,30230086,6.230404376983643,0.40548522217795013
3023,30230092,6.443710803985596,0.4843181308323594
3023,30230119,5.909426689147949,0.2868596134661081
3023,30230170,6.562796115875244,0.5283291887560508
3023,30230182,5.867674827575684,0.2714291328390621
3023,30230194,6.42435359954834,0.4771641751327833
3023,30230209,6.037590980529785,0.33422604314789583
3023,30230253,6.298557758331299,0.43067306748473855
3023,30230260,6.456619739532471,0.48908896193714946
3023,30230276,6.173289299011231,0.3843768674608776
3023,30230280,6.111579895019531,0.3615705607013011
3023,30230311,6.65645170211792,0.5629420336619215
3023,30230330,6.474145889282227,0.4955662040048405
3023,30230336,6.489160060882568,0.50111507955879
3023,30230340,6.354465007781982,0.4513350379232788
3023,30230374,6.791494846343994,0.612850721378494
3027,30270013,6.162734031677246,0.38047589533707327
3027,30270014,6.069571971893311,0.3460454459022968
3027,30270026,6.886221408843994,0.647859373268014
3027,30270033,7.051177978515625,0.7088233412629841
3027,30270049,6.697615623474121,0.5781552257712288
3027,30270053,6.736063480377197,0.5923646259932405
3027,30270054,6.484304904937744,0.49932073106924446
3027,30270073,6.275973796844482,0.42232658023647285
3027,30270075,6.773955345153809,0.60636854494057
3027,30270083,6.4075212478637695,0.4709433440896731
3027,30270093,5.971576690673828,0.30982875444335645
3027,30270116,6.057055950164795,0.34141982626434886
3027,30270121,6.368592739105225,0.4565563065392919
3027,30270140,6.528099536895752,0.515506170341862
3027,30270141,6.41152286529541,0.4724222453393552
3027,30270147,6.03139591217041,0.3319364953600179
3027,30270151,6.580811977386475,0.5349874164747697
3027,30270161,6.536023139953613,0.5184345428473398
3027,30270168,6.722390651702881,0.5873114784201487
3027,30270175,6.31516170501709,0.4368094855513711
3046,30460032,6.017637252807617,0.3268516268354318
3046,30460038,6.625768184661865,0.5516021459576141
3046,30460048,6.325996398925781,0.44081372699504073
3046,30460051,5.950675010681152,0.30210399784438535
3046,30460052,6.700056076049805,0.5790571581587256
3046,30460071,6.3515448570251465,0.45025582066242875
3046,30460085,6.462450981140137,0.4912440481361917
3046,30460097,6.311744213104248,0.4355464629993604
3046,30460106,6.234460353851318,0.4069842133635786
3046,30460110,6.490883827209473,0.5017521420013067
3046,30460114,7.059041500091553,0.7117295091024152
3046,30460126,6.1039228439331055,0.35874069937296515
3046,30460133,6.445827484130859,0.4851004047417182
3046,30460142,6.924880504608154,0.662146842276204
3046,30460146,6.455785751342773,0.4887807400251265
3046,30460157,6.5627617835998535,0.5283165003754526
3046,30460158,6.4423112869262695,0.4838009030954893
3046,30460160,6.399526596069336,0.46798871368545814
3046,30460163,6.228021144866943,0.40460443709144944
3049,30490010,6.404160499572754,0.4697012926111508
3049,30490013,6.636679649353027,0.5556347600301208
3049,30490029,6.28404712677002,0.42531028817955785
3049,30490040,6.571513652801514,0.5315509800628535
3049,30490055,6.007568359375,0.32313040677009686
3049,30490062,6.062941074371338,0.34359482617182935
3049,30490063,6.345526218414307,0.44803147705262325
3049,30490071,6.022705078125,0.32872457279368006
3049,30490076,6.293632507324219,0.42885281355147264
3049,30490078,6.426570892333984,0.4779836330463938
3049,30490126,6.110166072845459,0.3610480461391814
3049,30490127,6.55648136138916,0.5259954078635889
3049,30490130,6.088661670684815,0.3531005379697152
3049,30490138,6.615589141845703,0.5478402173378616
3049,30490140,7.005883693695068,0.6920836664767525
3049,30490142,5.929962635040283,0.2944492035662105
3049,30490166,6.279027462005615,0.4234551411996479
3049,30490168,6.045965194702148,0.33732095064872003
3049,30490170,6.815449237823486,0.6217036864856234
3060,30600011,6.395755767822266,0.46659510654979486
3060,30600020,6.619309425354004,0.5492151443576445
3060,30600039,6.006684303283691,0.3228036809697026
3060,30600042,5.718600273132324,0.21633477446315363
3060,30600055,6.0002851486206055,0.3204387078082711
3060,30600085,6.509016036987305,0.5084533692320516
3060,30600099,6.110236167907715,0.36107395158290223
3060,30600104,6.192862510681152,0.39161065422171526
3060,30600140,6.087466239929199,0.35265873560639815
3060,30600147,6.304299354553223,0.4327950229122195
3060,30600154,6.601646900177002,0.5426875012225783
3060,30600156,6.669057369232178,0.5676007840714299
3068,30680005,6.689117431640625,0.575014499118246
3068,30680016,6.733834743499756,0.5915409386194301
3068,30680027,6.4309282302856445,0.4795940000172705
3068,30680034,6.136175155639648,0.3706603755795903
3068,30680037,6.339635848999023,0.4458545386425514
3068,30680054,6.005216121673584,0.3222610764716365
3068,30680056,6.116338729858398,0.3633293112341691
3068,30680072,6.274572372436523,0.42180864758956926
3068,30680075,6.4625563621521,0.4912829944155266
3068,30680090,6.583766460418701,0.5360793221162174
3068,30680092,6.983574390411377,0.6838386862732693
3068,30680097,6.536764144897461,0.5187084003952431
3068,30680105,6.338164806365967,0.44531087677943515
3068,30680114,6.057870864868164,0.3417209990760395
3068,30680119,5.907771587371826,0.2862479277847869
3068,30680140,6.166616439819336,0.3819107397096795
3068,30680162,5.980798721313477,0.31323699445394415
3075,30750034,6.554385185241699,0.5252207117370868
3075,30750042,6.841001033782959,0.6311470137455697
3075,30750057,6.733895301818848,0.591563319512985
3075,30750058,5.896163463592529,0.2819578453226488
3075,30750061,6.165070533752441,0.3813394101277596
3075,30750076,6.626330852508545,0.551810094417412
3075,30750088,6.084575653076172,0.3515904444510627
3075,30750093,6.373805522918701,0.4584828256600646
3075,30750098,6.159665107727051,0.37934169509363236
3075,30750108,6.662569522857666,0.5652030325934538
3075,30750119,6.570384502410889,0.5311336733231908
3075,30750128,6.078956604003906,0.3495137794932155
3075,30750146,6.064935684204102,0.34433198583906255
3075,30750155,6.210033893585205,0.3979567830232289
3075,30750165,5.928296089172363,0.2938332884246899
3075,30750170,7.0412211418151855,0.7051435346621007
3083,30830001,5.911473274230957,0.2876159819317461
3083,30830004,5.761303424835205,0.232116828969265
3083,30830013,6.086765289306641,0.35239968116919207
3083,30830021,5.714865207672119,0.21495438439061343
3083,30830030,6.365403652191162,0.45537769696375885
3083,30830033,5.8944926261901855,0.2813403441335536
3083,30830043,6.169747352600098,0.3830678495291997
3083,30830069,5.762762069702148,0.2326559089171647
3083,30830074,5.78941011428833,0.24250438321870038
3083,30830093,6.677945613861084,0.5708856648262055
3083,30830094,6.369826793670654,0.45701238333078087
3083,30830102,5.826012134552002,0.2560316067560693
3083,30830116,6.203832626342773,0.3956649442777429
3083,30830118,6.1846466064453125,0.38857425425364744
3083,30830129,6.433171272277832,0.4804229742163295
3083,30830135,6.308782577514648,0.43445191394528826
3083,30830154,6.379889011383057,0.4607311362109996
3083,30830169,6.409142017364502,0.4715423413903965
3088,30880015,7.10235595703125,0.7277374872741713
3088,30880018,6.673539161682129,0.5692571464219738
3088,30880019,6.933088779449463,0.6651804226041385
3088,30880025,6.7381367683410645,0.5931308631993437
3088,30880041,6.47524881362915,0.4959738182315465
3088,30880049,6.590420722961426,0.5385385769945914
3088,30880057,6.936139106750488,0.6663077499747556
3088,30880058,6.25076150894165,0.41300872696243895
3088,30880086,6.901873588562012,0.6536440412280731
3088,30880092,6.348412036895752,0.4490980059328755
3088,30880096,6.6155619621276855,0.5478301723698882
3088,30880105,6.849470138549805,0.6342769905205461
3088,30880123,6.371626853942871,0.4576776421746265
3088,30880131,6.102645397186279,0.3582685858782202
3088,30880146,6.409025192260742,0.47149916565086225
3088,30880172,6.409827709197998,0.47179575654733674
3088,30880173,5.984084606170654,0.31445137821366287
3208,32080019,6.690562725067139,0.5755486446959133
3208,32080038,5.793885231018066,0.24415827838412762
3208,32080043,6.7791428565979,0.6082857240034028
3208,32080056,6.236837387084961,0.4078627074924712
3208,32080058,6.5695319175720215,0.5308185785383446
3208,32080071,6.273988246917725,0.42159276889189745
3208,32080078,6.507978916168213,0.5080700744014919
3208,32080079,6.26769495010376,0.419266918237309
3208,32080083,6.739692211151123,0.5937057173314291
3208,32080088,6.185166358947754,0.38876634223769835
3208,32080092,6.095625877380371,0.3556743407284857
3208,32080093,6.782021999359131,0.6093497856985388
3208,32080099,6.447318077087402,0.485651291932675
3208,32080103,5.841035842895508,0.2615840068601847
3208,32080110,5.975849151611328,0.311407752917755
3208,32080119,6.835883617401123,0.6292557401264574
3208,32080132,6.547318935394287,0.5226091962915389
3208,32080145,6.48517370223999,0.4996418175893733
3208,32080150,5.92687463760376,0.2933079542224377
3208,32080161,6.666773319244385,0.5667566543066569
3214,32140001,6.162677764892578,0.38045510049109343
3214,32140007,6.404771327972412,0.4699270400492874
3214,32140013,7.041967391967773,0.7054193307125953
3214,32140017,6.564270973205566,0.5288742604392331
3214,32140025,6.906915664672852,0.6555074709008732
3214,32140054,6.341755390167236,0.44663786991696
3214,32140060,6.496476650238037,0.5038191144461972
3214,32140069,5.974720001220703,0.31099044617809235
3214,32140073,6.16710090637207,0.38208978685811545
3214,32140078,6.253862380981445,0.4141547344489356
3214,32140082,6.200256824493408,0.3943434141929758
3214,32140087,6.499783992767334,0.5050414284437894
3214,32140094,5.658479690551758,0.1941156577612444
3214,32140110,6.072338104248047,0.3470677416779646
3214,32140117,6.658957958221436,0.5638682854455646
3214,32140121,6.6158623695373535,0.5479411957001192
3214,32140135,6.071394920349121,0.3467191636665403
3214,32140150,6.37713623046875,0.45971377480556375
3214,32140164,6.167257308959961,0.38214758948083927
3214,32140169,6.5221781730651855,0.5133177771437503
3412,34120002,6.708906173706055,0.582327940712837
3412,34120012,5.953609943389893,0.30318867815799266
3412,34120027,6.261166095733643,0.416854011193619
3412,34120035,6.5667877197265625,0.5298043892280584
3412,34120047,5.766265392303467,0.2339506524206698
3412,34120050,6.557387351989746,0.5263302401293652
3412,34120052,6.2940521240234375,0.42900789375877957
3412,34120067,6.817133903503418,0.6223262982724596
3412,34120077,6.616524696350098,0.548185975709153
3412,34120085,6.317120552062988,0.43753342815548124
3412,34120101,6.250113010406494,0.41276905755114623
3412,34120111,6.467028617858887,0.4929358322159041
3412,34120125,6.041274547576904,0.3355874006495394
3412,34120155,6.277876377105713,0.42302972799460314
3412,34120161,6.8059611320495605,0.6181971115254024
3412,34120162,6.305377960205078,0.4331936495360018
3412,34120165,6.624314785003662,0.5510650045123053
3412,34120170,6.390269756317139,0.46456760906676453
3412,34120173,6.137375354766846,0.3711039402179901
3412,34120174,6.690921783447266,0.5756813440096658
3423,34230011,7.132953643798828,0.7390456540269839
3423,34230034,5.78341007232666,0.24028691248171863
3423,34230035,6.754302024841309,0.599105151958337
3423,34230043,7.2453413009643555,0.7805814203690453
3423,34230051,6.100580215454102,0.357505344539758
3423,34230058,6.33762788772583,0.4451124446050858
3423,34230063,6.006335258483887,0.3226746824336246
3423,34230072,6.563456058502197,0.5285730876275425
3423,34230079,5.902245998382568,0.28420580341856705
3423,34230081,6.118618011474609,0.36417167872385936
3423,34230083,5.800355911254883,0.2465496856718048
3423,34230085,6.111845970153809,0.3616688956509344
3423,34230108,6.008759021759033,0.3235704468583307
3423,34230112,7.420024871826172,0.8451402533058958
3423,34230115,5.827315330505371,0.25651323653626235
3423,34230123,6.570606231689453,0.5312156191145518
3423,34230141,6.362514495849609,0.45430993449094825
3423,34230154,6.138297080993652,0.37144458799154045
3423,34230164,6.532589435577393,0.5171655285600469
3423,34230168,6.19046688079834,0.3907252872199989
3631,36310007,6.71996545791626,0.5864151853129178
3631,36310021,6.460626125335693,0.4905696254619143
3631,36310035,6.445720672607422,0.4850609297798585
3631,36310036,6.129601001739502,0.3682307269226113
3631,36310041,6.589822769165039,0.538317587699179
3631,36310047,6.160953044891357,0.37981768559356
3631,36310062,6.0684895515441895,0.3456454094584476
3631,36310063,6.234748840332031,0.40709083100610255
3631,36310080,6.421931266784668,0.47626893939060166
3631,36310097,6.438693523406982,0.48246386498999105
3631,36310098,6.48921537399292,0.5011355219497531
3631,36310100,6.087541580200195,0.3526865795527099
3631,36310110,6.0586419105529785,0.34200595895696595
3631,36310116,6.1938090324401855,0.39196046582569743
3631,36310120,6.359463691711426,0.4531824308928234
3631,36310134,6.356434345245361,0.4520628575325716
3631,36310148,6.052470207214356,0.3397250463169954
3631,36310159,6.417722702026367,0.47471355540231586
3631,36310170,6.152831554412842,0.37681617867213624
3631,36310171,6.985086441040039,0.6843975037020995
3636,36360016,6.055283546447754,0.3407647886159848
3636,36360027,7.073395729064941,0.7170344857848725
3636,36360029,6.552915573120117,0.5246775785564959
3636,36360032,6.17439079284668,0.38478395300505785
3636,36360033,6.491222381591797,0.501877263532202
3636,36360034,6.122812271118164,0.36572177588689603
3636,36360044,6.714874267578125,0.5845336042067621
3636,36360055,6.586249351501465,0.5369969387519535
3636,36360061,6.485420227050781,0.49973292721116613
3636,36360062,6.282345294952393,0.42468133220242277
3636,36360071,6.483642101287842,0.49907577483270305
3636,36360106,6.022782802581787,0.3287532978775338
3636,36360111,6.581672191619873,0.5353053308997489
3636,36360114,5.962899684906006,0.3066219424747596
3636,36360142,6.693397045135498,0.5765961410052689
3636,36360151,6.618867874145508,0.5490519576849555
3636,36360154,6.104284286499023,0.3588742798242588
3636,36360160,5.786282062530518,0.2413483307642299
3636,36360167,7.069282054901123,0.7155141710707389
3636,36360174,5.809563159942627,0.24995246262963522
3837,38370004,6.414470195770264,0.4735115075681786
3837,38370013,6.440868854522705,0.4832678148828713
3837,38370019,6.522079944610596,0.5132814742770402
3837,38370052,5.914843559265137,0.28886155796043433
3837,38370056,5.845512866973877,0.26323860693564494
3837,38370060,6.814413070678711,0.6213207441100803
3837,38370061,6.031150341033936,0.3318457381932418
3837,38370068,6.199082851409912,0.39390954206753315
3837,38370070,6.199736595153809,0.39415114998141676
3837,38370081,6.680207252502441,0.5717215118980883
3837,38370097,6.13087797164917,0.3687026641898481
3837,38370105,5.981747627258301,0.3135876871954679
3837,38370107,6.344542026519775,0.447667743475485
3837,38370128,6.672318935394287,0.5688061802282254
3837,38370142,6.645209789276123,0.5587872939261602
3837,38370153,6.23438835144043,0.40695760300982475
3837,38370160,6.257303714752197,0.4154265683763614
3837,38370167,5.922079086303711,0.29153563417143036
3837,38370170,6.036404132843018,0.33378741287972846
4005,40050015,6.650607585906982,0.560782189320155
4005,40050041,5.937542915344238,0.29725069226570944
4005,40050060,6.611011505126953,0.5461484332581488
4005,40050071,6.20986795425415,0.39789545585033914
4005,40050094,6.764778137207031,0.6029768703157627
4005,40050107,7.304565906524658,0.8024694055828523
4005,40050110,6.140219211578369,0.37215496107751167
4005,40050125,6.034317493438721,0.3330162413033928
4005,40050142,6.509300231933594,0.5085584008270005
4005,40050180,6.082769870758057,0.35092307087711805
4005,40050183,5.75978422164917,0.23155536812780997
4005,40050203,6.499616622924805,0.5049795725883752
4005,40050205,6.954644680023193,0.6731469633445022
4005,40050255,5.906900405883789,0.28592596012711646
4005,40050264,6.343088626861572,0.4471306020301762
4005,40050271,6.261925220489502,0.4171345653868379
4005,40050281,6.315125942230225,0.4367962684882485
4005,40050295,6.534630298614502,0.5179197822955854
4005,40050306,6.779257774353027,0.608328194832904
4005,40050358,6.385838985443115,0.46293010305960913
5015,50150021,7.241084575653076,0.7790082374024208
5015,50150024,6.489401340484619,0.5012042506779915
5015,50150028,6.56669807434082,0.5297712584564975
5015,50150041,6.406450271606445,0.4705475371060237
5015,50150069,6.030696868896484,0.3316781458328453
5015,50150070,6.0983405113220215,0.3566776039332573
5015,50150091,6.903060436248779,0.6540826714962404
5015,50150093,6.862587928771973,0.6391250092739729
5015,50150108,6.55444860458374,0.5252441499956915
5015,50150125,6.361040115356445,0.45376503903527454
5015,50150129,7.271914005279541,0.7904020507242688
5015,50150142,6.603398323059082,0.543334784860577
5015,50150145,5.870497703552246,0.27247239968821835
5015,50150159,6.517017364501953,0.5114104668213828
5015,50150163,7.253790378570557,0.7837039955886731
5015,50150165,6.120856285095215,0.3649988906478352
5015,50150170,6.950157165527344,0.6714884862638588
5015,50150173,6.688240051269531,0.5746902405029675
5015,50150175,6.2545599937438965,0.4144125552935838
5017,50170001,6.311183929443359,0.4353393956771041
5017,50170002,6.751049995422363,0.5979032803517079
5017,50170005,6.340489387512207,0.4461699858824144
5017,50170051,6.046428203582764,0.3374920675592825
5017,50170092,6.620162010192871,0.5495302391424912
5017,50170099,6.071419715881348,0.34672832749697213
5017,50170100,6.157805442810059,0.37865440781124904
5017,50170101,6.576292514801025,0.5333171321510701
5017,50170102,6.239204406738281,0.4087375008436893
5017,50170113,6.609372138977051,0.545542563084602
5017,50170117,7.107664108276367,0.7296992518966048
5017,50170123,6.582414150238037,0.5355795409026689
5017,50170129,6.473298072814941,0.49525287149507746
5017,50170131,7.030317783355713,0.7011139164572351
5017,50170136,6.541089057922363,0.5203067838955551
5017,50170145,7.107482433319092,0.729632109215941
5017,50170151,6.842442512512207,0.6316797495031705
5017,50170154,6.179877281188965,0.38681162671559677
5017,50170165,6.910038471221924,0.6566615848527524
5029,50290009,6.4428300857543945,0.48399263862452346
5029,50290028,6.530991077423096,0.5165748139522137
5029,50290038,6.517339706420898,0.5115295966169959
5029,50290042,6.831244945526123,0.627541398925682
5029,50290060,6.461963176727295,0.49106376739519697
5029,50290062,6.241580963134766,0.40961581874507336
5029,50290068,6.450143337249756,0.48669543991937236
5029,50290079,6.445480823516846,0.4849722873431819
5029,50290087,6.398463726043701,0.46759590256944983
5029,50290120,6.330594062805176,0.4425129126301022
5029,50290126,6.107176303863525,0.3599430996621191
5029,50290132,6.0620317459106445,0.34325876031349467
5029,50290136,6.230654716491699,0.4055777416198094
5029,50290145,6.204830169677734,0.396033612225114
5029,50290149,6.138130187988281,0.3713829083636344
5029,50290156,5.689739227294922,0.20566842829558207
5029,50290162,6.259858131408691,0.4163706191383427
5029,50290167,6.483908653259277,0.4991742860098445
5029,50290174,5.632267951965332,0.18442843162980682
5039,50390001,6.121851444244385,0.3653666774576647
5039,50390011,6.746227264404297,0.5961209153327272
5039,50390020,6.748005390167236,0.5967780677111907
5039,50390021,6.165180206298828,0.38137994245466955
5039,50390038,6.638883590698242,0.5564492835734993
5039,50390040,6.188570022583008,0.39002425419196807
5039,50390048,6.376740455627441,0.4595675059736719
5039,50390049,7.001986026763916,0.6906431828238804
5039,50390057,6.070181369781494,0.3462706646579081
5039,50390081,6.1216559410095215,0.36529442417925995
5039,50390084,6.488119602203369,0.5007305511356719
5039,50390087,6.361633777618408,0.45398444228311186
5039,50390090,6.124938011169434,0.36650739811891264
5039,50390092,6.826330184936523,0.6257250219975987
5039,50390097,6.068648815155029,0.3457042694462211
5039,50390114,6.554710865020752,0.5253410751252583
5039,50390129,6.509533405303955,0.508644576078561
5039,50390130,6.039336204528809,0.33487103582828603
5039,50390175,6.438636779785156,0.4824428939165031
5072,50720001,5.884414196014404,0.27761559951805315
5072,50720003,6.697586536407471,0.5781444758932224
5072,50720006,5.7399091720581055,0.22421002935421597
5072,50720017,6.527751922607422,0.5153777004883089
5072,50720025,6.038729667663574,0.334646874437724
5072,50720040,6.057986736297607,0.341763822360557
5072,50720045,6.308346748352051,0.43429084200269874
5072,50720063,5.759780406951904,0.2315539583077435
5072,50720072,5.913379669189453,0.2883205395099433
5072,50720076,6.743009567260742,0.5949317321066958
5072,50720078,6.534748554229736,0.5179634867176446
5072,50720079,6.510016918182373,0.5088232707719806
5072,50720102,6.784832000732422,0.6103882944049708
5072,50720124,6.645224094390869,0.5587925807514094
5072,50720126,6.531117916107178,0.5166216904694225
5072,50720136,5.857977390289307,0.26784519400269624
5072,50720138,6.545119285583496,0.5217962587957354
5072,50720158,6.917822360992432,0.6595383226982972
5072,50720175,5.97194766998291,0.30996585944481647
5195,51950005,6.264760494232178,0.4181824141512098
5195,51950011,6.389443397521973,0.4642622067948745
5195,51950018,6.520987987518311,0.5128779132830255
5195,51950025,5.969700336456299,0.3091352991981824
5195,51950032,6.037209510803223,0.33408506114125314
5195,51950033,6.455461502075195,0.48866090531948037
5195,51950038,5.902836322784424,0.2844239730738465
5195,51950044,6.375946044921875,0.4592739109448385
5195,51950050,6.001237392425537,0.32079063414235276
5195,51950051,6.529433727264404,0.5159992549100949
5195,51950067,6.394586086273193,0.4661628204719268
5195,51950075,6.545014381408691,0.5217574887439087
5195,51950086,6.153073787689209,0.37690570224635445
5195,51950088,6.405750274658203,0.47028883512383435
5195,51950096,6.263659477233887,0.4177755048345373
5195,51950138,5.882322311401367,0.27684248943912615
5195,51950154,6.657894134521484,0.5634751218745391
5195,51950163,6.268008708953857,0.4193828759377729
5195,51950164,6.604666233062744,0.5438033738051555
5218,52180017,6.264703273773193,0.4181612668502137
5218,52180027,6.049441814422607,0.3386058254117599
5218,52180028,6.517715930938721,0.5116686401210473
5218,52180037,6.549134254455566,0.5232800944156499
5218,52180042,6.1694016456604,0.38294008458567963
5218,52180046,6.260189533233643,0.41649309725661365
5218,52180068,6.535699367523193,0.5183148843692018
5218,52180084,6.906679630279541,0.6554202382842631
5218,52180090,7.192083358764648,0.7608985699666386
5218,52180093,6.279342651367188,0.42357162758263667
5218,52180098,6.398760795593262,0.467705692307123
5218,52180104,6.239775657653809,0.40894862139863686
5218,52180112,6.917033672332764,0.6592468423995632
5218,52180117,7.270485877990723,0.7898742493369
5218,52180124,6.335095882415772,0.44417667653599513
5218,52180137,6.4047627449035645,0.46992386795413776
5218,52180143,6.1203436851501465,0.3648094460764091
5218,52180146,6.235523223876953,0.4073770244795869
5218,52180160,6.208148956298828,0.3972601556829056
5220,52200004,6.9788818359375,0.6821044313640556
5220,52200008,6.938780307769775,0.6672838741432481
5220,52200020,6.569370269775391,0.5307588374130294
5220,52200050,6.081720352172852,0.35053519413134215
5220,52200064,6.495519161224365,0.5034652496095242
5220,52200066,6.261957168579102,0.4171463726298945
5220,52200076,6.323713779449463,0.4399701259127926
5220,52200089,6.582522869110107,0.5356197207745621
5220,52200092,5.925216197967529,0.2926950349485582
5220,52200094,6.9311347007751465,0.6644582422751115
5220,52200095,6.902027130126953,0.6537007864857467
5220,52200101,6.736720561981201,0.5926074674996824
5220,52200110,6.405790328979492,0.4703036382345316
5220,52200142,6.882650375366211,0.6465396054583301
5220,52200150,6.612205982208252,0.5465898831664491
5220,52200152,6.454629421234131,0.48835338831749087
5220,52200155,6.572592735290527,0.531949782914144
5220,52200162,5.985236644744873,0.3148771438737239
5220,52200168,5.845429420471191,0.26320776712169214
5401,54010004,6.470658779144287,0.494277452236618
5401,54010009,6.187674522399902,0.38969329893137394
5401,54010014,5.786688804626465,0.241498652828813
5401,54010046,5.969956398010254,0.3092299333701416
5401,54010055,5.876152038574219,0.27456210548168003
5401,54010061,5.912467002868652,0.2879832400590503
5401,54010072,6.675989627838135,0.5701627795871447
5401,54010079,6.221519947052002,0.402201751243241
5401,54010091,6.392536163330078,0.4654052184137305
5401,54010095,6.105070114135742,0.359164702757943
5401,54010105,6.050451755523682,0.3389790752743467
5401,54010107,6.855582237243652,0.6365358747219794
5401,54010123,6.57626485824585,0.5333069109555886
5401,54010130,5.829027652740479,0.25714606951858054
5401,54010136,6.154953956604004,0.37760056731159497
5401,54010148,5.929415225982666,0.29424689438667806
5401,54010155,6.093485832214356,0.3548834316712204
5401,54010165,6.380705833435059,0.4610330139327232
5406,54060017,6.660548686981201,0.5644561804132644
5406,54060036,6.1299004554748535,0.36834139779782604
5406,54060044,6.621515274047852,0.550030372811056
5406,54060049,5.94252347946167,0.29909138858993845
5406,54060064,6.689793109893799,0.5752642134975117
5406,54060076,6.451708793640137,0.4872739948291327
5406,54060077,6.105391979217529,0.359283656326048
5406,54060091,5.853049755096436,0.2660240589318892
5406,54060099,5.984857559204102,0.3147370430046228
5406,54060104,5.777888774871826,0.23824637416307382
5406,54060113,6.715846538543701,0.5848929320961929
5406,54060116,6.009804725646973,0.3239569137840401
5406,54060119,6.402390003204346,0.4690469598728202
5406,54060126,6.39549446105957,0.46649853387524476
5406,54060139,5.545032024383545,0.1521881376682248
5406,54060147,5.99804162979126,0.3196095573817035
5406,54060149,6.929096698760986,0.6637050459046228
5406,54060153,6.412048816680908,0.4726166242810137
5406,54060172,6.072558403015137,0.34714915878680075
5406,54060173,6.31337833404541,0.43615039467031624
5408,54080004,6.977676868438721,0.6816591044505731
5408,54080008,6.47149658203125,0.494587083968707
5408,54080011,6.01672887802124,0.32651591343211384
5408,54080019,6.310193538665772,0.43497337114235823
5408,54080021,6.252188205718994,0.4135359996672825
5408,54080033,6.334998607635498,0.4441407261243009
5408,54080035,6.883025169372559,0.6466781202798566
5408,54080042,6.569795608520508,0.5309160323504363
5408,54080065,5.857874393463135,0.2678071288609025
5408,54080081,6.587693214416504,0.537530555647096
5408,54080109,6.651351451873779,0.5610571042331081
5408,54080123,6.31882905960083,0.43816485131773253
5408,54080138,5.95805025100708,0.304829708715314
5408,54080150,6.002503395080566,0.3212585181768983
5408,54080151,6.13580846786499,0.3705248566257049
5408,54080154,7.07930850982666,0.7192197068878345
5408,54080163,6.530900001525879,0.516541154498128
5408,54080165,6.196988105773926,0.39313537462355597
5408,54080167,6.276344299316406,0.4224635090104243
5408,54080174,7.330723285675049,0.8121365417783435
5414,54140003,6.2371344566345215,0.4079724972301444
5414,54140010,7.345030307769775,0.8174240719374788
5414,54140015,6.90933084487915,0.6564000632304301
5414,54140019,6.494086265563965,0.5029356859470722
5414,54140021,6.438637733459473,0.4824432463715198
5414,54140039,7.059659957885742,0.7119580761806847
5414,54140051,6.298645973205566,0.43070566957377454
5414,54140057,6.590219020843506,0.538464032758579
5414,54140077,6.608710765838623,0.545298135530585
5414,54140098,6.20534086227417,0.3962223518865067
5414,54140104,6.392104625701904,0.46524573251871604
5414,54140106,6.140881061553955,0.3723995648590368
5414,54140113,6.425933361053467,0.47774801686779234
5414,54140115,5.7174177169799805,0.21589773024256131
5414,54140118,6.144976615905762,0.37391318292785436
5414,54140119,5.712670803070068,0.21414338539740085
5414,54140122,6.386333465576172,0.46311285098571964
5414,54140127,6.3882012367248535,0.4638031341357445
5414,54140154,6.506776332855225,0.5076256286255505
5414,54140158,6.498481273651123,0.5045599748911049
5418,54180014,6.376017093658447,0.4593001688435756
5418,54180015,5.796749114990234,0.24521670079899782
5418,54180021,6.914915084838867,0.6584638635801714
5418,54180022,6.664615154266357,0.5659590486040755
5418,54180029,6.193502902984619,0.39184732776536646
5418,54180033,6.1794915199279785,0.38666905866137946
5418,54180059,6.900274276733398,0.6530529741652236
5418,54180063,6.381832599639893,0.46144943953484385
5418,54180075,7.1526312828063965,0.7463180346121401
5418,54180076,6.848079681396484,0.6337631111063333
5418,54180077,5.871540069580078,0.27285763302136945
5418,54180079,6.972618103027344,0.6797895068149822
5418,54180087,6.196366310119629,0.3929055739527285
5418,54180091,6.41809606552124,0.4748515415413175
5418,54180096,5.7102580070495605,0.21325167420538604
5418,54180111,6.6111836433410645,0.5462120513886466
5418,54180123,6.45241117477417,0.48753357794886365
5418,54180126,5.902050971984863,0.28413372636767087
5418,54180130,6.236105442047119,0.4075921982672257
5418,54180174,6.621817588806152,0.5501421010513206
5424,54240002,6.019153118133545,0.32741185408432805
5424,54240038,6.187234878540039,0.3895308171687184
5424,54240039,6.520798206329346,0.5128077747347206
5424,54240048,7.062382698059082,0.712964335253097
5424,54240053,6.466140270233154,0.49260752036793476
5424,54240079,6.604755878448486,0.5438365045767164
5424,54240091,6.094526290893555,0.35526796009433803
5424,54240093,6.4217963218688965,0.4762190670057518
5424,54240094,6.502438068389893,0.5060223107550061
5424,54240097,7.236059188842773,0.7771509756924113
5424,54240099,6.214970111846924,0.3997810901891856
5424,54240109,6.344909191131592,0.44780343865687855
5424,54240115,6.343472480773926,0.4472724651743605
5424,54240116,6.484236240386963,0.49929535430804894
5424,54240117,6.509700775146484,0.5087064319339756
5424,54240125,6.059783935546875,0.34242802383935245
5424,54240126,5.723081111907959,0.2179907843586808
5424,54240138,5.814420700073242,0.2517476922567219
5424,54240152,6.205780029296875,0.3963846574216541
5428,54280012,6.078022003173828,0.34916837357694086
5428,54280018,6.011230945587158,0.3244840102613755
5428,54280021,6.360852718353272,0.4536957816245113
5428,54280023,5.833540439605713,0.25881388665716343
5428,54280024,6.369676113128662,0.456956695438157
5428,54280040,6.347031116485596,0.4485876510688287
5428,54280042,6.735390663146973,0.5921159689790241
5428,54280049,6.3444695472717285,0.447640956894223
5428,54280053,6.306346416473389,0.43355156760536606
5428,54280062,6.394326686859131,0.4660669527074097
5428,54280078,6.807015419006348,0.6185867505462614
5428,54280109,6.57889986038208,0.534280744166473
5428,54280118,6.2517991065979,0.41339219802050686
5428,54280125,5.846523284912109,0.2636120330257399
5428,54280128,5.867153167724609,0.2712363399449782
5428,54280146,6.566439628601074,0.5296757431469967
5428,54280148,6.871922016143799,0.6425746627490116
5428,54280175,6.540482044219971,0.5200824462774849
5432,54320015,5.909202575683594,0.2867767865372055
5432,54320019,6.900542259216309,0.6531520140248903
5432,54320020,6.740124702453613,0.5938655556814603
5432,54320076,6.706515789031982,0.581444512213712
5432,54320080,6.588488578796387,0.5378245031309461
5432,54320099,5.951916217803955,0.3025627180484991
5432,54320100,5.943356990814209,0.2993994342744528
5432,54320140,6.357241630554199,0.45236121070412927
5547,55470005,6.734240531921387,0.5916909082289965
5547,55470009,5.7754225730896,0.23733492549012847
5547,55470046,6.3693156242370605,0.4568234674418796
5547,55470047,6.318977355957031,0.4382196580728148
5547,55470080,6.590411186218262,0.5385350524444255
5547,55470082,6.25660514831543,0.4151683950766969
5547,55470088,6.016149044036865,0.32630162078201663
5547,55470105,6.689653396606445,0.5752125788375786
5547,55470126,6.139634609222412,0.3719389061523317
5547,55470131,6.160945892333984,0.3798150421809352
5547,55470152,5.449418067932129,0.11685152638575169
5547,55470170,6.214531421661377,0.39961896088154636
5547,55470175,6.479203701019287,0.4974354491854147
5551,55510024,6.01542329788208,0.32603340251437873
5551,55510029,6.40898323059082,0.47148365763013156
5551,55510046,6.652465343475342,0.5614687716925049
5551,55510061,5.9241156578063965,0.29228830185939425
5551,55510067,6.096166133880615,0.3558740064953938
5551,55510070,6.493144512176514,0.5025876366181732
5551,55510078,6.557826995849609,0.5264927218920208
5551,55510079,6.185276031494141,0.38880687456460783
5551,55510084,6.617699146270752,0.5486200240621042
5551,55510088,6.866257190704346,0.6404810799503673
5551,55510093,6.487337112426758,0.500441361794546
5551,55510096,6.569918632507324,0.5309614990475786
5551,55510100,6.017368316650391,0.3267522345207483
5551,55510110,6.65878963470459,0.5638060771351328
5551,55510122,6.854320049285889,0.6360694005075003
5551,55510130,6.654396057128906,0.5621823168736253
5551,55510143,6.662783622741699,0.5652821587446824
5551,55510156,6.498470306396484,0.5045559216584137
5551,55510164,6.724120140075684,0.5879506555927649
5551,55510165,6.122108459472656,0.3654616640846402
6010,60100004,6.427598476409912,0.4783634033267876
6010,60100031,6.465943336486816,0.49253473840700557
6010,60100034,6.468962669372559,0.49365061098958285
6010,60100037,7.249410152435303,0.782085169697398
6010,60100041,6.440074443817139,0.4829742198540379
6010,60100047,6.270855903625488,0.42043513038985236
6010,60100066,6.143173694610596,0.37324686671895946
6010,60100081,7.057170867919922,0.711038168587341
6010,60100092,5.743740081787109,0.22562584115592554
6010,60100101,6.3627777099609375,0.4544072120755318
6010,60100105,6.074648857116699,0.3479217401832029
6010,60100124,5.481561660766602,0.1287310227204841
6010,60100128,6.728734970092773,0.5896561854181253
6010,60100132,6.858205318450928,0.6375053022451562
6010,60100147,6.82192850112915,0.6240982658684502
6010,60100154,6.451829433441162,0.48731858038873344
6010,60100159,6.167086124420166,0.3820843238053582
6010,60100164,7.0473456382751465,0.7074070007787496
6048,60480005,6.135576725006104,0.3704392100566698
6048,60480008,7.0348100662231445,0.7027741558129612
6048,60480012,6.284151077270508,0.42534870577636785
6048,60480018,5.787678241729736,0.2418643249085426
6048,60480037,6.226807594299316,0.4041559380828177
6048,60480050,6.179996967315674,0.3868558598201812
6048,60480082,5.463746070861816,0.12214681055525234
6048,60480084,6.380831718444824,0.4610795379949153
6048,60480090,6.185521602630615,0.38889763173138436
6048,60480094,6.712647914886475,0.5837107979704934
6048,60480102,6.0832390785217285,0.3510964787452886
6048,60480104,6.88930082321167,0.6489974505166376
6048,60480131,6.113638401031494,0.36233133485464664
6048,60480134,5.942209243774414,0.29897525466196684
6048,60480135,6.4297966957092285,0.4791758121400662
6048,60480145,6.0524516105651855,0.3397181734441712
6048,60480147,5.7170515060424805,0.21576238751618448
6048,60480148,6.574264526367188,0.5325676365582559
6048,60480168,6.257911205291748,0.41565108222194014
6048,60480169,6.902092933654785,0.6537251058818929
6067,60670002,6.936511993408203,0.6664455598862487
6067,60670003,6.987343311309815,0.6852315884989
6067,60670017,7.064043521881104,0.7135781356645181
6067,60670029,6.5521650314331055,0.5244001964584262
6067,60670035,6.750784397125244,0.5978051216295828
6067,60670036,6.237553119659424,0.4081272249824346
6067,60670038,6.111618518829346,0.3615848351294735
6067,60670041,6.736044883728027,0.5923577531204167
6067,60670049,5.920900821685791,0.29110017599841265
6067,60670060,6.577651023864746,0.5338192043222263
6067,60670062,6.7036871910095215,0.5803991306344563
6067,60670072,6.794301986694336,0.6138881727198762
6067,60670075,6.635226249694824,0.555097618584812
6067,60670080,6.870646953582764,0.6421034303918083
6067,60670094,6.735041618347168,0.5919869704429461
6067,60670111,7.010044097900391,0.6936212514866995
6067,60670140,7.070067405700684,0.715804417776915
6067,60670144,6.325337886810303,0.4405703568060739
6067,60670149,6.451221466064453,0.48709389031564654
6099,60990011,6.329529285430908,0.44211939660406085
6099,60990014,6.223730564117432,0.4030187419717357
6099,60990023,6.920653343200684,0.6605845854150945
6099,60990029,6.080783367156982,0.3501889070775259
6099,60990030,6.973357677459717,0.6800628356803606
6099,60990034,6.554962635040283,0.5254341232496424
6099,60990035,6.970592975616455,0.6790410685872177
6099,60990039,5.737635135650635,0.22336960036711706
6099,60990078,5.988473415374756,0.3160733762000876
6099,60990083,6.469919681549072,0.4940042995987477
6099,60990089,6.223052501678467,0.4027681464549284
6099,60990093,6.3231940269470215,0.4397780379287417
6099,60990117,6.419508457183838,0.4753735274209123
6099,60990121,6.270483493804932,0.42029749670586747
6099,60990124,5.929941177368164,0.2944412733283366
6099,60990129,6.83866024017334,0.6302819129073083
6099,60990155,6.237027168273926,0.40793284604077606
6099,60990168,6.1243205070495605,0.36627918349565936
6121,61210013,6.550400257110596,0.5237479784501955
6121,61210031,6.165178298950195,0.38137923754463654
6121,61210059,6.295014381408691,0.42936352087053575
6121,61210060,6.589626312255859,0.538244981965758
6121,61210063,6.192265033721924,0.39138984115381104
6121,61210068,6.4322943687438965,0.4800988918285596
6121,61210069,6.320139408111572,0.4386491245105504
6121,61210071,6.666740417480469,0.566744494608584
6121,61210075,6.1063737869262695,0.35964650876564463
6121,61210086,6.290164470672607,0.427571110883582
6121,61210095,6.422775745391846,0.4765810383078073
6121,61210109,6.580667495727539,0.5349340195397538
6121,61210128,5.997457504272461,0.3193936786840317
6121,61210129,6.591790199279785,0.5390447023984388
6121,61210140,6.293325901031494,0.42873949926363353
6121,61210141,6.286446571350098,0.42619706500134025
6121,61210142,6.318166255950928,0.43791989508119067
6121,61210147,6.716089725494385,0.5849828081254274
6121,61210148,6.734177112579346,0.5916674699703923
6121,61210174,6.23446798324585,0.40698703300371153
6401,64010049,6.369654178619385,0.45694858897277535
6401,64010066,6.415837287902832,0.47401675183448444
6401,64010067,6.047329425811768,0.3378251375499761
6401,64010086,6.389700412750244,0.46435719342185
6401,64010092,6.146021366119385,0.37429929739854706
6401,64010093,6.313302993774414,0.4361225507240045
6401,64010103,6.615936279296875,0.5479685109639065
6401,64010107,6.402806282043457,0.46920080648756923
6401,64010109,6.610796928405762,0.5460691308794126
6401,64010141,6.306457996368408,0.433592804842309
6401,64010164,6.346488952636719,0.4483872803918876
6401,64010172,6.349726676940918,0.449583865173268
6504,65040005,6.137889385223389,0.3712939134719411
6504,65040007,6.056355953216553,0.3411611242821595
6504,65040009,6.767938137054443,0.6041447300132894
6504,65040011,6.880810260772705,0.6458595435037873
6504,65040028,7.227839946746826,0.7741133421317856
6504,65040042,6.49909257888794,0.5047858985567502
6504,65040044,6.655217170715332,0.562485780642924
6504,65040045,6.369753837585449,0.45698542052201074
6504,65040049,6.679185390472412,0.5713438563477944
6504,65040077,5.724438190460205,0.21849232784731254
6504,65040112,6.408173561096191,0.4711844233210323
6504,65040118,6.215441703796387,0.39995537919489776
6504,65040124,5.902172565460205,0.28417866438228834
6504,65040125,6.382537364959717,0.4617099037921164
6504,65040126,5.940608978271484,0.2983838351441006
6504,65040127,6.420100688934326,0.4755924019862252
6504,65040133,6.876155376434326,0.6441392105677293
6504,65040134,6.359598636627197,0.4532323032776733
6504,65040137,6.520976066589356,0.5128735075953179
6504,65040160,6.27073335647583,0.42038983992021817
6902,69020024,6.002340316772461,0.32119824836905875
6902,69020037,5.667637348175049,0.1975001070582112
6902,69020059,5.3726067543029785,0.08846391821069877
6902,69020075,5.562344074249268,0.1585862535846878
6902,69020123,5.469303131103516,0.12420056593702022
6902,69020163,6.24574089050293,0.41115322752751227
6902,69020175,5.747115135192871,0.22687317945969698
6912,69120003,5.976289749145508,0.3115705871354273
6912,69120020,6.551872730255127,0.5242921689958362
6912,69120025,6.601706981658936,0.542709705888625
6912,69120052,6.793219566345215,0.6134881362760274
6912,69120061,6.273334980010986,0.42135133720552154
6912,69120083,7.012651920318604,0.6945850397296109
6912,69120087,5.734095096588135,0.2220612873454726
6912,69120092,6.573650360107422,0.5323406555275609
6912,69120093,6.072828769683838,0.34724907978400865
6912,69120094,5.820119380950928,0.25385378720845586
6912,69120106,6.6075310707092285,0.5448621486750425
6912,69120121,5.570524215698242,0.16160943648963255
6912,69120123,6.510244369506836,0.5089073312934411
6912,69120140,6.007551670074463,0.32312423880730656
6912,69120151,6.569404125213623,0.530771349566119
6912,69120165,6.856640338897705,0.6369269235629045
6912,69120170,6.434249877929688,0.4808216008401123
7001,70010004,5.5471038818359375,0.15295384619180274
7551,75510004,5.878219127655029,0.2753260517301752
7551,75510010,6.346929550170898,0.4485501146095603
7551,75510017,5.7886962890625,0.24224057063877003
7551,75510036,6.046154022216797,0.33739073674200815
7551,75510038,6.644306659698486,0.5584535190254336
7551,75510041,5.942161083221436,0.2989574556836285
7551,75510057,5.934013843536377,0.2959464324767562
7551,75510076,6.232146739959717,0.4061291574932906
7551,75510086,6.416321754455566,0.47419579898292086
7551,75510090,6.851075649261475,0.6348703485410037
7551,75510091,6.2796478271484375,0.42368441318795047
7551,75510099,6.010372161865234,0.3241666245189212
7551,75510129,6.02635669708252,0.3300741230522679
7551,75510131,5.887442588806152,0.2787348204232878
7551,75510137,6.704694747924805,0.580771499359501
7551,75510142,6.363674163818359,0.4547385197911422
7551,75510144,6.031209945678711,0.3318677666317795
7551,75510163,6.405099391937256,0.47004828457500003
7551,75510165,6.143064022064209,0.37320633439204953
7551,75510167,6.351073741912842,0.4500817078842252
8002,80020002,5.730469226837158,0.22072125337233373
8002,80020005,5.690881252288818,0.20609049317796901
8002,80020008,5.263899326324463,0.04828827577772299
8002,80020014,5.453162670135498,0.11823544100845829
8057,80570004,6.289012908935547,0.42714552145102913
8057,80570013,6.809835910797119,0.6196291362578761
8057,80570014,6.500414371490479,0.505274401209767
8057,80570031,6.945425987243652,0.6697399569264724
8057,80570053,5.708706378936768,0.2126782298933667
8057,80570067,6.647787570953369,0.5597399798360485
8057,80570071,6.355924129486084,0.45187429409868707
8057,80570072,6.222235679626465,0.40246626873320435
8057,80570080,6.807512283325195,0.6187703796099135
8057,80570081,6.5988311767578125,0.5416468777860468
8057,80570087,6.026705265045166,0.3302029453608373
8057,80570089,6.113425254821777,0.3622525611584353
8057,80570102,6.513940811157227,0.5102734469378094
8057,80570127,6.774792671203613,0.6066780004451509
8057,80570138,6.574878692626953,0.5327946175889504
8057,80570144,6.500792026519775,0.5054139733963432
8057,80570146,6.357415199279785,0.45242535751715196
8057,80570157,6.160283088684082,0.3795700859443938
8063,80630011,6.700631618499756,0.5792698647612478
8063,80630014,6.900156021118164,0.6530092697431644
8063,80630019,6.395402908325195,0.46646469819365044
8063,80630030,6.43076229095459,0.4795326728443807
8063,80630038,6.603390216827393,0.5433317889929359
8063,80630044,6.935225963592529,0.6659702742963545
8063,80630053,6.720113277435303,0.5864698158404915
8063,80630062,6.288511753082275,0.4269603063398024
8063,80630086,6.0085930824279785,0.32350911968544094
8063,80630090,6.262834548950195,0.4174706312451726
8063,80630091,6.791614532470703,0.612894954483078
8063,80630093,6.084073066711426,0.3514047006573111
8063,80630094,6.340439796447754,0.4461516582215508
8063,80630123,6.391644477844238,0.4650756729732033
8063,80630125,5.905686855316162,0.28547746111848427
8063,80630140,6.956164836883545,0.6737087766409735
8063,80630147,6.188980102539063,0.39017580984910905
8063,80630152,5.917733192443848,0.28992949666075307
8063,80630155,6.6821136474609375,0.5724260694762855
8063,80630170,6.868323802947998,0.6412448499713543
8068,80680011,5.833132266998291,0.2586630359100559
8068,80680020,6.658297538757324,0.5636242103465638
8068,80680031,6.507111549377441,0.5077495165638879
8068,80680056,6.163856506347656,0.3808907348916193
8068,80680060,6.308626651763916,0.43439428755007303
8068,80680066,6.660125732421875,0.5642998666133991
8068,80680069,6.519811630249023,0.5124431600200408
8068,80680084,6.056885719299316,0.3413569130438845
8068,80680090,6.204373836517334,0.3958649624996673
8068,80680095,6.518385887145996,0.5119162397702135
8068,80680106,6.431158065795898,0.47967894167627256
8068,80680108,6.438253402709961,0.48230120699982737
8068,80680129,6.443868637084961,0.4843764621376081
8068,80680133,6.4803547859191895,0.49786086239045946
8068,80680151,6.696292400360107,0.5776661944356871
8068,80680153,6.809908866882324,0.6196560990666462
8068,80680170,6.113166809082031,0.3621570458489345
8068,80680173,7.212944507598877,0.7686083472274039
8068,80680174,5.988961219787598,0.3162536569410819
8153,81530002,6.254007816314697,0.41420848383896813
8153,81530014,6.684604167938232,0.5733465057521541
8153,81530016,5.932283878326416,0.29530707907663145
8153,81530018,6.121222496032715,0.36513423337421247
8153,81530023,6.28795337677002,0.4267539439275796
8153,81530038,7.111039638519287,0.7309467664278844
8153,81530065,6.401479721069336,0.46871054155946923
8153,81530073,6.43808126449585,0.48223758886932955
8153,81530085,6.761683940887451,0.6018333300143819
8153,81530088,6.715466022491455,0.5847523025445669
8153,81530100,6.369020462036133,0.4567143826142399
8153,81530107,6.544089794158936,0.5214157836053086
8153,81530109,6.6212310791015625,0.5499253412161076
8153,81530125,6.056390285491943,0.34117381266275726
8153,81530139,6.470467567443848,0.4942067850057883
8153,81530146,5.54393482208252,0.15178263817161874
8153,81530165,6.691077709197998,0.575738970404881
8153,81530167,6.477830410003662,0.49692791396150127
8153,81530170,5.90094804763794,0.2837261121409653
8581,85810002,6.941836833953857,0.6684134924714729
8581,85810012,5.940571308135986,0.2983699131709445
8581,85810018,6.187593936920166,0.3896635164824709
8581,85810040,6.490108489990234,0.5014655960728052
8581,85810043,6.345865249633789,0.4481567748110271
8581,85810048,6.302211761474609,0.4320234988808671
8581,85810056,6.305438041687012,0.4332158542020481
8581,85810084,6.33091402053833,0.4426311612881737
8581,85810086,6.02758264541626,0.3305272039761158
8581,85810112,6.05299186706543,0.3399178392110789
8581,85810119,6.018580436706543,0.32720020484685564
8581,85810120,6.1410088539123535,0.3724467938312619
8581,85810121,5.973567962646484,0.3105646805180313
8581,85810152,6.390179634094238,0.4645343020676951
8581,85810159,6.428520202636719,0.4787040511003384
8581,85810163,5.868417739868164,0.2717036952969989
8584,85840013,6.467236518859863,0.49301266740952454
8584,85840020,6.473970890045166,0.4955015285092934
8584,85840022,6.54880952835083,0.5231600834824952
8584,85840036,6.176592350006104,0.3855975954108952
8584,85840040,6.010192394256592,0.32410018674829044
8584,85840059,6.873768329620361,0.6432570156611626
8584,85840072,6.803633213043213,0.6173367688298652
8584,85840075,6.015599727630615,0.32609860669245117
8584,85840086,6.597804069519043,0.5412672837331611
8584,85840092,6.160070896148682,0.37949166470319873
8584,85840115,6.16283130645752,0.3805118457487675
8584,85840117,5.576747894287109,0.16390955792800876
8584,85840123,6.120316028594971,0.36479922488092753
8584,85840141,6.785262107849121,0.6105472516174604
8584,85840157,6.638944149017334,0.5564716644670538
8585,85850024,6.622287750244141,0.5503158613745078
8585,85850039,6.329856872558594,0.4422404649022653
8585,85850046,6.4219160079956055,0.47626330011033624
8585,85850056,5.981997489929199,0.31368003040981907
8585,85850075,6.686900615692139,0.5741952174321432
8585,85850088,5.8635454177856445,0.26990300261715494
8585,85850094,6.616373538970947,0.5481301115890205
8585,85850101,7.060299873352051,0.7121945734968278
8585,85850112,5.987329006195068,0.31565043018015904
8585,85850119,6.827459812164307,0.6261425049647695
8585,85850120,5.403817176818848,0.09999853731168118
8585,85850138,6.039479732513428,0.3349240803082856
8585,85850146,6.326944351196289,0.4411640672815482
8585,85850161,5.878307342529297,0.27535865381921165
8585,85850170,6.304429054260254,0.43284295679447804
9034,90340002,6.681856632232666,0.57233108284931
9034,90340007,6.545488357543945,0.521932658887162
9034,90340021,6.159035682678223,0.379109074782672
9034,90340032,6.44757604598999,0.4857466310146672
9034,90340039,6.221029758453369,0.4020205893647051
9034,90340041,6.352434158325195,0.45058448496541437
9034,90340043,6.452591419219971,0.4876001919470021
9034,90340054,6.948369979858398,0.6708279855627379
9034,90340071,6.741947650909424,0.5945392734457042
9034,90340085,6.24929666519165,0.41246735605693075
9034,90340088,6.569373607635498,0.5307600710055878
9034,90340090,6.604246139526367,0.5436481173703405
9034,90340108,6.488400459289551,0.5008343491380625
9034,90340114,6.212423324584961,0.3988398590673372
9034,90340126,6.327395439147949,0.44133077850440317
9034,90340131,6.224276542663574,0.40322052246874285
9034,90340155,6.109757900238037,0.3608971953920739
9034,90340158,5.936564922332764,0.29688924964617924
9034,90340164,5.827470302581787,0.2565705104764613
9070,90700006,6.579258441925049,0.5344132672527173
9070,90700008,6.534135341644287,0.5177368581419663
9070,90700019,5.380582809448242,0.09141167574208975
9070,90700042,6.530019760131836,0.5162158385177997
9070,90700045,6.187910079956055,0.38978035532047595
9070,90700047,6.001677513122559,0.3209532921325169
9070,90700054,7.395902633666992,0.8362252561158436
9070,90700055,6.365312576293945,0.45534403750967267
9070,90700057,6.620634078979492,0.5497047043757115
9070,90700059,6.517202377319336,0.5114788430946045
9070,90700065,6.542437553405762,0.5208051552890371
9070,90700081,6.571940898895264,0.5317088799102934
9070,90700082,6.389634609222412,0.4643328740257042
9070,90700108,6.808853626251221,0.6192661075907708
9070,90700111,6.416720390319824,0.47434312517986243
9070,90700117,6.627565383911133,0.5522663474364096
9070,90700127,6.881571769714356,0.6461409788345478
9070,90700148,6.214006423950195,0.39942493439490456
9070,90700164,6.943526744842529,0.6690380427609
9070,90700172,6.487588405609131,0.500534233691422
9088,90880018,6.210149765014648,0.39799960630774645
9088,90880060,5.667220592498779,0.197346084215954
9088,90880064,6.085176467895508,0.35181249111152524
9088,90880065,6.370633602142334,0.4573105602748304
9088,90880086,5.605295181274414,0.17445994639511642
9088,90880090,6.270683288574219,0.4203713360318464
9088,90880093,6.188231945037842,0.38989930888858093
9088,90880095,6.228915214538574,0.4049348636695187
9088,90880100,6.383549213409424,0.4620838585647362
9088,90880120,6.464817523956299,0.4921186652599012
9088,90880126,5.788659572601318,0.24222700112063067
9088,90880132,6.206345081329346,0.39659348701899355
9088,90880140,6.196592330932617,0.39298910579166413
9088,90880142,6.363811492919922,0.4547892733135337
9088,90880145,5.876990795135498,0.27487208966878574
9088,90880147,6.46309232711792,0.49148107413485964
9088,90880154,6.747654914855957,0.5966485404925879
9088,90880157,6.39417028427124,0.46600915008468635
9088,90880163,6.119072437286377,0.3643396235392722
9101,91010017,6.49809455871582,0.5044170543818705
9101,91010032,6.460944652557373,0.49068734543746095
9101,91010049,6.6776227951049805,0.5707663588030838
9101,91010050,6.519007205963135,0.5121458642135328
9101,91010055,6.141817092895508,0.3727454994578363
9101,91010063,6.446086883544922,0.4851962725062353
9101,91010070,6.4613142013549805,0.4908239217563961
9101,91010072,6.591144561767578,0.5388060903521958
9101,91010082,5.793975353240967,0.24419158538319707
9101,91010100,6.994478702545166,0.6878686569331516
9101,91010107,6.825198173522949,0.6253066578928868
9101,91010109,6.42198657989502,0.4762893817815652
9101,91010123,6.087113380432129,0.35252832725025374
9101,91010127,6.617439270019531,0.5485239800700785
9101,91010133,6.129424095153809,0.3681653465170307
9101,91010138,6.458377838134766,0.48973871276026393
9101,91010139,6.672431945800781,0.5688479461476932
9101,91010142,6.304559230804443,0.4328910669042447
9101,91010151,6.420799732208252,0.47585075151339784
9107,91070033,6.301391124725342,0.431720211339077
9107,91070038,6.568300247192383,0.5303633828843968
9107,91070040,6.431473731994629,0.4797956042867695
9107,91070049,6.40055513381958,0.4683688364208687
9107,91070056,6.259885311126709,0.41638066410631613
9107,91070061,7.169626712799072,0.7525991354630899
9107,91070065,6.559363842010498,0.5270607031512828
9107,91070074,6.186944484710693,0.38942349461616144
9107,91070108,7.020323276519775,0.6974201878831956
9107,91070135,6.278421401977539,0.423231156036594
9107,91070138,6.225881099700928,0.40381352803418413
9107,91070140,6.377819538116455,0.4599663088249628
9107,91070142,6.465910911560059,0.4925227549364408
9107,91070143,6.373066425323486,0.4582096730221943
9107,91070162,6.630768299102783,0.5534500676096836
9107,91070163,6.232643127441406,0.40631261032943455
9107,91070174,6.599030494689941,0.5417205408845176
9107,91070175,6.423171520233154,0.47672730713969913
9118,91180025,6.012725830078125,0.32503648349990644
9118,91180035,6.287282943725586,0.42650616805090436
9118,91180042,6.477370738983154,0.49675803064349666
9118,91180044,6.906123161315918,0.6552145807820733
9118,91180050,6.500891208648682,0.50545062871807
9118,91180056,6.985104560852051,0.6844042003474151
9118,91180064,5.913538455963135,0.28837922327020826
9118,91180078,6.654301166534424,0.5621472475994731
9118,91180088,6.049659252166748,0.33868618515554627
9118,91180101,6.151027202606201,0.37614933378071647
9118,91180110,5.954190254211426,0.303403147035598
9118,91180133,6.79064416885376,0.6125363315036807
9118,91180151,6.067033290863037,0.345107210648089
9118,91180157,6.348721981048584,0.4492125538132725
9118,91180159,6.466094493865967,0.4925906025271376
9118,91180161,6.330554962158203,0.4424984619744212
9118,91180163,6.040096759796143,0.33515211870402983
9553,95530005,6.690598011016846,0.5755616855315278
9553,95530010,6.214314937591553,0.3995389535927767
9553,95530011,6.514305591583252,0.5104082609816614
9553,95530016,6.2573747634887695,0.4154528262750985
9553,95530028,6.005555629730225,0.3223865504575485
9553,95530041,6.16961145401001,0.3830176246893331
9553,95530049,6.450344562530518,0.4867698079278766
9553,95530059,6.005055904388428,0.3222018640288462
9553,95530066,5.850682258605957,0.2651490893531625
9553,95530082,6.366975784301758,0.45595871905863494
9553,95530083,6.770031929016113,0.6049185450022498
9553,95530085,7.001040935516357,0.6902938999024231
9553,95530116,6.279058456420898,0.4234665959876873
9553,95530118,6.378232002258301,0.46011874561964494
9553,95530129,7.188200950622559,0.7594637255940324
9553,95530144,6.613816261291504,0.5471850034619894
9553,95530152,6.414327144622803,0.47345863931568766
9553,95530154,5.846793174743652,0.26371177779543964
9553,95530161,6.0385284423828125,0.3345725064292202
9553,95530173,6.1651930809021,0.3813847005973938
9555,95550027,6.02671480178833,0.3302064699110032
9555,95550043,6.533453464508057,0.5174848528050926
9555,95550044,6.151839256286621,0.3764494492273569
9555,95550046,6.013136386871338,0.325188215384556
9555,95550051,6.211034774780273,0.39832668456315745
9555,95550053,6.277154922485352,0.4227630957745403
9555,95550073,6.2372565269470215,0.40801761147227
9555,95550075,6.646608829498291,0.5593043454355227
9555,95550081,6.201330661773682,0.39474027854167537
9555,95550082,6.736225605010986,0.5924245433460633
9555,95550092,6.353113174438477,0.4508354329372388
9555,95550107,6.15370512008667,0.3771390274673483
9555,95550116,6.253130912780762,0.4138844014511982
9555,95550126,6.7052001953125,0.5809583005183028
9555,95550134,6.400216102600098,0.4682435386624648
9555,95550143,6.394706726074219,0.46620740603152755
9555,95550146,6.560817718505859,0.5275980208240998
9555,95550148,5.836616039276123,0.25995055408572054
9555,95550173,6.307169437408447,0.43385573628469776
9556,95560008,6.125997066497803,0.3668987994148545
9556,95560010,6.729393005371094,0.5898993793795839
9556,95560017,6.570581912994385,0.5312066315116286
9556,95560031,7.058607578277588,0.7115691420698591
9556,95560037,6.393805027008057,0.4658741598133258
9556,95560051,6.173287868499756,0.3843763387783523
9556,95560069,6.858247756958008,0.6375209864933951
9556,95560080,6.265291690826416,0.41837873159546013
9556,95560083,6.441739082336426,0.483589430085525
9556,95560108,6.660616874694824,0.5644813809469518
9556,95560115,6.650845050811768,0.56086995061929
9556,95560133,6.380346298217773,0.46090013839146216
9556,95560150,6.558763980865479,0.5268390089458375
9556,95560153,6.5504655838012695,0.5237721216188331
9556,95560163,6.531075954437256,0.5166061824486918
9556,95560164,6.343000411987305,0.4470979999411402
9556,95560170,6.488992214202881,0.5010530474758672
9558,95580008,6.573394298553467,0.5322460213556022
9558,95580012,6.439001083374023,0.4825775317328469
9558,95580016,6.432816505432129,0.48029186095015164
9558,95580039,6.309378147125244,0.43467202210315903
9558,95580045,6.641361713409424,0.5573651379341522
9558,95580056,6.110801696777344,0.36128295740774985
9558,95580067,6.362806797027588,0.45441796195353823
9558,95580071,6.46721887588501,0.4930061469917171
9558,95580097,6.230231761932373,0.40542142781994417
9558,95580101,6.132637023925781,0.3693527674679793
9558,95580116,6.410664081573486,0.47210485959690085
9558,95580133,6.314395427703857,0.4365262879455274
9558,95580157,6.725081443786621,0.5883059302495048
9558,95580166,6.637548446655273,0.5559558465502497
9558,95580173,6.339229106903076,0.4457042165779683
9600,96000004,6.583721160888672,0.5360625805029289
9600,96000007,6.387120723724365,0.4634038026019287
9600,96000010,6.1018571853637695,0.35797728180699484
9600,96000013,6.189468383789063,0.39035626681761193
9601,96010001,5.857445240020752,0.2676485241034292
9601,96010005,5.930219650268555,0.294544190193186
9601,96010008,5.858243465423584,0.26794352895232953
9601,96010015,6.687967777252197,0.5745896145957261
9601,96010019,6.475435256958008,0.49604272318729303
9601,96010022,6.101308345794678,0.3577744439449375
9604,96040002,6.039142608642578,0.3347994874599147
9604,96040004,6.58320951461792,0.535873488386519
9604,96040006,6.376144886016846,0.45934739781580114
9604,96040012,6.183011054992676,0.3879697939001667
9604,96040016,6.452663421630859,0.48762680230075595
9604,96040021,6.390587329864502,0.46468497658729446
9604,96040025,6.551211357116699,0.5240477414418196
9606,96060001,6.377873420715332,0.45998622253340105
9606,96060004,6.448171615600586,0.48596673917253796
9606,96060007,6.286875247955322,0.426355493531305
9606,96060013,6.221469879150391,0.4021832473548692
9606,96060016,6.509588241577148,0.5086648422420159
9606,96060020,6.458847522735596,0.4899122968559426
9607,96070012,6.582225322723389,0.5355097548093808
9607,96070018,6.395703315734863,0.4665757215238815
9607,96070021,6.979950428009033,0.6824993572101634
9608,96080006,6.386739730834961,0.46326299682279415
9608,96080017,6.899935245513916,0.6529276764068197
9608,96080022,7.069072246551514,0.7154366309670854
9608,96080025,6.594304084777832,0.5399737738222143
9609,96090001,6.118666648864746,0.36418965392970626
9609,96090006,6.46694278717041,0.4929041112644097
9609,96090010,6.615541458129883,0.5478225945870314
9609,96090015,6.382966041564941,0.46186833232208113
9609,96090019,6.002599239349365,0.32129393990606725
9609,96090023,6.008396148681641,0.32343633772451175
9609,96090026,6.401881694793701,0.4688591013489687
9611,96110003,6.529982089996338,0.5162019165446441
9611,96110006,6.471280097961426,0.4945070766799373
9611,96110017,6.030373573303223,0.3315586635822154
9611,96110021,6.3453450202941895,0.44796451059946807
9612,96120001,6.622702598571777,0.5504691793067316
9612,96120010,6.448604106903076,0.48612657752256916
9612,96120016,6.187056064605713,0.3894647318531048
9613,96130006,6.574408054351807,0.532620681038255
9613,96130009,6.325084686279297,0.4404767799991649
9613,96130012,6.621515274047852,0.550030372811056
9613,96130016,6.617461681365967,0.5485322627629692
9613,96130019,7.304357528686523,0.8023923941617237
9614,96140002,6.813268184661865,0.6208976218626436
9614,96140008,6.169700622558594,0.3830505792333858
9614,96140011,6.592287063598633,0.5392283314620909
9614,96140018,6.676462650299072,0.5703375972753817
9616,96160006,6.098486423492432,0.356731529550798
9617,96170001,5.960669040679932,0.30579755019091626
9618,96180008,6.474567413330078,0.4957219891221809
9618,96180010,5.885561943054199,0.27803977913053957
9618,96180016,6.917401313781738,0.6593827138084649
9618,96180019,6.647659778594971,0.5596927508638234
9619,96190005,6.074725151062012,0.3479499365845313
9619,96190011,6.447458744049072,0.48570327904762434
9619,96190017,6.978668689727783,0.6820256576678438
9622,96220006,5.762300968170166,0.23248549691663567
9622,96220012,5.610969066619873,0.17655687751641858
9622,96220015,6.674984455108643,0.5697912919996415
9622,96220018,6.179838180541992,0.38679717605991626
9623,96230004,6.843510627746582,0.6320744991217702
9623,96230010,6.420857906341553,0.4758722512694107
9623,96230013,6.426371574401856,0.47790996994792345
9623,96230016,6.178297996520996,0.3862279612080959
9624,96240004,6.810254096984863,0.6197836877826581
9624,96240007,5.615285396575928,0.1781520889215813
9624,96240010,7.039160251617432,0.7043818793712131
9624,96240016,6.50432825088501,0.5067208765979212
9624,96240020,6.465989112854004,0.4925516562478027
9625,96250004,6.804697513580322,0.6177301086283984
9625,96250008,6.113462924957275,0.36226648313159093
9625,96250011,6.423504829406738,0.47685049016800307
9625,96250014,6.229282855987549,0.4050707350784204
9625,96250017,6.507945537567139,0.5080577384759104
9625,96250021,6.467233180999756,0.4930114338169662
9626,96260003,6.26667070388794,0.41888838154947394
9626,96260006,6.543240547180176,0.5211019224130198
9626,96260009,6.634478569030762,0.5548212938517925
9626,96260013,6.371273040771484,0.45754688136346533
9626,96260016,6.50113582611084,0.5055410334298298
9626,96260019,6.119120597839356,0.3643574225176114
9626,96260022,6.24422025680542,0.4105912380035328
9628,96280012,6.2216620445251465,0.40225426704071565
9628,96280015,5.522686958312988,0.143929940401619
9628,96280018,5.561366081237793,0.15822481096515761
9628,96280021,5.614329814910889,0.17779892899494132
9628,96280026,6.453261375427246,0.4878477915961683
9628,96280027,6.650025844573975,0.5605671917600248
9628,96280030,6.288187026977539,0.4268402954066477
9629,96290004,5.892133712768555,0.280468546649977
9629,96290007,5.81497049331665,0.25195088257379594
9630,96300004,6.384498119354248,0.46243455130626
9630,96300007,6.429727077484131,0.47915008292385397
9630,96300010,6.466432094573975,0.4927153716030166
9630,96300013,7.095432281494141,0.7251786638536057
9630,96300016,6.175088405609131,0.38504177384970606
9630,96300019,6.622382640838623,0.55035093064866
9631,96310003,6.536267280578613,0.518524771331591
9631,96310009,6.895195484161377,0.651175974974284
9631,96310014,5.851593971252441,0.26548603634903833
9631,96310015,6.411413192749023,0.47238171301244525
9631,96310018,5.453735828399658,0.11844726647343928
9633,96330005,6.61100435256958,0.5461457898455244
9633,96330020,5.88338565826416,0.2772354767826426
9633,96330023,6.656987190246582,0.563139937153746
9634,96340006,6.269511222839356,0.4199381688164372
9634,96340009,5.946701526641846,0.30063549401769296
9634,96340012,5.935663223266602,0.2965560034279775
9634,96340015,6.010670185089111,0.32427676671161065
9634,96340018,6.283133029937744,0.42497246004614
9634,96340021,6.155916690826416,0.3779563706508593
9634,96340022,5.532402992248535,0.14752075211080906
9635,96350009,6.44287109375,0.48400779419023743
9635,96350012,6.26777458190918,0.41929634823119577
9635,96350023,6.6552276611328125,0.5624896576481067
9639,96390007,6.210951328277588,0.39829584474920465
9639,96390014,6.252246856689453,0.4135576756508039
9639,96390015,6.741920471191406,0.5945292284777308
9639,96390020,6.618127346038818,0.5487782763645603
9640,96400001,5.938835144042969,0.2977282688132117
9640,96400006,6.84356689453125,0.63209529396775
9640,96400010,6.41203498840332,0.47261151368327314
9640,96400014,6.572927474975586,0.5320734946249728
9640,96400019,6.028594970703125,0.33090133497624374
9643,96430004,6.363400936126709,0.4546375414288846
9643,96430007,6.784272193908691,0.6101814033102222
9643,96430010,6.2574968338012695,0.4154979405172241
9643,96430012,6.019184112548828,0.3274233088723679
9643,96430013,5.953504085540772,0.30314955565114965
9643,96430016,6.168916702270508,0.38276086120973507
9643,96430019,5.831829071044922,0.2581814061298624
9645,96450002,6.165277004241943,0.3814157166388552
9645,96450018,6.762849807739258,0.6022642062721839
9645,96450021,6.941450595855713,0.668270748189747
9646,96460002,6.381181716918945,0.46120888898601
9646,96460005,5.65394401550293,0.1924393817022627
9646,96460008,6.360289573669434,0.45348765693720483
9646,96460011,6.522547245025635,0.5134541772351773
9646,96460017,6.691396713256836,0.5758568666079362
9646,96460020,5.7657470703125,0.23375909311914422
9647,96470011,6.190399169921875,0.39070026291381965
9647,96470014,6.587268352508545,0.5373735369371977
9647,96470017,6.320884704589844,0.4389245681060283
9647,96470023,6.2172040939331055,0.40060671606558684
9649,96490003,6.115950584411621,0.36318586204240977
9649,96490006,6.311800956726074,0.4355674340728488
9649,96490009,6.294634342193604,0.42922306754641837
9649,96490011,6.099833488464356,0.3572293722617552
9649,96490012,6.137101650238037,0.37100278562822386
9649,96490018,6.468142509460449,0.4933474996753009
