file,begin,end,speaker,overall_log_likelihood,speech_log_likelihood,phone_duration_deviation,snr
096190006,0.0,6.015,SPEAKER9619,-45.354206680855484,-50.893518686294556,36.49608183963322,14.855700618312717
096150012,0.0,12.29,SPEAKER9615,-50.84870194263629,-54.878625106811526,34.30161649827272,11.251643556835392
096080018,0.0,6.171,SPEAKER9608,-56.314715863047,-55.51464707510812,30.226399897094627,8.439954613881717
080020003,0.0,17.106,SPEAKER8002,-46.05669199298656,-51.753904147025864,20.949708093681114,4.1316133401338675
096150028,0.0,7.513,SPEAKER9615,-50.474825233022635,-58.85602424258278,19.461134186071046,4.510714505992645
070010002,0.0,12.163,SPEAKER7001,-47.4788175884046,-56.635227813720704,17.972225719086737,6.598606371279901
096230011,0.0,5.955,SPEAKER9623,-48.598016726090606,-56.32357687699167,17.73524970884644,13.788680815130318
096230020,0.0,12.229,SPEAKER9623,-48.18484579415372,-53.227831522623696,17.103197388621965,4.356793365480167
096150021,0.0,10.045,SPEAKER9615,-47.85940998134328,-56.6002552325909,17.05956644855393,4.988763577951966
096160005,0.0,4.737,SPEAKER9616,-50.84882235627637,-56.96234108419979,16.85052033474077,11.518182418858782
096260006,0.0,7.939,SPEAKER9626,-44.931040420340054,-53.63429962158203,16.56315029845918,16.63607241786262
020300173,0.0,3.62,SPEAKER2030,-42.21481677313536,-45.68605334942158,15.410431639575757,12.023008006203462
096230017,0.0,9.476,SPEAKER9623,-42.82195658623418,-47.68880165947808,15.302290416685192,12.96577827455455
096040016,0.0,7.32,SPEAKER9604,-52.68474641393443,-60.81606521606445,15.030024354866374,15.50387128123384
096230005,0.0,6.82,SPEAKER9623,-45.67572110978739,-52.502354049682616,14.963634025157722,13.611170805079501
096490008,0.0,6.05,SPEAKER9649,-48.23441373966942,-56.04459473182415,14.89871123084634,6.193279083267582
096150010,0.0,10.987,SPEAKER9615,-48.57668903548681,-53.48181864420573,14.865467347302808,12.354375792619674
070010020,0.0,12.521,SPEAKER7001,-48.34324767871406,-55.104110145568846,14.369737826035733,3.9515072415771275
070010017,0.0,12.281,SPEAKER7001,-45.584133881311075,-52.61963994879471,14.229413274977405,8.208823286665861
096100008,0.0,5.604,SPEAKER9610,-47.828846958705356,-50.08064505633186,14.078939507131798,7.641792243344387
096100019,0.0,6.068,SPEAKER9610,-47.79556540877265,-53.17200269197163,14.000404259346375,16.04015512992605
080020019,0.0,11.571,SPEAKER8002,-43.72113358902334,-57.91344954750755,13.544236356308042,12.900225811250252
014040089,0.0,3.8,SPEAKER1404,-46.859148848684214,-58.726500511169434,13.542633110164228,3.4259158462486248
096470005,0.0,6.395,SPEAKER9647,-44.71775817871094,-49.611485114464394,13.433951174801042,6.2018588532178285
096430003,0.0,7.647,SPEAKER9643,-45.862091503267976,-49.96389636993408,13.29524283141523,8.414136311962613
096400008,0.0,9.222,SPEAKER9640,-45.560220648047725,-51.03200566768646,13.010423733828034,9.992705960163327
096280012,0.0,5.04,SPEAKER9628,-46.818684895833336,-57.92695999145508,12.836849771676235,5.786519553777712
096400002,0.0,6.785,SPEAKER9640,-45.15670448269514,-50.12631441199261,12.818376579457693,5.959466337801111
022510152,0.0,4.653,SPEAKER2251,-48.249932795698925,-52.00483721778507,12.661849177248113,10.92578817437783
030490055,0.0,7.13,SPEAKER3049,-42.71509576612903,-46.07976133927055,12.59653027094234,16.0942809941795
096040019,0.0,5.449,SPEAKER9604,-53.73107081422018,-58.80376874483549,12.287399824409752,12.940712911882802
096110017,0.0,6.25,SPEAKER9611,-45.68943125,-48.432743191719055,12.217489446555826,11.302770136624584
096150007,0.0,12.52,SPEAKER9615,-47.927837335263575,-53.79579059894268,12.013136292441098,2.9573129883213927
096090008,0.0,11.697,SPEAKER9609,-44.717624866452994,-54.47592334747314,11.944236672892862,5.7917003129218045
096260008,0.0,7.515,SPEAKER9626,-47.61564993351064,-52.870187465961166,11.66909727602203,13.892542747613808
096150011,0.0,11.74,SPEAKER9615,-50.108473301746166,-57.22929426339957,11.409759399238038,2.6550131102020735
096100017,0.0,6.01,SPEAKER9610,-49.63768718801997,-53.82426994725277,11.300003554505142,11.402174928039225
096280026,0.0,4.949,SPEAKER9628,-46.098157354797976,-57.914857625961304,11.025861537349465,14.188641419993651
096080017,0.0,5.49,SPEAKER9608,-51.310699852003644,-53.60641574859619,11.025578173019298,14.59740502517461
096350006,0.0,8.814,SPEAKER9635,-49.23213588961408,-58.35365581512451,10.975005737098444,5.629258598918776
096230007,0.0,5.174,SPEAKER9623,-47.17534680246615,-54.530675172805786,10.926625485137283,14.904662620197191
096230015,0.0,6.76,SPEAKER9623,-41.37755408653846,-48.235741559196924,10.847175743962195,13.590517222852862
096040001,0.0,6.174,SPEAKER9604,-56.19497062398703,-57.316601788556135,10.716237398231318,3.1440423464117373
096330008,0.0,5.335,SPEAKER9633,-44.67999839068352,-48.45706329345703,10.626088537354855,10.886218799122236
096260019,0.0,8.661,SPEAKER9626,-46.95651703233256,-56.3829007582231,10.573548572637245,14.20924835822267
096150017,0.0,9.282,SPEAKER9615,-46.515730233028016,-54.4960748884413,10.529676544227506,11.823233726110983
096140012,0.0,9.464,SPEAKER9614,-46.360370144027485,-56.0216613345676,10.407522583263573,6.981075830040751
096140008,0.0,6.463,SPEAKER9614,-47.10716790828173,-55.272004071403956,10.397766890121003,6.826057386581542
007390062,0.0,5.459,SPEAKER0739,-50.060682806776555,-60.82003475370861,10.331194975681047,17.276226119110255
024270028,0.0,5.536,SPEAKER2427,-47.98922960852888,-50.117291154532595,10.331192609650524,14.42032412592913
096230012,0.0,6.074,SPEAKER9623,-45.85278521416804,-49.576836903889976,10.227774782373626,10.26476496697505
069020090,0.0,7.0,SPEAKER6902,-46.41649553571428,-56.64773125484072,10.221255588158957,12.306393670552367
096150018,0.0,8.729,SPEAKER9615,-47.69433705612829,-53.529968897501625,10.153962846137462,5.521175304400593
096430010,0.0,9.481,SPEAKER9643,-47.81922880406118,-56.49050019916735,10.132718139195635,3.2386875462503184
096100018,0.0,8.481,SPEAKER9610,-48.182013745577834,-57.2466650390625,10.130553358086196,8.16250972949896
014390134,0.0,5.86,SPEAKER1439,-43.45937433340443,-47.599715440169625,10.023127397505567,11.030468035260553
096140015,0.0,8.658,SPEAKER9614,-46.79017663827945,-58.29367733001709,9.983593217914462,11.98432962371522
096080025,0.0,6.13,SPEAKER9608,-50.56983457381729,-49.50089569091797,9.902768359665702,13.452357449455306
096490009,0.0,6.098,SPEAKER9649,-52.52550268954918,-59.55791745867048,9.901162919886065,4.440439463834775
096150027,0.0,6.521,SPEAKER9615,-48.09349837039877,-55.41094611672794,9.873889636026622,12.728006765186304
028920224,0.0,3.82,SPEAKER2892,-43.00394204024869,-46.198097483317056,9.810412631358869,18.60525609295028
096300018,0.0,3.302,SPEAKER9630,-46.02836766098485,-49.00822194417318,9.741753205611996,9.546746870650768
096060009,0.0,9.43,SPEAKER9606,-56.09335647534464,-63.494530751154976,9.556346358857157,2.669211589473351
040050358,0.0,3.337,SPEAKER4005,-47.93685675523952,-53.02849893008961,9.406534940606779,12.786317504443446
000700065,0.0,7.37,SPEAKER0070,-44.85247943521031,-48.055502827962236,9.228262396302817,16.08621379094844
095560069,0.0,4.918,SPEAKER9556,-49.3143538808435,-51.875081062316895,9.200798317611893,7.672126264041351
014190095,0.0,3.48,SPEAKER1419,-51.04936130567529,-56.09896392822266,9.198307481313076,11.914235800697336
096080006,0.0,8.376,SPEAKER9608,-49.588212261336515,-51.8647279103597,9.132521234146191,12.576474716498375
014040109,0.0,6.36,SPEAKER1404,-44.340031078026726,-51.27561232622932,9.113304709060642,13.542000483485456
096220015,0.0,8.232,SPEAKER9622,-48.55096635783718,-53.09482616848416,9.11131498121422,4.272444703932834
096150024,0.0,12.093,SPEAKER9615,-50.234585013440864,-57.2038354544804,9.097824692633633,3.0077577150515395
096100004,0.0,7.04,SPEAKER9610,-49.02383700284091,-54.9757474899292,9.061421270617553,4.531028055798304
070010004,0.0,15.668,SPEAKER7001,-46.14661774090619,-52.956953725507184,9.000636206014326,5.044828169867058
096150020,0.0,11.135,SPEAKER9615,-49.5591442717684,-53.33179693955641,8.899189846270785,2.2759274592302923
000050003,0.0,4.343,SPEAKER0005,-51.752263644873274,-54.64505360921224,8.866855739571438,11.23808656764772
070010015,0.0,19.735,SPEAKER7001,-49.73236448834853,-60.09806645711263,8.866851718638227,3.7471125196276915
096010012,0.0,7.387,SPEAKER9601,-48.229490866035185,-54.458785329546245,8.84607844177055,14.712920841911716
096090017,0.0,14.39,SPEAKER9609,-47.80963342599027,-51.75403227124895,8.785257172024211,2.7801912967788613
010610080,0.0,2.68,SPEAKER1061,-48.105796700093286,-52.45483186509874,8.777148182685583,16.921457091014254
096350009,0.0,6.585,SPEAKER9635,-49.342534853945374,-61.44688015892392,8.7768397584547,11.837110509060558
069020103,0.0,5.96,SPEAKER6902,-41.69259909815436,-54.38918533325195,8.711207611028007,16.02907910403506
096260012,0.0,6.956,SPEAKER9626,-49.31031115301724,-57.571173095703124,8.618549216695191,3.5387096795116637
096040008,0.0,3.97,SPEAKER9604,-51.55007773142317,-56.8205924987793,8.611893845042365,9.367693428516365
096280021,0.0,5.8,SPEAKER9628,-47.83221982758621,-56.55061340332031,8.609524342637567,10.691942918535949
096430012,0.0,7.629,SPEAKER9643,-44.85296014908257,-50.90717107599432,8.55071697018838,3.2103733874648874
096090019,0.0,11.254,SPEAKER9609,-46.03946527777778,-55.12324737548828,8.547030033163638,7.394159403307329
000440104,0.0,5.373,SPEAKER0044,-54.14582242202049,-58.44681234920726,8.478346629658073,7.93205375854199
001330075,0.0,3.494,SPEAKER0133,-49.239260610673355,-54.06199713314281,8.468279896763942,13.7774687596362
096060010,0.0,7.719,SPEAKER9606,-54.61636779468912,-61.89498233795166,8.405139340504517,12.354641940375688
014220140,0.0,4.78,SPEAKER1422,-45.79197584335774,-55.034502129805716,8.392872317651847,14.675660917524386
095560150,0.0,4.498,SPEAKER9556,-50.253741319444444,-50.7640495300293,8.362921529719022,15.04789628407716
096250002,0.0,7.308,SPEAKER9625,-49.07770284712722,-49.25359902015099,8.359803506163882,5.36798602892596
096150006,0.0,13.46,SPEAKER9615,-49.527808088781576,-54.25237610760857,8.359512506079788,6.337798769063859
014040124,0.0,5.96,SPEAKER1404,-42.720735895553695,-50.00413270430131,8.320335336487606,12.77051257676251
096220018,0.0,7.881,SPEAKER9622,-46.16782994923858,-53.39997114453997,8.283167427978562,9.462503972713161
014040081,0.0,6.12,SPEAKER1404,-51.802696078431374,-62.69703896840414,8.27008270826759,1.6153961663280114
030210042,0.0,5.08,SPEAKER3021,-45.71822327140748,-47.30690468682183,8.16846644470384,11.39745189494345
096230006,0.0,6.127,SPEAKER9623,-42.390153446166394,-50.851582527160645,8.167054245710169,8.770223246686584
054320129,0.0,6.35,SPEAKER5432,-49.7113312007874,-53.13356399536133,8.14675085602743,7.2471993885173
096190010,0.0,4.215,SPEAKER9619,-45.355306760959714,-52.86269760131836,8.125961838900572,14.682672752099258
003060263,0.0,4.989,SPEAKER0306,-54.73025738977956,-56.88950137434335,8.125961838900572,12.833821460992962
096250017,0.0,4.531,SPEAKER9625,-42.6898497861479,-48.517984517415364,8.117612884579794,11.200789033513564
096110012,0.0,5.252,SPEAKER9611,-41.89014880952381,-46.61028525942848,8.117612884579794,13.81367092318126
096240015,0.0,8.34,SPEAKER9624,-45.17829642535971,-51.791318822790075,8.089229294274226,10.651951714419049
080020001,0.0,10.517,SPEAKER8002,-41.383607117395435,-53.763307647705076,8.008902588224466,14.094218772012157
022080085,0.0,4.149,SPEAKER2208,-49.28285485692771,-52.1551273890904,7.985994001333421,14.212845900236786
096170015,0.0,4.03,SPEAKER9617,-48.884101659429284,-54.74428987503052,7.9671896516697585,19.469482080149277
096290002,0.0,5.39,SPEAKER9629,-44.03807687847866,-51.438539822896324,7.961692323694142,11.385637618264546
096150026,0.0,14.853,SPEAKER9615,-50.835748106060606,-54.58975657710322,7.923140686622104,2.2523748412299565
014390135,0.0,8.65,SPEAKER1439,-48.53172416907515,-52.27176775251116,7.922414926246324,4.797976678498671
096350012,0.0,10.835,SPEAKER9635,-51.14124481088561,-59.88379939397176,7.899197698551182,3.3104286092918684
096150019,0.0,9.057,SPEAKER9615,-48.935270936810156,-52.0438907847685,7.884132245747665,3.421035869234977
096130010,0.0,4.343,SPEAKER9613,-50.653099798387096,-58.84858644925631,7.884131532298544,16.75544028022904
001120156,0.0,3.077,SPEAKER0112,-52.89143351765422,-65.87189169491039,7.844346561499983,15.814953633723954
000560074,0.0,4.17,SPEAKER0056,-50.23097927907674,-50.2278359153054,7.825233313802289,3.9470204086470915
014220003,0.0,5.851,SPEAKER1422,-47.627764423076925,-55.458790947409234,7.777938765775287,13.370318618121074
096000010,0.0,7.169,SPEAKER9600,-43.11752255491632,-49.86244000886616,7.750991369309643,8.22125532806248
069020155,0.0,6.28,SPEAKER6902,-45.66925631966561,-57.51311694874483,7.7346416718267,13.838476088936853
096150009,0.0,8.105,SPEAKER9615,-47.65723258323058,-54.94547510147095,7.718225263093435,13.485378157600138
011970081,0.0,4.68,SPEAKER1197,-41.364837907318375,-47.057610511779785,7.684508798971207,15.709538204204353
096170020,0.0,5.221,SPEAKER9617,-49.93945686661878,-55.687622494167755,7.679789226990057,18.130734679919964
096430009,0.0,6.066,SPEAKER9643,-42.66198066824547,-47.364475651791224,7.597824706825744,13.600314447651485
080020014,0.0,5.702,SPEAKER8002,-40.46499109100877,-53.64651870727539,7.570604910167944,11.794753267946863
010610171,0.0,5.26,SPEAKER1061,-44.58463046577947,-53.22784678141276,7.570085645102217,14.488345726146594
009600338,0.0,4.208,SPEAKER0960,-48.29340947891924,-55.04751678466797,7.570084337316774,12.998195196303108
096060005,0.0,6.822,SPEAKER9606,-50.254215542522,-53.33812780941234,7.46037944764349,5.681134755942978
014220038,0.0,2.492,SPEAKER1422,-43.47081686119478,-43.730536052158904,7.4347191105336226,12.410123640027464
003060025,0.0,6.18,SPEAKER0306,-56.23706765776699,-61.91294695879962,7.405526348914127,16.11214400888684
003060161,0.0,3.71,SPEAKER0306,-53.716796875,-63.67465832358912,7.40084673266701,15.815449907088489
004610362,0.0,3.73,SPEAKER0461,-47.41409391756032,-49.55078463120894,7.387721258732493,13.349034826587427
096160018,0.0,8.111,SPEAKER9616,-47.883626502774355,-56.57093324332401,7.350674557970206,12.10389059363728
096260003,0.0,6.964,SPEAKER9626,-50.14770227191092,-62.23211203681098,7.343093357165004,4.233732829817519
096390018,0.0,4.224,SPEAKER9639,-45.34850322126777,-48.727090199788414,7.342951251208894,10.367811972404702
096330022,0.0,7.943,SPEAKER9633,-44.71096209855164,-50.4960368347168,7.319749804485363,6.428601270489295
080020004,0.0,8.236,SPEAKER8002,-38.35784141762743,-55.52688462393625,7.311263821081187,13.082770044322169
007650061,0.0,7.67,SPEAKER0765,-51.802436440677965,-55.896671040852866,7.295822113133564,13.309508879504563
055470122,0.0,7.67,SPEAKER5547,-42.209539500488916,-52.335346446317786,7.2958208053481215,15.811596542932834
014040005,0.0,7.48,SPEAKER1404,-48.60144238803476,-56.90523719787598,7.255842433819617,8.110269291512159
007650084,0.0,5.744,SPEAKER0765,-49.98321129137631,-53.2638185674494,7.243195837843238,11.97086432659022
096290021,0.0,6.515,SPEAKER9629,-46.45066861579755,-51.49875965118408,7.240969341350562,14.045856072514955
014040013,0.0,6.76,SPEAKER1404,-45.90489783653846,-52.311928812662764,7.186115915674837,8.263162716067603
014220066,0.0,4.13,SPEAKER1422,-42.47273191585956,-49.11876326340895,7.167021258216792,15.913375034621769
096230014,0.0,9.974,SPEAKER9623,-47.4307296890672,-56.05902594107169,7.155562042868669,3.119247665864547
030490166,0.0,6.35,SPEAKER3049,-47.44984313484252,-54.80516185760498,7.154100143718037,3.972041073655433
096350018,0.0,5.668,SPEAKER9635,-47.23315214395944,-52.592350260416666,7.13689397477619,10.63875596433314
096000004,0.0,6.494,SPEAKER9600,-43.15235277831279,-46.884983204029226,7.131817133158416,8.454538051554913
096340018,0.0,8.78,SPEAKER9634,-41.88434741600228,-47.760961055755615,7.131814524238892,10.680274619869277
020270142,0.0,5.61,SPEAKER2027,-46.421711369206776,-54.087423706054686,7.131264778623638,13.999011386552477
096330017,0.0,5.968,SPEAKER9633,-45.71583503454774,-49.86956460135324,7.06816009623078,10.195199799742209
096140004,0.0,9.298,SPEAKER9614,-50.03841985887097,-57.895937486128375,7.053931915155305,6.61342094295448
070010018,0.0,13.688,SPEAKER7001,-44.91817704528853,-55.74701534618031,7.021561196735798,7.182151819568389
022420015,0.0,2.591,SPEAKER2242,-46.62411392977799,-51.0412230858436,7.021431792565193,15.489259297264175
080020005,0.0,5.953,SPEAKER8002,-42.301572347689074,-53.484840393066406,7.008126329887802,13.084484661767862
096180021,0.0,5.236,SPEAKER9618,-51.62516773020038,-53.89622729757558,6.926557245050553,15.159977631369607
007360299,0.0,4.0,SPEAKER0736,-50.2649169921875,-54.658135096232094,6.911853691491627,15.731703347875456
096300003,0.0,4.127,SPEAKER9630,-44.37106537530266,-48.2819938659668,6.882018876989546,9.99060995770401
096080026,0.0,7.667,SPEAKER9608,-49.0598160446545,-54.67611010869344,6.879436274617614,9.576319117851103
096490003,0.0,7.438,SPEAKER9649,-47.45909463205645,-57.60372128693954,6.861961738045337,5.175588333850836
021680052,0.0,4.103,SPEAKER2168,-50.830430640243904,-53.54512939453125,6.861439786605618,6.988127615469109
010760116,0.0,5.796,SPEAKER1076,-56.034132543103446,-56.7509007661239,6.860669188615498,2.357575144405377
007360196,0.0,5.75,SPEAKER0736,-48.422775135869564,-51.07709775652204,6.825989902033012,10.165305069001352
096140017,0.0,8.352,SPEAKER9614,-44.496500748502996,-50.998020503831945,6.820458588427421,11.299488468205213
060480169,0.0,4.5,SPEAKER6048,-46.72016927083333,-48.41932418823242,6.820453231899066,13.793534473237045
096130003,0.0,4.709,SPEAKER9613,-49.358396364118896,-58.482290167557565,6.802148801818344,13.608588338208683
096330023,0.0,7.645,SPEAKER9633,-45.64789624183007,-49.67645362571434,6.793227859499927,7.119914475736699
014390076,0.0,5.33,SPEAKER1439,-45.267545145403375,-51.118421407846306,6.762778884186886,11.257962170179503
014180143,0.0,6.62,SPEAKER1418,-47.37423291163142,-49.59144907412322,6.758607186882584,14.207979261754025
000930148,0.0,3.456,SPEAKER0093,-39.97463195447977,-43.7137607125675,6.758607186882584,8.570877931373069
096130014,0.0,6.991,SPEAKER9613,-53.997217006437765,-59.4951615584524,6.748195000564798,11.59156284491025
096010021,0.0,6.748,SPEAKER9601,-50.7521412037037,-57.7318751595237,6.7428352370287765,7.119361382425364
096080008,0.0,6.618,SPEAKER9608,-48.80712448074018,-55.473406600952146,6.732704204515393,15.770675208777508
007390195,0.0,5.859,SPEAKER0739,-48.3138598549488,-52.8006100124783,6.732704204515393,15.737459713005052
085840147,0.0,4.19,SPEAKER8584,-46.89428419600239,-51.70352346246893,6.73270140524782,10.943178045926409
096250016,0.0,4.721,SPEAKER9625,-45.83410023834746,-56.67228235517229,6.7286048299302195,9.195196549279144
080020020,0.0,7.337,SPEAKER8002,-43.40176100561989,-55.99308159237816,6.724493980954517,13.204319422280683
096100016,0.0,9.85,SPEAKER9610,-50.15282360406091,-51.39538889917834,6.708134110310219,2.8298455350335487
022080204,0.0,2.482,SPEAKER2208,-49.17802183089718,-53.09699010848999,6.708133306123577,16.186454813781555
010330257,0.0,3.31,SPEAKER1033,-48.45907878587613,-51.83547592163086,6.699908501084367,11.922874066569873
011970165,0.0,3.933,SPEAKER1197,-40.890299479166664,-43.3548256556193,6.659368768639878,15.091011398320417
096140006,0.0,6.581,SPEAKER9614,-47.17537459631459,-54.49452182224819,6.655762560497197,12.212121501238633
096490014,0.0,5.276,SPEAKER9649,-43.578572591145836,-43.95697466532389,6.637592775093861,14.403387877932136
096280023,0.0,8.897,SPEAKER9628,-41.858488412921346,-51.580846332368395,6.637591467308418,10.144975646622138
096110014,0.0,4.53,SPEAKER9611,-44.13722319950331,-44.75446605682373,6.618390867444978,13.919237297517562
096090015,0.0,6.67,SPEAKER9609,-45.649743487631184,-50.42465524112477,6.61128775394121,4.941658843818157
096100002,0.0,7.421,SPEAKER9610,-53.322486733490564,-60.80178780989213,6.611069096605413,3.538887466789525
096430020,0.0,9.158,SPEAKER9643,-45.89495769650655,-51.89186819668474,6.60174342194178,4.833643387603804
096430007,0.0,10.078,SPEAKER9643,-46.241327194940474,-53.031409072875974,6.575192611688791,4.596503177999798
096490002,0.0,8.778,SPEAKER9649,-48.8677614251139,-60.57492568969727,6.570979650956935,6.368842626425149
096490005,0.0,10.015,SPEAKER9649,-51.13858221057884,-56.66122581218851,6.570979650956935,5.401053623147366
020300056,0.0,4.252,SPEAKER2030,-41.346066176470586,-45.16559466193704,6.539147813553234,11.866649947959186
096150013,0.0,9.681,SPEAKER9615,-46.293392465134296,-52.56996806462606,6.53726111985944,12.489329599321486
010610094,0.0,4.87,SPEAKER1061,-42.00071387320329,-50.15389527214898,6.528666542836735,17.45508685017852
096450021,0.0,4.46,SPEAKER9645,-47.09581698430493,-54.30127461751302,6.482392936444328,13.05093248097824
096090014,0.0,8.41,SPEAKER9609,-50.44990617568371,-50.1144778251648,6.482392936444328,2.3154764884433696
055510130,0.0,3.91,SPEAKER5551,-48.21027813299233,-54.62421437313682,6.473795798539736,13.300877680443643
010760032,0.0,5.428,SPEAKER1076,-46.88983727555249,-52.35256077693059,6.473031258842849,8.528499698458802
096450019,0.0,6.158,SPEAKER9645,-47.692246474228895,-59.614107633891855,6.460891932154466,6.199663671631885
055470141,0.0,7.63,SPEAKER5547,-41.3143404939384,-49.63111763000488,6.460712883597917,15.930341125423686
096230004,0.0,4.774,SPEAKER9623,-42.958992564203356,-49.6981143951416,6.449562563586361,13.91339515893053
096090007,0.0,11.72,SPEAKER9609,-48.106405316766214,-53.525236378545344,6.449562563586361,3.6683151813132255
095560054,0.0,4.07,SPEAKER9556,-47.43059927825553,-48.77548694610596,6.447768674528317,22.723014640206316
096280020,0.0,10.06,SPEAKER9628,-42.99744501739563,-52.83217952562415,6.418182995747293,9.059954856694482
020300132,0.0,3.28,SPEAKER2030,-42.961318597560975,-45.514096186711235,6.402308446945344,8.351306196530432
096180012,0.0,5.16,SPEAKER9618,-51.91455835150194,-55.488718553022906,6.378387126022103,3.3634604419535705
096000015,0.0,8.265,SPEAKER9600,-41.06496089026602,-48.609305487738716,6.376611946122536,6.042694051755493
096280030,0.0,6.126,SPEAKER9628,-45.92995195248776,-53.22372745332264,6.311921502069729,11.734479417529952
096160002,0.0,11.92,SPEAKER9616,-46.17462117239933,-55.34300204685756,6.279423459503229,5.8668645003272815
000920002,0.0,2.975,SPEAKER0092,-50.41496696728188,-60.47675254128196,6.279423459503229,16.620226692522486
014390009,0.0,5.41,SPEAKER1439,-48.515809120841034,-54.02745132446289,6.253624353451924,12.697520305535225
096180018,0.0,5.245,SPEAKER9618,-50.333470982142856,-54.46548527684705,6.252100411719908,12.484709467957629
003060306,0.0,5.49,SPEAKER0306,-52.85610556124772,-64.03490286607008,6.244165797583755,15.558031077045957
096170001,0.0,2.989,SPEAKER9617,-49.0980253187709,-55.053496192483344,6.244164850953253,18.101088167335842
009600190,0.0,4.894,SPEAKER0960,-49.262030291411044,-53.8955003565008,6.24202173383852,9.80220632778624
021120309,0.0,5.339,SPEAKER2112,-48.196991309691015,-51.955087407430014,6.217626438490971,11.081301530633352
014690047,0.0,3.52,SPEAKER1469,-47.21407248757102,-53.70909881591797,6.2163097325093855,19.685128418474605
014390124,0.0,5.58,SPEAKER1439,-46.005943380376344,-55.08634262084961,6.207121723224261,4.147181057224298
032140094,0.0,2.94,SPEAKER3214,-46.87778353528912,-59.102044105529785,6.198771908615282,14.947999760421673
055470088,0.0,8.37,SPEAKER5547,-40.89038698476703,-51.82049030727811,6.174629917174159,14.93971774370089
096330009,0.0,5.36,SPEAKER9633,-44.15596577658582,-48.81076758248465,6.168209797602357,10.837616490108452
000960008,0.0,4.957,SPEAKER0096,-45.67035896547379,-52.612875620524086,6.168209797602357,8.392282346391394
096180022,0.0,6.232,SPEAKER9618,-48.39972286316212,-52.539074470256935,6.163176677426348,14.759587681594095
014650108,0.0,7.89,SPEAKER1465,-46.56087115811153,-51.65750222457083,6.163176677426348,6.431442894998952
080020017,0.0,6.836,SPEAKER8002,-39.151938276681285,-53.68838416205512,6.143918155993197,13.581841789853591
014650040,0.0,4.12,SPEAKER1465,-41.73303341171116,-47.188677701083094,6.119457597746005,12.748253757931472
096060011,0.0,5.81,SPEAKER9606,-58.303013392857146,-64.05237869989304,6.111219169019768,7.098438299680499
096260004,0.0,6.73,SPEAKER9626,-48.04822158246657,-53.54424362182617,6.105894809584704,4.049476553852664
096100014,0.0,4.51,SPEAKER9610,-46.886419934866964,-51.59474035409781,6.085346758379537,6.05731497550256
036310035,0.0,3.325,SPEAKER3631,-47.54138220251502,-52.00847387313843,6.06393707616838,10.592294526722318
096350027,0.0,4.821,SPEAKER9635,-49.106242706172196,-54.56912183761597,6.063935893153118,10.249851306044434
069120151,0.0,4.039,SPEAKER6912,-51.2398572865099,-53.91137762630687,6.060365896435026,11.632051465514548
007360233,0.0,3.31,SPEAKER0736,-53.389728096676734,-56.76704406738281,6.042573806821991,13.519623477016347
096470015,0.0,3.95,SPEAKER9647,-46.549668710443036,-53.74537713187082,6.03824984784379,9.008912514017101
096140007,0.0,8.836,SPEAKER9614,-46.76680041006787,-52.00489412035261,6.037163593968059,12.662191370056197
096260021,0.0,7.098,SPEAKER9626,-48.768738996478874,-51.620519426133896,6.037163389127385,5.37071709390521
010610165,0.0,4.46,SPEAKER1061,-43.67186624159193,-51.81021935599191,6.037163389127385,15.205430778194767
000480016,0.0,2.416,SPEAKER0048,-55.69131343620868,-56.10597903911884,6.0342145741053566,13.887931782334894
096160008,0.0,7.286,SPEAKER9616,-51.94653420781893,-57.773347783971715,6.020589444676865,4.129253103330063
096070007,0.0,6.109,SPEAKER9607,-43.99213315773322,-47.29775219871884,6.013232602930495,10.49634163490847
096090005,0.0,9.68,SPEAKER9609,-45.81883555010331,-54.78675092969622,6.001103157443845,12.47228554286157
030750093,0.0,3.51,SPEAKER3075,-47.67229233440171,-51.08504557609558,5.968430329944671,13.592043487905993
007390013,0.0,4.654,SPEAKER0739,-47.05613239247312,-54.42224643104955,5.968430329944671,15.157711560968464
010120008,0.0,3.22,SPEAKER1012,-46.78861061238354,-48.77590740428251,5.964605670209058,13.39412945747818
024510323,0.0,4.607,SPEAKER2451,-42.31182212581345,-46.623932944403755,5.964603930929375,12.982418889962496
014650058,0.0,4.66,SPEAKER1465,-44.73829382376609,-47.84396317425896,5.959586675994925,11.943763299761446
096060020,0.0,6.315,SPEAKER9606,-51.89425311511076,-60.3611142900255,5.946276051548059,10.612072643085467
096260015,0.0,7.153,SPEAKER9626,-43.40712412587413,-50.883763812837145,5.92450837664663,14.204923957617874
096040006,0.0,6.378,SPEAKER9604,-54.88363905760188,-56.620494093213765,5.910184462087859,3.765363529927404
020360136,0.0,2.94,SPEAKER2036,-45.9049379517432,-57.796202439528244,5.896105063428707,16.235217226661902
014390143,0.0,5.03,SPEAKER1439,-46.001813338717696,-47.91617064042525,5.890678781430215,10.386356535841557
096100001,0.0,10.128,SPEAKER9610,-50.61677489511352,-54.50222792992225,5.869657239595431,2.538174089039103
096100010,0.0,8.059,SPEAKER9610,-47.67154544044665,-53.353405117988586,5.8654590566677065,13.583194033570683
030750058,0.0,3.819,SPEAKER3075,-43.593836919175395,-50.40214450542744,5.84928331810008,11.152869959451772
096450013,0.0,7.227,SPEAKER9645,-46.20368689488244,-51.381893975394114,5.843949561204195,14.518917106225024
096260009,0.0,10.443,SPEAKER9626,-48.0015939295977,-51.47989595853365,5.843811272126753,4.345191419610684
096190001,0.0,4.617,SPEAKER9619,-48.83642366747836,-55.242056952582466,5.839926868104109,6.337022495550409
014350028,0.0,2.915,SPEAKER1435,-48.47327161815068,-52.119384129842125,5.8103916017757475,13.04268478794104
055510143,0.0,5.99,SPEAKER5551,-46.02554387520868,-50.84832443509783,5.8103899188139225,8.095894040544545
010500149,0.0,4.36,SPEAKER1050,-43.86063825974771,-46.46672366914295,5.8016221641417784,12.798996493602157
096230016,0.0,9.991,SPEAKER9623,-43.502580705705704,-49.02207021360044,5.770060280886075,13.80192458880397
096130004,0.0,4.235,SPEAKER9613,-52.511506854363205,-59.47191320146833,5.766223004455523,7.9555265778983255
096300011,0.0,3.282,SPEAKER9630,-45.05252893959604,-48.94326331398704,5.7636916886118215,9.7512229954244
096080023,0.0,6.066,SPEAKER9608,-52.165812911861615,-54.27659847118236,5.763215327190832,14.668826885559923
007650174,0.0,3.198,SPEAKER0765,-50.548342895507815,-56.17244550916884,5.763215327190832,21.065529441843225
096040021,0.0,4.146,SPEAKER9604,-51.63040286144578,-57.030013691295274,5.7622319717592285,15.543416681854474
080020013,0.0,7.519,SPEAKER8002,-42.322792864860375,-51.44297608875093,5.737663275714212,14.22885331045453
070010003,0.0,11.639,SPEAKER7001,-46.46348461662371,-53.473917643229164,5.735344375897576,6.067353963444004
030270116,0.0,3.26,SPEAKER3027,-51.061289781441715,-54.793051656087236,5.735344375897576,15.132321319957066
005940267,0.0,4.162,SPEAKER0594,-50.8656991811899,-58.20778474353609,5.705099905085505,14.874569219248702
001140133,0.0,4.074,SPEAKER0114,-47.42104480190417,-52.54689271109445,5.692102793990297,13.626484523539375
020300065,0.0,4.37,SPEAKER2030,-39.071984053203664,-39.85513619815602,5.691281362916235,11.091666830194706
096400016,0.0,6.152,SPEAKER9640,-44.95406821646341,-52.142016630906326,5.6883015269452475,7.108829168308937
070010010,0.0,12.566,SPEAKER7001,-47.06320542462212,-59.41218900680542,5.676014286620242,8.157348056567667
021700277,0.0,3.612,SPEAKER2170,-49.62939858898892,-54.493775367736816,5.676014286620242,10.373527729425302
096090003,0.0,15.34,SPEAKER9609,-47.89367564374185,-49.33147640228272,5.628774904052894,4.004928500576295
096240021,0.0,7.89,SPEAKER9624,-48.52215522021546,-52.48921038309733,5.624765034031105,5.922983715056269
096470023,0.0,3.69,SPEAKER9647,-44.389531991023034,-49.35144831339518,5.599826314243851,11.71087245397503
021700379,0.0,3.591,SPEAKER2170,-49.65861659993036,-57.490408810702235,5.599338230369633,11.204277634484477
090340114,0.0,4.44,SPEAKER9034,-49.010478251689186,-51.93951370239258,5.595395015412221,13.935954208178345
096280013,0.0,9.987,SPEAKER9628,-47.334647147147145,-52.245423830472504,5.57772838590039,7.003537944624021
004570010,0.0,5.644,SPEAKER0457,-51.576009114583336,-54.37988352775574,5.541268423140423,15.233988534686638
020310281,0.0,2.61,SPEAKER2031,-51.026150173611114,-53.13760995864868,5.541265016577912,11.011527297181376
015020010,0.0,3.33,SPEAKER1502,-46.11424901463964,-51.66524954403148,5.526898545273564,12.155622082097688
096430013,0.0,10.626,SPEAKER9643,-45.70334548447789,-51.09773913296786,5.521065271255045,4.1892968211396475
096090021,0.0,11.878,SPEAKER9609,-47.99483112373738,-58.67618598937988,5.518826984433147,6.107637235371692
055470170,0.0,4.858,SPEAKER5547,-41.30933320473251,-47.80267906188965,5.503918209437645,15.222759491053417
096180014,0.0,7.284,SPEAKER9618,-47.416407323145606,-53.56049001784552,5.490593099138523,11.447500550619079
096350020,0.0,3.989,SPEAKER9635,-49.68610001566416,-56.76053263346354,5.472434662565935,11.3774548333681
096150025,0.0,13.311,SPEAKER9615,-52.242956423741546,-53.65232678117423,5.472434662565935,1.9708977551533984
096430006,0.0,13.119,SPEAKER9643,-45.42977384241616,-50.16692135251802,5.4568225953879175,2.3228739074899636
020340109,0.0,4.81,SPEAKER2034,-49.98166255197505,-55.100994767813845,5.450073441454172,13.426100551484248
096400019,0.0,4.419,SPEAKER9640,-45.39022288602941,-48.16236832562615,5.441194926925224,12.030562991221089
055470040,0.0,10.28,SPEAKER5547,-43.73080313715953,-50.180383187753186,5.43114380948272,7.058319660584965
096260022,0.0,8.315,SPEAKER9626,-42.0536874624399,-51.05190486907959,5.4275270509509355,9.910889231070616
096220017,0.0,5.3,SPEAKER9622,-47.66001989976415,-51.386348247528076,5.4185658564829655,6.745283967038244
010610129,0.0,3.75,SPEAKER1061,-44.235625,-51.04724311828613,5.418565037120269,9.402193074862163
054010051,0.0,3.605,SPEAKER5401,-50.92921139196676,-56.107305380014274,5.413823000835312,10.383976931188975
000490117,0.0,4.931,SPEAKER0049,-46.05623653017241,-51.37281680107117,5.404747933838947,14.752361230227471
096350025,0.0,6.373,SPEAKER9635,-48.73713758339874,-54.730803680419925,5.395449341163862,12.696234279884543
096120004,0.0,6.007,SPEAKER9612,-44.440467060108155,-47.46025481590858,5.381002547653902,6.151250773967689
020310174,0.0,3.66,SPEAKER2031,-49.01921640198088,-55.8232411836323,5.380999069094537,15.614208706928522
013620175,0.0,4.58,SPEAKER1362,-47.91065519241266,-53.511764006181195,5.37598392828021,15.931360680075821
030600104,0.0,4.23,SPEAKER3060,-44.506833628841605,-51.849455026479866,5.370664395167314,16.866388321969467
096110015,0.0,5.688,SPEAKER9611,-45.072011615773285,-50.70770672389439,5.369269331484699,12.2383294427786
004610065,0.0,8.26,SPEAKER0461,-46.836150310230025,-48.86550619663336,5.357109952470454,8.315218616763753
096470003,0.0,6.108,SPEAKER9647,-43.453796286824875,-49.53640481700068,5.349832797300253,7.278111767604937
069020020,0.0,6.36,SPEAKER6902,-41.50694649174528,-49.73805130852593,5.349832797300253,13.651802944370424
096470014,0.0,3.954,SPEAKER9647,-50.10604232594937,-52.765791702270505,5.349831977937556,8.223812631126748
010610035,0.0,2.74,SPEAKER1061,-44.117483320027375,-48.29777908325195,5.347893951348412,13.646621057533952
096330006,0.0,5.927,SPEAKER9633,-44.578121706365934,-47.41166305541992,5.321132791229011,8.53213368123997
096090010,0.0,12.539,SPEAKER9609,-47.73228169856459,-49.732778329115646,5.321131483443568,3.5298206196183237
080020011,0.0,14.374,SPEAKER8002,-40.6157223164579,-58.11573060353597,5.321131483443568,8.710756156930433
021680190,0.0,5.36,SPEAKER2168,-51.797141003964555,-56.03617926204906,5.317784390342264,8.513830531929344
096490015,0.0,5.841,SPEAKER9649,-42.83401781892123,-47.948855590820315,5.317778269618273,10.087423173681204
030600140,0.0,3.23,SPEAKER3060,-44.40442990518576,-49.199149812970845,5.314306110940949,17.699629408762945
001330143,0.0,4.062,SPEAKER0133,-46.631508813115765,-46.91771291097005,5.314306110940949,12.047840830665837
070010016,0.0,19.011,SPEAKER7001,-44.05469160967912,-53.3048747253418,5.30775821763906,7.488922416017699
091010082,0.0,2.52,SPEAKER9101,-45.476643880208336,-55.60539360046387,5.281098918754843,16.92035185286033
069020175,0.0,6.44,SPEAKER6902,-43.60955393536491,-54.645655998816856,5.25306231330418,16.20549364071544
080020018,0.0,7.885,SPEAKER8002,-39.50604008238276,-45.71194156847502,5.247760437236784,13.238938330435083
096280019,0.0,5.1,SPEAKER9628,-42.58092447916667,-47.75934982299805,5.225515865256689,12.369519666832863
001130102,0.0,5.3,SPEAKER0113,-48.489994840801884,-50.963993072509766,5.225514116994936,10.453830012626147
014470007,0.0,4.31,SPEAKER1447,-49.775272803074245,-53.1819953918457,5.212366269253478,12.687559000138291
096150005,0.0,14.463,SPEAKER9615,-50.82710386410788,-56.28851100376674,5.211848195854602,2.2682830986366245
096100005,0.0,7.002,SPEAKER9610,-48.270301339285716,-52.2161290018182,5.2114279015557265,5.876539257676569
096220008,0.0,12.182,SPEAKER9622,-45.06132299363711,-57.28494459582913,5.211426593770284,7.568075306547508
096090011,0.0,11.074,SPEAKER9609,-44.098054990966574,-55.405955905006046,5.21037559480244,14.326580068731978
054320073,0.0,2.846,SPEAKER5432,-48.61706757127193,-47.43329010009766,5.206372767962633,7.238034013759034
000560116,0.0,6.234,SPEAKER0056,-53.39555327046549,-59.50301782708419,5.169560236891116,6.290467142147028
010500167,0.0,2.24,SPEAKER1050,-39.962803431919646,-44.06039762496948,5.13530928594352,13.29356873904913
096060004,0.0,3.362,SPEAKER9606,-52.23799060639881,-60.471330324808754,5.132438202937242,16.487065354812586
096100007,0.0,7.49,SPEAKER9610,-47.77340099299065,-53.321887493133545,5.117778367213117,6.486555950654187
022420306,0.0,3.144,SPEAKER2242,-46.7316505772293,-50.89842626783583,5.092297792935923,16.22098011826001
096110021,0.0,5.021,SPEAKER9611,-41.590376774153384,-47.05377873507413,5.089198377456801,13.85702094158176
096080022,0.0,9.142,SPEAKER9608,-55.532946697210065,-60.668133912263094,5.088963088115124,4.682536558931549
096060003,0.0,5.4,SPEAKER9606,-50.04978298611111,-50.87205123901367,5.074898921844007,9.151026023692026
060100041,0.0,5.18,SPEAKER6010,-42.710801761583014,-46.01471138000488,5.071554076756581,12.2472518066566
096490011,0.0,7.843,SPEAKER9649,-50.345922353316325,-57.688517734922215,5.07155289374132,7.97934693647883
055470082,0.0,7.14,SPEAKER5547,-40.11262200192577,-45.70307699839274,5.064285811079156,8.320631714984078
096230021,0.0,8.857,SPEAKER9623,-46.19872495767494,-50.10609862383674,5.061061333827803,6.20533593350291
096160017,0.0,7.744,SPEAKER9616,-48.89671148255814,-52.31863719019397,5.061055390887753,7.57500267225743
096110016,0.0,5.932,SPEAKER9611,-43.895914576306915,-50.95520558850519,5.046869913153079,12.214755957173583
096350026,0.0,4.302,SPEAKER9635,-49.03650526889535,-55.2365613301595,5.046869259260358,12.60742310565832
096040002,0.0,5.879,SPEAKER9604,-51.89614224596088,-60.65446794950045,5.046869259260358,12.586694116723777
070010008,0.0,16.801,SPEAKER7001,-45.83110584077381,-54.10061311721802,5.0468679514749155,6.0205853594026095
015010125,0.0,3.103,SPEAKER1501,-55.68831905241935,-59.565684599034924,5.029902837176908,9.398331266465929
096060013,0.0,5.56,SPEAKER9606,-46.403991260116904,-53.71251590435322,5.0230975945303875,9.050711211124108
007650036,0.0,7.8,SPEAKER0765,-53.44620893429487,-58.72035158597506,5.023096924964343,14.050132855386861
007650192,0.0,4.04,SPEAKER0765,-48.03928005105198,-52.61733908402292,5.023094246700166,12.159206671611754
007650076,0.0,6.311,SPEAKER0765,-55.43009607765452,-59.68093299865723,5.022500427415021,8.127408891525862
010760136,0.0,2.857,SPEAKER1076,-44.16725510817308,-50.27758055466872,5.0067768371821755,15.277325218720463
096160013,0.0,5.361,SPEAKER9616,-47.01645945079291,-50.76771605642218,5.005741976883263,14.559130430657628
069020168,0.0,5.56,SPEAKER6902,-43.389490360836334,-52.71006798744202,4.9920168144237165,14.772881198027733
036360034,0.0,3.26,SPEAKER3636,-48.836033358895705,-55.847574869791664,4.977605682413558,14.901261241464496
096000020,0.0,7.472,SPEAKER9600,-40.370207392068274,-44.526170398878016,4.972701134643074,9.003528937781429
096430015,0.0,9.55,SPEAKER9643,-44.89898560209424,-50.56269854591007,4.9723156585138755,3.6702258318829095
007360004,0.0,4.55,SPEAKER0736,-54.91923935439561,-59.06520811716715,4.9723156585138755,8.883294813440274
096100012,0.0,8.43,SPEAKER9610,-46.51527746886121,-50.32777404785156,4.972314771252429,6.712092926993261
000490047,0.0,5.403,SPEAKER0049,-44.02826244212963,-49.3174861907959,4.971553408267615,12.939408435462202
030270049,0.0,4.14,SPEAKER3027,-50.798375226449274,-54.801058269682386,4.969739210830676,13.550763887294334
000930111,0.0,4.332,SPEAKER0093,-43.953125,-46.87038146124946,4.969739210830676,9.917190920704208
070010007,0.0,9.419,SPEAKER7001,-46.31723974920382,-51.952584402901785,4.9643643201537895,7.359566196490427
014070341,0.0,6.625,SPEAKER1407,-47.37744214272247,-52.50436372023363,4.963328305020609,9.871286594223381
096350021,0.0,6.914,SPEAKER9635,-46.48458416244573,-57.24516694442086,4.959373566241072,13.078682987885822
096140016,0.0,10.105,SPEAKER9614,-48.70205087784372,-54.95139929827522,4.9541684640322785,10.428784282762768
052200044,0.0,4.74,SPEAKER5220,-44.69443895042194,-44.9202577417547,4.943295422718409,9.834994455834508
014070080,0.0,3.3,SPEAKER1407,-45.94351621685606,-51.48615947522615,4.943293683438726,10.188924979751892
096250004,0.0,3.17,SPEAKER9625,-47.04510055205047,-55.262322425842285,4.937433622841277,12.042584524433227
096010022,0.0,6.224,SPEAKER9601,-49.1643482465836,-54.61559719509549,4.937165023479796,6.429648416885506
011090140,0.0,5.1,SPEAKER1109,-48.68718979779412,-54.02805862426758,4.937164369587074,17.55380142453117
036360029,0.0,4.8,SPEAKER3636,-45.3961181640625,-47.67922479966108,4.932208242603738,15.311368701350194
085850108,0.0,4.11,SPEAKER8585,-46.602688754562045,-50.582756178719656,4.923764211965751,9.000255966619136
014350017,0.0,4.49,SPEAKER1435,-44.71825410634744,-48.19044032849764,4.91881708624768,11.568655566578016
096040023,0.0,8.654,SPEAKER9604,-49.07421423410405,-55.525720525670934,4.899916787330604,14.061345817826169
096490007,0.0,8.14,SPEAKER9649,-46.33433948863637,-53.792845831977,4.887656382215177,12.114513717528208
096450005,0.0,6.134,SPEAKER9645,-45.94446497756933,-51.304272937774655,4.882311924750432,13.705428219365775
096290012,0.0,7.08,SPEAKER9629,-46.0303837835452,-53.276451631025836,4.882311924750432,12.534657016297274
070010012,0.0,10.505,SPEAKER7001,-49.2616332659372,-57.187159496804945,4.882311924750432,4.562286091183786
096120001,0.0,4.553,SPEAKER9612,-44.48262791895604,-48.87097863590016,4.8730772402711695,6.355613370840331
096190003,0.0,6.315,SPEAKER9619,-47.74279012559335,-53.46710014343262,4.861793814176219,4.525087143920272
096260018,0.0,6.323,SPEAKER9626,-45.158555429193036,-48.08168002537319,4.8613559304244,5.596207779114934
020270087,0.0,3.927,SPEAKER2027,-49.16250198791349,-54.379949008717254,4.861188288682577,17.339565018429624
096140019,0.0,5.353,SPEAKER9614,-47.65110981308411,-54.42576493157281,4.839624861499515,4.232001327331242
096450011,0.0,6.938,SPEAKER9645,-48.60569952269452,-56.853997986892175,4.827459479913791,13.550031452529097
055470104,0.0,9.49,SPEAKER5547,-42.63039218914647,-53.36526597064474,4.819712354379345,4.709324431227227
001330126,0.0,5.14,SPEAKER0133,-44.47938579158561,-48.03063408533732,4.8043382773133425,14.96246755302871
096180001,0.0,7.097,SPEAKER9618,-49.75552376760563,-52.60369294265221,4.798433412691902,9.78103930186117
096470002,0.0,9.32,SPEAKER9647,-47.49679788090129,-53.15513426682045,4.798428056163547,3.7738232808301397
011860263,0.0,5.229,SPEAKER1186,-48.303895793499045,-50.93058163186778,4.797393337619858,12.28689074865406
096040012,0.0,5.311,SPEAKER9604,-47.98421315913371,-54.494937896728516,4.78979683760158,16.17685891492971
001490101,0.0,5.12,SPEAKER0149,-45.13359451293945,-53.66343026412161,4.789794212166179,12.759369597391178
011350290,0.0,3.63,SPEAKER1135,-48.81544313877411,-53.1062706657078,4.785551808884633,19.12454114200972
010760097,0.0,4.798,SPEAKER1076,-47.63023274739583,-53.95207744174533,4.781625000321422,14.345758542165756
030490127,0.0,4.57,SPEAKER3049,-43.1226451381291,-49.66649300711496,4.7766373393201205,14.355287305781774
096460004,0.0,6.432,SPEAKER9646,-37.926145752332815,-46.90779914855957,4.7738388220284635,9.849347467267101
001130024,0.0,4.11,SPEAKER0113,-48.11608975821168,-53.22475951058524,4.773837047505571,16.94321055551709
096130016,0.0,4.489,SPEAKER9613,-51.50972647550111,-57.77014846801758,4.772012958395212,12.423178006678171
032080071,0.0,3.129,SPEAKER3208,-45.84516024361022,-49.20637003580729,4.772012244946091,15.108885669200095
052200155,0.0,3.8,SPEAKER5220,-48.39568256578947,-49.14742544422979,4.770778334292222,11.616905633228075
096220006,0.0,9.249,SPEAKER9622,-45.951300675675675,-52.81781005859375,4.744233377431051,3.2054029867095757
036360111,0.0,6.989,SPEAKER3636,-49.61356066702432,-53.61571843283517,4.736734048572598,14.608517682360517
030880099,0.0,3.22,SPEAKER3088,-48.45143876164596,-51.739289964948384,4.736734048572598,15.362607005538596
000490002,0.0,4.656,SPEAKER0049,-47.29821620171674,-52.28746566772461,4.736734048572598,8.172322942572581
096260020,0.0,5.386,SPEAKER9626,-46.31570689355288,-54.08230440957205,4.7347362063782175,13.304529699813598
096000021,0.0,9.111,SPEAKER9600,-38.953588090010975,-40.9632018919914,4.731234445293137,9.450045381971123
007390019,0.0,5.036,SPEAKER0739,-47.144849020337304,-51.839818137032644,4.7244435886606455,20.54644229415883
020890134,0.0,2.891,SPEAKER2089,-42.173236780925606,-51.64188848223005,4.724442430110118,13.927220236843851
096090018,0.0,6.946,SPEAKER9609,-45.521568682553955,-52.054706301007954,4.721361384543055,5.364489884132549
096110003,0.0,3.764,SPEAKER9611,-41.941977642952125,-51.49847602844238,4.717753936347785,11.611043567759712
096060014,0.0,5.724,SPEAKER9606,-51.07336852600525,-60.39447069168091,4.717753282455064,10.965762693056549
096170023,0.0,4.8,SPEAKER9617,-49.78777262369792,-53.54473235390403,4.697822138549224,16.415124717167757
010640210,0.0,4.363,SPEAKER1064,-43.418940832855505,-43.58522299061651,4.694252273395537,9.543179086393586
000560134,0.0,4.728,SPEAKER0056,-48.739028640327696,-51.52651942859996,4.68433006979457,11.94733337622013
096230018,0.0,10.57,SPEAKER9623,-46.91644616248817,-54.993207522800994,4.67597751414661,4.243253963600852
020270005,0.0,3.21,SPEAKER2027,-47.34658537772586,-50.970702171325684,4.66473810305742,14.259568501522129
010920159,0.0,3.97,SPEAKER1092,-43.522030462846345,-50.43230946858724,4.662500566747727,11.863727135314534
014190060,0.0,3.071,SPEAKER1419,-47.416165131311075,-50.12634696960449,4.655982978585593,12.711003657753066
096070023,0.0,6.47,SPEAKER9607,-46.10465670884853,-49.326744556427,4.652195718272952,10.038272013097576
096340004,0.0,7.05,SPEAKER9634,-42.53741688829787,-47.93352460861206,4.65149299180099,10.124694455393929
014650113,0.0,5.7,SPEAKER1465,-46.62750822368421,-51.45110151502821,4.651489513241624,13.321152003617026
096400010,0.0,5.462,SPEAKER9640,-44.921699719551285,-48.006627333791634,4.648811961005133,8.373626359656807
007390211,0.0,3.671,SPEAKER0739,-47.258413870912804,-52.47969273158482,4.641743244807823,15.525336067069581
000940102,0.0,2.96,SPEAKER0094,-47.231778531461146,-47.79767249612247,4.638897123427281,14.096035096591137
022820197,0.0,3.553,SPEAKER2282,-50.03419344190141,-56.8070676167806,4.638895375165527,8.061930897146334
096140018,0.0,7.688,SPEAKER9614,-45.23479153120936,-53.904564597389914,4.632435645712361,10.528972052956307
096150003,0.0,7.92,SPEAKER9615,-48.95623717645202,-57.860099983215335,4.627256260591865,1.855775679414199
096290020,0.0,8.52,SPEAKER9629,-49.51715632335681,-56.46813131261755,4.610015730342528,4.264675207001247
096010023,0.0,6.216,SPEAKER9601,-46.10157192021704,-57.62553249705922,4.608049700567222,16.62562082449395
096160014,0.0,8.026,SPEAKER9616,-48.78416387764633,-55.90153217315674,4.60546972522953,6.129370814500184
022520067,0.0,3.058,SPEAKER2252,-47.22122332005719,-53.470118070903574,4.601723688706107,16.05805112824903
069020091,0.0,7.64,SPEAKER6902,-43.46717011616492,-54.116360664367676,4.591011032806596,12.383279427145101
096330005,0.0,4.781,SPEAKER9633,-44.6923010917887,-49.56777114868164,4.587188119411331,4.558183914010627
030830116,0.0,3.89,SPEAKER3083,-46.66562901670951,-49.83252980158879,4.57536080252779,9.941612853264655
014080361,0.0,5.012,SPEAKER1408,-46.295966660429144,-47.69917452776873,4.573759187362751,9.54939171839721
005940174,0.0,5.601,SPEAKER0594,-47.72863071986607,-53.00849405924479,4.553195947945138,13.548575345093367
021680154,0.0,3.486,SPEAKER2168,-51.62672927113181,-55.67451858520508,4.549411676862358,10.315977429728873
011970075,0.0,4.58,SPEAKER1197,-45.261995940229255,-49.18391418457031,4.547616750979879,13.54998986081511
096130021,0.0,3.347,SPEAKER9613,-54.421630130597016,-58.57716575035682,4.5443850355352415,16.817562472722976
021290324,0.0,3.09,SPEAKER2129,-48.66942885315534,-51.45584064059787,4.533255829816534,15.231043671383603
030830124,0.0,5.35,SPEAKER3083,-45.993724445093456,-48.052694396972655,4.525034448382301,7.416173708287694
055470172,0.0,4.96,SPEAKER5547,-41.715713993195564,-54.8769657428448,4.509365023424355,10.578301460228039
014390117,0.0,5.93,SPEAKER1439,-45.92900242411467,-51.19982147216797,4.509365023424355,10.967108688078353
030490063,0.0,4.533,SPEAKER3049,-43.08610133830022,-46.67028910319011,4.505590037062598,14.72506145682713
096260013,0.0,5.476,SPEAKER9626,-45.09855083827555,-52.16134834289551,4.504125836611605,7.087032995309622
020270174,0.0,4.549,SPEAKER2027,-43.98361092032967,-50.460466825045074,4.498344810893939,14.401397532820827
007360249,0.0,3.3,SPEAKER0736,-50.33870146780303,-59.24066184548771,4.498344810893939,12.271754374249715
096060016,0.0,8.975,SPEAKER9606,-54.6155910704343,-63.82187598092215,4.498344483947578,3.256054971759416
096490017,0.0,3.778,SPEAKER9649,-52.4056712962963,-62.23639488220215,4.498344157001217,7.773466135168498
021700077,0.0,3.12,SPEAKER2170,-51.76563439002404,-55.147701581319176,4.486751662148539,8.110648316188241
064010049,0.0,3.07,SPEAKER6401,-49.57332171213355,-52.384608586629234,4.480459662636478,11.733623762165175
029170321,0.0,3.468,SPEAKER2917,-46.2695368786023,-47.47177378336588,4.480459662636478,16.62600323386365
010640098,0.0,2.896,SPEAKER1064,-49.37911503232758,-54.91279411315918,4.480459662636478,11.146226066184402
001120013,0.0,3.597,SPEAKER0112,-52.42144097222222,-56.26181770773495,4.476121201269822,16.068067220593406
000750024,0.0,2.993,SPEAKER0075,-51.786436559364546,-52.428770505464996,4.476121201269822,18.154943733298644
096390004,0.0,3.098,SPEAKER9639,-46.00060168850806,-52.35064068962546,4.4612539685681405,13.760826885728248
096260005,0.0,6.882,SPEAKER9626,-46.55566690134447,-58.583462397257485,4.459879453526888,6.780606609051459
096340005,0.0,8.328,SPEAKER9634,-45.43766412815126,-53.034053802490234,4.459205505328633,3.8213550190263526
007390070,0.0,7.467,SPEAKER0739,-49.962265729585006,-55.89633871379652,4.456301389199587,19.912302323325434
005670282,0.0,4.27,SPEAKER0567,-55.29620718676815,-61.13172668457031,4.4434923660572965,19.85391683301688
055470080,0.0,5.44,SPEAKER5547,-40.033637551700366,-47.46867486704951,4.441372292780366,12.577012642301682
060100132,0.0,4.742,SPEAKER6010,-47.62869610363924,-53.007037529578575,4.431540071988413,14.180888581117001
012600072,0.0,4.16,SPEAKER1260,-43.37712684044471,-47.879942394438245,4.419255987813147,13.855854387702943
001450098,0.0,5.85,SPEAKER0145,-51.020916800213676,-55.89492577000668,4.414491675556863,2.3890836013241543
080020002,0.0,6.503,SPEAKER8002,-41.35137019230769,-53.91225854974044,4.404813478272748,15.382546499437526
096400024,0.0,3.889,SPEAKER9640,-43.257225056233935,-50.54952401381273,4.401401162629371,14.034468516921633
096190012,0.0,7.034,SPEAKER9619,-46.18472728485064,-52.184610290527345,4.400371744740923,10.158751476097908
032140135,0.0,3.18,SPEAKER3214,-44.28254287047956,-48.71144104003906,4.398620562491733,15.252788377773195
069020065,0.0,5.32,SPEAKER6902,-44.51315422344925,-48.23589470272972,4.396763802723041,9.292190592365358
004610037,0.0,5.269,SPEAKER0461,-42.834599590844405,-50.2549324798584,4.388639921220655,14.350402262031148
012280261,0.0,3.83,SPEAKER1228,-43.59625897519582,-49.4867298819802,4.3886392673279335,16.809043787132662
001130023,0.0,3.76,SPEAKER0113,-50.558749584441486,-55.283493335430435,4.387568330016874,16.077991560756615
096310011,0.0,6.605,SPEAKER9631,-49.388925988086235,-52.10477037783022,4.384505009030072,5.17866345379589
054140127,0.0,3.81,SPEAKER5414,-44.898857857611546,-48.93783529181229,4.384505009030072,15.706701627037056
022510368,0.0,3.588,SPEAKER2251,-45.14308952820334,-48.046210861206056,4.384505009030072,17.798657387186445
010460017,0.0,3.39,SPEAKER1046,-43.7197121589233,-46.319215536117554,4.376883966042378,9.890329027199105
096430019,0.0,8.468,SPEAKER9643,-45.47670546782763,-51.06626038324265,4.376882783027116,1.7621485818272173
007360280,0.0,4.71,SPEAKER0736,-49.76638385748408,-53.74890067360618,4.371373350973066,14.30614376511261
030750165,0.0,1.986,SPEAKER3075,-46.47853525439699,-51.427085876464844,4.359689691243729,14.320278431167617
096170014,0.0,4.84,SPEAKER9617,-47.171681301652896,-50.43961876317074,4.359688821603888,18.725151728964153
054240038,0.0,3.131,SPEAKER5424,-50.12968001198083,-53.278770192464194,4.359687082324205,15.695010855216175
096130002,0.0,4.63,SPEAKER9613,-52.22269843412527,-58.34105730056763,4.353804163280656,12.97804093171263
096090027,0.0,8.997,SPEAKER9609,-47.28752170138889,-53.11202090127127,4.353149239911363,5.005388057955383
096240012,0.0,8.236,SPEAKER9624,-46.17755423240291,-50.65595482491158,4.349320976838584,11.232699970365687
024510352,0.0,4.45,SPEAKER2451,-44.410573209269664,-47.16206588745117,4.349090318561955,13.899301022370778
022520036,0.0,3.321,SPEAKER2252,-48.70959031438253,-53.63773642645942,4.349090318561955,17.642093686361246
011860346,0.0,3.265,SPEAKER1186,-44.3418297257263,-46.95743915012905,4.349090318561955,13.30110794996699
000560075,0.0,3.88,SPEAKER0056,-51.34483730670103,-54.77910461425781,4.345587752512576,10.477502925605982
011350116,0.0,5.23,SPEAKER1135,-52.082625029875715,-54.12717132568359,4.345586004250823,16.317708517977763
014190128,0.0,2.98,SPEAKER1419,-45.244609243917786,-50.05605073408647,4.335698910587632,14.951273521527458
096180015,0.0,5.357,SPEAKER9618,-49.70078197877798,-53.048532312566586,4.335697752037104,6.3852048974550755
096100020,0.0,4.07,SPEAKER9610,-47.75839315878378,-54.60230185768821,4.333786822491292,12.445397124286007
001030077,0.0,3.86,SPEAKER0103,-49.33997024773316,-53.199811697006226,4.326385587080336,17.023984687016956
001110067,0.0,3.818,SPEAKER0111,-54.721107043520945,-60.65066599845886,4.318834861152812,11.721109914890995
027400283,0.0,2.574,SPEAKER2740,-46.49959721546693,-53.35906066894531,4.316689020881665,20.743783843570537
096040011,0.0,7.875,SPEAKER9604,-49.319871311865484,-52.39646657307943,4.316687321951158,9.236527896453973
010920141,0.0,4.771,SPEAKER1092,-44.321360718029354,-48.58773000616776,4.314082984805881,14.328433949655945
096490013,0.0,3.939,SPEAKER9649,-46.3746579552665,-50.70008107235557,4.312574892256922,12.862998875962726
096340013,0.0,5.197,SPEAKER9634,-43.36495267427885,-49.87886110941569,4.301376078032394,8.154638493158666
060100154,0.0,3.36,SPEAKER6010,-47.27546909877232,-51.76521127874201,4.288494355280265,12.39195296995028
020890206,0.0,3.736,SPEAKER2089,-45.90476165608289,-52.78591648737589,4.288494355280265,14.600470287762326
020310297,0.0,3.83,SPEAKER2031,-49.299434970626635,-56.08204596383231,4.285437237182537,11.909828274646838
065040045,0.0,3.55,SPEAKER6504,-47.410651408450704,-51.250951265033926,4.2795716742513665,13.878304220812142
030460157,0.0,3.783,SPEAKER3046,-47.06467530588624,-52.659320429751745,4.2795716742513665,12.706489511462543
010760062,0.0,3.89,SPEAKER1076,-46.775902755462724,-51.85060778531161,4.2795716742513665,15.451297784532295
096000012,0.0,7.053,SPEAKER9600,-44.34619625443263,-50.68372274328161,4.278936339332814,6.012059664044232
096090026,0.0,5.08,SPEAKER9609,-47.62479238435039,-59.19300282796224,4.278934377654649,6.922735868814835
096100011,0.0,7.02,SPEAKER9610,-45.75772903311966,-51.525041580200195,4.277646730814934,9.539618016570474
005940252,0.0,4.04,SPEAKER0594,-45.4073812654703,-52.254495957318476,4.277644956292041,13.813298888849275
005600212,0.0,4.703,SPEAKER0560,-50.858984375,-56.52344828066619,4.27764436478441,4.468032299923028
000440062,0.0,5.485,SPEAKER0044,-50.66097805669399,-54.13191032409668,4.27764436478441,12.159534023164252
012030083,0.0,3.435,SPEAKER1203,-50.78935206213663,-55.17674102783203,4.266667051877419,13.03516071605542
001200162,0.0,2.699,SPEAKER0120,-45.35004340277778,-49.40487861633301,4.266667051877419,15.948693417309949
020590122,0.0,3.01,SPEAKER2059,-47.50808827346346,-54.64987325668335,4.266144250988406,15.860485176251231
096140003,0.0,10.14,SPEAKER9614,-45.676324426775146,-56.02827676137289,4.258939640412307,12.242427083198223
096190021,0.0,4.059,SPEAKER9619,-45.998090170874384,-54.986839294433594,4.250103850376841,11.945119362232342
055470129,0.0,3.23,SPEAKER5547,-43.8331982875387,-47.296734946114675,4.250102621332796,17.625301164793186
096330011,0.0,4.898,SPEAKER9633,-45.204229113520405,-45.84889454311795,4.2501022116514475,5.869557179364371
090340168,0.0,5.55,SPEAKER9034,-47.54511190878378,-50.40683478278083,4.249144329684259,11.786232113016094
096430002,0.0,5.7,SPEAKER9643,-42.06528577302632,-50.130258560180664,4.248746379680099,6.006750549503032
010460066,0.0,3.84,SPEAKER1046,-50.40042622884115,-51.36806945800781,4.239304765867738,5.705513924161032
011970107,0.0,8.21,SPEAKER1197,-41.518532087393424,-43.82736110687256,4.237284632869701,12.909575501366323
001040104,0.0,2.79,SPEAKER0104,-45.250339521729394,-54.18619728088379,4.231379222308378,9.358676139128477
005600129,0.0,5.69,SPEAKER0560,-47.30864523835677,-52.96189785003662,4.224082586710729,16.705612009498548
096010019,0.0,6.788,SPEAKER9601,-47.56687799153166,-54.196307989267204,4.224081932818008,9.247046331578709
070010014,0.0,14.834,SPEAKER7001,-46.86409516183412,-53.382098083496096,4.219670951094551,3.8651474345098933
030200011,0.0,2.93,SPEAKER3020,-42.75917902090443,-46.18135045369466,4.213789345424861,11.287914915500345
096190008,0.0,6.347,SPEAKER9619,-44.514228592519686,-51.496008704690375,4.213787606145178,8.158652279707445
000440147,0.0,4.44,SPEAKER0044,-46.89008833051802,-48.3705108165741,4.210367714820732,13.622420516029676
020300053,0.0,5.73,SPEAKER2030,-43.79481620855148,-50.278869227359166,4.208282357040073,3.6871643216026744
014390133,0.0,5.6,SPEAKER1439,-44.943756975446426,-51.50950174746306,4.181369152468735,13.094477804763743
028970273,0.0,2.723,SPEAKER2897,-46.839362649356616,-54.1514175415039,4.174172536434696,19.414662105811196
005600370,0.0,4.747,SPEAKER0560,-45.20592927631579,-48.8750970023019,4.17417083750419,16.634302424512697
014040122,0.0,4.04,SPEAKER1404,-46.243599164603964,-58.11774022955643,4.173527958691537,7.6458618513497
001130019,0.0,4.47,SPEAKER0113,-50.95323860458613,-54.3727829877068,4.169228834088644,14.427034525548898
096130005,0.0,6.304,SPEAKER9613,-55.954873511904765,-59.16769287109375,4.161383201017676,4.42908595061029
020300083,0.0,5.63,SPEAKER2030,-40.54307976243339,-44.65395164489746,4.161381532151049,11.783804445902646
096090025,0.0,8.525,SPEAKER9609,-46.447034364009376,-50.420794759477886,4.149680050799907,5.40596699829214
070010001,0.0,5.904,SPEAKER7001,-48.08611626059322,-57.18864218393961,4.129082390098235,12.161887425616658
096390010,0.0,5.321,SPEAKER9639,-45.87513950892857,-52.89739094609799,4.1277375005862575,11.514797746686005
096170009,0.0,4.226,SPEAKER9617,-48.703097296099294,-52.168321228027345,4.12442144976116,12.62625889980289
096160010,0.0,6.062,SPEAKER9616,-47.04208243089934,-52.841285705566406,4.12442144976116,10.07854512177143
095580097,0.0,5.57,SPEAKER9558,-48.2895639306553,-52.99498665851095,4.12442144976116,14.112033484044206
096140010,0.0,5.173,SPEAKER9614,-47.38461073500967,-51.91421045575823,4.120594833803558,5.1732407814618995
096470021,0.0,4.942,SPEAKER9647,-46.3834806743421,-51.846471886885794,4.120593462190135,8.698234178067157
096000007,0.0,9.386,SPEAKER9600,-43.71169046192758,-47.1179978297307,4.120249543489473,5.2544506119377985
096100003,0.0,7.79,SPEAKER9610,-47.99583801347882,-52.6995480855306,4.112636093286021,15.2101966728288
001310162,0.0,2.404,SPEAKER0131,-53.97467854817708,-52.81475830078125,4.112448798928567,15.741732823821003
096340009,0.0,6.461,SPEAKER9634,-41.26206039570433,-48.0513497866117,4.111394929692405,5.964937013387987
000010089,0.0,3.08,SPEAKER0001,-46.320616883116884,-48.93181637355259,4.111394929692405,17.147716527128566
030880173,0.0,2.977,SPEAKER3088,-43.984837064807046,-46.81104871961806,4.100119654577587,14.498368194600939
001040100,0.0,3.88,SPEAKER0104,-47.01476924935567,-53.126828361960015,4.100119654577587,12.0593511208121
012280054,0.0,5.401,SPEAKER1228,-48.36410951967593,-52.93038320541382,4.098979004866178,14.585842351786157
010610099,0.0,4.43,SPEAKER1061,-38.44234092832957,-44.00673375810896,4.091383424777063,17.456416983727948
001490039,0.0,3.38,SPEAKER0149,-44.46699623243343,-51.219789064847504,4.07916871131426,12.122992531165213
021120232,0.0,3.579,SPEAKER2112,-47.57134907472067,-54.24790261008523,4.079167528298998,15.989439174615494
096080010,0.0,5.167,SPEAKER9608,-51.261605415860735,-58.02581977844238,4.059523944415361,12.56776002174181
096170022,0.0,5.013,SPEAKER9617,-47.357449164171655,-50.773358239067925,4.058153099379606,18.16517291603544
028920315,0.0,4.286,SPEAKER2892,-47.49517864947553,-51.40510377429781,4.05287444111836,14.609458198248454
096240020,0.0,3.29,SPEAKER9624,-43.36985597929331,-49.5182503920335,4.044139243482344,12.605931018788972
014470026,0.0,3.44,SPEAKER1447,-47.184976267260176,-54.619964599609375,4.044139243482344,13.698593455344769
010760169,0.0,3.258,SPEAKER1076,-47.96711440759202,-54.318115658230255,4.044139243482344,14.7838447755005
096140022,0.0,8.299,SPEAKER9614,-44.96844408885542,-47.93195540816696,4.034173698312952,11.20482526603546
096170004,0.0,6.623,SPEAKER9617,-50.28644849886707,-52.31158657073975,4.021386986269705,3.795849585559033
096170006,0.0,5.88,SPEAKER9617,-47.38129118835034,-51.43331229686737,4.00467215347144,12.902172673222854
015030067,0.0,3.81,SPEAKER1503,-48.1272812089895,-52.73489851110122,4.00467215347144,10.249995245477479
010420157,0.0,2.694,SPEAKER1042,-47.90709587012082,-50.336580129770134,4.00467215347144,9.492113918319792
096230019,0.0,3.88,SPEAKER9623,-42.66869362113402,-49.778318578546696,4.004671499578718,13.931266044735244
050170051,0.0,2.828,SPEAKER5017,-45.325809546157245,-47.13186340332031,4.003118908290258,12.35768320955186
022820072,0.0,4.531,SPEAKER2282,-48.13414476407285,-50.95822257995606,4.003118908290258,10.045389765311718
022820134,0.0,3.175,SPEAKER2282,-49.24546113404088,-52.696070219341074,3.999123052484867,10.985394408693928
020590026,0.0,4.924,SPEAKER2059,-50.3145722179878,-53.41531626383463,3.9886997120466945,12.044977989260564
096470010,0.0,5.217,SPEAKER9647,-41.83706746886973,-46.830944763986686,3.979929110056292,7.806262629976288
096120013,0.0,5.386,SPEAKER9612,-41.491991825139145,-44.79693769372028,3.979929110056292,9.618153271284942
096170011,0.0,6.475,SPEAKER9617,-51.282389322916664,-55.234051431928364,3.9751716136459883,5.571148141858107
007650089,0.0,6.535,SPEAKER0765,-52.150318950688074,-57.028949301583424,3.967209218266097,14.139972954792825
013620027,0.0,4.05,SPEAKER1362,-46.614385609567904,-51.53384733200073,3.9669729802180007,16.072676183297066
012600129,0.0,4.7,SPEAKER1260,-46.95005402260638,-50.40781879425049,3.9669729802180007,8.97277451674793
000560162,0.0,4.99,SPEAKER0056,-49.82201903807615,-50.9420348576137,3.964603351515521,9.060836036508377
000010135,0.0,3.222,SPEAKER0001,-48.09604279891305,-53.66093037923177,3.9634264731692266,16.849279660518068
080680011,0.0,4.59,SPEAKER8068,-49.63389331427015,-51.485898670397304,3.9609820927422095,7.187678856904597
014040072,0.0,4.28,SPEAKER1404,-46.413870838200936,-56.7539680480957,3.9539009841731487,10.911801621887939
021700224,0.0,3.106,SPEAKER2170,-46.3423683681672,-52.61720726706765,3.9469519154135635,10.655037373569263
021700236,0.0,4.799,SPEAKER2170,-49.53182779947917,-52.49219144185384,3.934134743604099,11.509852743688848
036360167,0.0,4.728,SPEAKER3636,-48.3649164244186,-51.70244870867048,3.9219869145074426,14.639585313430398
030600085,0.0,3.88,SPEAKER3060,-44.44103374677835,-47.000487089157104,3.92198517522776,20.16371235526936
096160020,0.0,7.434,SPEAKER9616,-49.201568808882904,-56.803095976511635,3.921983435948077,10.638542876176981
025380347,0.0,4.906,SPEAKER2538,-51.37962624108961,-55.16887954711914,3.917095937061013,16.751709559617325
014080358,0.0,6.01,SPEAKER1408,-48.94840630199667,-49.75692013331822,3.9148662896400372,9.09331817116179
011970087,0.0,5.61,SPEAKER1197,-41.96490293560606,-50.32099478585379,3.9148662896400372,15.758535800837809
054280040,0.0,4.908,SPEAKER5428,-48.29240389511202,-51.872308437640854,3.910617296941549,10.334342916238736
096010020,0.0,9.21,SPEAKER9601,-41.1671332111835,-51.013549435523245,3.9064401931886685,16.28593502037676
096250003,0.0,3.94,SPEAKER9625,-47.30538646097716,-56.78218514578683,3.9064371205785555,5.882565447139548
096330013,0.0,6.15,SPEAKER9633,-45.210337271341466,-50.34343547821045,3.9064369157378813,9.060751818624958
096240011,0.0,4.173,SPEAKER9624,-46.179678132494004,-54.95428261390099,3.9064369157378813,9.044423371789417
021160134,0.0,4.682,SPEAKER2116,-49.972635383279915,-52.25146484375,3.9064369157378813,13.298485856226872
000700082,0.0,4.03,SPEAKER0070,-44.16646634615385,-51.08881721496582,3.9058129351462205,17.08920533151162
000700120,0.0,4.52,SPEAKER0070,-47.87060546875,-50.32094362046983,3.905811404965223,16.081865835837217
054060104,0.0,3.66,SPEAKER5406,-40.48652557206284,-39.67860666910807,3.9056236961405193,9.202408245133551
001030053,0.0,2.73,SPEAKER0103,-44.741715315934066,-45.889380560980904,3.903180036828685,16.849775997798623
096400022,0.0,3.522,SPEAKER9640,-41.17915760387074,-45.219399770100914,3.903179438833027,13.836169094189588
001120031,0.0,2.66,SPEAKER0112,-51.06210717222744,-52.57881600516183,3.903178840837369,12.989860337053702
096120019,0.0,5.303,SPEAKER9612,-41.9175412735849,-47.03404290335519,3.8997525809603633,10.029114628475153
050390011,0.0,4.01,SPEAKER5039,-47.22780451215711,-49.54013805389404,3.8997525809603633,7.551665078636695
020300097,0.0,6.18,SPEAKER2030,-42.602918310072816,-46.24657101101346,3.8997525809603633,6.821016535339432
001330112,0.0,3.221,SPEAKER0133,-45.66519980104814,-53.37384827931722,3.8997525809603633,16.232978570138783
054140021,0.0,3.23,SPEAKER5414,-48.66730662248452,-54.21563124656677,3.8997512418282745,14.983236144792645
011560100,0.0,5.418,SPEAKER1156,-47.30100467020295,-50.87779686667702,3.8949679176908774,14.888022330575279
096240003,0.0,4.444,SPEAKER9624,-47.613052505630634,-51.49158716201782,3.8949666099054343,8.509608092592476
012280366,0.0,3.92,SPEAKER1228,-47.29267976721939,-52.63652311052595,3.8904769636458902,16.144339032854635
000560172,0.0,5.114,SPEAKER0056,-47.63873685176125,-50.34996318817139,3.889140417006012,12.147170576198876
014650047,0.0,3.41,SPEAKER1465,-47.081375435300586,-50.23937958937425,3.889139567540759,13.04496352086208
096060012,0.0,4.104,SPEAKER9606,-53.57892054115854,-63.30479462941488,3.8881333447826654,14.199798964538953
096490020,0.0,3.965,SPEAKER9649,-51.21998976700252,-58.25956153869629,3.8851939589381987,12.168575765781299
022820291,0.0,2.771,SPEAKER2282,-48.484142317238266,-55.381161244710285,3.8806918748288477,8.715337967582776
096310020,0.0,3.862,SPEAKER9631,-40.00544952234456,-43.525576240138,3.880690691813586,11.40226432969259
010640212,0.0,3.649,SPEAKER1064,-44.567412243150685,-47.83327293395996,3.880690691813586,11.246666504206747
030490062,0.0,3.09,SPEAKER3049,-40.057696197411005,-46.908639907836914,3.8800925674838207,12.741095877165705
010610067,0.0,4.316,SPEAKER1061,-45.193458839699076,-48.61441286872415,3.8748116703348794,13.56794631798189
054010072,0.0,3.09,SPEAKER5401,-47.12920964805825,-51.888322830200195,3.8710598200027033,15.957136465760115
024510017,0.0,4.285,SPEAKER2451,-46.40331348339161,-50.350322924162214,3.8647153244672543,14.236324313756697
020310075,0.0,4.66,SPEAKER2031,-51.077110716201716,-55.398646195729576,3.8647153244672543,12.775367470957216
014220102,0.0,4.713,SPEAKER1422,-44.933535695329084,-51.62215932210287,3.8623113319411715,14.192948825394248
010920012,0.0,3.77,SPEAKER1092,-42.66559857841512,-48.10478687286377,3.8623113319411715,16.500976143317075
001140100,0.0,4.171,SPEAKER0114,-42.01263208183453,-47.160430908203125,3.8492350196975766,11.272547792993356
028970129,0.0,3.579,SPEAKER2897,-46.91201117318436,-51.43205738067627,3.847638596848546,16.72790621189973
096490001,0.0,6.402,SPEAKER9649,-51.14657287597656,-58.57263044877486,3.8414243586365093,7.285669217764731
021700034,0.0,4.242,SPEAKER2170,-54.100839290978776,-60.11886100769043,3.8414243586365093,11.118856179676403
022820106,0.0,3.922,SPEAKER2282,-49.325892857142854,-51.688708464304604,3.839084378968255,9.873249409304888
020270171,0.0,3.398,SPEAKER2027,-47.22633272058823,-50.55365782517653,3.8377030371924716,7.152170281780496
000440032,0.0,3.65,SPEAKER0044,-47.086697345890414,-52.459860483805336,3.8339111370010333,21.910488889126015
096460003,0.0,8.086,SPEAKER9646,-37.670071558250925,-48.305027623330396,3.8221083761450076,10.274952051110212
001130073,0.0,4.72,SPEAKER0113,-50.53887629104873,-55.39657694498698,3.8221083761450076,13.062026158448711
054280042,0.0,3.99,SPEAKER5428,-44.298005756578945,-54.39334805806478,3.8144379576981002,12.291784359278557
030490142,0.0,3.274,SPEAKER3049,-43.97694476299694,-48.138335301325874,3.8137699401162264,13.315203465085077
096280029,0.0,5.523,SPEAKER9628,-44.11073015738225,-51.194245282341456,3.8089571595415683,14.518949488625475
000700019,0.0,3.51,SPEAKER0070,-46.28113314636752,-50.36585684383617,3.8028519133502936,19.434723528520454
096330021,0.0,7.993,SPEAKER9633,-41.071397841051315,-45.1444741657802,3.786569446989943,9.30007766499627
020890340,0.0,3.327,SPEAKER2089,-47.54149950731982,-53.411693725585934,3.7865642839819844,13.191034830699444
096180017,0.0,5.854,SPEAKER9618,-48.603298611111114,-51.615417904324005,3.7852617202321506,14.04237265397553
036360032,0.0,3.77,SPEAKER3636,-44.20845594330239,-50.27998208999634,3.7824825227996537,15.04441114753378
020360097,0.0,3.895,SPEAKER2036,-47.51990685096154,-55.58965228852772,3.78145227357088,15.726456337591017
000490175,0.0,4.56,SPEAKER0049,-44.69802374588816,-51.626163959503174,3.78145227357088,13.236259172562438
096450007,0.0,5.775,SPEAKER9645,-48.24849629649654,-52.00820453350361,3.7814499075403565,13.330935393592867
020360312,0.0,5.05,SPEAKER2036,-50.59064820544555,-55.094422792133535,3.7814499075403565,17.17430808008061
020140014,0.0,3.015,SPEAKER2014,-47.466056368998345,-50.72814712524414,3.777452171979489,8.34311990096726
096290017,0.0,5.491,SPEAKER9629,-47.14414347108379,-50.26381728228401,3.7760839597690503,4.8122370481873755
070010011,0.0,13.645,SPEAKER7001,-43.89232772435897,-52.06102856722745,3.768970797372455,6.042255212972579
096140014,0.0,6.367,SPEAKER9614,-47.180481627747255,-52.384104501633416,3.7525807349275837,4.39766234101225
000440049,0.0,5.57,SPEAKER0044,-51.144373457136446,-52.743340810139976,3.7484322657700906,10.624349998068727
020890371,0.0,3.048,SPEAKER2089,-40.55806544569672,-46.32829327053494,3.7466230830937906,12.951987406149604
014220021,0.0,4.05,SPEAKER1422,-41.19637345679013,-47.05331666128976,3.7466222336285377,14.192842051812764
014040097,0.0,5.0,SPEAKER1404,-50.17799609375,-60.53145425969904,3.746560360480872,9.663531706693101
001140159,0.0,2.728,SPEAKER0114,-51.87412359775641,-57.49043690074574,3.7462927681563802,15.087273070538412
096280011,0.0,7.082,SPEAKER9628,-44.075338762358754,-49.717650965640416,3.7436671605586014,8.605438670030395
096110005,0.0,5.225,SPEAKER9611,-46.566910402724666,-49.28508035760177,3.7436671605586014,5.432764921337986
001330057,0.0,3.01,SPEAKER0133,-47.498121496054814,-54.49209125225361,3.7398908648427414,12.636172673090964
022080038,0.0,4.034,SPEAKER2208,-52.34032354993796,-55.67690155722878,3.739890060656099,13.482733639482264
096000003,0.0,7.8,SPEAKER9600,-42.9822265625,-45.70723951430548,3.7398206669113976,4.940993320387866
096040007,0.0,5.797,SPEAKER9604,-50.27576104525862,-54.38661260190217,3.7324722145583293,7.78165514840725
096170010,0.0,5.347,SPEAKER9617,-48.934685309579436,-52.0687032699585,3.7324297083393496,4.977171105742352
030490071,0.0,4.292,SPEAKER3049,-44.18273328234266,-49.15076041221619,3.732428624352109,15.567472065250204
010920030,0.0,2.6,SPEAKER1092,-51.147044020432695,-57.227613067626955,3.731134063554592,14.800600183559325
020890207,0.0,3.207,SPEAKER2089,-45.68546473422897,-55.56602935791015,3.7311331358301087,12.05796657480009
013620184,0.0,3.41,SPEAKER1362,-46.16937488544721,-49.41854977607727,3.7304099292882302,16.59237639806191
096240017,0.0,5.893,SPEAKER9624,-51.10175482809847,-53.60603659493582,3.7304092753955085,5.325586292612332
064010103,0.0,3.74,SPEAKER6401,-44.7263118315508,-46.22993469238281,3.7280708261854962,9.452811833223556
020300143,0.0,3.128,SPEAKER2030,-39.724122653753994,-40.77524880000523,3.7280708261854962,11.55527971120892
050720126,0.0,2.82,SPEAKER5072,-44.21205950797872,-49.016764420729416,3.7191376302866037,17.6250204330833
096160009,0.0,7.264,SPEAKER9616,-48.71529571280992,-58.04182786207933,3.7115795737273247,6.148140191398362
013720233,0.0,2.96,SPEAKER1372,-46.94799474767736,-52.13842272758484,3.705510817549246,18.87576536746373
096340019,0.0,9.474,SPEAKER9634,-46.804650376187965,-53.6974750801369,3.7030734765127957,5.578306267595602
001120159,0.0,2.93,SPEAKER0112,-49.638171928327644,-54.27551678248814,3.7025249858632177,14.56227656912505
096060015,0.0,6.19,SPEAKER9606,-51.88336783117932,-57.0574333190918,3.7002393769151354,16.177912084484014
007360108,0.0,3.29,SPEAKER0736,-50.35514817629179,-57.982972365159256,3.700236918827045,13.922701261869278
004820268,0.0,3.6,SPEAKER0482,-43.52706163194444,-45.58189249038696,3.6927358843306393,11.94714435594911
000960002,0.0,3.37,SPEAKER0096,-46.04830651891692,-50.37993907928467,3.6855160945243344,10.913345582608065
096350023,0.0,5.909,SPEAKER9635,-45.98136104060914,-53.54958403737921,3.6855156740917656,12.583472902301384
096070014,0.0,7.635,SPEAKER9607,-43.85829106675393,-48.18172560067013,3.683802741336885,9.967756958045753
096250010,0.0,4.628,SPEAKER9625,-42.59841134584233,-46.20371882120768,3.682213855328174,11.368880589807265
096220020,0.0,5.227,SPEAKER9622,-48.31387801744742,-55.33373951911926,3.682213855328174,5.425866301080632
022360310,0.0,4.41,SPEAKER2236,-45.00989849064626,-50.353090074327255,3.682213855328174,10.030459490593675
010920024,0.0,5.15,SPEAKER1092,-42.71921647451456,-50.85813674926758,3.682213855328174,14.693292298895397
000490144,0.0,4.712,SPEAKER0049,-46.64701516056263,-49.59490288628472,3.682213263820543,10.159565710156194
096490010,0.0,4.439,SPEAKER9649,-50.642749683277025,-55.28054682413737,3.68004692994502,6.485548511400051
096120006,0.0,5.422,SPEAKER9612,-45.08097540936347,-49.49140664805537,3.6800462301281263,4.269497803898357
020140083,0.0,3.94,SPEAKER2014,-47.16492504758883,-48.38325055440267,3.680045530311233,8.54411211038477
014080337,0.0,3.463,SPEAKER1408,-46.49265037933526,-49.878089704011614,3.680045530311233,8.688527099836357
014220048,0.0,5.045,SPEAKER1422,-45.88296333539604,-52.59148529597691,3.678293425587796,17.484871747653642
096390008,0.0,3.761,SPEAKER9639,-45.42640978224734,-48.78520700205927,3.6750837121595676,13.195576410366655
038370153,0.0,6.5,SPEAKER3837,-49.54037560096154,-52.66173613698859,3.6750837121595676,14.230183201170473
001310154,0.0,3.429,SPEAKER0131,-49.89513483965015,-52.96785545349121,3.6750837121595676,14.015257906085427
012600210,0.0,5.978,SPEAKER1260,-43.01957044314381,-43.183097470191214,3.6750783556312125,8.502431038066705
012600357,0.0,5.99,SPEAKER1260,-38.93996504590985,-42.88542665754046,3.671532142996892,10.655532139506512
096400013,0.0,5.158,SPEAKER9640,-44.77478121971899,-50.97647112891788,3.671400204349686,6.313454107446274
010610114,0.0,6.86,SPEAKER1061,-40.71067271774781,-49.606184823172434,3.6713989526997155,17.14169435689624
011350318,0.0,4.42,SPEAKER1135,-49.436775311085974,-54.06617337181454,3.662890564307686,17.10070377230306
011350173,0.0,3.85,SPEAKER1135,-48.13245231331169,-52.10796284675598,3.6603577218747976,14.60130966885627
054060044,0.0,4.475,SPEAKER5406,-43.772574288504465,-48.76090698242187,3.6553945654093303,14.070049978449541
096070002,0.0,5.324,SPEAKER9607,-44.156741952537594,-46.35545126597086,3.651624222559544,7.911168520424852
096340021,0.0,7.892,SPEAKER9634,-44.23317193441065,-53.14112112257216,3.64908987863176,7.3945089485079105
096350016,0.0,7.065,SPEAKER9635,-45.92618734529703,-49.690703478726476,3.6490883484507624,11.531890254642452
050170132,0.0,4.81,SPEAKER5017,-49.4883380977131,-49.717041905721025,3.645455437992862,14.531004551598874
064010056,0.0,4.518,SPEAKER6401,-48.45853930448009,-52.13700767185377,3.645451605155737,10.531982653827502
096220013,0.0,7.638,SPEAKER9622,-46.95987913121728,-50.625693480173744,3.645094754889556,6.834497635093406
010920138,0.0,3.83,SPEAKER1092,-45.905525864882506,-50.8587893531436,3.640316317390557,16.838953901922558
014390052,0.0,6.333,SPEAKER1439,-45.50753480450237,-50.92365233103434,3.631504679007029,14.736530726620543
021700153,0.0,5.319,SPEAKER2170,-55.226052191024436,-58.36119124468635,3.631503859644332,9.346506689649916
096460016,0.0,5.013,SPEAKER9646,-47.32147423902195,-54.234845352172854,3.6301827443103414,7.230023450910046
011090220,0.0,4.08,SPEAKER1109,-46.95165536917892,-53.63128108978272,3.630181005030659,17.201416833009908
096070015,0.0,6.815,SPEAKER9607,-45.11557230571847,-48.970167432512554,3.6236653768564397,10.216193234568884
036360106,0.0,6.53,SPEAKER3636,-48.088728105857584,-56.39701682642887,3.6236653768564397,9.908248349834837
000960093,0.0,3.61,SPEAKER0096,-46.2787342018698,-50.36996873219808,3.6236653768564397,11.678600691672886
000920149,0.0,4.295,SPEAKER0092,-51.67392351017442,-57.079403495788576,3.620705039614946,13.89147685805468
096080003,0.0,7.208,SPEAKER9608,-49.84124696601942,-54.429771423339844,3.6207043857222247,12.083257676359784
096080021,0.0,8.269,SPEAKER9608,-51.026077879383315,-56.97898251669748,3.6207043857222247,9.420615515711678
021700232,0.0,4.49,SPEAKER2170,-50.48491439309577,-54.43708155705379,3.614988534037238,11.157798123143563
001030032,0.0,3.708,SPEAKER0103,-48.35027796495957,-50.9715461730957,3.6149870455481548,15.517977137215444
009600127,0.0,4.261,SPEAKER0960,-46.007509903169016,-49.33304127779874,3.6123143252258156,16.133807520952686
096190002,0.0,5.557,SPEAKER9619,-43.13768828687051,-52.293482644217356,3.604106598646822,5.065172653951272
096190015,0.0,6.776,SPEAKER9619,-48.51404060656342,-50.8279794546274,3.604106598646822,5.410917525140679
022360147,0.0,3.004,SPEAKER2236,-46.013834635416664,-49.66376876831055,3.604106598646822,9.872220172910216
096220004,0.0,9.797,SPEAKER9622,-46.28618463010204,-55.65726115785796,3.6041057491815693,5.490455226690868
003060087,0.0,5.14,SPEAKER0306,-56.396556572227624,-63.496470794677734,3.586237729722682,16.390870453703506
055470152,0.0,11.12,SPEAKER5547,-40.842239489658276,-49.80326820822323,3.584851861632838,6.241631099408796
096170007,0.0,5.673,SPEAKER9617,-48.60240299823633,-49.87866864885603,3.582975437085468,6.034706387702736
051950170,0.0,5.37,SPEAKER5195,-48.55481116154562,-53.30761210123698,3.582975437085468,11.671842190226934
022510093,0.0,4.472,SPEAKER2251,-48.06886185682327,-52.0566102808172,3.582975437085468,13.517410573602962
096130007,0.0,4.4,SPEAKER9613,-52.069828657670456,-58.5593610017196,3.578489205041615,12.810665779290263
096160016,0.0,7.653,SPEAKER9616,-47.511810661764706,-50.96498260498047,3.5754878715806395,7.539192901179623
020300059,0.0,4.17,SPEAKER2030,-38.485337511241006,-40.57628542582194,3.5754869438561565,14.62117169054675
096130018,0.0,4.804,SPEAKER9613,-53.287540690104166,-58.1202103187298,3.5750443858861027,13.425817673116082
000960019,0.0,3.5,SPEAKER0096,-46.26189174107143,-49.38255869547526,3.5700148226816704,10.731675174270679
000530063,0.0,3.33,SPEAKER0053,-49.850442239114116,-54.80060895284017,3.5700148226816704,16.463717128140882
096340010,0.0,6.58,SPEAKER9634,-41.43428535809271,-49.71835361827504,3.5658519408855827,8.202764826773134
096250023,0.0,3.435,SPEAKER9625,-45.333902048510176,-52.90987423488072,3.5658519408855827,8.75333675131754
052200020,0.0,4.45,SPEAKER5220,-47.94258690308989,-51.798009169729134,3.5658519408855827,12.372383198992491
034230035,0.0,2.57,SPEAKER3423,-48.09811983219844,-54.51924653486772,3.5658519408855827,14.813023878289503
005630147,0.0,3.28,SPEAKER0563,-54.769817073170735,-59.24840457622822,3.5658519408855827,17.71739137352909
096240010,0.0,5.366,SPEAKER9624,-47.3285541783054,-49.54331887286642,3.5658512869928614,10.064941610855275
096260007,0.0,8.133,SPEAKER9626,-44.88976014760148,-49.6318147277832,3.5653979846658275,4.605907220538866
020270108,0.0,4.68,SPEAKER2027,-48.7653579059829,-53.5751235961914,3.5653979846658275,14.878626559413972
010920125,0.0,5.48,SPEAKER1092,-45.400426265967155,-50.423719059337266,3.5653979846658275,10.82166967024599
014470150,0.0,3.18,SPEAKER1447,-50.65466538915094,-54.19191445244683,3.5627708004616188,16.188163063983197
030460142,0.0,4.2,SPEAKER3046,-48.074242001488095,-50.655694325764976,3.562637250097511,10.466285797651059
028970158,0.0,3.395,SPEAKER2897,-46.903337545955885,-50.90742092132568,3.562637250097511,14.31569020736578
014350103,0.0,3.16,SPEAKER1435,-47.295737737341774,-49.017617634364534,3.562637250097511,10.380818687742362
000030024,0.0,2.943,SPEAKER0003,-46.99171582695578,-51.62895029241388,3.562636550280618,18.85773474116859
001140104,0.0,2.67,SPEAKER0114,-50.04705421933521,-56.248308999197825,3.5626344508299375,15.142189636367839
001450051,0.0,7.998,SPEAKER0145,-37.59731689453125,-45.9791439904107,3.558207816615813,15.684690410590976
096180007,0.0,5.187,SPEAKER9618,-50.078094894026975,-52.671307983398435,3.5515589486984203,9.642187391983736
096070006,0.0,4.083,SPEAKER9607,-49.2730162377451,-57.92678294462316,3.550567001045655,6.523394056668586
064010107,0.0,3.504,SPEAKER6401,-48.303777901785715,-51.07027792930603,3.540922993181332,7.153671589177787
052180160,0.0,3.36,SPEAKER5218,-45.469200497581845,-47.12626056671142,3.5409212899000764,11.4641374265717
096160003,0.0,4.185,SPEAKER9616,-50.75595726431981,-55.8715946490948,3.534328657033578,12.040402147558327
020300020,0.0,5.591,SPEAKER2030,-39.90062472048301,-43.1128748787774,3.5234298865359532,10.677137102733381
096280016,0.0,5.83,SPEAKER9628,-43.39707734777016,-52.679351806640625,3.520850457408048,8.260644743206528
003060245,0.0,4.48,SPEAKER0306,-54.41976056780134,-59.07209949493408,3.520850457408048,3.7824087822812533
011090295,0.0,4.52,SPEAKER1109,-51.218209865873895,-56.559970310756135,3.519713158253767,5.112033452486806
096390002,0.0,3.965,SPEAKER9639,-47.35560158217884,-49.39511947631836,3.5110399253966746,11.43441857312365
096160011,0.0,7.345,SPEAKER9616,-48.16763924319728,-54.36054992675781,3.510999496048941,11.688833019018062
096040005,0.0,6.809,SPEAKER9604,-51.31263766519824,-56.67593300860861,3.5069445892244198,7.150214902780462
022820079,0.0,4.699,SPEAKER2282,-52.579363364361704,-53.234933358651624,3.506625043483325,13.728839397070605
000750068,0.0,3.157,SPEAKER0075,-46.72175694719146,-46.89833509005033,3.501871728884724,13.250980120729986
096040014,0.0,7.76,SPEAKER9604,-51.31233891752577,-54.1932575084545,3.4976629201446974,6.647120204564786
020590123,0.0,3.511,SPEAKER2059,-49.218371616809115,-52.626831327165874,3.4976629201446974,15.455815643212302
032080110,0.0,3.43,SPEAKER3208,-44.913843271683675,-49.0111743702608,3.497211995449519,19.39917928585285
010610151,0.0,3.45,SPEAKER1061,-45.15223052536232,-51.859988472678445,3.4940377412789054,5.984041447948826
020340065,0.0,3.18,SPEAKER2034,-44.489555694772015,-49.63495908464704,3.4901236503331465,14.06105150589025
096260014,0.0,3.347,SPEAKER9626,-43.472673740671645,-46.03373193740845,3.4846909176246053,16.63798700657402
096150016,0.0,7.605,SPEAKER9615,-48.644459387319316,-53.38407437006632,3.4846909176246053,2.6976419915514054
024480094,0.0,4.089,SPEAKER2448,-50.677018069987774,-53.65765696558459,3.4846909176246053,17.38774667022558
022080124,0.0,3.732,SPEAKER2208,-50.19048466823056,-56.58075564248221,3.4846909176246053,13.646364801921855
096230009,0.0,7.324,SPEAKER9623,-44.15070814122268,-48.095859951443146,3.483737018842762,12.250636142623714
096140020,0.0,7.293,SPEAKER9614,-48.251355667009605,-56.07669166896654,3.483737018842762,5.369667602431967
096290007,0.0,8.98,SPEAKER9629,-48.56391373190423,-55.00108851557193,3.4837358358275003,4.435793802025264
096390005,0.0,3.915,SPEAKER9639,-46.19669264190051,-48.973015043470596,3.4700516664183914,6.487437730910113
001040149,0.0,7.159,SPEAKER0104,-43.97185154067738,-51.97563496342412,3.4700500580451075,10.847702311138086
096000011,0.0,5.85,SPEAKER9600,-42.325150240384616,-48.82911278219784,3.4680832438029197,5.672119793983537
022510291,0.0,3.458,SPEAKER2251,-45.362959492413296,-51.189116614205496,3.465659639768463,15.014662190542497
096350011,0.0,9.536,SPEAKER9635,-49.09114173873166,-54.194753646850586,3.4648472842827243,3.52603495084648
000560068,0.0,4.213,SPEAKER0056,-46.592502041270784,-52.39307403564453,3.4648463376522223,13.126201379021923
023550290,0.0,3.258,SPEAKER2355,-48.65744524060583,-53.10381999768709,3.4617388012795236,14.96919891662619
020890259,0.0,3.092,SPEAKER2089,-46.80046521035599,-54.6304271697998,3.4617388012795236,13.474813974791868
052200008,0.0,3.675,SPEAKER5220,-48.89730702275815,-48.81558392842611,3.4615884152693477,6.280444546902363
000700130,0.0,4.615,SPEAKER0070,-45.740644446699136,-52.40173574594351,3.4615884152693477,15.300241542060023
096130008,0.0,3.753,SPEAKER9613,-52.379645833333335,-57.97565548236553,3.4614079683110117,15.43393577063965
096060001,0.0,5.62,SPEAKER9606,-47.543882756895016,-55.96654541015625,3.461407133877698,15.01280163855959
096350024,0.0,5.698,SPEAKER9635,-49.810745614035085,-53.49331474304199,3.4561477051050202,10.610934329700695
003060337,0.0,3.95,SPEAKER0306,-56.8661639636076,-60.12846066401555,3.455346173081862,16.32675175347628
014180002,0.0,4.646,SPEAKER1418,-44.935777889784944,-46.58860762914022,3.4504148433587716,9.25182359733132
005670113,0.0,3.579,SPEAKER0567,-52.88354355796089,-61.456856621636284,3.4504148433587716,17.386622460836712
000490086,0.0,3.034,SPEAKER0049,-51.23161613036304,-57.00585145216722,3.4504148433587716,13.256520145802043
096080012,0.0,5.92,SPEAKER9608,-51.965147276182435,-51.57307850230824,3.450413504226683,5.5701040816083704
030070152,0.0,3.7,SPEAKER3007,-45.427169552364866,-46.11150024414062,3.4504094868304165,11.700293963584782
038370045,0.0,4.44,SPEAKER3837,-45.898661845439186,-53.94545070941631,3.4452275702500024,16.06285225373309
020890215,0.0,3.419,SPEAKER2089,-46.05688048245614,-53.6135368347168,3.4452275702500024,14.698860036779637
014390154,0.0,5.38,SPEAKER1439,-42.75157919958178,-46.95958258888938,3.4452275702500024,12.272501171069846
064010172,0.0,4.861,SPEAKER6401,-44.807677469135804,-50.77545526292589,3.4452247709824286,9.975959589609566
050150116,0.0,6.05,SPEAKER5015,-45.11178008780992,-50.170770100184846,3.4452247709824286,11.653569830801333
096490016,0.0,5.96,SPEAKER9649,-48.28731582948826,-57.235489478478065,3.438021139989441,9.072700837805348
096330003,0.0,6.142,SPEAKER9633,-49.57061469360749,-54.340149116516116,3.434295031452643,3.5323087787297887
014220142,0.0,4.29,SPEAKER1422,-42.213268502331005,-48.45220605950607,3.430240308921604,15.487425549723373
007360212,0.0,4.43,SPEAKER0736,-50.17601051072235,-58.16697347731817,3.43023893730818,14.61696247902524
096000009,0.0,5.816,SPEAKER9600,-43.85932801761168,-49.78831722861842,3.4302384801037054,6.862843450067862
080020010,0.0,11.169,SPEAKER8002,-40.61661747426142,-58.074603852771574,3.4263743754668634,8.36161286683257
022510230,0.0,4.357,SPEAKER2251,-49.001814256020644,-53.96342166264852,3.425305501458889,13.319119274384459
096080014,0.0,5.08,SPEAKER9608,-52.049689345472444,-51.65237598419189,3.425304682096192,6.145240418341002
095560164,0.0,4.51,SPEAKER9556,-48.703497436252775,-51.63329351515997,3.4253038627334953,28.237329631249075
069020044,0.0,8.04,SPEAKER6902,-40.552496307524876,-43.67247088750204,3.4253038627334953,13.218844446465294
001130039,0.0,3.37,SPEAKER0113,-51.009655508160236,-56.84626319191673,3.4198407518822043,12.425277384495839
096310015,0.0,3.789,SPEAKER9631,-48.82029188654354,-51.99569641916376,3.4114966088411824,11.668784241182614
054010107,0.0,4.36,SPEAKER5401,-47.237981113818805,-48.19419479370117,3.4114966088411824,11.941649004374069
014470141,0.0,5.76,SPEAKER1447,-49.40680270724826,-55.42254076505962,3.4114915116232734,12.993458476308941
022440362,0.0,3.312,SPEAKER2244,-49.99099556268882,-54.06001243591309,3.4103786471425517,14.56488869291126
070010009,0.0,13.461,SPEAKER7001,-48.271969028603266,-56.56661727211692,3.4015442034019907,3.364993599461082
096300016,0.0,6.203,SPEAKER9630,-43.828370715725804,-49.08470166524251,3.401294606375657,8.674646911556973
001130118,0.0,4.0,SPEAKER0113,-52.540263671875,-58.127139790852866,3.401294606375657,3.5392882729336943
096430011,0.0,10.135,SPEAKER9643,-48.25511587771203,-53.37455119257388,3.3980398384632675,1.4237120802630763
001130123,0.0,6.67,SPEAKER0113,-49.87666908733134,-56.11471612112863,3.3978422165520312,12.814163257781317
095580071,0.0,5.64,SPEAKER9558,-48.601669852615245,-51.61507467321447,3.392369882479294,13.289930385252493
024510114,0.0,4.397,SPEAKER2451,-47.73843217329546,-49.74601307621709,3.392369882479294,14.912467716160222
001570024,0.0,3.82,SPEAKER0157,-48.784609170484295,-50.176504364013674,3.392369882479294,16.143979687204514
090880093,0.0,3.17,SPEAKER9088,-42.28962009562303,-43.65393333435058,3.3923683522982966,13.981083461282054
030120044,0.0,3.22,SPEAKER3012,-46.20386197107919,-50.2309824625651,3.3923683522982966,11.947054370087283
005940263,0.0,4.99,SPEAKER0594,-46.02392284569138,-52.56813210707445,3.384498600600056,13.17720837391309
001040022,0.0,3.28,SPEAKER0104,-44.84730790301067,-51.698762621198384,3.384498600600056,11.5280576885472
022820142,0.0,2.579,SPEAKER2282,-49.523187681686046,-54.513539240910454,3.3844974175847944,9.12912938687451
060100105,0.0,3.147,SPEAKER6010,-42.294996279761904,-45.22551836286272,3.3771870286851584,15.9160891282799
003060028,0.0,5.15,SPEAKER0306,-55.782543234223304,-61.121859073638916,3.3758960550698913,20.24210335156287
013620030,0.0,5.96,SPEAKER1362,-48.969225173028526,-52.236427307128906,3.369363238064595,8.738706275154266
011090277,0.0,4.76,SPEAKER1109,-46.99014000131302,-52.332276843843005,3.3652617436072214,13.997992115098068
020310151,0.0,3.593,SPEAKER2031,-49.895858722144844,-54.932844855568625,3.36383605685457,16.48601741279583
011090235,0.0,3.54,SPEAKER1109,-49.358089468573446,-53.85800391749332,3.363834898304043,17.400887789756123
096180019,0.0,7.463,SPEAKER9618,-48.63298529658177,-54.54535519635236,3.363419572471183,11.211874269049265
007360036,0.0,3.7,SPEAKER0736,-53.00911634290541,-56.87237907858456,3.356571622913479,11.779402567469717
096280024,0.0,10.72,SPEAKER9628,-46.271407853311565,-52.82414653383452,3.353465361381356,6.04022835756202
021120187,0.0,3.256,SPEAKER2112,-48.171108128834355,-53.96866353352865,3.353462779877377,14.780355901335309
000050024,0.0,3.839,SPEAKER0005,-46.11205037434896,-48.94219970703125,3.353462779877377,12.031824002254988
096260011,0.0,6.605,SPEAKER9626,-50.44817274962178,-57.52043228149414,3.3522789030009896,4.871933885427609
050720040,0.0,2.71,SPEAKER5072,-42.93386041282288,-46.427799224853516,3.3522774452368873,20.13153647434753
096280028,0.0,6.023,SPEAKER9628,-46.412488969061464,-54.947966407327094,3.3464434693244582,7.909770342769708
080020016,0.0,12.723,SPEAKER8002,-37.210406225432386,-60.28565874966708,3.3464434693244582,14.028214491982526
096280017,0.0,8.701,SPEAKER9628,-44.02382363505747,-50.28223791989413,3.346442161539015,6.6066394208608195
012930037,0.0,4.71,SPEAKER1293,-42.41989284766454,-44.96616695238196,3.346442161539015,11.810874172644397
096220014,0.0,10.59,SPEAKER9622,-41.883922775023606,-47.991214469627096,3.346440853753572,12.140924252075342
096190009,0.0,6.714,SPEAKER9619,-47.4133086112146,-54.01959330695016,3.3420167281707447,6.10414118683309
001220015,0.0,3.202,SPEAKER0122,-46.93843078613281,-52.59445337148813,3.341433988690249,14.185273100304556
050390130,0.0,2.74,SPEAKER5039,-44.08752708713504,-51.402015686035156,3.338379443753081,13.58332696078997
030460097,0.0,5.51,SPEAKER3046,-47.36699254196915,-51.3417317199707,3.33837857411324,10.950982698214434
096250008,0.0,3.555,SPEAKER9625,-42.869414940308985,-47.86431966509138,3.335650100624984,8.781911577780782
010460050,0.0,3.96,SPEAKER1046,-49.755173808396464,-51.30399101658871,3.335131665112896,11.436216818254293
096180008,0.0,3.714,SPEAKER9618,-48.557356595350406,-53.49544334411621,3.335130056739612,15.657691978273213
001490077,0.0,4.756,SPEAKER0149,-49.30730944721638,-51.4982967376709,3.335130056739612,3.5336014882845426
069020114,0.0,6.44,SPEAKER6902,-44.16720448369565,-47.29927680605934,3.3293279184868823,14.161541143845682
096220011,0.0,8.575,SPEAKER9622,-43.952410219988344,-51.027702876499724,3.327817890402494,14.805164107705655
030750078,0.0,4.532,SPEAKER3075,-47.25829539183223,-55.44341108534071,3.327817890402494,13.856299831769123
020890326,0.0,5.291,SPEAKER2089,-45.16876993738185,-51.44850656260615,3.327817890402494,11.734628781247704
023270286,0.0,2.617,SPEAKER2327,-45.957616442032446,-46.767279307047524,3.327816490768707,16.975456854398242
096190017,0.0,6.23,SPEAKER9619,-47.83502834069021,-53.426557540893555,3.324688250725262,4.969185194017401
014220160,0.0,3.57,SPEAKER1422,-42.725957961309526,-50.36780802408854,3.3239340629305985,13.071503194681874
096330015,0.0,4.982,SPEAKER9633,-45.030889181726906,-48.67671983138375,3.3239302300934734,8.004163138766405
050170131,0.0,5.184,SPEAKER5017,-47.05647095197877,-49.061536037560664,3.3239302300934734,13.05066572549047
022440352,0.0,3.332,SPEAKER2244,-46.391803913288285,-53.47627724541558,3.3239302300934734,16.07571429540782
014650164,0.0,4.64,SPEAKER1465,-46.23736361799569,-53.51299947102864,3.3239302300934734,12.525844886793218
004570071,0.0,3.139,SPEAKER0457,-56.10617784633758,-56.256091859605576,3.3239302300934734,11.14029258220564
096140011,0.0,8.303,SPEAKER9614,-44.68560805722892,-53.38987138536241,3.3214109191297263,11.532288170267513
022420045,0.0,3.659,SPEAKER2242,-47.51447767247268,-53.07294750213623,3.3190736297528853,12.444655854246086
010760089,0.0,3.66,SPEAKER1076,-49.17444714822405,-56.81630736130934,3.3190719308223793,12.906817439285005
096340014,0.0,7.71,SPEAKER9634,-43.41722904507134,-52.032680416107176,3.3190685329613667,10.508880732839579
021790168,0.0,4.7,SPEAKER2179,-48.547423537234046,-55.28170475206877,3.319004954311111,8.146394104890248
096230010,0.0,5.043,SPEAKER9623,-41.38250248015873,-47.81466420491537,3.3060277717632554,10.526418544702121
014180051,0.0,3.73,SPEAKER1418,-46.874664879356565,-51.313515424728394,3.3060272984480044,15.688897044450023
070010006,0.0,20.408,SPEAKER7001,-48.16055242528172,-57.93070983886719,3.301219667897546,3.6339171219074995
001040050,0.0,4.38,SPEAKER0104,-41.4263698630137,-47.19864349365234,3.3012172759149148,11.934146101927778
055470047,0.0,4.64,SPEAKER5547,-44.534411200161635,-48.33083125523159,3.294511995363309,11.672445183906625
096060007,0.0,4.242,SPEAKER9606,-47.248120577830186,-55.95443314772386,3.2916423769081224,16.852250087198527
011970132,0.0,4.84,SPEAKER1197,-43.10751065340909,-48.536908340454104,3.2916418237046865,14.7590368030705
009600205,0.0,4.571,SPEAKER0960,-46.461745247538296,-50.77758148738316,3.291590370595095,16.507522181128884
096240019,0.0,5.801,SPEAKER9624,-47.882341056034484,-51.30711603164673,3.291589716702373,5.14559866214009
096070021,0.0,6.12,SPEAKER9607,-47.4061989379085,-50.99920670191447,3.291589716702373,8.58760950384877
096330019,0.0,7.183,SPEAKER9633,-48.89934605675487,-54.049096367575906,3.2910675123786524,4.706741548605539
096220002,0.0,5.412,SPEAKER9622,-46.31103786390943,-53.88396512545072,3.2896111557818553,7.86489631866049
030600070,0.0,3.38,SPEAKER3060,-46.31385216346154,-53.773903131484985,3.287838563730766,17.597939136097942
012280308,0.0,4.8,SPEAKER1228,-42.48856201171875,-45.18942888321415,3.287838563730766,18.188965381498697
096190019,0.0,6.427,SPEAKER9619,-48.78843677099533,-54.9229679107666,3.287837744368069,7.111282786206136
096340006,0.0,6.306,SPEAKER9634,-46.07761118264659,-53.11694882710775,3.28526018235735,4.864974479796942
052200076,0.0,3.47,SPEAKER5220,-45.03828293858069,-44.65779161453247,3.28526018235735,8.037786043700525
022360126,0.0,3.833,SPEAKER2236,-45.105198474216714,-51.50821797053019,3.28526018235735,12.716374624961379
011970004,0.0,4.751,SPEAKER1197,-45.38026726973684,-54.07847664572976,3.28526018235735,16.140723502770133
000030049,0.0,2.75,SPEAKER0003,-45.69267045454546,-47.800223922729494,3.28526018235735,15.744303856202862
014470039,0.0,3.37,SPEAKER1447,-49.12964808976261,-54.766472498575844,3.2852595908497193,15.898293647345245
001140146,0.0,4.68,SPEAKER0114,-48.775215344551285,-55.94623565673828,3.2822185130172157,18.09808507265116
001040038,0.0,4.219,SPEAKER0104,-42.70293061315166,-50.77565733591715,3.2692033944721577,10.419421464065525
021290009,0.0,3.63,SPEAKER2129,-45.089273415977964,-49.421265496148,3.2666498873363166,17.41845085121377
000960167,0.0,2.7,SPEAKER0096,-42.016120515046296,-46.08497074672154,3.266648728785789,8.834986796557427
096120007,0.0,4.296,SPEAKER9612,-43.34108829941861,-48.16159760324579,3.2641945599082516,8.908094744575436
014690018,0.0,3.85,SPEAKER1469,-45.717978896103894,-48.6109931048225,3.2640091193125627,17.887800295382483
014040155,0.0,5.64,SPEAKER1404,-43.612069204343975,-50.94206237792969,3.2640060589505673,17.32462944081655
010120255,0.0,3.44,SPEAKER1012,-45.18824377725291,-51.74013814059171,3.2640060589505673,14.623062454646787
015030118,0.0,4.32,SPEAKER1503,-51.958961769386576,-55.36985762914022,3.2551583870264587,3.5907352074406695
014650023,0.0,6.449,SPEAKER1465,-45.704748062015504,-49.837171936035155,3.249791191269794,11.156384555687133
069020037,0.0,5.08,SPEAKER6902,-38.86862927534449,-42.79429397583008,3.24518675847523,14.90280168837474
069120093,0.0,4.4,SPEAKER6912,-46.76296608664773,-51.55943473180135,3.2451841769712506,11.058711615860584
024410377,0.0,2.42,SPEAKER2441,-44.639083483987605,-50.18255043029785,3.24039685990313,16.605675198355435
020310114,0.0,4.061,SPEAKER2031,-51.09784867610838,-54.17221978994516,3.2403953714140474,15.384294147103095
010120059,0.0,6.42,SPEAKER1012,-46.91476525992991,-49.715579870975375,3.2403953714140474,13.077466247666143
030600004,0.0,3.61,SPEAKER3060,-42.826826523545705,-51.229289796617294,3.2367379257584528,18.377693192894846
020070086,0.0,3.24,SPEAKER2007,-47.01268928433642,-49.76713201734755,3.2367379257584528,14.305302926766135
096350014,0.0,4.837,SPEAKER9635,-53.79390899405992,-62.33778483072917,3.236737271865731,3.9048222101187537
096290014,0.0,8.385,SPEAKER9629,-45.610017505959476,-47.471451123555504,3.236737271865731,6.271516883445598
096190013,0.0,7.338,SPEAKER9619,-46.77142051260218,-55.04907440185547,3.236737271865731,6.199529254987089
005750099,0.0,4.56,SPEAKER0575,-53.68935889528509,-60.9399282521215,3.236737271865731,14.02176420058215
096280014,0.0,8.481,SPEAKER9628,-44.10996001621462,-53.08977117036518,3.236735964080288,5.666519381695423
020070066,0.0,3.01,SPEAKER2007,-47.525770219061464,-50.804490407307945,3.2257459745579755,13.687996949308676
010330235,0.0,2.669,SPEAKER1033,-49.322638693820224,-50.39518559773763,3.2257459745579755,9.605582337937221
000530003,0.0,3.66,SPEAKER0053,-52.148832394125684,-56.716229158289295,3.2257459745579755,19.18045067207882
014650011,0.0,4.02,SPEAKER1465,-44.81692611162935,-52.37761576035444,3.2257406180296204,15.914955264220103
001120119,0.0,4.116,SPEAKER0112,-48.90102586468446,-53.758805910746254,3.2224795354015074,15.616283695634252
096400012,0.0,3.548,SPEAKER9640,-42.8634765625,-50.16740237965303,3.2216099428419134,13.667686101290261
080570146,0.0,3.6,SPEAKER8057,-51.054340277777776,-53.806811622951344,3.2216099428419134,15.764645503231637
034230168,0.0,3.326,SPEAKER3423,-47.292795725412915,-54.32984438809481,3.2191055045480526,13.501119605016314
014650145,0.0,6.7,SPEAKER1465,-47.923968050373134,-53.83902481079102,3.210408210554985,13.561028032346215
050290087,0.0,4.933,SPEAKER5029,-49.762027763691684,-52.36924423709993,3.210407510738092,10.181502830216058
001310081,0.0,3.05,SPEAKER0131,-46.89315445696721,-52.26244647686298,3.2104054112874114,17.207737500940972
001030099,0.0,3.292,SPEAKER0103,-50.09761469414894,-52.88435300191244,3.2104054112874114,13.86471445612231
029810020,0.0,2.695,SPEAKER2981,-50.00965711805556,-53.597189585367836,3.2088657836886516,16.103020624619283
096190005,0.0,8.791,SPEAKER9619,-48.000173314846414,-49.36034085200383,3.2064850121825486,5.350246590020067
001130047,0.0,3.456,SPEAKER0113,-48.019610278179194,-51.984301249186196,3.2008903484278393,16.067350163655526
001110040,0.0,2.065,SPEAKER0111,-49.86984356129227,-57.68926511492048,3.2008903484278393,18.1903700885275
055510061,0.0,3.844,SPEAKER5551,-50.05230712890625,-53.97598775227865,3.200208447060832,12.311428014682871
001140064,0.0,3.914,SPEAKER0114,-50.172719189578004,-55.653063456217446,3.200208447060832,11.44450202234394
096390001,0.0,2.872,SPEAKER9639,-44.8504634418554,-48.73209817068918,3.1977039980821234,14.492575970017697
055510088,0.0,3.67,SPEAKER5551,-47.63459532527248,-52.76473865509033,3.1977039980821234,8.545960660095822
011350141,0.0,4.87,SPEAKER1135,-54.1285332713039,-58.726083163557384,3.193073975501981,19.99528462552539
052200152,0.0,4.99,SPEAKER5220,-43.89560370741483,-47.30099127027724,3.1924808372138958,9.64793169627231
011090011,0.0,3.72,SPEAKER1109,-47.792496219758064,-55.26741252225988,3.1924790979342133,19.294575468520364
095580101,0.0,4.88,SPEAKER9558,-46.31148341444672,-48.518728545217805,3.1924773586545303,12.634991810875377
030490140,0.0,2.81,SPEAKER3049,-42.18577972086299,-51.26019525527954,3.189350573071273,14.77510558388513
096280015,0.0,8.661,SPEAKER9628,-43.38965971420323,-52.35744306776259,3.1863723916457585,7.63984642712664
000560117,0.0,10.717,SPEAKER0056,-47.32040724113806,-57.91438034057617,3.1860241301451673,8.915218489176578
014390156,0.0,5.84,SPEAKER1439,-45.26539758133562,-47.987612984397195,3.1860205810993825,10.442558082912054
055470120,0.0,7.06,SPEAKER5547,-41.600679997344194,-51.41764047410753,3.184994055192576,9.7950144221785
096190011,0.0,4.653,SPEAKER9619,-43.43768481182796,-48.291792233784996,3.1818854809218107,15.654655052313824
000700008,0.0,4.12,SPEAKER0070,-48.36724438713592,-48.982640981674194,3.1818848270290894,10.493001983079388
000530145,0.0,5.07,SPEAKER0053,-50.84714774408284,-55.42322784423828,3.1818848270290894,16.00525691355432
000440175,0.0,2.046,SPEAKER0044,-48.35617854420732,-55.64656511942545,3.176557145305917,17.46393748348418
096060008,0.0,9.01,SPEAKER9606,-50.05369467952275,-60.15238380432129,3.1765562958406637,14.32580830184635
095560037,0.0,4.04,SPEAKER9556,-47.42834351794554,-52.44551048278809,3.176555446375411,29.591713500413128
014190059,0.0,3.551,SPEAKER1419,-46.544657790492955,-49.09085787259615,3.176555446375411,13.17764920415883
096310008,0.0,5.727,SPEAKER9631,-45.68927928664922,-51.98454700816762,3.169463717818063,13.17922975624915
096290001,0.0,5.328,SPEAKER9629,-49.18964000938087,-59.294264263576935,3.169463717818063,5.156305319838296
032140169,0.0,2.75,SPEAKER3214,-40.5691796875,-44.30283393859863,3.169463717818063,16.581935730848258
010760076,0.0,3.121,SPEAKER1076,-46.156678811097755,-51.97186994552612,3.1694625592675356,16.706076049068933
096430014,0.0,8.021,SPEAKER9643,-44.52853218516209,-48.49998140335083,3.1694614007170085,4.247125124255668
069020096,0.0,7.0,SPEAKER6902,-43.25664341517857,-46.599912290219905,3.1694614007170085,13.239390598062922
001130002,0.0,2.92,SPEAKER0113,-48.67335991010274,-55.505059814453126,3.1694614007170085,17.103257746508046
001130138,0.0,4.02,SPEAKER0113,-50.71425586909204,-54.46908340454102,3.1503724453653392,11.544384076551456
096470004,0.0,5.55,SPEAKER9647,-44.7022804054054,-52.14179777062458,3.1472101525047904,4.206225723779113
020270077,0.0,4.274,SPEAKER2027,-50.374661519320846,-53.638340377807616,3.147082806354516,8.09944383852616
014470038,0.0,4.38,SPEAKER1447,-48.88386040953196,-57.942266676161026,3.143060923382267,15.77595959518243
010920075,0.0,3.18,SPEAKER1092,-44.41359878636006,-49.64023824838492,3.1419899229696546,14.001950066085612
022520258,0.0,4.007,SPEAKER2252,-44.860134819201996,-46.3718920621005,3.136910737073083,14.72331595584983
096400021,0.0,5.105,SPEAKER9640,-42.7435520119863,-45.900740363381125,3.135645295783836,14.384255967667665
011970042,0.0,3.76,SPEAKER1197,-42.55292916805186,-49.001785142081125,3.135645295783836,15.202231303250455
096160006,0.0,9.102,SPEAKER9616,-47.4639165521978,-52.184353298611114,3.128526823520247,5.8656508416393365
096330020,0.0,6.241,SPEAKER9633,-46.5704596103766,-50.450818379720054,3.1285264337813614,4.549979212756913
007390139,0.0,4.859,SPEAKER0739,-46.322792084619344,-50.29238253054412,3.1270323821924473,19.197584489271414
014350085,0.0,4.89,SPEAKER1435,-44.6636071702454,-47.21847932988947,3.127031728299726,12.412311929744984
030460126,0.0,2.2,SPEAKER3046,-50.679802911931816,-56.301199826327235,3.117469992714671,10.874993640888686
023270120,0.0,4.42,SPEAKER2327,-44.65838871606335,-47.16872034072876,3.117469992714671,19.360185132973534
014180165,0.0,2.81,SPEAKER1418,-47.43660684497331,-56.48491096496582,3.117469992714671,17.25010024900717
004570145,0.0,4.08,SPEAKER0457,-51.237266390931374,-56.23513867304875,3.117469992714671,13.653572780451157
000700015,0.0,3.95,SPEAKER0070,-49.863454311708864,-51.72059721105239,3.117469992714671,16.00995288373921
004820119,0.0,3.507,SPEAKER0482,-45.246274594907405,-47.845479329427086,3.1155349531772045,14.322631873855752
005630160,0.0,2.6,SPEAKER0563,-56.72533804086538,-60.88494364420573,3.115533464688122,16.735020402883347
096010018,0.0,6.082,SPEAKER9601,-42.803373637952305,-51.24855826882755,3.1155319761990388,16.812749479902315
096010011,0.0,4.31,SPEAKER9601,-46.511650775812065,-49.58406730320143,3.1155319761990388,11.453456865796008
021120171,0.0,3.32,SPEAKER2112,-45.06860057417169,-51.741590227399556,3.11227693558965,11.499476891016549
096090023,0.0,11.407,SPEAKER9609,-42.742923559377736,-49.50694719950358,3.1085492956587824,9.841550832955924
014390008,0.0,4.75,SPEAKER1439,-49.85138157894737,-56.245110750198364,3.1085474402098163,10.162081965735755
014650038,0.0,3.52,SPEAKER1465,-41.801544189453125,-48.90461760300856,3.100562224949448,16.159209218801955
096130013,0.0,5.08,SPEAKER9613,-53.76241849163386,-58.803385981807004,3.0959091488241786,16.632669093013554
080680029,0.0,4.84,SPEAKER8068,-46.72620335098141,-49.73978537100333,3.0929985307074763,7.592347642024443
032140054,0.0,2.332,SPEAKER3214,-46.88358788224249,-48.532657623291016,3.0929985307074763,10.647922613349552
096490012,0.0,4.859,SPEAKER9649,-46.578028549382715,-54.63691370110763,3.0867833458719383,10.131865197686572
096340017,0.0,10.928,SPEAKER9634,-42.863881661710884,-52.666412353515625,3.0867833458719383,8.659222163816665
004610230,0.0,4.872,SPEAKER0461,-47.17436152464066,-49.82599449157715,3.0867833458719383,7.656919905303612
096090020,0.0,9.62,SPEAKER9609,-47.75377225181913,-53.8592170715332,3.0867821628566765,5.3801806232324445
096000018,0.0,9.256,SPEAKER9600,-40.62070143763499,-45.72991635722499,3.0867821628566765,5.8106409477835665
014650032,0.0,3.43,SPEAKER1465,-45.65109955812682,-50.78503858126127,3.0867821628566765,10.47324305420059
010420167,0.0,3.51,SPEAKER1042,-49.14902733262108,-51.047809328351704,3.0867821628566765,12.175758916270507
001490127,0.0,3.73,SPEAKER0149,-47.45121376508043,-50.94539328182445,3.0867821628566765,9.764523585894812
011090359,0.0,5.13,SPEAKER1109,-48.311624329922026,-53.77150274206091,3.0867809798414148,14.478156652036912
096340012,0.0,10.23,SPEAKER9634,-41.82659762952102,-54.62260459019588,3.081640205545323,8.355544801754807
096130020,0.0,4.484,SPEAKER9613,-56.914925711495535,-62.72255429354581,3.081640205545323,9.902574071908742
096110002,0.0,5.194,SPEAKER9611,-48.322137674614645,-55.51367769743267,3.0816393861826263,5.271922484422534
005600214,0.0,3.672,SPEAKER0560,-44.185634685797005,-48.97469735145569,3.0816393861826263,13.471681108901127
030020126,0.0,4.293,SPEAKER3002,-49.624531067890445,-51.085945461107336,3.081639181341952,12.416413292297785
096130009,0.0,5.564,SPEAKER9613,-54.63567193120504,-59.82170260394061,3.0816385668199295,11.395887657155892
020300057,0.0,4.59,SPEAKER2030,-41.393948291122,-43.68624833050896,3.0722775482998093,10.06268718394798
032080058,0.0,2.58,SPEAKER3208,-45.95158445373062,-49.161917495727536,3.072276969024546,16.26418123905679
024300132,0.0,3.721,SPEAKER2430,-46.61089759744624,-53.85835107167562,3.072276969024546,15.772406518160487
091010127,0.0,3.81,SPEAKER9101,-43.891388820538054,-48.06002011506454,3.072276389749282,15.05662825049092
014650085,0.0,4.44,SPEAKER1465,-44.893880208333336,-50.047756830851235,3.072276389749282,12.968077588023887
001220127,0.0,4.346,SPEAKER0122,-46.54180136494253,-52.6189398765564,3.072276389749282,15.73019438755252
096000022,0.0,7.079,SPEAKER9600,-41.814124845515536,-47.06552734375,3.072179937355805,2.8242237850487726
080570143,0.0,4.94,SPEAKER8057,-48.86710842611336,-50.97421033041818,3.068179746506909,16.542461186564417
096140005,0.0,5.916,SPEAKER9614,-47.75153412690034,-55.3722657423753,3.0678011062179324,11.609338929120979
096060002,0.0,5.218,SPEAKER9606,-48.83828723659004,-52.839049412654,3.0678006329026815,9.683499963269842
096490019,0.0,4.652,SPEAKER9649,-48.02835601478495,-53.97482872009277,3.0678001595874305,5.182970576133142
000530109,0.0,3.31,SPEAKER0053,-47.067654243768885,-52.16099466596331,3.065289249941978,15.517116500390475
010500163,0.0,3.56,SPEAKER1050,-46.662871971558985,-50.96491667803596,3.063138771727842,11.464815384990764
096240006,0.0,7.304,SPEAKER9624,-47.38663848458904,-56.58539899190267,3.0631379922500708,10.566797899056514
014220087,0.0,4.657,SPEAKER1422,-43.76832416845494,-46.32660647800991,3.0631379922500708,12.009319351599038
096300009,0.0,3.222,SPEAKER9630,-45.91453561723603,-47.56223678588867,3.0522701607594174,10.02961666748412
096290016,0.0,4.387,SPEAKER9629,-50.05016728359909,-56.381300119253304,3.050683096427908,3.54532958043821
000440163,0.0,4.123,SPEAKER0044,-46.22719299908981,-51.18252974290114,3.0467079345001338,15.378833932894842
030680034,0.0,2.26,SPEAKER3068,-45.07074460730089,-50.443442026774086,3.0465770128356624,14.364555320367264
096240014,0.0,7.13,SPEAKER9624,-45.45070893232819,-49.11170380203812,3.046576143195821,7.850287232560735
027990160,0.0,2.89,SPEAKER2799,-51.46379960532007,-53.473294709858145,3.0433187547349725,18.267444839572732
040050060,0.0,3.644,SPEAKER4005,-47.97670200892857,-52.82611789703369,3.0433148077354146,14.012743156611208
029810294,0.0,3.96,SPEAKER2981,-42.791928069760104,-51.37182903289795,3.0433148077354146,13.718186996467018
005940238,0.0,3.941,SPEAKER0594,-49.892682225571065,-51.554270553588864,3.0433148077354146,12.455807719803492
096490004,0.0,7.101,SPEAKER9649,-51.40434088908451,-57.77713989257813,3.040049138978959,7.145409128653895
005670310,0.0,3.07,SPEAKER0567,-50.9621939892101,-56.0307400226593,3.0340389619284425,21.240716999531926
001200161,0.0,3.52,SPEAKER0120,-44.41170987215909,-47.85006173451742,3.0340389619284425,16.205752049835283
000010011,0.0,2.58,SPEAKER0001,-46.884072946947676,-50.46745376586914,3.0340389619284425,17.28906416688465
052200142,0.0,5.759,SPEAKER5220,-45.17864651150174,-46.851523895263675,3.0307243442228398,8.431132793754355
021160232,0.0,3.588,SPEAKER2116,-48.88425966225627,-54.86640256993911,3.028634715670936,14.426817566939253
014220001,0.0,4.722,SPEAKER1422,-45.239820577330505,-50.53466796875,3.028633424918947,11.934326253159695
014220027,0.0,4.55,SPEAKER1422,-46.712487122252746,-51.93952751159668,3.028632134166957,13.082062776676896
030200164,0.0,3.74,SPEAKER3020,-44.76408965574866,-48.694790522257485,3.0256955833964065,11.306344659841052
000960050,0.0,3.41,SPEAKER0096,-46.569252886730204,-50.17911806973544,3.0173274925191635,8.413998757955364
000750106,0.0,3.13,SPEAKER0075,-52.44034544728434,-56.03863770621164,3.017326838626442,12.746408874367138
070010005,0.0,19.903,SPEAKER7001,-47.51583307160804,-52.86666457717483,3.0173261847337205,5.042179571560144
015010014,0.0,3.114,SPEAKER1501,-52.09857629119775,-55.10819625854492,3.0173261847337205,8.47523317264626
020890274,0.0,4.606,SPEAKER2089,-46.38424874593275,-52.0488041469029,3.012906326999913,9.812972134755594
096310010,0.0,4.466,SPEAKER9631,-46.399223993288594,-52.148528155158544,3.010655649943694,7.242341875117862
000700046,0.0,3.602,SPEAKER0070,-44.179310438368056,-49.5417807896932,3.010655649943694,15.491708322968101
000700053,0.0,3.42,SPEAKER0070,-45.9921875,-50.10052744547526,3.0106542245664434,15.819321888920522
030600023,0.0,3.74,SPEAKER3060,-48.9518351019385,-53.81338988410102,3.0072875929790994,12.39843727838986
020310322,0.0,3.08,SPEAKER2031,-48.20846755783279,-54.27229754130045,3.0072875929790994,17.695834701827728
015030015,0.0,4.076,SPEAKER1503,-45.02826286764706,-46.87333961155104,3.0072875929790994,9.258896125559406
011860372,0.0,3.39,SPEAKER1186,-42.55681346792036,-46.32181440080915,3.0072875929790994,14.847070545923213
001570100,0.0,2.752,SPEAKER0157,-43.6498828125,-49.13182497024536,3.0072875929790994,19.808597574462684
020160264,0.0,2.822,SPEAKER2016,-42.8863205064273,-48.272777239481606,3.007286062798102,12.820112603476595
014190062,0.0,2.97,SPEAKER1419,-49.3727904040404,-52.27628835042318,3.007286062798102,15.414152381166588
095530011,0.0,3.188,SPEAKER9553,-46.433841717280565,-47.81675801958357,3.0072845326171045,9.003376432114038
012930195,0.0,2.65,SPEAKER1293,-44.49436541863208,-48.30615598505194,3.0072845326171045,11.284981375551181
008130282,0.0,4.483,SPEAKER0813,-47.292101178850444,-49.932860946655275,3.0072845326171045,15.146436193370683
012600186,0.0,4.13,SPEAKER1260,-44.522368719733656,-47.61324691772461,3.002412687868335,12.127340335536365
012920110,0.0,4.31,SPEAKER1292,-49.265484520011604,-51.737125091552734,3.0024088550312102,10.714304460578795
011560117,0.0,3.852,SPEAKER1156,-46.39287236201299,-50.62119150161743,3.0024088550312102,16.763671784283865
096460005,0.0,7.698,SPEAKER9646,-37.03673143262987,-46.389635721842446,3.00107710575718,9.212494952957986
011350249,0.0,4.1,SPEAKER1135,-47.34521722560976,-50.30810888190018,3.00107710575718,22.83767476624054
096060022,0.0,6.43,SPEAKER9606,-56.74335390746501,-63.932064056396484,3.0010764361911355,3.7988097007596995
096310007,0.0,3.208,SPEAKER9631,-44.04051669587228,-47.921401500701904,3.001075766625091,11.968644975948688
095580078,0.0,3.88,SPEAKER9558,-42.538267155283506,-46.89445159014534,3.001075766625091,15.767369774962333
032080083,0.0,4.22,SPEAKER3208,-48.2866604339455,-53.09801334804959,3.001075766625091,14.667517162600735
030490078,0.0,3.366,SPEAKER3049,-43.186778444918396,-48.46734746297201,3.001075766625091,13.922250461411116
096340023,0.0,7.74,SPEAKER9634,-41.179303940568474,-49.11762691679455,3.001071749228825,12.686515270932828
096430017,0.0,10.726,SPEAKER9643,-46.74124461206897,-51.27316510235822,2.9883920599310745,3.048574436779619
011970006,0.0,7.517,SPEAKER1197,-48.96613198138298,-53.143365224202476,2.988389220039569,6.096576923161326
001450109,0.0,6.16,SPEAKER0145,-42.53211241883117,-49.140223821004234,2.987544927629232,6.823736702347595
038370167,0.0,4.31,SPEAKER3837,-48.797482236078885,-54.56540926764993,2.9875437446139705,12.271345623818876
052200101,0.0,3.724,SPEAKER5220,-44.96778393817204,-46.3362676180326,2.986847840245895,12.003162073072463
024880299,0.0,4.35,SPEAKER2488,-51.84310793821839,-56.66684448719025,2.983911387323064,15.130760564552457
008130081,0.0,4.295,SPEAKER0813,-48.203638263081395,-51.06878633852358,2.975588850859968,11.879432470887888
020300017,0.0,3.337,SPEAKER2030,-41.60391619105539,-43.655785369873044,2.975586051592394,11.304906345450169
015020136,0.0,3.66,SPEAKER1502,-52.17681651297814,-54.97926926612854,2.975586051592394,4.439621877215718
014690150,0.0,3.42,SPEAKER1469,-42.351662440606724,-50.02638626098633,2.975586051592394,15.587792829196978
096230001,0.0,11.4,SPEAKER9623,-47.585303591008774,-50.51006062825521,2.9753942935384745,3.0777289239515095
096240009,0.0,5.538,SPEAKER9624,-47.92373998759025,-54.84796969095866,2.975091378781556,4.957046623154932
000930091,0.0,3.84,SPEAKER0093,-45.02782694498698,-49.26861411646793,2.975091378781556,7.363758035325137
096070012,0.0,3.307,SPEAKER9607,-44.1731908515861,-50.99403674785908,2.9750902202310288,8.64503748286959
001030103,0.0,3.2,SPEAKER0103,-48.84524841308594,-56.38926427504595,2.9750902202310288,15.93154115285625
014040027,0.0,5.64,SPEAKER1404,-42.458347185283685,-51.47011947631836,2.972835388761633,13.770353414608419
096350013,0.0,7.976,SPEAKER9635,-54.39597528978697,-60.29619525029109,2.972157800401742,3.1836796639302847
014190108,0.0,4.61,SPEAKER1419,-46.57054128253796,-52.46222004137541,2.971427057726305,12.382264530458265
001130021,0.0,3.76,SPEAKER0113,-48.1174628075133,-53.98312187194824,2.971427057726305,16.81267903767369
055510079,0.0,6.429,SPEAKER5551,-43.778030229393465,-47.502423799954926,2.9700018253794194,10.814697430823712
022360227,0.0,3.033,SPEAKER2236,-43.95358910891089,-47.37798258463542,2.969395484152841,9.977640054955147
028920050,0.0,3.97,SPEAKER2892,-46.72246438129723,-50.17666677995162,2.961398100947147,16.044956533638604
096280018,0.0,7.32,SPEAKER9628,-45.75535775273224,-52.174836592240766,2.956791707786683,7.079454749880869
080020007,0.0,6.853,SPEAKER8002,-39.21403683850365,-53.29082043965658,2.956791707786683,13.241015503984599
096140021,0.0,5.022,SPEAKER9614,-44.34184356324701,-46.27515640258789,2.9529012482358636,12.39454526301973
001450116,0.0,10.18,SPEAKER0145,-38.23206501719057,-47.488253593444824,2.9504319874286336,13.843780963572451
034230141,0.0,5.3,SPEAKER3423,-48.00455852004717,-53.37655807495117,2.944172448454503,14.532003081099392
054280012,0.0,3.48,SPEAKER5428,-51.80506353268678,-56.6226229948156,2.9348495427538444,12.316816978728976
022520203,0.0,3.874,SPEAKER2252,-43.648704982235145,-47.71985344264818,2.9348495427538444,14.09289507868408
014650059,0.0,4.63,SPEAKER1465,-46.614213519168466,-51.03718449519231,2.9341614386124673,12.228536167112463
000050114,0.0,3.909,SPEAKER0005,-47.24405570652174,-50.59474605984158,2.9303716611964084,10.83651064632964
096260002,0.0,4.311,SPEAKER9626,-51.229444605568446,-54.33310494056115,2.9205593935814176,6.507021111067573
010920070,0.0,3.7,SPEAKER1092,-43.70646114864865,-54.476737302892346,2.920558953638063,14.532116613655242
096010006,0.0,7.853,SPEAKER9601,-41.55895203025478,-51.14606857299805,2.9205585136947088,17.93580160034268
055470046,0.0,6.42,SPEAKER5547,-43.07415486273364,-50.031527564639134,2.9203941895085586,12.719824728293696
014220068,0.0,4.867,SPEAKER1422,-42.175717081622174,-43.43793869018555,2.9203586942687894,5.808002762266375
023550341,0.0,3.143,SPEAKER2355,-44.713972929936304,-45.51003180609809,2.9203574035168,14.97369995263604
010420060,0.0,2.98,SPEAKER1042,-48.20226641149329,-51.043582098824636,2.9203574035168,10.629699114768947
000030119,0.0,4.0,SPEAKER0003,-46.1563427734375,-49.41177194768732,2.9203561127648103,11.771997247351003
005670289,0.0,3.057,SPEAKER0567,-48.129429636437905,-59.95638179779053,2.911455544874144,26.012665517266235
080020009,0.0,10.868,SPEAKER8002,-47.186698625804965,-55.05808792114258,2.9102257916946423,4.889148000144036
030880096,0.0,2.78,SPEAKER3088,-49.85804364321043,-53.79145169258118,2.9102252365719004,12.588990005068773
000490164,0.0,3.63,SPEAKER0049,-43.091226540977964,-45.71023686726888,2.908982540328966,15.464744585997533
001130168,0.0,3.76,SPEAKER0113,-49.54167532413564,-55.97662764329176,2.908982067013715,11.824140387808296
005940380,0.0,6.013,SPEAKER0594,-47.86820793469218,-53.432666619618736,2.9076239106313224,12.330537290515515
000480014,0.0,2.306,SPEAKER0048,-54.07787980248918,-56.89741780207707,2.907621948953158,8.19774705121878
096280025,0.0,6.731,SPEAKER9628,-45.18778150538633,-53.61339793485754,2.9076212950604363,6.471706515788977
096330014,0.0,4.648,SPEAKER9633,-45.776121471774196,-51.06520244053432,2.901428950352319,5.715402040238693
096040024,0.0,5.557,SPEAKER9604,-51.6431682778777,-55.54705879905007,2.900675797376953,7.446012741525996
013620108,0.0,4.94,SPEAKER1362,-46.31393123734818,-51.06962618620499,2.9006749277371116,18.147746781993245
096470013,0.0,3.522,SPEAKER9647,-41.05139992453835,-45.75437825520833,2.8915258753424866,7.19995067966201
020610302,0.0,4.07,SPEAKER2061,-44.13057144502457,-49.32487239837646,2.8915258753424866,11.988118766096834
095550051,0.0,4.922,SPEAKER9555,-44.621181084857724,-47.27570689808238,2.89152417641198,10.173347235118872
000030051,0.0,3.21,SPEAKER0003,-44.640415084696265,-46.53045872279576,2.891522477481474,20.285900723714427
010420059,0.0,3.26,SPEAKER1042,-47.135939896472394,-50.717705790201826,2.891086453903393,8.878079052161791
052200004,0.0,3.866,SPEAKER5220,-45.96474786014212,-47.46459496539572,2.8910836031488922,13.884337135776246
010640314,0.0,3.373,SPEAKER1064,-46.55796202707715,-51.046516600109285,2.888306509386526,11.462451042312978
000260015,0.0,3.22,SPEAKER0026,-48.38390127620342,-53.84209620157878,2.888305326371264,15.75683684645263
009600129,0.0,4.182,SPEAKER0960,-44.37285062799043,-48.95228594825382,2.879039149677301,17.89518792993023
001030060,0.0,3.806,SPEAKER0103,-50.60497662401575,-50.77656606038411,2.879039149677301,13.321930048286712
011970175,0.0,6.76,SPEAKER1197,-41.28009430473373,-46.82512694138747,2.8790356531537937,14.125541130985798
024510195,0.0,4.012,SPEAKER2451,-47.15335197163342,-50.06372625177557,2.878926829812368,15.579344735981216
001030013,0.0,2.868,SPEAKER0103,-48.988345900479096,-56.94241905212402,2.878926829812368,18.400845994668742
001310165,0.0,3.134,SPEAKER0131,-52.51406499600639,-57.186615753173825,2.87892529963137,13.857095449228723
096130017,0.0,4.36,SPEAKER9613,-53.05447695670872,-60.673929850260414,2.8789237694503726,17.266357818625952
020610194,0.0,3.871,SPEAKER2061,-47.944404069767444,-50.864104357632726,2.8789237694503726,10.778876671683866
011970145,0.0,7.33,SPEAKER1197,-44.599553419167805,-49.12305577596029,2.8789237694503726,13.144871608039889
001570378,0.0,3.553,SPEAKER0157,-47.35032460387324,-52.07879898071289,2.8789237694503726,19.970542478757334
001030144,0.0,3.44,SPEAKER0103,-51.0203374818314,-53.92577934265137,2.8789237694503726,15.160543247729871
096000006,0.0,7.44,SPEAKER9600,-46.265992523521504,-52.64310828499172,2.8779052092633024,4.984851144190705
001040071,0.0,3.147,SPEAKER0104,-43.10013640873016,-46.90748361440805,2.8779040507127753,12.227050476692394
000700156,0.0,2.97,SPEAKER0070,-45.29450099957913,-52.10271889822824,2.8779040507127753,17.777386819570868
096130001,0.0,3.267,SPEAKER9613,-53.17693401185015,-56.557664534624884,2.8779028921622483,5.694541437103489
096060019,0.0,4.76,SPEAKER9606,-53.50061548056723,-58.85595345497131,2.8754393892717895,14.710745596286545
000960052,0.0,3.301,SPEAKER0096,-42.19783676609848,-47.27097172207303,2.875078616111129,12.426402835806998
096000008,0.0,7.71,SPEAKER9600,-45.840365596627755,-50.64216170772429,2.8669769547839414,4.611559866560228
022360231,0.0,3.425,SPEAKER2236,-48.68494897959184,-52.75857665322044,2.865808162747188,11.184335491748966
096180016,0.0,5.753,SPEAKER9618,-48.045750679347826,-50.27151588157371,2.8658051857690223,10.364491131688757
028920044,0.0,4.274,SPEAKER2892,-48.48349220579625,-51.114603960955584,2.8658051857690223,16.553606335165036
096120012,0.0,5.977,SPEAKER9612,-41.326093488712374,-44.56611534856981,2.8650799617130525,9.777848601811332
000560086,0.0,4.4,SPEAKER0056,-47.85331587357955,-52.96461050851004,2.8627180644680092,13.670529760122008
014180008,0.0,3.99,SPEAKER1418,-44.95024181547619,-49.18176247091854,2.862717736288584,11.277151182169515
054080033,0.0,2.8,SPEAKER5408,-47.78175571986607,-54.965354204177856,2.858177771378672,15.53472838595669
010640028,0.0,5.578,SPEAKER1064,-47.6788334453405,-49.89812088012695,2.8581763717448854,10.517389146360388
005670155,0.0,4.74,SPEAKER0567,-52.43675006592827,-58.670307761744446,2.8581763717448854,15.913787040502985
000440099,0.0,6.623,SPEAKER0044,-49.44706500188822,-52.85547033945719,2.8568622435518676,4.763063292376319
064010067,0.0,4.263,SPEAKER6401,-47.806227992957744,-51.95548348677786,2.856861530102747,10.13326748034256
096300010,0.0,3.825,SPEAKER9630,-45.53574269745431,-48.09248598884134,2.852769504116516,10.644964983694182
080020008,0.0,7.301,SPEAKER8002,-42.49575931078767,-53.01295210185804,2.8527688502237947,12.644732934258663
080680069,0.0,5.38,SPEAKER8068,-44.15952093982342,-47.00927747998919,2.848533459240023,13.722917963687586
030830021,0.0,5.845,SPEAKER3083,-44.89067841880342,-50.0870107014974,2.8485313490712074,10.758941480520553
096240004,0.0,4.342,SPEAKER9624,-48.640615999423964,-54.03213364737375,2.846749217118672,6.954348727999559
014070308,0.0,5.059,SPEAKER1407,-47.15497236289526,-52.257409978795934,2.846749217118672,9.4572865752986
085810163,0.0,2.735,SPEAKER8581,-40.84310133439781,-47.78207866962139,2.8467487771753173,15.819437634004515
050290132,0.0,3.547,SPEAKER5029,-48.595868177816904,-51.62400176308372,2.8416481675000784,10.630145540697004
020610341,0.0,5.755,SPEAKER2061,-46.09248521592882,-48.92930405228226,2.8416481675000784,13.135645550051885
001330146,0.0,4.51,SPEAKER0133,-42.75481568736142,-45.50162935256958,2.8416481675000784,14.654956657377252
052200150,0.0,4.885,SPEAKER5220,-50.363025626278116,-53.13331549508231,2.833922881802064,2.57681776628543
030070138,0.0,3.34,SPEAKER3007,-49.6443733626497,-52.25698830099667,2.826514032716032,10.921534315583335
096100009,0.0,4.098,SPEAKER9610,-43.38629954268293,-49.73908285661177,2.818144949403239,12.92649573800503
001110076,0.0,4.244,SPEAKER0111,-53.058358822228776,-57.43540827433268,2.818143566352864,16.237209478571064
001110056,0.0,3.412,SPEAKER0111,-53.46140143878299,-55.13038590375115,2.818143566352864,14.618542191413614
001130082,0.0,4.497,SPEAKER0113,-53.828511284722225,-55.78736801147461,2.8146682031336785,12.633792830158749
096120002,0.0,3.806,SPEAKER9612,-42.434652333497375,-44.19432767232259,2.8120800913626636,3.487038934993908
096450020,0.0,7.017,SPEAKER9645,-46.11276931980057,-49.210795002598914,2.8067079688144703,15.197443396934334
096340016,0.0,7.0,SPEAKER9634,-46.50599609375,-55.56813468933105,2.8067079688144703,6.753353215805104
096350015,0.0,6.599,SPEAKER9635,-47.686197916666664,-55.5024504131741,2.8067063300890767,5.9048808885365
096040010,0.0,8.505,SPEAKER9604,-51.351837911280846,-58.052503858293804,2.8067063300890767,5.400901938943301
014220115,0.0,4.899,SPEAKER1422,-44.471723533163264,-48.621202892727325,2.8015892927304225,11.731205444295632
055470005,0.0,4.04,SPEAKER5547,-48.8436388072401,-57.36461055980009,2.7979177131725956,9.850558458139343
096010009,0.0,9.609,SPEAKER9601,-43.81795492976067,-50.667215474446614,2.7972569117108774,8.945348686849567
030210032,0.0,3.22,SPEAKER3021,-44.59469320166925,-46.437582288469585,2.7972550562619114,12.441613678890269
001570061,0.0,3.7,SPEAKER0157,-47.5752269847973,-52.33494551285453,2.7954516598909125,16.138449953698217
030070054,0.0,3.28,SPEAKER3007,-48.608440120045735,-49.06467876434326,2.7954500515176286,10.49640596848497
027400321,0.0,3.466,SPEAKER2740,-49.38121960554755,-49.62250328063965,2.7954500515176286,18.127814840195192
021120250,0.0,4.466,SPEAKER2112,-47.373523140380314,-53.30202988215855,2.78906809114382,11.308904960832306
003060064,0.0,4.44,SPEAKER0306,-56.257548564189186,-59.20813095092773,2.78906809114382,18.329092769160482
054010148,0.0,2.695,SPEAKER5401,-47.7185546875,-54.35518487294515,2.789066908128558,13.14516892585266
004610148,0.0,4.53,SPEAKER0461,-43.49119153559602,-46.81557568636808,2.7890657251132964,13.825667193914532
001220034,0.0,3.336,SPEAKER0122,-49.6263215755988,-61.62483076615767,2.7890657251132964,13.458177615081862
001130005,0.0,3.831,SPEAKER0113,-54.932084285248045,-60.48394648234049,2.7890657251132964,6.561027492135889
096460012,0.0,6.07,SPEAKER9646,-41.90997927821252,-51.520426914609715,2.780719039745049,13.454115667726514
014040096,0.0,4.84,SPEAKER1404,-54.33036463713843,-60.39759190877279,2.780719039745049,4.530767586231246
090880142,0.0,4.24,SPEAKER9088,-47.383512676886795,-49.94644629955292,2.780717881194522,14.97151921925596
014690082,0.0,4.98,SPEAKER1469,-44.58863579317269,-49.752249998204846,2.780717881194522,12.067775320850942
000530154,0.0,3.45,SPEAKER0053,-48.98570538949275,-50.60088001598012,2.780717881194522,12.852971392064855
090700008,0.0,3.92,SPEAKER9070,-42.36644511320153,-44.39051410130092,2.7796572311250727,10.403302163360367
038370142,0.0,3.83,SPEAKER3837,-45.85784513707572,-45.88864154815674,2.7796572311250727,9.239640614266637
096170003,0.0,3.01,SPEAKER9617,-46.25056128010797,-53.35642381147905,2.7764082369563834,17.129194533281364
030880057,0.0,3.024,SPEAKER3088,-46.77422327711093,-48.370941400527954,2.7764082369563834,12.25762522554501
020300121,0.0,4.36,SPEAKER2030,-40.266655318233944,-40.76970173762395,2.7764082369563834,11.117002801484512
011090334,0.0,5.16,SPEAKER1109,-48.46927991763566,-53.11613362630208,2.7764082369563834,13.692033111472348
050290028,0.0,3.683,SPEAKER5029,-46.53909965183424,-49.36917358398438,2.7764068978242946,9.05456095182317
096250011,0.0,5.011,SPEAKER9625,-46.402756986027946,-49.55097545276988,2.776405558692206,5.301164861664905
054140104,0.0,2.56,SPEAKER5414,-44.05472946166992,-49.52567799886068,2.776405558692206,15.996285581365886
054060099,0.0,5.04,SPEAKER5406,-43.32525344122024,-45.574277548954406,2.776405558692206,11.32838265612516
030020100,0.0,4.35,SPEAKER3002,-45.55959051724138,-48.50976347923279,2.776405558692206,15.546552305943539
010500083,0.0,2.68,SPEAKER1050,-44.269363631063435,-47.287242317199706,2.776405558692206,13.721619395686234
024480105,0.0,4.209,SPEAKER2448,-49.998028317992876,-54.009837539107714,2.7764028804280283,17.672256183315344
096170018,0.0,4.832,SPEAKER9617,-47.25485652820911,-50.47604633199757,2.772938160769217,13.0863817288301
030460133,0.0,3.69,SPEAKER3046,-48.61133341802168,-52.392126195571,2.772938160769217,11.898928141912595
096160015,0.0,5.263,SPEAKER9616,-48.10681291587453,-54.58379886024877,2.7715201086175942,13.522618223060357
014470031,0.0,2.74,SPEAKER1447,-50.668314467381386,-55.34151949201311,2.7715158324858424,12.28890622192337
096080027,0.0,7.641,SPEAKER9608,-49.59081519960733,-52.849755477905276,2.770123873781914,10.836635781643082
028920027,0.0,3.298,SPEAKER2892,-46.29104817708333,-49.275957207930716,2.7701187765640047,16.702047861709445
013720198,0.0,3.31,SPEAKER1372,-48.01799117258308,-52.32584656609429,2.7701187765640047,18.004881020087407
001310078,0.0,4.726,SPEAKER0131,-44.60218188424947,-47.31654941334444,2.7701187765640047,13.04755909917271
020610090,0.0,3.776,SPEAKER2061,-45.96436321924603,-48.78390655517578,2.7701175022595277,12.161400898494513
095580102,0.0,4.06,SPEAKER9558,-45.28542564655172,-49.34140141805013,2.77011622795505,15.179803144418212
011350027,0.0,4.28,SPEAKER1135,-47.41807370765187,-53.075143814086914,2.7701136793460956,18.979895763755103
096450014,0.0,7.432,SPEAKER9645,-50.89153453061911,-51.55363308941877,2.760026648612297,2.8076008588464205
022420146,0.0,3.204,SPEAKER2242,-46.58365478515625,-50.18324604034424,2.760026648612297,14.897617572261401
010460111,0.0,2.954,SPEAKER1046,-46.39154197563559,-48.331806373596194,2.7547745819182436,9.023911375110497
096070005,0.0,7.28,SPEAKER9607,-45.495589371565934,-48.93275925208782,2.754773712278402,8.9094938185635
095550053,0.0,6.746,SPEAKER9555,-45.438093171296295,-49.013808215105975,2.754773712278402,9.76013451041968
001450043,0.0,3.73,SPEAKER0145,-38.968681928619304,-42.80769030253092,2.754773712278402,17.078473232006413
001330033,0.0,3.98,SPEAKER0133,-48.104089784861806,-51.052855491638184,2.75259909927726,11.173533859360319
020310148,0.0,2.76,SPEAKER2031,-48.75351350203805,-54.3091358385588,2.7505630062836413,16.52322447744678
020310335,0.0,2.34,SPEAKER2031,-46.32561264690171,-53.210734367370605,2.7505630062836413,18.41611533240267
011970141,0.0,5.708,SPEAKER1197,-43.423027720008754,-46.70574018690321,2.7505630062836413,16.111764073595936
001330115,0.0,3.663,SPEAKER0133,-45.68565893954918,-48.2292677935432,2.7505630062836413,13.9623891646828
000560154,0.0,5.46,SPEAKER0056,-47.91785785828755,-58.6507682800293,2.7505630062836413,15.742121225469193
096250001,0.0,3.838,SPEAKER9625,-45.18768310546875,-51.45503055348116,2.750163974439999,11.940332340581001
060670017,0.0,4.625,SPEAKER6067,-47.453369667926566,-50.74749611163961,2.750163974439999,13.381732790174361
023550257,0.0,3.841,SPEAKER2355,-46.762064615885414,-50.064288506141075,2.749009390895518,15.322421157685692
096010001,0.0,7.338,SPEAKER9601,-43.816350370401906,-53.01802501678467,2.7490059930345057,14.148708690810919
030270054,0.0,3.94,SPEAKER3027,-48.54189800126903,-51.19713053983801,2.7490059930345057,12.697862219966712
020220259,0.0,2.703,SPEAKER2022,-46.58526475694445,-55.41419460898951,2.7490059930345057,17.393174572220317
095530059,0.0,3.33,SPEAKER9553,-45.077820007507505,-51.56059595743815,2.74094476753218,15.602944694927404
024410222,0.0,3.42,SPEAKER2441,-49.6282380756579,-53.92177944183349,2.74094476753218,14.911775287348494
003060259,0.0,3.79,SPEAKER0306,-54.29993609828496,-56.70293827056885,2.74094476753218,10.636703764586244
054080154,0.0,3.84,SPEAKER5408,-48.64747619628906,-55.13552638462612,2.740941790554014,14.26650189083222
034230043,0.0,3.02,SPEAKER3423,-47.668722190604306,-52.47163118634905,2.740941790554014,14.970787144585897
011970088,0.0,3.96,SPEAKER1197,-42.50965711805556,-47.79594612121582,2.740941790554014,15.649860287580132
010750094,0.0,4.93,SPEAKER1075,-43.91951778017241,-49.323612815455384,2.740941790554014,14.866468845780417
001120101,0.0,2.9,SPEAKER0112,-50.93541554418103,-56.03778663048377,2.740941790554014,10.04707465879733
050150028,0.0,2.61,SPEAKER5015,-45.152991050047895,-48.726047134399415,2.740848905661717,13.302148865436578
065040124,0.0,3.23,SPEAKER6504,-46.38560613390093,-49.616194556741156,2.7407694911649503,13.935107184992447
054060172,0.0,3.281,SPEAKER5406,-41.631850824123475,-45.83333264864408,2.7407694911649503,11.76569866867576
014690125,0.0,3.3,SPEAKER1469,-46.09361979166667,-51.21064758300781,2.7407694911649503,14.711831075557258
010420105,0.0,3.931,SPEAKER1042,-48.726527711513995,-50.984087228775024,2.7407694911649503,11.797839440180878
096330018,0.0,6.694,SPEAKER9633,-46.21649033071749,-48.639985789423406,2.7407680915311636,4.156233584492462
054080004,0.0,3.745,SPEAKER5408,-49.62594270833333,-52.079426765441895,2.7407680915311636,9.914311712117316
051950005,0.0,3.16,SPEAKER5195,-50.952976661392405,-56.536892361111114,2.7407680915311636,13.50623653990473
054240002,0.0,4.556,SPEAKER5424,-45.43567537006579,-47.245314068264435,2.74076739171427,12.73351320051431
060670035,0.0,4.623,SPEAKER6067,-49.119466145833336,-53.587934811909996,2.7407666918973765,12.538816084604798
030020077,0.0,2.662,SPEAKER3002,-44.16489221099624,-50.07397232055664,2.7407666918973765,16.258501876904532
096460014,0.0,5.18,SPEAKER9646,-42.31177983228765,-49.51158955891927,2.7381902109118577,12.493672484770247
001490161,0.0,2.962,SPEAKER0149,-47.01943887246622,-52.6069096156529,2.7379732709063633,9.514406784604938
030490168,0.0,2.29,SPEAKER3049,-45.00233266239083,-54.19552315606011,2.737165457645869,17.082541240658315
096250013,0.0,4.835,SPEAKER9625,-41.91936499225206,-46.96589207649231,2.7371647441967477,10.374147490933005
054140051,0.0,3.48,SPEAKER5414,-44.55991267061781,-48.22271456037249,2.7323862124817024,15.555938172276498
030210074,0.0,3.13,SPEAKER3021,-42.61400197184505,-44.71826494657076,2.732384464219949,9.535914863568243
030120072,0.0,2.63,SPEAKER3012,-42.62969715423004,-47.309111855246805,2.732384464219949,11.322720325790149
009600113,0.0,6.689,SPEAKER0960,-51.23786084641256,-54.025200226727655,2.732384464219949,3.474470612719143
055470175,0.0,2.65,SPEAKER5547,-45.70067806603774,-56.328492300851,2.732183192243169,14.53820465359362
022420073,0.0,5.293,SPEAKER2242,-45.37310225661626,-51.42759686424618,2.7194319602749353,13.093915937361553
014390045,0.0,3.83,SPEAKER1439,-49.893429748694516,-55.33220731295072,2.7044939689814576,4.223065585768387
000960066,0.0,6.5,SPEAKER0096,-45.92777644230769,-52.73241149054633,2.7044939689814576,6.1950950275377465
030880025,0.0,4.095,SPEAKER3088,-45.15980287286064,-49.50996812184652,2.703806651464496,15.460931644459757
020220200,0.0,3.504,SPEAKER2022,-47.80651227678572,-52.58443466822306,2.703806651464496,18.73592975529509
096430021,0.0,6.77,SPEAKER9643,-49.99959033419498,-55.143992790809044,2.703805360712506,1.5631179234162644
096110001,0.0,5.183,SPEAKER9611,-46.23420532697877,-49.754613808223176,2.703805360712506,3.9158361157606976
014220070,0.0,5.028,SPEAKER1422,-45.801352043986086,-53.302862803141274,2.703805360712506,8.180134344740441
096290006,0.0,7.743,SPEAKER9629,-45.97229287790697,-50.56257047151264,2.703804069960517,8.84024694917552
001450172,0.0,4.09,SPEAKER0145,-41.91073884474328,-47.48325042724609,2.7021236195176974,17.587897250621616
096010013,0.0,8.212,SPEAKER9601,-45.6416384363581,-56.87404837975135,2.6991279843064713,9.660315870571612
050150170,0.0,4.27,SPEAKER5015,-47.24068720725995,-49.25821031842913,2.694378962674718,12.641203407568923
010640034,0.0,4.53,SPEAKER1064,-44.9668486134106,-48.85727074032738,2.6914379659636154,13.220155683884217
021790169,0.0,2.91,SPEAKER2179,-49.658723287156356,-61.67532818134014,2.689829672901114,6.179066485462116
030200005,0.0,4.777,SPEAKER3020,-45.44351464435147,-48.58124102078951,2.689829081393483,11.686523999045267
085810056,0.0,2.57,SPEAKER8581,-42.980464950145915,-46.53613535563151,2.689828489885852,12.906376255469599
060100128,0.0,5.53,SPEAKER6010,-45.747665432866185,-47.96882888248989,2.689828489885852,4.914409945903298
014350004,0.0,4.287,SPEAKER1435,-45.84212922494172,-49.22433431524979,2.689828489885852,13.377675745949949
000260052,0.0,3.48,SPEAKER0026,-48.16658809267241,-50.78254699707031,2.6898273068705905,15.427746513927595
054280146,0.0,2.73,SPEAKER5428,-45.67049421932234,-55.58118438720703,2.689290139664381,11.730925197163067
034120101,0.0,2.86,SPEAKER3412,-42.88897918487762,-47.02895216508345,2.689290139664381,15.045009966645395
020220048,0.0,2.772,SPEAKER2022,-46.02595117892599,-53.554449717203774,2.689288676006162,20.39701940462195
095550082,0.0,4.957,SPEAKER9555,-47.73603279359879,-52.21336049618928,2.688211515713869,7.083357870433645
000960084,0.0,4.68,SPEAKER0096,-45.611611912393165,-49.206082961138556,2.683632581279223,8.978074967214962
000960071,0.0,3.41,SPEAKER0096,-45.87843944739736,-50.481363677978514,2.6835328702267955,8.700200984317334
096230013,0.0,6.333,SPEAKER9623,-46.62572200829384,-54.27184946396772,2.6835311324010047,12.040575264858862
090700172,0.0,4.59,SPEAKER9070,-49.26091026688453,-51.59258675575256,2.6808874799689466,10.470379213262747
030210165,0.0,3.49,SPEAKER3021,-43.00094578259312,-46.54118347167969,2.6808874799689466,13.107138622318601
001040073,0.0,4.09,SPEAKER0104,-44.06783886002445,-47.597580909729004,2.6808874799689466,11.615152694206914
000530163,0.0,3.56,SPEAKER0053,-49.31709752457865,-57.54064583778381,2.6808874799689466,16.617163307703304
050290149,0.0,2.605,SPEAKER5029,-49.624367666427204,-54.3747392134233,2.6808865217596654,9.005649894930247
001120010,0.0,2.293,SPEAKER0112,-50.67311595933406,-55.54418606228299,2.6781617228975154,15.89798023485158
096080015,0.0,6.628,SPEAKER9608,-51.61230910633484,-56.264303116571334,2.6781613160712645,12.112803731400215
054010009,0.0,4.24,SPEAKER5401,-43.641592349646224,-47.02826657502548,2.678160095592512,15.728754511490687
000930151,0.0,4.21,SPEAKER0093,-45.198165639845605,-48.144949826327235,2.678160095592512,11.787260685269244
014470100,0.0,3.4,SPEAKER1447,-50.15252757352941,-56.21914134306066,2.677684537116374,12.692513065152632
096310003,0.0,4.38,SPEAKER9631,-45.753036708047944,-52.28714967810589,2.6715187829001636,15.145867125851066
020590077,0.0,4.898,SPEAKER2059,-49.94102359693878,-51.0339581489563,2.671517727815756,16.756063748686714
010920065,0.0,4.329,SPEAKER1092,-42.411292941685915,-48.722888350486755,2.670815917317812,11.469732506537285
000530094,0.0,3.89,SPEAKER0053,-48.08721782615681,-53.07075703938802,2.670754928153141,15.317154970916276
023270319,0.0,4.48,SPEAKER2327,-46.220227922712056,-51.649197540283204,2.669542000763514,17.00811719682173
096070003,0.0,6.059,SPEAKER9607,-41.75253970709571,-44.67704665142557,2.669241031086347,6.859990120685595
096300013,0.0,5.182,SPEAKER9630,-47.08197846283784,-51.322356414794925,2.6692406214049984,9.008739966868962
096240007,0.0,11.3,SPEAKER9624,-40.08164408185841,-49.9406920841762,2.66924021172365,12.257887655129458
000440132,0.0,3.86,SPEAKER0044,-43.91740204015544,-49.62955034696139,2.66924021172365,12.059215235533522
096070011,0.0,5.408,SPEAKER9607,-43.621205666589645,-47.54573739093283,2.6605300502121323,10.309520556677633
025380277,0.0,3.223,SPEAKER2538,-53.74074995147515,-59.864428997039795,2.6605284418388484,15.729633552335743
014180131,0.0,4.965,SPEAKER1418,-46.835976798289735,-50.626856352153574,2.6605284418388484,12.659775330061908
096470016,0.0,4.07,SPEAKER9647,-47.04349662162162,-53.35395221710205,2.6583567502946113,12.49434702866525
001140056,0.0,2.936,SPEAKER0114,-49.458761825042515,-55.68845240275065,2.6569311135381004,16.658638018447235
070010019,0.0,13.434,SPEAKER7001,-49.519121137379,-61.20653832477072,2.6519480618227926,3.802607238018309
096250009,0.0,4.441,SPEAKER9625,-47.26311321086712,-54.66281146094913,2.6519452110682913,6.6812178331043395
020360089,0.0,4.962,SPEAKER2036,-50.724101404989916,-57.68773829936981,2.6519452110682913,15.280530587494901
096180002,0.0,3.82,SPEAKER9618,-46.54464577879581,-49.05010485649109,2.6419580489588856,6.063336457989088
021700211,0.0,3.123,SPEAKER2170,-48.24142377804487,-55.549625396728516,2.6416088642879587,10.416296480867155
011860335,0.0,5.521,SPEAKER1186,-44.287657806838766,-52.71267604827881,2.6416088642879587,15.703435643119803
054140118,0.0,3.45,SPEAKER5414,-46.703425045289855,-50.41599735460783,2.6333597247699485,15.492592094042626
096130012,0.0,3.654,SPEAKER9613,-52.9636772260274,-60.93341269859901,2.6274622188504746,10.070074367998394
000050079,0.0,4.641,SPEAKER0005,-42.69180613550647,-45.67271764654862,2.6253195676171437,13.32620318370551
096010010,0.0,7.269,SPEAKER9601,-49.27526435694635,-56.273902045355904,2.6253178078437256,3.8766518034411988
060670140,0.0,2.93,SPEAKER6067,-45.742594123293514,-50.80326820822323,2.623359811317442,11.153053563695982
029370270,0.0,3.645,SPEAKER2937,-48.697292380136986,-51.13273472256131,2.623359811317442,15.950379903700046
000530076,0.0,4.536,SPEAKER0053,-46.9293519410793,-50.64374106270926,2.623359811317442,14.611996881146492
012600131,0.0,4.371,SPEAKER1260,-43.54730853117849,-45.97804260253906,2.623358411683655,10.693615864142059
004820114,0.0,4.709,SPEAKER0482,-49.5766321656051,-52.03574180603027,2.623358411683655,16.707611340158905
009810073,0.0,3.82,SPEAKER0981,-51.18695803337696,-52.34678401947021,2.6233577118667615,6.316528281609539
064010150,0.0,5.83,SPEAKER6401,-48.39589140222984,-52.872339182886584,2.623357012049868,10.537869030473693
022820191,0.0,2.897,SPEAKER2282,-48.011516702586206,-53.65773010253906,2.623357012049868,10.32771053624684
001570034,0.0,3.75,SPEAKER0157,-47.85066666666667,-50.89840230074796,2.623357012049868,14.47579959989432
001200146,0.0,3.82,SPEAKER0120,-43.42947787140052,-47.345252990722656,2.623357012049868,15.93871122994986
001040173,0.0,3.512,SPEAKER0104,-41.815719039351855,-47.77739969889323,2.623357012049868,12.541241462630463
000530112,0.0,4.163,SPEAKER0053,-46.61736121544471,-52.317383448282875,2.623357012049868,18.468649293082805
095530016,0.0,2.85,SPEAKER9553,-45.630646929824564,-48.63080244797926,2.622205303478905,10.57198227584477
064010092,0.0,3.521,SPEAKER6401,-49.5727705522017,-51.59233522415161,2.622205303478905,8.092349677289427
014690055,0.0,4.49,SPEAKER1469,-46.78081065562361,-50.81543018506921,2.622205303478905,15.494182681686345
020300171,0.0,2.89,SPEAKER2030,-41.60376229995675,-47.66616973876953,2.6222030082074084,10.972422257848379
020310042,0.0,3.54,SPEAKER2031,-50.12760968396893,-54.793960972836146,2.6222022431169094,18.067709208896446
014040145,0.0,7.48,SPEAKER1404,-46.22143946356952,-54.52382857711227,2.6222022431169094,12.36154609112571
011970092,0.0,4.59,SPEAKER1197,-42.60469856345316,-46.20474096444937,2.6222022431169094,14.493408133821628
010610113,0.0,5.348,SPEAKER1061,-43.04866019275701,-47.95918113306949,2.6185643639579643,7.063867414366635
085810121,0.0,4.302,SPEAKER8581,-44.65517351017442,-48.44398000965948,2.617470098638112,11.395849133761276
096180010,0.0,3.556,SPEAKER9618,-48.60528221558989,-53.28392746869255,2.61746867173987,14.123501902791254
090340108,0.0,2.46,SPEAKER9034,-40.70037395198171,-45.44194348653158,2.61746867173987,12.87168092320614
065040160,0.0,2.723,SPEAKER6504,-44.71176686006434,-48.32257314828726,2.61746867173987,13.814160823643698
010760060,0.0,3.63,SPEAKER1076,-47.998611828512395,-53.756805181503296,2.6160813723171716,15.080131439742441
020610061,0.0,5.211,SPEAKER2061,-44.56236504318618,-49.1947313391644,2.616079883828089,12.562778063753255
012600017,0.0,6.049,SPEAKER1260,-43.38920454545455,-48.66843505859375,2.616079883828089,12.789742618753621
028970022,0.0,4.395,SPEAKER2897,-48.252827592329545,-52.546480609524636,2.616078395339006,14.628385117646587
023270315,0.0,3.19,SPEAKER2327,-43.16658197002351,-47.616567723891315,2.616078395339006,20.30588105957969
020310295,0.0,3.48,SPEAKER2031,-49.02163029813219,-54.807439217200645,2.616078395339006,15.959646209366593
010990139,0.0,2.501,SPEAKER1099,-51.00152734375,-55.00996959910673,2.616078395339006,14.592818013213686
004610298,0.0,3.551,SPEAKER0461,-50.99748569542253,-49.814324996050665,2.616078395339006,3.5745213918571466
011970095,0.0,4.68,SPEAKER1197,-44.94422325721154,-50.97425774966969,2.609027954423413,14.490348062346309
096230002,0.0,6.16,SPEAKER9623,-43.53330775669643,-45.49407450358073,2.6088742360993753,4.812675951968002
050390087,0.0,4.48,SPEAKER5039,-44.88582502092634,-46.6567497253418,2.6088742360993753,11.708535226899457
030140132,0.0,3.315,SPEAKER3014,-49.11046039627259,-50.05573062896728,2.6088742360993753,12.684664194357213
096160019,0.0,4.921,SPEAKER9616,-48.76735978785569,-57.154992756090664,2.608872496819693,7.4092690042844325
055510070,0.0,4.115,SPEAKER5551,-48.16566956158981,-50.278045654296875,2.608872496819693,11.854752190572118
030270014,0.0,5.1,SPEAKER3027,-48.479400275735294,-50.566724141438804,2.608872496819693,12.00918623198573
030270140,0.0,3.79,SPEAKER3027,-46.48323095316623,-48.02828764915466,2.608872496819693,15.01726747232555
030070019,0.0,3.89,SPEAKER3007,-44.59817340134961,-48.070031818590664,2.608872496819693,14.290432925341799
020300156,0.0,2.86,SPEAKER2030,-47.62730482408217,-47.123800913492836,2.608872496819693,6.617338066330646
012920027,0.0,3.9,SPEAKER1292,-48.82012219551282,-50.58506840672986,2.608872496819693,11.51810837537252
011810247,0.0,2.81,SPEAKER1181,-43.28938222864769,-44.59937824922449,2.608872496819693,15.609853249830199
004820144,0.0,3.586,SPEAKER0482,-46.795144933844014,-47.60282169688832,2.608872496819693,15.073335151795806
024020069,0.0,5.36,SPEAKER2402,-49.732316202192166,-53.1848873015373,2.6064912075180433,16.57076701421927
014690004,0.0,3.93,SPEAKER1469,-45.60049399650127,-48.5463433265686,2.6064895085875373,18.006968247423202
005600154,0.0,6.048,SPEAKER0560,-47.524118672520665,-48.53717398643494,2.6064895085875373,14.055715546925287
001030048,0.0,2.715,SPEAKER0103,-46.29521268956802,-52.16023292541504,2.6064895085875373,15.041724516700157
010920165,0.0,3.74,SPEAKER1092,-45.18367730614973,-53.9021372795105,2.6005087912663303,8.18623531324575
030600042,0.0,2.33,SPEAKER3060,-44.063019715665234,-49.19184036254883,2.600507357381611,19.272947938235355
030490013,0.0,2.715,SPEAKER3049,-46.187783633961395,-48.8310546875,2.6005071525409367,15.782694319562871
096180005,0.0,5.858,SPEAKER9618,-47.731105348762796,-53.81268819173177,2.5989287835053845,7.174667799977479
001120038,0.0,2.972,SPEAKER0112,-50.24487058080808,-55.36331685384115,2.598927587514069,15.777297568310889
004610182,0.0,5.15,SPEAKER0461,-44.211229520631065,-44.79643643697103,2.595530630062349,10.937408297631835
022820121,0.0,3.536,SPEAKER2282,-50.30670131532486,-54.50209363301595,2.5955293393103593,9.974645658108269
052200092,0.0,3.277,SPEAKER5220,-45.4694228753811,-49.243077414376394,2.595528693934365,10.551033193544122
096180004,0.0,4.603,SPEAKER9618,-47.356356148097824,-50.793479052456945,2.59552804855837,13.655493021825984
096240008,0.0,3.81,SPEAKER9624,-47.887861917650916,-51.338782537551154,2.5947400882524345,11.265199376635092
096450004,0.0,3.402,SPEAKER9645,-49.48416819852941,-52.36237008231027,2.591345881866283,9.996067147964954
096110019,0.0,4.966,SPEAKER9611,-46.440388424295776,-49.58165227449857,2.591345881866283,10.917957192741877
021790043,0.0,2.807,SPEAKER2179,-48.72496733207296,-58.86599627408114,2.591345881866283,15.54289741571104
010610102,0.0,3.05,SPEAKER1061,-46.82224961577869,-51.14281361897786,2.5905894801355154,13.719754784412999
010420143,0.0,5.11,SPEAKER1042,-49.27283742049902,-51.262292022705076,2.5905888886278845,11.556628851760259
096160004,0.0,5.383,SPEAKER9616,-47.426554513243495,-52.32901091802688,2.5864731085937462,13.755700199423396
096350019,0.0,5.424,SPEAKER9635,-48.528558146909596,-55.45739483833313,2.586471279775848,11.545406131195751
022420086,0.0,4.389,SPEAKER2242,-46.89519415575171,-49.549059987068176,2.586471279775848,15.210240066669181
027990028,0.0,4.19,SPEAKER2799,-51.928694622613364,-54.560308685302736,2.586346700708542,16.17194482461923
020220366,0.0,2.765,SPEAKER2022,-46.59374647450361,-54.24824817364033,2.586346700708542,17.306758547227634
030200076,0.0,2.366,SPEAKER3020,-44.45544073048523,-49.389400482177734,2.5857306528934734,9.383030789373286
036310063,0.0,3.157,SPEAKER3631,-46.649896162974684,-50.80622455051967,2.585729778762597,13.775653117103005
029370032,0.0,3.518,SPEAKER2937,-49.4027266068892,-54.54899639553494,2.585729778762597,14.569240205727512
024510275,0.0,3.036,SPEAKER2451,-42.10746363589638,-44.754240308489116,2.585729778762597,14.165685828090895
013620137,0.0,4.381,SPEAKER1362,-47.134640767694066,-50.68199481964111,2.585729778762597,15.500174198940147
000560159,0.0,2.35,SPEAKER0056,-49.123233876329785,-49.69134249005999,2.5842554970864837,16.285303156479422
022440038,0.0,4.472,SPEAKER2244,-48.26029432326622,-50.686704809015446,2.5830130273568455,15.73306373582752
009600270,0.0,3.865,SPEAKER0960,-46.83389353197674,-51.31706771850586,2.5830130273568455,14.646007443052287
007390355,0.0,6.028,SPEAKER0739,-52.29657377176617,-55.817199162074495,2.5830130273568455,6.7764980453624
007360181,0.0,6.01,SPEAKER0736,-51.9670666077371,-55.39381014067551,2.5785079338260277,11.182139562525533
080570081,0.0,3.62,SPEAKER8057,-44.79940273221685,-55.28086066246033,2.5785072799333064,15.091780748878193
025380175,0.0,3.679,SPEAKER2538,-48.94838548743206,-51.09389918191092,2.566511169948759,20.642438951822065
096220019,0.0,3.491,SPEAKER9622,-49.83876365508596,-55.63498338063558,2.5637857683009826,6.56122858871956
038370081,0.0,3.09,SPEAKER3837,-47.25349855885922,-51.238821029663086,2.5637857683009826,16.557646669199094
096330010,0.0,4.502,SPEAKER9633,-45.52829861111111,-49.44828751507927,2.5633170333492385,8.444777377954452
036360174,0.0,2.925,SPEAKER3636,-46.13379906143345,-47.223518718372695,2.5563261658049456,14.462658702014014
013340313,0.0,2.54,SPEAKER1334,-46.62155896284449,-50.360547458424286,2.556323617195991,14.001567464839063
001110099,0.0,3.39,SPEAKER0111,-59.15307545169617,-62.89836662694027,2.556323617195991,15.78773237876874
036360044,0.0,5.814,SPEAKER3636,-48.71558331540447,-52.459234373910085,2.5563159713691275,14.854837268751906
096160012,0.0,6.107,SPEAKER9616,-49.89772465732406,-53.72815179824829,2.551744724683943,14.860987230153114
096450016,0.0,6.75,SPEAKER9645,-50.26506365740741,-51.46530671553178,2.5517393681555878,3.5010982410988944
096160007,0.0,4.781,SPEAKER9616,-47.39497254184101,-51.1236826578776,2.5517393681555878,14.011066155938167
023550237,0.0,4.433,SPEAKER2355,-48.44412210778781,-52.819626331329346,2.5517393681555878,15.99675991717622
021160090,0.0,3.882,SPEAKER2116,-48.17342038498711,-53.71651060684867,2.5517393681555878,17.174073689615184
011350064,0.0,4.34,SPEAKER1135,-49.792622227822584,-54.985753479003904,2.5517393681555878,15.450786752394603
010300106,0.0,3.827,SPEAKER1030,-48.19212018603133,-49.85723195757185,2.5517393681555878,12.107392004254017
054010136,0.0,4.895,SPEAKER5401,-48.51648596938775,-52.34783407358023,2.551738029023499,11.39438849988663
050290136,0.0,2.289,SPEAKER5029,-48.03510934088428,-51.194353103637695,2.551738029023499,9.310765028234144
024510247,0.0,4.245,SPEAKER2451,-44.16383731617647,-47.63184200633656,2.551738029023499,15.362566739765974
010440150,0.0,2.47,SPEAKER1044,-49.78703030111336,-55.90449142456055,2.551738029023499,14.64067905192777
020340156,0.0,3.98,SPEAKER2034,-47.18418263190955,-49.78221766153971,2.5517340116272327,13.8811890018758
095530144,0.0,3.99,SPEAKER9553,-46.32931449718045,-50.13109623302113,2.55150763138098,8.694128419916149
001120141,0.0,3.862,SPEAKER0112,-51.898219923898964,-54.49734327528212,2.551443002865614,11.845808107027029
012600252,0.0,4.571,SPEAKER1260,-40.95821936542669,-47.840111838446724,2.5466678003750416,10.456572319294821
038370056,0.0,3.71,SPEAKER3837,-46.38468139319407,-51.64546152750651,2.5416536153563487,16.714115332486944
032140001,0.0,2.777,SPEAKER3214,-46.87555502473022,-50.80203481820914,2.541651988051345,12.204503070427215
096160001,0.0,15.16,SPEAKER9616,-44.14470646437995,-54.34507918357849,2.5407528331236704,6.517391895963355
012030097,0.0,2.86,SPEAKER1203,-50.25614619755245,-56.01471475454477,2.5407511298424144,13.446969834993899
003060002,0.0,3.98,SPEAKER0306,-57.412379279208544,-63.44171192335046,2.5400405932107737,15.290317528427899
085810112,0.0,4.361,SPEAKER8581,-44.39935582712156,-48.12286249796549,2.5400398137330025,11.81037123620862
096250014,0.0,6.603,SPEAKER9625,-43.59598425662879,-47.575130960215695,2.5323817165369933,10.002132727813525
004610151,0.0,3.249,SPEAKER0461,-48.081899038461536,-50.55571610586984,2.5323774404052415,12.971343832289024
021680251,0.0,3.438,SPEAKER2168,-49.419637990552324,-54.24198756498449,2.531774093358224,10.399944028310962
011090034,0.0,3.21,SPEAKER1109,-47.69044794100467,-52.398876953125,2.5256116572799208,14.733145041227218
014470072,0.0,3.35,SPEAKER1447,-52.234917210820896,-60.24828338623047,2.5256092447199947,14.792611987053846
001450083,0.0,4.81,SPEAKER0145,-44.87474418529106,-47.929968984503496,2.5236769461721082,11.01575158011792
013620257,0.0,3.72,SPEAKER1362,-45.773479502688176,-51.41068903605143,2.5236545081503037,7.717609245082102
096390003,0.0,2.588,SPEAKER9639,-46.44348757239382,-48.311545508248464,2.520126792437815,13.169923427532726
096250020,0.0,7.215,SPEAKER9625,-45.542130150623265,-49.82976959228515,2.520126792437815,5.456333185911287
095530049,0.0,4.21,SPEAKER9553,-46.71418033699525,-51.04046278733473,2.520126792437815,15.277820333047428
081530096,0.0,3.156,SPEAKER8153,-47.15428142306171,-53.09506359100342,2.520126792437815,16.215556299041953
060670111,0.0,4.301,SPEAKER6067,-47.560210755813955,-50.00097827911377,2.520126792437815,11.155071014672448
022520174,0.0,3.872,SPEAKER2252,-42.76699773901809,-46.12427360780777,2.520126792437815,15.351495908374979
022440062,0.0,4.578,SPEAKER2244,-52.629754878548034,-54.83299939772662,2.520126792437815,11.19892432523817
012600338,0.0,2.977,SPEAKER1260,-44.81240496539429,-51.38306872049967,2.520126792437815,8.778686622938565
005630072,0.0,3.43,SPEAKER0563,-55.20829537172012,-58.455456256866455,2.5201229596006898,15.339645595703395
030490029,0.0,2.994,SPEAKER3049,-40.587694659280935,-42.2631159695712,2.5119370722370506,16.682391644889574
096000005,0.0,7.388,SPEAKER9600,-45.09411472428958,-47.96320501963297,2.511936835579425,3.790738992268313
025380107,0.0,4.103,SPEAKER2538,-52.27692930640244,-56.807739996141,2.5100183657066997,20.54172122144803
060100100,0.0,5.32,SPEAKER6010,-43.880495917528194,-47.003726078913765,2.5097651706551334,11.217261492942054
095580008,0.0,4.123,SPEAKER9558,-46.74518355582524,-47.328516483306885,2.5070443014907284,14.471770150826593
020140121,0.0,3.9,SPEAKER2014,-46.890444711538464,-49.89459489521227,2.5070443014907284,8.028735548790664
004820370,0.0,3.72,SPEAKER0482,-44.460044942876344,-46.08601400587294,2.5070443014907284,15.554939764298563
096070017,0.0,6.22,SPEAKER9607,-43.71347153838425,-47.13296243418818,2.505950131469933,9.733766751121255
075510099,0.0,3.237,SPEAKER7551,-46.703866464120374,-49.016077744333366,2.505948731836146,15.36089902147784
060670062,0.0,2.931,SPEAKER6067,-47.930387425341294,-50.04116287231445,2.5059480320192526,10.979041822008424
024410240,0.0,2.71,SPEAKER2441,-47.85497866697417,-53.16815236409505,2.5059480320192526,16.49887202991835
096120017,0.0,3.453,SPEAKER9612,-42.705264945652175,-49.61781575129582,2.5059473322023593,10.347903146616108
064010161,0.0,5.67,SPEAKER6401,-47.255036100088184,-49.39591475455992,2.5059473322023593,11.616791364652556
024380363,0.0,2.81,SPEAKER2438,-47.9000187666815,-51.62669118245443,2.5059473322023593,17.18568534115457
022360350,0.0,2.678,SPEAKER2236,-44.28151236007463,-50.89182954676011,2.5059473322023593,12.297287495164168
020220264,0.0,3.14,SPEAKER2022,-50.38014405851911,-55.2072038269043,2.5059473322023593,15.535804209244754
001310062,0.0,3.199,SPEAKER0131,-46.34696655273437,-49.55237544666637,2.5059473322023593,18.853021445787057
000930089,0.0,3.33,SPEAKER0093,-44.82410731043544,-49.16243389674595,2.5059473322023593,7.750156159402106
000750085,0.0,2.733,SPEAKER0075,-53.438004378434066,-56.82229963938395,2.5059473322023593,14.438668490850047
000360034,0.0,4.22,SPEAKER0036,-47.248319942239334,-48.91990435564959,2.5059473322023593,17.906887136821123
000440043,0.0,4.346,SPEAKER0044,-47.30272539511494,-46.60373229980469,2.498600660026993,11.199763396030523
004570306,0.0,4.245,SPEAKER0457,-48.163138786764705,-52.54669591000206,2.498599464035678,13.261880667371477
005940271,0.0,3.58,SPEAKER0594,-47.52126614874302,-53.54031151219418,2.4977718858338713,15.486124604591366
096300006,0.0,4.573,SPEAKER9630,-45.49943585886214,-50.1462646484375,2.4977704589356295,9.95200968474947
055470126,0.0,4.95,SPEAKER5547,-48.16730981691919,-52.028284675196595,2.4938430101311755,2.2440275142525365
024410228,0.0,3.68,SPEAKER2441,-46.500435207201086,-49.585139465332034,2.4938430101311755,15.57015702513785
020270030,0.0,3.75,SPEAKER2027,-45.76613020833334,-49.082660968487076,2.4938430101311755,14.041199729830852
011810213,0.0,2.63,SPEAKER1181,-45.257385485979086,-47.6755313873291,2.4938430101311755,14.726773695462676
096430004,0.0,8.988,SPEAKER9643,-47.2649167477753,-50.578375364604746,2.4938414799501776,1.4204774985397268
012600281,0.0,4.66,SPEAKER1260,-43.70453745305794,-51.15742648731578,2.4938414799501776,9.492721653444594
010390285,0.0,2.88,SPEAKER1039,-44.41569349500868,-48.92726938348068,2.4938414799501776,12.216790111513792
000560017,0.0,4.501,SPEAKER0056,-48.18052951388889,-51.149109840393066,2.4938414799501776,12.140027057587062
096000013,0.0,5.629,SPEAKER9600,-43.4797992062611,-47.695106760660806,2.491352836415702,5.127926703207418
001120148,0.0,3.46,SPEAKER0112,-52.785404624277454,-59.978525947122016,2.4913516534004403,12.708419998843269
007390092,0.0,4.674,SPEAKER0739,-47.47374364293362,-51.79491305351257,2.4913504703851785,6.903588479107732
005670147,0.0,3.76,SPEAKER0567,-48.71711373836436,-55.80207951863607,2.4913504703851785,18.767889588498335
000930099,0.0,3.34,SPEAKER0093,-44.35269987369012,-49.55817852020264,2.4912179771021634,10.568408719791261
000700063,0.0,3.88,SPEAKER0070,-46.34482723904639,-45.043643951416016,2.4912179771021634,16.05249126305972
030070058,0.0,2.405,SPEAKER3007,-48.18892229642116,-50.90961685180664,2.4912164886130808,11.526234071010872
054010079,0.0,6.606,SPEAKER5401,-46.65479623676248,-53.141445013192985,2.4912150001239977,15.209723513217881
036360160,0.0,3.24,SPEAKER3636,-47.66324568383487,-52.61068344116211,2.4912150001239977,22.037883037596792
013090051,0.0,4.43,SPEAKER1309,-44.68266348053047,-47.96482308705648,2.4912150001239977,9.893517474496827
012600082,0.0,5.298,SPEAKER1260,-42.64473024764151,-46.31827889719317,2.4912150001239977,10.762353113673093
012600295,0.0,3.012,SPEAKER1260,-44.95339104028239,-47.263970947265626,2.4912150001239977,7.378934103261656
010420022,0.0,3.486,SPEAKER1042,-46.309276504298,-49.68423162187849,2.4912150001239977,9.396857031830297
011810197,0.0,4.89,SPEAKER1181,-48.9050238049591,-52.48685547799775,2.4911217219728052,11.72416304154388
096450003,0.0,7.51,SPEAKER9645,-48.48702251165113,-55.46299616495768,2.4891605311902887,3.9615039854006326
050170113,0.0,3.397,SPEAKER5017,-49.15877182904412,-51.1600062721654,2.4891605311902887,13.99133389317625
020160295,0.0,3.223,SPEAKER2016,-45.62849682162267,-51.15390682220459,2.4891605311902887,15.557197019450786
000480151,0.0,2.4,SPEAKER0048,-52.95077718098958,-58.12717056274414,2.4891593726397616,21.86086939355578
096080007,0.0,6.901,SPEAKER9608,-52.373120471014495,-55.52071040017264,2.489158793364498,9.499119878422194
024380354,0.0,2.88,SPEAKER2438,-46.84655083550347,-53.667217042711044,2.4872533179082126,17.77847607889977
021790084,0.0,4.298,SPEAKER2179,-49.30638172238372,-57.16428554759306,2.4872533179082126,12.191593594109351
096190004,0.0,8.082,SPEAKER9619,-46.89300355816832,-52.64963382223378,2.486328183012238,5.210990040183891
032140164,0.0,2.3,SPEAKER3214,-46.10603770380435,-49.24122873942057,2.485962208451765,14.85897765029943
001140163,0.0,3.181,SPEAKER0114,-48.09007407134434,-52.68031120300293,2.477302834928375,16.36103877370252
010610017,0.0,2.8,SPEAKER1061,-44.63456333705357,-51.46984100341797,2.4746525414183687,14.538818477014301
096120003,0.0,7.292,SPEAKER9612,-43.12723443930041,-45.63492676307415,2.4746509824628267,4.940308940474665
012030007,0.0,3.02,SPEAKER1203,-50.35445661734271,-56.76980056762695,2.4700871834733027,17.53861963946327
001040069,0.0,3.76,SPEAKER0104,-45.43320416389628,-51.07130023411342,2.4700871834733027,10.756411824328286
096290022,0.0,7.754,SPEAKER9629,-48.5431502016129,-52.45930267333984,2.468803044152744,5.550099173253546
096130011,0.0,3.929,SPEAKER9613,-51.51655931933842,-59.47942148844401,2.4688023902600227,15.534595394531411
000010140,0.0,3.325,SPEAKER0001,-48.87002334365616,-54.16358642578125,2.4639738736058217,17.793987242222993
096190014,0.0,8.483,SPEAKER9619,-49.10535819575472,-52.803900718688965,2.463973024140569,3.423559422223992
034230083,0.0,3.025,SPEAKER3423,-44.418619791666664,-49.74353713989258,2.463973024140569,14.512308151546952
024880210,0.0,3.6,SPEAKER2488,-52.455083550347226,-59.19003035805442,2.463973024140569,16.46491683442151
024270168,0.0,2.461,SPEAKER2427,-44.89090288363821,-50.880566120147705,2.463973024140569,15.907205600741602
014180150,0.0,3.297,SPEAKER1418,-46.19782788825758,-48.87454175949097,2.463973024140569,16.51929913751067
008110307,0.0,3.29,SPEAKER0811,-48.48414347454408,-50.57247196544301,2.463973024140569,15.69651675193047
005600015,0.0,4.127,SPEAKER0560,-47.98575117282083,-52.63172219016335,2.463973024140569,14.121802278996764
014650088,0.0,6.38,SPEAKER1465,-43.60252375587774,-49.356393111379525,2.4639696262795563,13.528684797076227
096250012,0.0,4.966,SPEAKER9625,-46.56505045900403,-49.731503295898435,2.4630410341755105,4.79170475545558
096110022,0.0,4.363,SPEAKER9611,-43.781917467029814,-50.389451599121095,2.4630410341755105,10.63290956169872
050720136,0.0,2.541,SPEAKER5072,-45.885646069143704,-53.342886838045985,2.4630410341755105,18.860953313772153
030880041,0.0,5.353,SPEAKER3088,-46.732432827102805,-49.83005641056941,2.4629721510008245,14.09828205285574
091180056,0.0,3.39,SPEAKER9118,-46.14640947640118,-50.18464792691744,2.4629712813609834,14.945859157416393
024480292,0.0,3.974,SPEAKER2448,-48.221081942695214,-53.30092811584473,2.4629712813609834,18.461750437244923
020300005,0.0,3.55,SPEAKER2030,-42.474730413732395,-42.88684730529785,2.4629712813609834,7.53955109338556
020270136,0.0,3.639,SPEAKER2027,-48.30059344951923,-52.3800367627825,2.4629712813609834,4.6001981388641155
012030031,0.0,2.25,SPEAKER1203,-43.95199652777778,-49.0581771850586,2.4629712813609834,13.519009852281318
011560354,0.0,4.444,SPEAKER1156,-47.62746779983108,-51.20396484375,2.4629712813609834,16.192754354853054
005600268,0.0,3.818,SPEAKER0560,-47.25309841295812,-50.86240598890517,2.4629712813609834,16.680264616822072
020220021,0.0,5.068,SPEAKER2022,-50.5126702724359,-55.5359712080522,2.4596211218273774,13.456102058702418
096400018,0.0,3.911,SPEAKER9640,-39.60180726502558,-42.57516023847792,2.4455780047879356,13.405892837500502
015030005,0.0,3.437,SPEAKER1503,-51.060387899709305,-55.88078918457031,2.4455780047879356,9.037684297462683
020590276,0.0,4.694,SPEAKER2059,-46.657515991471215,-49.95195251464844,2.4437292729166984,14.092911220835022
096260017,0.0,8.688,SPEAKER9626,-48.62653283227848,-54.34989590115018,2.433059061534419,3.494574659884668
020160042,0.0,3.285,SPEAKER2016,-46.18093417553192,-50.55844818918329,2.4221400977170195,17.30849255191471
000490052,0.0,3.142,SPEAKER0049,-44.7367666451035,-49.51565794511275,2.4221400977170195,14.232199411406455
013620210,0.0,4.35,SPEAKER1362,-48.41941002155173,-53.68320053100586,2.4139492915306593,8.12020797753975
010500058,0.0,2.77,SPEAKER1050,-43.987558523240075,-49.00802010756273,2.4128082443649412,14.22407077377949
001110173,0.0,3.2,SPEAKER0111,-48.822314453125,-54.66752700805664,2.4128082443649412,11.67261037333819
030830135,0.0,2.88,SPEAKER3083,-44.802825927734375,-47.13093524509006,2.409265658842621,14.458720522511442
007390238,0.0,4.362,SPEAKER0739,-46.92952623279817,-49.84329041980562,2.4092652691037353,13.182943658992192
095560017,0.0,4.205,SPEAKER9556,-48.144777130344416,-50.46918888092041,2.4081395763270304,12.639224156097018
030490010,0.0,3.462,SPEAKER3049,-46.93018989342485,-50.965247414328836,2.4081395763270304,14.592477660296801
000560016,0.0,4.399,SPEAKER0056,-47.837748579545455,-49.35594759489361,2.4081395763270304,12.232872691608799
014390163,0.0,4.86,SPEAKER1439,-47.69714104295267,-53.03204536437988,2.408137720878064,12.507895831645014
021160120,0.0,5.121,SPEAKER2116,-48.15048599243164,-51.84180402755737,2.405999406101394,17.162669816094088
000010122,0.0,3.42,SPEAKER0001,-50.519559804459064,-53.01763434159128,2.398274330535575,14.271866187391929
060990059,0.0,5.13,SPEAKER6099,-43.81288453338207,-47.90594232493434,2.398272536548602,15.208462144963804
096140002,0.0,5.622,SPEAKER9614,-49.53069742548932,-55.02993901570638,2.3979873917363843,12.18526820002237
011970142,0.0,5.976,SPEAKER1197,-44.16116220735786,-48.019440439012314,2.394307974992797,15.201378621982915
009600062,0.0,3.422,SPEAKER0960,-45.332490976790936,-49.89962274887983,2.394307974992797,17.949548081010175
024510164,0.0,4.255,SPEAKER2451,-44.29413787411972,-47.465018012306906,2.3943075653114487,14.054790184517408
096040009,0.0,3.558,SPEAKER9604,-53.02974126580056,-55.16471686730018,2.3921132351577343,14.384052994793725
015030041,0.0,2.91,SPEAKER1503,-43.84219958118557,-47.71415405273437,2.3921132351577343,13.9465241122468
000260096,0.0,3.39,SPEAKER0026,-46.2862134725295,-51.32705408732097,2.3921126436501035,15.766805523607665
015020113,0.0,3.44,SPEAKER1502,-46.31683775436046,-51.16079784574963,2.3921120521424726,11.417427610875041
011970023,0.0,7.4,SPEAKER1197,-43.317459353885134,-49.613115310668945,2.391973203121508,12.156934228688494
001450170,0.0,4.46,SPEAKER0145,-43.41370340526906,-48.149528230939595,2.391973203121508,12.549441975878112
091010149,0.0,5.21,SPEAKER9101,-45.55693303142994,-47.140084686279295,2.391972044570981,15.116671385306597
001450070,0.0,4.751,SPEAKER0145,-41.522339638157895,-51.01345208974985,2.391972044570981,18.322075522167175
014470109,0.0,4.34,SPEAKER1447,-50.54256822436636,-58.5923510464755,2.390691655974425,14.681460956767225
004610177,0.0,3.23,SPEAKER0461,-43.62072791698916,-45.26091003417969,2.390691655974425,13.848808342961595
010440093,0.0,2.61,SPEAKER1044,-47.8603365960249,-49.39908669211648,2.3906900476011406,13.534255653794759
000540001,0.0,2.819,SPEAKER0054,-49.100454343971634,-54.685493850708006,2.3906884392278567,11.898226929320824
054060139,0.0,5.18,SPEAKER5406,-43.314396567326256,-44.76418245755709,2.388543250889998,12.41136334693957
085810084,0.0,4.06,SPEAKER8581,-43.54859721366995,-47.85620389665876,2.3885404516224242,13.80842355859634
010990048,0.0,3.19,SPEAKER1099,-45.620588631465516,-44.99406433105469,2.3885404516224242,12.662580188135923
054280021,0.0,2.52,SPEAKER5428,-43.36070421006944,-49.832661628723145,2.3885390519886376,15.870917614383604
091010107,0.0,4.14,SPEAKER9101,-47.425215126811594,-49.690869111281174,2.3885376523548505,15.244684122841061
032140150,0.0,2.121,SPEAKER3214,-47.82220113502358,-57.58354568481445,2.3885376523548505,14.130137809256784
024410160,0.0,3.72,SPEAKER2441,-48.269331737231184,-50.9101203918457,2.3885376523548505,17.49110472267825
010990020,0.0,3.12,SPEAKER1099,-46.93996957632211,-52.42862367630005,2.3885376523548505,17.006779591943868
010390175,0.0,2.93,SPEAKER1039,-42.22898890784983,-46.34913889567057,2.3885376523548505,14.092062687907507
001130087,0.0,4.4,SPEAKER0113,-50.42715287642046,-57.13931783040365,2.3789785872580556,13.461561502820361
065040126,0.0,2.39,SPEAKER6504,-44.08856073483263,-52.52837944030762,2.378977296506066,12.29623868252207
015020070,0.0,3.111,SPEAKER1502,-48.937493719855304,-52.991335942195015,2.3789760057540765,9.77053228260176
010640005,0.0,4.262,SPEAKER1064,-46.248739179870896,-48.229125068301244,2.3780743864787515,8.650430252964517
000940086,0.0,2.26,SPEAKER0094,-50.20611950359513,-53.063232421875,2.3780736730296304,15.661208760697956
025380091,0.0,3.694,SPEAKER2538,-50.95788342649052,-53.63891116055575,2.373987758666679,17.10182296155123
096070024,0.0,6.517,SPEAKER9607,-42.99571630559816,-47.44750244140625,2.3671835415582008,9.829588534403342
024380040,0.0,3.378,SPEAKER2438,-51.9015694341716,-55.91207027435303,2.366354581887155,14.814900618340097
014180088,0.0,3.44,SPEAKER1418,-47.41611214571221,-50.42667706807455,2.366354581887155,13.850787661598176
027990046,0.0,2.542,SPEAKER2799,-50.84046659694882,-53.311885016305105,2.3663530933980725,13.52869083010117
021680369,0.0,3.228,SPEAKER2168,-52.3778359616873,-54.74028854370117,2.3663530933980725,7.724165619523578
020610207,0.0,4.858,SPEAKER2061,-44.31613297325103,-47.85414822896322,2.366352349153531,10.811650755190431
030070159,0.0,2.78,SPEAKER3007,-46.820438961330936,-50.862041179950424,2.3663516049089894,13.031447450502196
020340071,0.0,2.86,SPEAKER2034,-45.85190736997377,-50.03432493943434,2.3663516049089894,14.638605365717325
014190081,0.0,3.11,SPEAKER1419,-45.34625263766077,-48.279579162597656,2.3663516049089894,13.838560118475819
013360161,0.0,3.55,SPEAKER1336,-54.80662411971831,-56.8067437952215,2.3663516049089894,17.491953581398118
009810230,0.0,3.764,SPEAKER0981,-47.923604762300535,-49.279506047566734,2.3663516049089894,13.831604122508736
000440045,0.0,3.261,SPEAKER0044,-45.53059396568251,-48.77814769744873,2.3663516049089894,12.333038152762523
021700176,0.0,2.624,SPEAKER2170,-49.62086265505725,-53.43421401977539,2.3654822469644436,13.288208987348185
001330129,0.0,2.937,SPEAKER0133,-48.9557955994898,-49.76043642484225,2.3654822469644436,12.93195016212049
095560080,0.0,3.891,SPEAKER9556,-49.20767392352185,-50.03591971561826,2.365480716783446,15.467825975613788
001450171,0.0,5.24,SPEAKER0145,-41.405854902194655,-47.18802049424913,2.365480716783446,14.621981683614093
001040106,0.0,3.868,SPEAKER0104,-43.59702034883721,-48.64078222002302,2.365480716783446,10.346281391688155
001030143,0.0,3.1,SPEAKER0103,-45.916869329637095,-50.117225885391235,2.365480716783446,16.132106554200927
096430018,0.0,8.086,SPEAKER9643,-45.88082798980223,-49.832623741843484,2.359366104906683,5.545315785521666
080630038,0.0,3.1,SPEAKER8063,-44.95489226310484,-46.83322786030016,2.359366104906683,16.05068473867554
064010109,0.0,2.704,SPEAKER6401,-46.66391420717593,-52.596820484508164,2.359366104906683,10.075873350481238
060670072,0.0,3.66,SPEAKER6067,-44.43035188268443,-47.6036600112915,2.359366104906683,13.989344179971669
050390049,0.0,2.99,SPEAKER5039,-49.497752926421406,-54.80188348558214,2.359366104906683,12.698165824962253
020220120,0.0,3.046,SPEAKER2022,-48.68867507684426,-53.35560589744931,2.359366104906683,17.609767023463757
010290094,0.0,2.2,SPEAKER1029,-47.15622336647727,-53.50936737060547,2.359366104906683,13.427627541908237
064010086,0.0,3.42,SPEAKER6401,-48.43542123538012,-52.039527893066406,2.3593651466974017,9.634985804674908
010920025,0.0,5.48,SPEAKER1092,-40.42881429630474,-46.906494140625,2.3590981544794603,14.391615911084374
005630330,0.0,3.52,SPEAKER0563,-55.80947043678977,-59.43700154622396,2.3590975005867385,21.582516027823377
096300004,0.0,5.23,SPEAKER9630,-46.08657609345124,-50.907992095947264,2.359096846694017,8.815271704137825
014180084,0.0,4.25,SPEAKER1418,-49.19815257352941,-52.339074787340664,2.359096846694017,15.884001235444
014390057,0.0,4.61,SPEAKER1439,-46.83297180043384,-51.11724157894359,2.3531187430057092,12.988871761050817
096220009,0.0,7.191,SPEAKER9622,-43.37935446366481,-49.55050981961764,2.352973912205222,7.999713121771313
013620361,0.0,3.11,SPEAKER1362,-50.133459354903536,-60.67530223301479,2.352973912205222,6.018130802651402
096450017,0.0,4.838,SPEAKER9645,-47.702773921745866,-50.32165167066786,2.3514203653988592,5.310543613439206
014350012,0.0,3.525,SPEAKER1435,-44.24281548778329,-48.03854560852051,2.3425335550458866,15.322733371215119
010290287,0.0,3.0,SPEAKER1029,-45.530029296875,-50.363639429995885,2.3425335550458866,11.593699658043747
001220137,0.0,4.01,SPEAKER0122,-50.037011962281795,-58.27089138031006,2.3425335550458866,18.039928709900686
000930005,0.0,2.78,SPEAKER0093,-45.64533919739208,-49.84877187555487,2.3425335550458866,10.663014485224535
022440337,0.0,3.573,SPEAKER2244,-44.571414894082636,-52.93472806145163,2.342531006436932,13.846453612126957
010640286,0.0,2.639,SPEAKER1064,-46.99509499289773,-48.85526487562392,2.342531006436932,7.100054237281348
001120162,0.0,2.46,SPEAKER0112,-50.538895769817074,-54.505066264759414,2.342531006436932,13.314254597937042
000920136,0.0,3.77,SPEAKER0092,-48.9450793683687,-52.41817766077378,2.342531006436932,17.159418384624004
055510046,0.0,4.484,SPEAKER5551,-46.34112984793527,-51.579885656183414,2.3300753422193248,12.68889253194942
096190007,0.0,7.665,SPEAKER9619,-46.43665967242503,-50.80974047524588,2.3270704993547917,7.091999024200341
020020108,0.0,3.478,SPEAKER2002,-46.94889603538075,-49.62077604021345,2.3270704993547917,11.161398430012126
051950038,0.0,3.25,SPEAKER5195,-48.66381310096154,-53.817779302597046,2.327069160222703,15.18817217533143
030270151,0.0,2.3,SPEAKER3027,-50.026278023097824,-56.09723822275797,2.3270684906566586,12.95852878160769
090700054,0.0,3.19,SPEAKER9070,-41.86124546923981,-44.10697977166427,2.327067821090614,11.77266369549228
069120059,0.0,3.742,SPEAKER6912,-52.27254449364973,-53.58437568263004,2.327067821090614,3.8169627387667404
034230063,0.0,3.92,SPEAKER3423,-46.72561583227041,-49.48761520385742,2.327067821090614,16.978572412021244
020610206,0.0,3.13,SPEAKER2061,-45.4376216803115,-48.965905357809625,2.327067821090614,10.047947438861955
014690136,0.0,6.8,SPEAKER1469,-41.277022058823526,-49.07091445922852,2.327067821090614,13.63881263090271
096460018,0.0,2.889,SPEAKER9646,-44.4694292009083,-50.85201716423035,2.325575325491432,11.656271931909053
000960168,0.0,2.28,SPEAKER0096,-43.91911235608553,-49.42024666922433,2.325575325491432,10.895447070755392
096180020,0.0,7.095,SPEAKER9618,-47.15226122359155,-49.86935842604864,2.3255749158100842,6.007873110457162
001120105,0.0,4.071,SPEAKER0112,-52.338509674447174,-55.405671063591456,2.3253023484011655,8.091975558217385
001330067,0.0,2.825,SPEAKER0133,-46.25565923144876,-50.81966857910156,2.3253001818661883,14.176395931724258
096470020,0.0,4.864,SPEAKER9647,-48.433224022633745,-55.24206797281901,2.3251651260194452,5.43474530398467
000010035,0.0,3.43,SPEAKER0001,-47.479973350947525,-48.257959806002106,2.3214573891588532,13.433792619720254
060990121,0.0,4.28,SPEAKER6099,-42.9009929906542,-46.68284052894229,2.3214565396936004,14.081513625172114
038370070,0.0,3.58,SPEAKER3837,-44.05469295565643,-51.53451156616211,2.3214565396936004,16.802482314791664
021160198,0.0,3.816,SPEAKER2116,-44.55591459424084,-48.28276672363281,2.3214565396936004,14.444463920609502
008130196,0.0,2.352,SPEAKER0813,-46.947352892287235,-50.816378593444824,2.3214565396936004,15.110029691785682
001350091,0.0,4.78,SPEAKER0135,-47.47525496861925,-48.40509728462465,2.3214565396936004,14.190094474118979
000540031,0.0,3.88,SPEAKER0054,-48.974649645618555,-51.337178450364334,2.3214565396936004,11.139916849860896
000530054,0.0,2.68,SPEAKER0053,-43.172855206389926,-49.4555918375651,2.3214565396936004,16.65649153511141
030210050,0.0,2.34,SPEAKER3021,-47.84105819310897,-49.30596715753729,2.321455690228347,14.377958547615917
096240016,0.0,2.76,SPEAKER9624,-45.80239116281703,-50.29237937927246,2.3170700659022736,11.865459467341143
010120166,0.0,3.54,SPEAKER1012,-44.07421323269774,-48.88110958446156,2.3170700659022736,15.207295439665439
004570300,0.0,4.56,SPEAKER0457,-53.85839415433114,-54.87045761634563,2.3170700659022736,3.7085737089898316
030490076,0.0,4.281,SPEAKER3049,-41.74486163843458,-45.05631721019745,2.317068326622591,13.670071298935374
030200108,0.0,3.16,SPEAKER3020,-47.09300521657437,-52.527919182410606,2.312124223052539,8.95570852372014
010610057,0.0,3.65,SPEAKER1061,-44.513308005136984,-52.07698440551758,2.312124223052539,13.410334604407918
096400007,0.0,6.83,SPEAKER9640,-45.63884917185212,-49.19710922241211,2.2947870336032548,5.128727622689887
001570272,0.0,2.72,SPEAKER0157,-42.287773581112134,-48.40874030373313,2.2947870336032548,20.06046100521544
096450010,0.0,6.654,SPEAKER9645,-50.96714638157895,-56.94076734973538,2.294786454327991,4.9796807920384705
096300019,0.0,3.436,SPEAKER9630,-47.07926621547965,-50.13330790201823,2.294786454327991,10.556636961563449
080570067,0.0,3.56,SPEAKER8057,-47.49789874473315,-50.47466144561768,2.2937228078215566,15.137228475901162
030270075,0.0,2.13,SPEAKER3027,-45.473275198063384,-49.123237956653945,2.293239048324641,15.689195943545812
010610087,0.0,2.739,SPEAKER1061,-45.31425709968066,-49.83635956900461,2.2928748169150284,14.285223771218273
000530115,0.0,4.08,SPEAKER0053,-47.972330729166664,-52.91449801127116,2.2928748169150284,14.026396198556771
065040042,0.0,3.241,SPEAKER6504,-41.695493344907405,-43.464451217651366,2.2928736338997666,11.717149827545711
030200153,0.0,4.41,SPEAKER3020,-44.99727182539682,-46.453989028930664,2.2928736338997666,10.382695948095254
015020162,0.0,2.838,SPEAKER1502,-46.75272337147887,-50.709906260172524,2.2928736338997666,10.675377788649012
008110049,0.0,3.146,SPEAKER0811,-48.97371651785714,-50.13457090958305,2.2924204078478922,12.087698024369407
005670189,0.0,3.24,SPEAKER0567,-54.74164496527778,-59.27555251121521,2.2924204078478922,19.382184412007433
096460019,0.0,3.372,SPEAKER9646,-40.91815131212908,-46.23987150192261,2.2924195337170157,13.331746422029573
021790025,0.0,2.96,SPEAKER2179,-52.1790210620777,-61.41936421394348,2.2823475542073846,14.704974741586378
096390015,0.0,3.27,SPEAKER9639,-43.8681969132263,-48.42617842730354,2.2809631620848005,12.790650044817863
096310009,0.0,3.661,SPEAKER9631,-46.01148394808743,-48.14344813028971,2.2809631620848005,12.96741785260151
096070018,0.0,5.905,SPEAKER9607,-44.93589057212352,-49.63943099975586,2.2809631620848005,9.09924057529313
014690144,0.0,4.67,SPEAKER1469,-45.334339868843685,-51.70323544456845,2.2809631620848005,14.850720968678807
014220044,0.0,3.53,SPEAKER1422,-44.49844247963881,-49.023804297814,2.2809631620848005,12.65679606796864
005670160,0.0,3.99,SPEAKER0567,-52.336676652568926,-57.01698218451606,2.2809631620848005,23.535537642240925
000530030,0.0,3.566,SPEAKER0053,-45.555231858368344,-51.558131081717356,2.2809631620848005,15.986151313338908
060100004,0.0,4.31,SPEAKER6010,-45.398691270301626,-49.96234130859375,2.27964684329299,12.464272992823993
032080056,0.0,2.38,SPEAKER3208,-43.59156709558823,-49.892120361328125,2.279645928884041,15.989391658250508
096230008,0.0,4.583,SPEAKER9623,-44.09129793258734,-48.814346660267226,2.2796450144750917,7.993813782659423
096140009,0.0,6.923,SPEAKER9614,-43.02019734465318,-52.50187507042518,2.2737096967188517,14.246729046434293
091010055,0.0,3.53,SPEAKER9101,-46.7067380046034,-50.75415897369385,2.2737096967188517,15.451166410392638
001120097,0.0,3.408,SPEAKER0112,-51.88199917521994,-57.71835708618164,2.2737087500883497,13.226131388490126
055510122,0.0,4.562,SPEAKER5551,-44.89337907757675,-51.47526168823242,2.2719985787423145,10.067378588241017
096400028,0.0,4.202,SPEAKER9640,-42.51971261160714,-45.62103046070445,2.2714534938862676,14.421765015234016
060670029,0.0,3.6,SPEAKER6067,-48.2248046875,-53.9913709303912,2.271130771774916,13.974634158087982
032140025,0.0,4.901,SPEAKER3214,-43.052515146683675,-47.02112856778231,2.271130771774916,14.629369283410673
030880146,0.0,2.91,SPEAKER3088,-48.422123335481096,-48.318819219415836,2.271130771774916,13.086273361719865
000700109,0.0,3.72,SPEAKER0070,-44.94632581485215,-49.58379091535296,2.271130771774916,17.447824620180125
030140173,0.0,2.31,SPEAKER3014,-46.23349567099567,-51.82896270751953,2.2711293721411288,16.812320850927918
001310155,0.0,2.091,SPEAKER0131,-52.75632195723684,-56.13077863057455,2.2711293721411288,14.627307256498613
091070033,0.0,2.76,SPEAKER9107,-44.745279947916664,-49.02366489834256,2.2711279725073417,16.025539731791433
024270178,0.0,2.85,SPEAKER2427,-46.913020833333334,-51.833157777786255,2.2711279725073417,17.159709504767015
020610010,0.0,3.27,SPEAKER2061,-44.53718403574159,-47.96410663311298,2.2711279725073417,14.614999120426727
012600177,0.0,3.78,SPEAKER1260,-41.52096767526455,-45.45483071463449,2.2711279725073417,10.296854177128086
000920122,0.0,3.527,SPEAKER0092,-48.85357648725213,-50.15953581673758,2.2711279725073417,14.106694207045892
000700012,0.0,3.01,SPEAKER0070,-47.26576126453488,-49.498907725016274,2.2711279725073417,15.830969469430798
032080119,0.0,4.71,SPEAKER3208,-48.28168541003185,-49.79630491468642,2.271125173239768,14.318630896132747
001310076,0.0,5.169,SPEAKER0131,-44.968198440522244,-47.79936459189967,2.271125173239768,11.671770033629954
096170024,0.0,3.808,SPEAKER9617,-45.21157316272966,-49.98517155647278,2.270702565855909,13.346336207655433
007360006,0.0,6.96,SPEAKER0736,-49.905441810344826,-54.74291408061981,2.270702565855909,8.786189407649523
022420106,0.0,3.115,SPEAKER2242,-42.744822966746796,-48.995277616712784,2.2706999843519293,16.164467444670315
022420362,0.0,3.531,SPEAKER2242,-44.514662269830026,-49.988546280633834,2.2706999843519293,14.028084667472761
020610291,0.0,2.73,SPEAKER2061,-44.02014652014652,-46.707216944013325,2.2706999843519293,12.439062532735017
010440119,0.0,3.399,SPEAKER1044,-44.91958295036765,-47.240956256264134,2.2686357729690116,12.935215193581934
004820239,0.0,3.15,SPEAKER0482,-43.18695126488095,-46.59160274929471,2.2686357729690116,14.77812014458783
096300005,0.0,3.817,SPEAKER9630,-43.26761902814136,-47.24809587918795,2.267622903953917,10.09759360686498
054320149,0.0,4.601,SPEAKER5432,-46.46039402173913,-48.85267791748047,2.2583776005727527,11.01372989105459
096290015,0.0,6.705,SPEAKER9629,-51.2689316318927,-60.135911604937384,2.2570642481880268,5.690866965970869
096110018,0.0,3.572,SPEAKER9611,-46.15330663515406,-51.3856208437965,2.256841856627371,12.623901575394008
013360123,0.0,2.88,SPEAKER1336,-55.006378173828125,-61.26903742009943,2.256841856627371,16.126749664041334
096080005,0.0,6.387,SPEAKER9608,-48.91362541568858,-52.211588541666664,2.256265165756579,13.70239033072561
024270292,0.0,3.034,SPEAKER2427,-45.44301451629538,-48.48532746967516,2.255771654668929,17.299620156498726
020340019,0.0,2.85,SPEAKER2034,-51.244586074561404,-53.23890471458435,2.255771654668929,14.189338368062584
009810293,0.0,3.171,SPEAKER0981,-45.48396219440063,-52.153564180646626,2.2557700462956447,12.034496845613301
030880092,0.0,2.535,SPEAKER3088,-45.84158156988189,-51.250132369995114,2.255768437922361,13.11525054775588
024500095,0.0,4.2,SPEAKER2450,-52.47141927083333,-56.88947122747248,2.255768437922361,16.74558568358418
024410052,0.0,4.242,SPEAKER2441,-48.801384691922166,-49.672649778168775,2.255768437922361,11.42013988415205
014390064,0.0,4.41,SPEAKER1439,-45.421609268707485,-50.97865785871233,2.255768437922361,13.262645412435202
009810235,0.0,3.52,SPEAKER0981,-45.03957297585227,-49.38627882564769,2.255768437922361,18.602060488483936
011860373,0.0,3.8,SPEAKER1186,-44.68110608552632,-51.38597950182463,2.254989930250053,14.260559616234353
000750108,0.0,2.459,SPEAKER0075,-55.30715272484756,-59.74972479684012,2.2549886527891108,23.32887911097085
096490018,0.0,3.267,SPEAKER9649,-50.93526017775229,-59.38931333101713,2.2524933843530777,14.716463236271515
030210060,0.0,3.45,SPEAKER3021,-43.142864017210144,-43.972409900866054,2.2524933843530777,14.150244502476626
001130173,0.0,2.89,SPEAKER0113,-50.252456612240486,-55.00091972351074,2.252492920490836,15.5474524194081
030270073,0.0,5.494,SPEAKER3027,-48.482347165300546,-53.12811364067925,2.2493919570207335,11.024331972114826
054180130,0.0,4.679,SPEAKER5418,-45.72385817307692,-48.35673299329034,2.2414911866721474,14.374100470919553
010120303,0.0,3.99,SPEAKER1012,-46.942874765037594,-51.300321640506866,2.2414896981830643,14.20123241252976
001490171,0.0,2.191,SPEAKER0149,-45.585103631563925,-54.53606176376343,2.2414896981830643,9.766411281426102
010330139,0.0,4.529,SPEAKER1033,-47.968461127207505,-52.62630709479837,2.241488209693981,10.425246032203525
001570216,0.0,3.377,SPEAKER0157,-47.20974424463758,-49.78640445073446,2.241488209693981,17.096195971033133
012600368,0.0,5.193,SPEAKER1260,-40.878469713391134,-46.73504505157471,2.241486721204898,9.580248230464452
014190098,0.0,3.38,SPEAKER1419,-45.61433293269231,-47.758494186401364,2.2403918735327673,14.796706811297547
000540077,0.0,3.6,SPEAKER0054,-54.43772243923611,-54.83595848083496,2.238049364378533,9.011487569914166
024880041,0.0,2.934,SPEAKER2488,-51.135638865187715,-57.66792509290907,2.2371230139787097,10.072756266389485
024510215,0.0,5.588,SPEAKER2451,-49.655477834302324,-51.93437928419847,2.2371230139787097,13.404765275561953
001200145,0.0,3.72,SPEAKER0120,-42.213717552923384,-45.746770782470705,2.237120336161964,16.764428657241588
085840117,0.0,2.93,SPEAKER8584,-46.20861108148464,-49.5662587483724,2.2371199536167143,9.534851170876678
030070093,0.0,3.19,SPEAKER3007,-45.135157474529784,-47.51123237609863,2.2371199536167143,11.384568287532193
021790039,0.0,3.15,SPEAKER2179,-48.74620845734127,-56.55077198573521,2.2371199536167143,10.731309149219257
021680249,0.0,3.711,SPEAKER2168,-52.46304855963612,-56.789324718972914,2.2371199536167143,6.909562663450927
020590144,0.0,3.728,SPEAKER2059,-50.08608935154155,-55.03898525238037,2.2371199536167143,16.52348550970689
014650063,0.0,3.65,SPEAKER1465,-44.19105575770548,-49.841654557448166,2.2371199536167143,12.977080909955165
011350345,0.0,5.57,SPEAKER1135,-49.429175549820464,-53.13039125714983,2.2371199536167143,12.22810368453909
007390220,0.0,4.825,SPEAKER0739,-48.3455211568323,-52.139912177776466,2.2371199536167143,20.446833690759757
096310018,0.0,5.501,SPEAKER9631,-47.39284801136364,-51.12770514054732,2.2344302885888956,10.042475468314532
024410158,0.0,2.81,SPEAKER2441,-45.71733207295374,-48.7857666015625,2.234429205321407,16.708682817050466
024020176,0.0,4.02,SPEAKER2402,-47.20034592661692,-53.33893262423002,2.232736027076159,14.068772858159246
096390016,0.0,4.227,SPEAKER9639,-46.82234411938534,-48.3990896665133,2.2216140088123577,11.947197096070049
051950018,0.0,4.07,SPEAKER5195,-50.395524608415236,-55.413238525390625,2.2216140088123577,14.242648383668833
034230079,0.0,3.03,SPEAKER3423,-47.06017300948845,-50.19974708557129,2.2216140088123577,16.164531666525004
030270033,0.0,5.06,SPEAKER3027,-49.25187978631423,-50.70440856933594,2.2216140088123577,13.64660640249778
020140055,0.0,3.348,SPEAKER2014,-47.02259503264926,-55.87992680867513,2.2216140088123577,10.907321432459185
027990309,0.0,2.367,SPEAKER2799,-49.09069669699367,-51.63463651216947,2.2216113389509267,16.90914003170208
023800298,0.0,4.369,SPEAKER2380,-43.82917977688787,-47.961156430451766,2.2216113389509267,18.37747489581112
020070105,0.0,3.39,SPEAKER2007,-44.38928546736726,-49.72614789009094,2.2216113389509267,14.383596791762603
010500012,0.0,2.74,SPEAKER1050,-42.631978501368614,-45.695043087005615,2.221608669089496,12.338292601918486
080630062,0.0,3.363,SPEAKER8063,-46.1517828078497,-50.11256217956543,2.215569795468126,18.752176767127324
021680169,0.0,3.012,SPEAKER2168,-49.661379386420265,-53.528804779052734,2.2130473203896512,10.021715245525321
007360296,0.0,4.3,SPEAKER0736,-51.05084484011628,-58.32394267894603,2.2101418249082756,16.175761926700403
096240005,0.0,6.363,SPEAKER9624,-46.603641534001575,-52.24362198511759,2.206861834140103,9.812009179564313
015020022,0.0,3.537,SPEAKER1502,-44.36399574064266,-50.95745900472005,2.20200525786179,12.699631313150697
060670044,0.0,4.26,SPEAKER6067,-48.505799772593896,-51.50953380878155,2.201456220945595,13.0853341600949
024270053,0.0,3.371,SPEAKER2427,-45.12243543675816,-50.307059568517346,2.198605417375551,19.09468686105487
021160075,0.0,4.485,SPEAKER2116,-48.93366769905345,-52.984677178519114,2.198605417375551,15.80955369462017
010390126,0.0,2.77,SPEAKER1039,-44.812323725180505,-51.6238037109375,2.198605417375551,12.807483860483696
010290320,0.0,3.718,SPEAKER1029,-47.804661248319896,-50.74409030033992,2.198605417375551,12.61543720567568
050290038,0.0,3.13,SPEAKER5029,-50.36191156649361,-51.975210363214664,2.19860445916627,10.092281437677078
020310141,0.0,2.69,SPEAKER2031,-48.93860362453532,-54.075932446648096,2.1986035009569886,15.369960945813105
024020265,0.0,2.68,SPEAKER2402,-49.37072207322761,-56.363437107631135,2.198168406169016,14.088001598865318
001350163,0.0,2.9,SPEAKER0135,-46.67223531788793,-50.080901039971245,2.1976020226355284,14.881329773234787
000750149,0.0,4.413,SPEAKER0075,-49.17035590277778,-52.369324366251625,2.1976008640850013,16.615100995158905
001120130,0.0,2.449,SPEAKER0112,-54.15100047831633,-57.35702705383301,2.1976002848097376,15.941517530912321
001120024,0.0,2.97,SPEAKER0112,-47.764431423611114,-55.0162353515625,2.1976002848097376,16.167799684418423
020070132,0.0,4.26,SPEAKER2007,-46.7644375366784,-49.07438258120888,2.197599705534474,15.260742027355828
015010145,0.0,3.66,SPEAKER1501,-46.3278475068306,-50.70666298499474,2.197599705534474,11.886254027826421
014390086,0.0,5.73,SPEAKER1439,-48.779828615837694,-52.90032216122276,2.197599705534474,11.141395583951827
009810196,0.0,4.39,SPEAKER0981,-46.49095511816629,-54.381691419161285,2.197599705534474,14.324541573849537
023270032,0.0,3.579,SPEAKER2327,-47.42155311627095,-49.09376126243954,2.1945401660768127,15.9498846620733
005600060,0.0,3.68,SPEAKER0560,-45.23518703294837,-49.03978706808651,2.1945401660768127,16.257233049407677
010760108,0.0,7.59,SPEAKER1076,-52.96983592720685,-58.27325359980265,2.1945395121840914,4.021214399125098
010760111,0.0,4.374,SPEAKER1076,-50.42576337242563,-56.8981071472168,2.1945395121840914,14.220892276827204
000010168,0.0,1.67,SPEAKER0001,-42.51097901852545,-49.08987045288086,2.1943006504319937,17.83510784736963
014180011,0.0,3.56,SPEAKER1418,-43.09130310744382,-47.005354245503746,2.1936363986723224,10.50905846424418
060990155,0.0,5.15,SPEAKER6099,-41.152677487864075,-44.307037353515625,2.1936358071646915,12.885628596783956
096340007,0.0,5.599,SPEAKER9634,-42.721240234375,-49.764721210186295,2.1936352156570607,6.78615873738762
020220232,0.0,2.618,SPEAKER2022,-46.38272304389313,-54.664537302652995,2.1936352156570607,17.63667842740448
014350153,0.0,2.633,SPEAKER1435,-50.23545181796578,-52.04691390991211,2.1881087974446576,14.277452135577892
011090320,0.0,6.25,SPEAKER1109,-50.616384375,-54.508978641394414,2.1881087974446576,11.271608441176726
010460079,0.0,2.558,SPEAKER1046,-46.17547607421875,-50.961630014272835,2.182456309123897,9.18266330829822
095560153,0.0,4.712,SPEAKER9556,-52.0206633160828,-51.29904504255815,2.178940055246632,11.896341544381583
050390020,0.0,3.22,SPEAKER5039,-48.93307210791925,-52.04845575185922,2.178940055246632,9.00156425173973
024500139,0.0,3.086,SPEAKER2450,-47.06627667374595,-52.84608664879432,2.178940055246632,18.78819813823424
010440038,0.0,3.52,SPEAKER1044,-48.36858575994318,-50.421658515930176,2.178940055246632,14.695344412123669
010390183,0.0,2.42,SPEAKER1039,-43.55786738119835,-48.403491680438705,2.178940055246632,13.906854953378902
000940042,0.0,3.27,SPEAKER0094,-45.47110032014526,-44.948002115885416,2.178940055246632,12.112445880550322
050150145,0.0,2.849,SPEAKER5015,-48.66662554824561,-52.16447067260742,2.178939205781379,12.727066894673062
014690067,0.0,4.07,SPEAKER1469,-48.451219863329236,-54.067142232259116,2.1778885143663693,12.753838966726686
030120106,0.0,4.175,SPEAKER3012,-44.47245065789474,-48.91087072035845,2.1746702883661015,10.260719763521987
022520345,0.0,3.84,SPEAKER2252,-40.178802490234375,-43.70219109275124,2.1746702883661015,12.666932006941849
000050122,0.0,4.654,SPEAKER0005,-48.79562752016129,-57.46628704071045,2.1746702883661015,5.7980229944730866
000700034,0.0,3.44,SPEAKER0070,-46.553750681322676,-49.80713653564453,2.1736712776615907,15.95759111966638
014180044,0.0,3.86,SPEAKER1418,-45.790297117875646,-46.67391644991361,2.17366842690709,11.974329817496514
096170021,0.0,4.337,SPEAKER9617,-47.835023941532256,-51.69231049910836,2.1711688504435642,16.23153800421499
095550073,0.0,5.811,SPEAKER9555,-45.26390719126506,-47.07233474731445,2.1711688504435642,7.997378622278665
090700117,0.0,4.192,SPEAKER9070,-44.12386261933174,-45.365552357264924,2.1711688504435642,10.538843514373973
060990093,0.0,3.57,SPEAKER6099,-40.91189600840336,-44.53766417503357,2.1711688504435642,15.98845065466252
027400201,0.0,3.463,SPEAKER2740,-48.4884280166185,-53.07551089200106,2.1711688504435642,18.659392704936142
096000014,0.0,5.501,SPEAKER9600,-42.53370738636364,-46.60795699225532,2.16515226004876,5.6036289659947585
013620146,0.0,3.37,SPEAKER1362,-45.5418009319362,-53.00203496759588,2.16515226004876,18.50982147227986
022520366,0.0,4.058,SPEAKER2252,-43.04635544950739,-48.44301795959473,2.1624252537017723,13.129862226815678
022360262,0.0,2.498,SPEAKER2236,-43.49169140625,-51.89459419250488,2.1624252537017723,11.284822084478726
000700151,0.0,3.349,SPEAKER0070,-46.562482509328355,-50.446052006312776,2.1624246083257774,18.793588399692617
096330012,0.0,5.177,SPEAKER9633,-44.303062409507724,-46.36470603942871,2.1624239629497826,9.049649750519137
096110023,0.0,5.145,SPEAKER9611,-43.36471101334951,-50.50591784885952,2.1624239629497826,11.327928140160589
022510300,0.0,3.218,SPEAKER2251,-45.68335415857919,-50.660441398620605,2.1624239629497826,13.432635547898958
013620366,0.0,3.02,SPEAKER1362,-43.811613979718544,-48.30349922180176,2.1624239629497826,18.017949190579984
000440090,0.0,2.971,SPEAKER0044,-47.85332820391414,-50.83401107788086,2.1624239629497826,13.567865856344637
024480028,0.0,3.08,SPEAKER2448,-46.515666218547075,-48.96792432996962,2.153721091927407,19.05613331060271
004570283,0.0,4.43,SPEAKER0457,-52.115913339446955,-53.43886947631836,2.153721091927407,14.413792834527086
054280175,0.0,2.912,SPEAKER5428,-52.4994529907646,-59.79255962371826,2.15371969229362,14.647937026495754
030070099,0.0,2.44,SPEAKER3007,-46.37980276639344,-51.61122436523438,2.15371969229362,13.993521314531876
025380340,0.0,2.75,SPEAKER2538,-52.06530539772727,-56.8168763553395,2.15371969229362,17.932128639695424
096120011,0.0,5.028,SPEAKER9612,-43.88424142644135,-46.63766247885568,2.1537182926598333,9.564928809633685
030460052,0.0,3.709,SPEAKER3046,-47.85910124663073,-50.73003959655762,2.1537182926598333,11.872871277203773
029170309,0.0,4.948,SPEAKER2917,-47.40427320075757,-49.516121471629425,2.1537182926598333,15.5039242730578
014690006,0.0,3.73,SPEAKER1469,-49.11637064343164,-55.50912116555607,2.1537182926598333,17.518681592099114
014470149,0.0,3.01,SPEAKER1447,-46.15423847591362,-59.02838363647461,2.1537182926598333,17.15876477902983
014220167,0.0,3.463,SPEAKER1422,-41.521492842304916,-40.321750217013886,2.1537182926598333,13.826943299929056
010500090,0.0,2.89,SPEAKER1050,-49.825590668252595,-53.186065912246704,2.1537182926598333,7.202849738030158
010420047,0.0,2.543,SPEAKER1042,-45.17016024852362,-48.67896979195731,2.1537182926598333,10.923416444067861
004820371,0.0,3.61,SPEAKER0482,-43.76398837863574,-46.39259910583496,2.1537182926598333,17.29317982937536
001030102,0.0,3.052,SPEAKER0103,-47.70458824282787,-50.1857693195343,2.1537182926598333,18.606501369443198
000930014,0.0,3.478,SPEAKER0093,-42.9488174613865,-48.2110595703125,2.1537182926598333,12.286222730558698
000920104,0.0,3.779,SPEAKER0092,-52.77362351190476,-59.60463303786058,2.1537182926598333,14.157052686000856
030210044,0.0,2.78,SPEAKER3021,-41.63169893772482,-47.07782745361328,2.1477163747146437,12.329929696560491
096350010,0.0,10.597,SPEAKER9635,-49.57991229363208,-54.29077205657959,2.147716179845201,3.9765180335387615
096290008,0.0,8.764,SPEAKER9629,-49.95280393835616,-60.40920486450195,2.147716179845201,6.038791509025877
032080092,0.0,4.47,SPEAKER3208,-48.10248007550336,-51.46655349731445,2.1469456111767027,15.70821982948605
096450001,0.0,3.28,SPEAKER9645,-45.00503465605945,-47.81104588508606,2.1468799284371363,12.387842127231847
075510038,0.0,4.983,SPEAKER7551,-46.09562076430723,-49.588922119140626,2.14576572239054,14.548063807689804
060670041,0.0,2.704,SPEAKER6067,-48.21578414351852,-51.353457641601565,2.14576572239054,14.394695620361185
030020048,0.0,4.354,SPEAKER3002,-46.81795977011494,-53.514243364334106,2.14576572239054,10.944980241954935
001220166,0.0,2.97,SPEAKER0122,-53.95390756523569,-60.521021329439606,2.14576572239054,15.538615545065364
020310273,0.0,4.238,SPEAKER2031,-50.111337337853776,-54.728563944498696,2.1404768640494005,14.688303031436634
001040067,0.0,5.0,SPEAKER0104,-45.23209765625,-49.69639825820923,2.1404768640494005,11.328363095903846
040050125,0.0,3.072,SPEAKER4005,-45.43591268831433,-53.563577350817226,2.14031078451012,15.287594168650381
085840013,0.0,3.95,SPEAKER8584,-44.64998022151899,-48.28645111083984,2.139786226452582,12.56864231384201
000930018,0.0,3.97,SPEAKER0093,-46.67820174748111,-49.138782276826745,2.1396870673474493,6.440818875550967
001220159,0.0,3.914,SPEAKER0122,-43.2353490648977,-53.22088003158569,2.1386815281158746,13.967528277599971
000440089,0.0,3.36,SPEAKER0044,-45.61741710844494,-51.21418162754604,2.1386815281158746,17.187012759704984
010750163,0.0,2.22,SPEAKER1075,-39.681332699887385,-44.57474814520942,2.138680814666754,18.02367388377433
069120092,0.0,3.8,SPEAKER6912,-43.29159642269737,-48.233663222369024,2.138680101217633,10.302886556837663
022440361,0.0,3.763,SPEAKER2244,-45.562583111702125,-52.47128105163574,2.138680101217633,15.41237975522182
000920167,0.0,3.3,SPEAKER0092,-49.05474076704545,-52.705363273620605,2.138680101217633,21.528028360108287
096240002,0.0,4.84,SPEAKER9624,-49.554764172262395,-55.84386424014443,2.1337045283434684,7.76887703733399
004570129,0.0,2.94,SPEAKER0457,-51.51523304634354,-52.26890106201172,2.1294174505583423,15.962399955767184
095530005,0.0,4.346,SPEAKER9553,-46.55514996408046,-46.160245314888336,2.1287409442868275,8.328017731721948
080630011,0.0,3.32,SPEAKER8063,-47.42223679875753,-49.882975126567636,2.1287409442868275,13.499757333786137
036310097,0.0,4.336,SPEAKER3631,-48.32100104406682,-49.75467009771438,2.1287409442868275,9.979951997932625
014650087,0.0,3.7,SPEAKER1465,-45.828985430743245,-50.61546206474304,2.1287409442868275,13.555974341253402
010270124,0.0,4.09,SPEAKER1027,-46.991418665953546,-51.718452855160365,2.1287409442868275,17.641531030588183
001110137,0.0,5.009,SPEAKER0111,-45.506128368263475,-51.945037841796875,2.1287409442868275,15.745021983751258
040050180,0.0,4.13,SPEAKER4005,-48.81512465950363,-52.98420300203211,2.12873966998235,12.217364192158723
020340162,0.0,2.57,SPEAKER2034,-50.06420613448444,-51.29969762166341,2.128738395677873,12.205403799412199
004570304,0.0,2.25,SPEAKER0457,-54.82203559027778,-60.16243330637614,2.128738395677873,12.156916337989951
000700123,0.0,4.92,SPEAKER0070,-45.52028550558943,-48.29778082474418,2.1287358470689184,11.669014157872239
096430016,0.0,8.869,SPEAKER9643,-48.11842499295378,-51.602523231506346,2.126234625051562,3.8705673450143294
096000017,0.0,7.991,SPEAKER9600,-43.23641857008761,-49.56811938078507,2.126234625051562,3.7828516657580487
022420348,0.0,4.008,SPEAKER2242,-44.05501870324189,-50.05856000460111,2.126234625051562,16.40474038646575
001130054,0.0,3.275,SPEAKER0113,-47.61648187404725,-55.804289010854866,2.122030800593742,14.470264953041681
010750062,0.0,3.62,SPEAKER1075,-42.59605382424033,-47.6266051701137,2.120851653363433,14.775444516413062
001450094,0.0,6.48,SPEAKER0145,-40.7826847029321,-46.45208291446461,2.120851653363433,14.529377446680288
001310061,0.0,4.056,SPEAKER0131,-50.284420220135466,-53.19813074384417,2.120850044990149,14.542318101351468
050390175,0.0,3.39,SPEAKER5039,-50.296995990044245,-51.986897998385956,2.120848436616865,9.058696135143016
030750042,0.0,2.483,SPEAKER3075,-48.723617061491936,-49.60746383666992,2.120848436616865,13.094882031172688
024500151,0.0,2.99,SPEAKER2450,-48.85482532922241,-53.44595678229081,2.120848436616865,18.46562486808926
021160188,0.0,3.116,SPEAKER2116,-48.86011055188301,-53.85683981577555,2.120848436616865,15.050564712499185
014650125,0.0,3.43,SPEAKER1465,-48.00934994533527,-53.568479711359196,2.120848436616865,13.923848503540862
014040088,0.0,4.28,SPEAKER1404,-41.79355286214953,-63.19855155944824,2.120848436616865,9.193420780640093
010290096,0.0,3.44,SPEAKER1029,-50.488525390625,-54.117924499511716,2.120848436616865,10.951587943124277
007650197,0.0,4.367,SPEAKER0765,-47.56499839101831,-51.75460200839572,2.120848436616865,15.680836018953553
005750067,0.0,3.91,SPEAKER0575,-51.89713375159847,-60.007666380509086,2.120848436616865,20.326320360210865
001350174,0.0,3.32,SPEAKER0135,-47.033073701054214,-49.01533664356578,2.120848436616865,16.39719023289513
028920120,0.0,2.561,SPEAKER2892,-46.31692886352539,-49.727159881591795,2.120846828243581,16.574388330475486
096070016,0.0,4.996,SPEAKER9607,-47.529140625,-53.71162592569987,2.1193757382619443,3.6831037862567015
091010017,0.0,5.71,SPEAKER9101,-45.25738835376532,-49.712159032407016,2.1193757382619443,7.754897167475788
030490170,0.0,2.58,SPEAKER3049,-48.38044679626938,-55.566917419433594,2.11937553342127,17.521108065973692
022510190,0.0,4.165,SPEAKER2251,-45.64743986061151,-51.65030394660102,2.119375328580596,13.600913436729384
030210082,0.0,2.67,SPEAKER3021,-41.60743284761236,-47.690294412466194,2.118584678588493,10.947095855994126
020160068,0.0,4.844,SPEAKER2016,-46.60866073734504,-50.45488860390403,2.116627791457139,15.491101412781152
024300360,0.0,3.51,SPEAKER2430,-49.04255698005698,-51.623826708112446,2.116624814478973,16.13563567906308
022820042,0.0,4.405,SPEAKER2282,-49.21215100623583,-51.01259186688591,2.116624814478973,9.811184705500303
010420102,0.0,3.259,SPEAKER1042,-47.61703772047546,-50.2402466668023,2.116624814478973,11.889974024251696
000540062,0.0,3.67,SPEAKER0054,-48.44085809775204,-48.98576790945871,2.116624814478973,14.675453630603194
010640017,0.0,5.061,SPEAKER1064,-47.23251065340909,-49.1178522843581,2.1166218375008072,12.957078423171128
000260091,0.0,3.3,SPEAKER0026,-47.549869791666666,-54.88734372456869,2.114891130829885,16.32227150979167
001330155,0.0,2.438,SPEAKER0133,-50.102891265368854,-55.99361662431197,2.112107627172616,10.002196480513408
080570071,0.0,3.78,SPEAKER8057,-51.16809792493386,-55.31069730675739,2.1121067755319882,7.861008932840072
020610174,0.0,4.15,SPEAKER2061,-47.10722891566265,-53.70287949698312,2.1121067755319882,9.248765738543677
096400001,0.0,8.686,SPEAKER9640,-44.14859033371692,-48.38462457901392,2.112103368969476,9.34769679699112
001450142,0.0,2.138,SPEAKER0145,-40.31158732476636,-49.49656391143799,2.1087607206309804,14.229035668356396
007650377,0.0,4.85,SPEAKER0765,-49.57845119201031,-52.3950080871582,2.1087599555404815,15.137475529778357
000490097,0.0,3.718,SPEAKER0049,-45.036206317204304,-49.802372876335596,2.1087599555404815,15.756394526946021
096110006,0.0,5.979,SPEAKER9611,-43.63407647888796,-50.72364443824405,2.108759190449983,13.78098309101628
054320067,0.0,2.87,SPEAKER5432,-40.684862940984324,-43.459299087524414,2.108759190449983,12.494141857560095
050720175,0.0,4.83,SPEAKER5072,-45.52270962732919,-47.60481675465902,2.108759190449983,16.865865340226485
030210005,0.0,2.73,SPEAKER3021,-47.834173964056774,-50.99867534637451,2.108759190449983,10.34496570952997
027990264,0.0,3.229,SPEAKER2799,-51.31025058049536,-55.99086834834172,2.108759190449983,17.046396426181744
024480186,0.0,2.963,SPEAKER2448,-49.55903914168074,-56.37346967061361,2.108759190449983,18.04225865123341
011350001,0.0,3.82,SPEAKER1135,-50.40079965641361,-51.24050490061442,2.108759190449983,16.533606406832167
010440006,0.0,3.62,SPEAKER1044,-47.21176299205801,-52.59554693433974,2.108759190449983,19.1924847809246
010120193,0.0,2.65,SPEAKER1012,-43.04694501768868,-50.156057834625244,2.108759190449983,16.276395263552118
091010050,0.0,4.52,SPEAKER9101,-45.78358770049779,-49.524501941822194,2.1024016305539956,16.093903222303357
075510165,0.0,3.59,SPEAKER7551,-47.30177141364903,-50.46324157714844,2.1024016305539956,10.945317358370549
029170055,0.0,4.944,SPEAKER2917,-48.87340270748988,-52.90146533862965,2.1024016305539956,13.079718355795588
026210047,0.0,3.88,SPEAKER2621,-49.147068298969074,-52.33487750637916,2.1024016305539956,17.583737789805582
014070265,0.0,4.567,SPEAKER1407,-46.26136402489059,-49.87007612340591,2.1024016305539956,9.80455394500202
001330128,0.0,4.28,SPEAKER0133,-45.430572794976634,-48.630232674734934,2.102398952289818,14.27799179604701
021160310,0.0,5.346,SPEAKER2116,-50.341267523364486,-53.64321835835775,2.100415853117275,12.04677792760969
010440053,0.0,5.37,SPEAKER1044,-52.35092600675046,-55.06646753126575,2.100415853117275,13.99501062924038
026210132,0.0,3.357,SPEAKER2621,-47.185581752232146,-47.9563353402274,2.1004146945667475,16.704025880906883
001030065,0.0,3.109,SPEAKER0103,-46.47170794815113,-49.60494474931197,2.1004146945667475,17.751198199965998
080680173,0.0,2.96,SPEAKER8068,-42.116676124366556,-44.496535301208496,2.100414115291484,16.182871432515928
096000002,0.0,6.489,SPEAKER9600,-43.165028529468415,-46.673718770345054,2.1004135360162204,9.25445452107123
096460020,0.0,4.941,SPEAKER9646,-45.18966267079959,-55.143534043255976,2.0996269229583304,6.392020091532636
096340022,0.0,9.387,SPEAKER9634,-42.71062133919063,-53.86783817836216,2.0969213961834448,6.613116602810134
011350303,0.0,3.99,SPEAKER1135,-47.49920210682957,-51.89942349885639,2.096920887451307,10.07575304854131
005630142,0.0,3.96,SPEAKER0563,-49.52132654671717,-55.24503598894392,2.0968471923791254,21.32138952206223
080020012,0.0,8.77,SPEAKER8002,-44.41371953392246,-53.64496703374954,2.0968453369301594,8.461918521768116
005670055,0.0,4.23,SPEAKER0567,-51.563552748226954,-56.303978329613095,2.094399163444878,13.505496973607041
010460149,0.0,2.67,SPEAKER1046,-43.56979312968165,-47.31603825887044,2.0943979804296164,12.322701417836228
010420034,0.0,3.363,SPEAKER1042,-43.7784423828125,-46.24077430138221,2.0943979804296164,9.153658729359847
000960054,0.0,3.13,SPEAKER0096,-44.868591503594246,-48.64209480285645,2.0943979804296164,12.79205427861444
000930026,0.0,2.71,SPEAKER0093,-43.14898163630074,-45.976678212483726,2.0943979804296164,10.662977188182797
000750082,0.0,2.78,SPEAKER0075,-54.991572757419064,-58.69638560368465,2.0943973889219856,13.318714278059065
000480068,0.0,2.03,SPEAKER0048,-55.42535791256157,-59.875169372558595,2.0943973889219856,9.765413198854246
022080299,0.0,4.327,SPEAKER2208,-49.00637359266744,-52.952008383614675,2.0943967974143547,11.190117251839398
021790035,0.0,3.11,SPEAKER2179,-48.978518765072344,-55.394511222839355,2.0943967974143547,14.659058430401894
020220141,0.0,2.515,SPEAKER2022,-44.129270523313494,-53.571428739107574,2.0943967974143547,17.399049134906875
000560058,0.0,5.103,SPEAKER0056,-47.33290058210784,-50.79474803379604,2.094394431383831,10.810151156563736
011350221,0.0,3.78,SPEAKER1135,-48.792317708333336,-52.48268911573622,2.0932556243368325,16.123211194379554
005630044,0.0,4.43,SPEAKER0563,-51.960223264672685,-54.16173267364502,2.0932556243368325,15.907000803035249
096400004,0.0,5.257,SPEAKER9640,-43.115802489306084,-48.46988782015714,2.0927500104909584,10.710459017655742
064010173,0.0,3.911,SPEAKER6401,-44.987372122762146,-49.94053363800049,2.092749369302479,10.77425273357619
091010032,0.0,3.66,SPEAKER9101,-47.37867144808743,-51.364065987723215,2.0858162713759114,15.892341501104749
034120047,0.0,2.751,SPEAKER3412,-40.75942826704546,-42.38612594604492,2.0858155130190403,17.530899229284724
096080024,0.0,6.99,SPEAKER9608,-52.05482162017167,-54.93500351905823,2.0848349494571683,11.440284533534662
096010015,0.0,5.209,SPEAKER9601,-47.93416356765835,-56.83951551263983,2.0848349494571683,15.260600377259554
096300017,0.0,4.057,SPEAKER9630,-44.464583974753694,-51.124859443077675,2.084834785983988,9.856370761861378
075510010,0.0,5.672,SPEAKER7551,-48.16547825727513,-52.55166651985862,2.0848346225108076,11.009489577585741
023270321,0.0,4.14,SPEAKER2327,-48.139035137379224,-52.12861358642578,2.0848346225108076,18.337581260403127
005940164,0.0,4.52,SPEAKER0594,-45.764505842090706,-54.67807629233912,2.0848346225108076,14.853503344765114
004570146,0.0,3.5,SPEAKER0457,-51.67178013392857,-54.56832664891293,2.0848346225108076,13.128211474661352
000540130,0.0,2.686,SPEAKER0054,-53.58078241171004,-61.812066396077476,2.0848346225108076,13.072679435384151
096070019,0.0,4.543,SPEAKER9607,-47.44291196310573,-50.46174240112305,2.0753865091369557,8.20366259008015
020140096,0.0,6.38,SPEAKER2014,-44.22957790458464,-50.17938395908901,2.0630094369067797,11.699318122800278
065040118,0.0,3.294,SPEAKER6504,-44.79302217895137,-50.13597667918486,2.0614616750642503,15.4845659215157
030680005,0.0,3.93,SPEAKER3068,-41.645174836991096,-46.04388666152954,2.0614616750642503,15.209051477072709
038370060,0.0,2.61,SPEAKER3837,-45.28359225335249,-51.976186752319336,2.0541492322996255,17.533549889070045
022080192,0.0,2.843,SPEAKER2208,-50.242297535211264,-54.836307525634766,2.0541492322996255,10.823286359801312
020360017,0.0,2.883,SPEAKER2036,-47.695156521267364,-57.70468412126814,2.0541492322996255,17.268563681007212
014180139,0.0,4.51,SPEAKER1418,-48.19269245426829,-52.5078629580411,2.0541485869236307,14.161458573893324
096110011,0.0,4.829,SPEAKER9611,-41.04552843555901,-44.46879952529381,2.054147941547636,13.824746694074056
034230164,0.0,3.86,SPEAKER3423,-44.08853829339378,-50.37206388774671,2.054147941547636,16.304749490427753
001450037,0.0,4.71,SPEAKER0145,-40.49579103635881,-44.714948654174805,2.0540999435554146,16.55560736835179
024020253,0.0,5.193,SPEAKER2402,-46.93009393063584,-48.09931755065918,2.0540992308667896,17.853766392472625
020300044,0.0,2.82,SPEAKER2030,-41.855015098625884,-42.363915876908735,2.0540992308667896,8.253092066383642
015030122,0.0,2.847,SPEAKER1503,-46.78175027412281,-48.827418191092356,2.0540992308667896,11.846187786275715
009810155,0.0,4.17,SPEAKER0981,-44.48919926558753,-47.88487731085883,2.0540992308667896,16.46410418301773
001350317,0.0,3.809,SPEAKER0135,-45.51748072506562,-49.42088405902569,2.05197216359049,16.561551104964526
096180009,0.0,3.453,SPEAKER9618,-44.340370244565214,-46.881187227037216,2.051582012991354,17.069073791437866
000540072,0.0,3.44,SPEAKER0054,-55.09653206758721,-55.30253219604492,2.0506426790792314,13.300689653608941
030490040,0.0,3.686,SPEAKER3049,-44.52664507113821,-47.58130359649658,2.0506418597165346,13.48094169508268
095560133,0.0,4.842,SPEAKER9556,-51.20201526988637,-52.009432299383754,2.050020793014668,11.114101505016407
001040108,0.0,3.7,SPEAKER0104,-44.33412162162162,-49.90740381876628,2.0495285159308474,10.281431599437393
096430005,0.0,11.194,SPEAKER9643,-45.58965524463807,-51.50913565499442,2.0478855419440807,4.117523203852361
090700059,0.0,3.74,SPEAKER9070,-44.64512136530749,-46.09994523421578,2.0378447298444193,10.540583216617243
051950051,0.0,2.73,SPEAKER5195,-46.99655520260989,-49.53916573524475,2.0378447298444193,13.229674366840058
030020162,0.0,3.54,SPEAKER3002,-47.48613501942091,-51.92672882080078,2.0378447298444193,13.595170087971422
011860264,0.0,7.5,SPEAKER1186,-40.247528645833334,-50.030281468441615,2.0378447298444193,14.031019553222167
007390072,0.0,3.901,SPEAKER0739,-46.91928084935898,-50.28011894226074,2.0378447298444193,13.467912470359508
030600168,0.0,6.771,SPEAKER3060,-50.076042051329395,-52.09279221754808,2.037843771635138,13.468951800027574
010420064,0.0,2.44,SPEAKER1042,-49.26893890881148,-53.89490073067801,2.037843771635138,12.935984379084399
096300007,0.0,3.894,SPEAKER9630,-43.80647995661954,-47.923781002269074,2.037842813425857,10.996054496146682
060670038,0.0,3.93,SPEAKER6067,-45.04762543734097,-49.51653704435929,2.037842813425857,15.590544898422817
065040133,0.0,4.23,SPEAKER6504,-44.05540780141844,-50.9243532816569,2.0378408970072943,15.786718999547869
054140010,0.0,4.36,SPEAKER5414,-46.93924258170872,-48.048952849014945,2.0378408970072943,9.564726957492509
020340113,0.0,4.794,SPEAKER2034,-47.35290399921712,-50.548100838294395,2.0378408970072943,8.934065089744923
013620140,0.0,4.75,SPEAKER1362,-44.62831003289474,-47.73761978149414,2.0378370641701693,9.809904484633392
014390068,0.0,5.53,SPEAKER1439,-46.85391119462025,-53.07027796695107,2.0368263178065287,12.865098242929918
069020006,0.0,5.96,SPEAKER6902,-40.17351680473993,-45.83185043334961,2.0364235707996636,15.253919139968279
030600156,0.0,3.89,SPEAKER3060,-43.13789363753213,-46.386855602264404,2.0364235707996636,17.554047024674656
021290291,0.0,2.89,SPEAKER2129,-44.98716952314014,-48.24330342610677,2.0364235707996636,15.654636509280117
011970019,0.0,4.37,SPEAKER1197,-43.201051201373,-47.15647392272949,2.0364235707996636,14.013632393337769
003060107,0.0,3.7,SPEAKER0306,-51.52619826858108,-56.483565610997815,2.0364235707996636,19.25217681807202
001220038,0.0,2.64,SPEAKER0122,-45.96950831557765,-55.02501519521078,2.0364235707996636,15.709752430979371
000960040,0.0,3.33,SPEAKER0096,-43.30553795983484,-45.825064500172935,2.0364235707996636,12.425273269982574
012030093,0.0,2.56,SPEAKER1203,-46.52392578125,-50.38576264814897,2.036421871869157,11.457683785880086
054280053,0.0,3.026,SPEAKER5428,-47.03932356126238,-53.38526312510172,2.036311412079898,12.282288655105338
030120003,0.0,4.84,SPEAKER3012,-45.29265802556818,-47.96201515197754,2.0363093126292178,9.639591655020213
000010133,0.0,2.88,SPEAKER0001,-46.680016411675346,-53.872793197631836,2.0363093126292178,15.595232388904929
061210059,0.0,2.55,SPEAKER6121,-46.58536305147059,-53.48234438896179,2.0363086128123244,9.864035954152587
054140106,0.0,2.56,SPEAKER5414,-43.93503189086914,-46.69807739257813,2.0363086128123244,15.637441879371906
050390084,0.0,2.7,SPEAKER5039,-45.31975188078704,-50.65267486572266,2.0363086128123244,13.213625566072885
050390092,0.0,2.45,SPEAKER5039,-48.36184630102041,-53.791203308105466,2.0363086128123244,11.66440537099975
030880015,0.0,2.458,SPEAKER3088,-45.27634336890244,-46.4099983215332,2.0363086128123244,12.183916670155602
024880303,0.0,3.08,SPEAKER2488,-49.999020266842535,-54.224083950645046,2.0363086128123244,18.361941963087226
023800280,0.0,3.148,SPEAKER2380,-42.384499007936505,-46.028171988094556,2.0363086128123244,18.371585154511205
021790152,0.0,2.759,SPEAKER2179,-47.59839928668478,-53.50068283081055,2.0363086128123244,7.979166047393974
020310085,0.0,3.445,SPEAKER2031,-52.363088768115944,-56.99460671164773,2.0363086128123244,12.950710929766998
010460034,0.0,3.261,SPEAKER1046,-46.38291734566718,-48.21544681895863,2.0363086128123244,10.476644749721665
010330325,0.0,3.699,SPEAKER1033,-46.953214738175674,-49.80691029475285,2.0363086128123244,11.374230369011482
005670137,0.0,3.12,SPEAKER0567,-49.61413261217949,-57.53457387288412,2.0363086128123244,24.78182434544911
001490109,0.0,3.015,SPEAKER0149,-44.31380639486755,-53.00448365644975,2.0363086128123244,11.525287841034377
000360339,0.0,3.8,SPEAKER0036,-49.043266858552634,-51.56150150299072,2.0363086128123244,15.275084191025595
030020092,0.0,3.19,SPEAKER3002,-42.221061299960816,-46.80887120564778,2.035482557858278,13.85245943223539
012280016,0.0,3.45,SPEAKER1228,-45.31197067481884,-50.24828390641646,2.0348363961417597,19.380536620288904
096340008,0.0,7.282,SPEAKER9634,-44.37393758585165,-58.20701471964518,2.0299821776741656,5.65734981607104
050170151,0.0,3.73,SPEAKER5017,-44.856029029825734,-45.92748501426295,2.0299821776741656,13.107227254077404
001110039,0.0,3.491,SPEAKER0111,-53.56928277220631,-57.57372548029973,2.0299821776741656,14.33883201223291
009810200,0.0,3.03,SPEAKER0981,-45.56754396142739,-51.848802021571565,2.0291881969649412,15.430634798557394
014070358,0.0,3.666,SPEAKER1407,-48.35681518222071,-51.694558056918055,2.0252685046246963,9.502053598323439
050390059,0.0,4.51,SPEAKER5039,-45.822897900498894,-48.230445289611815,2.025267634984855,9.630938914323721
050390001,0.0,4.925,SPEAKER5039,-51.1076159989858,-53.07313054402669,2.025267634984855,7.091673300414996
030680056,0.0,3.32,SPEAKER3068,-43.03243540568524,-48.06928316752116,2.025267634984855,15.059466260239532
030680016,0.0,3.43,SPEAKER3068,-46.76187818877551,-52.20047166612413,2.025267634984855,15.445941815688544
030200016,0.0,2.07,SPEAKER3020,-43.27089466334541,-45.98180562799627,2.025267634984855,14.274586034567381
030070022,0.0,2.7,SPEAKER3007,-46.73699363425926,-48.11053730891301,2.0252672001649343,13.120881727963036
030490138,0.0,3.07,SPEAKER3049,-42.79402165614821,-47.625624263987824,2.0252667653450134,18.96800148966902
096090001,0.0,11.945,SPEAKER9609,-48.00773731694561,-53.444222869873045,2.0221999885121704,2.3394531660181066
030490095,0.0,6.2,SPEAKER3049,-46.649061239919355,-51.39417891068892,2.0191069629886913,4.030334692481144
030600020,0.0,2.64,SPEAKER3060,-44.51710833925189,-49.815351486206055,2.0190231686676663,17.986547453601514
001490080,0.0,5.15,SPEAKER0149,-44.41988395024272,-51.6405455271403,2.019022240943183,12.730947493955647
020310154,0.0,3.2,SPEAKER2031,-46.63046569824219,-49.26959991455078,2.018983315311634,16.23911049096565
030680072,0.0,3.358,SPEAKER3068,-44.086629231770836,-50.20504555335412,2.011569879200002,15.396856982370412
030140126,0.0,4.46,SPEAKER3014,-46.30160891956278,-50.88616388494318,2.011569879200002,16.760514035163723
014190055,0.0,3.63,SPEAKER1419,-48.38267260674931,-53.87726813868473,2.003228525048494,13.76231477698362
096250015,0.0,3.594,SPEAKER9625,-47.727813805710305,-56.16811024058949,2.0032279457732307,4.541309324965102
060990014,0.0,4.3,SPEAKER6099,-41.65050417877907,-44.071266428629556,2.003227366497967,14.434130079372638
096040018,0.0,7.09,SPEAKER9604,-52.06488562235543,-55.7991178894043,2.003225049396913,6.001776736912774
090340041,0.0,3.35,SPEAKER9034,-45.53050664645522,-52.58546812637992,1.999111036933188,12.162712369834606
010920153,0.0,2.76,SPEAKER1092,-49.015688688858695,-51.297994232177736,1.999111036933188,6.426184361156528
014080339,0.0,2.77,SPEAKER1408,-45.8330078125,-47.02818171183268,1.9991092886714343,6.989223098723954
054140039,0.0,2.33,SPEAKER5414,-41.95396325107296,-46.95142572576349,1.998609290820363,17.580779135056524
010290123,0.0,3.51,SPEAKER1029,-48.90609975961539,-51.05880149205526,1.998609290820363,10.138993451329974
000920025,0.0,3.381,SPEAKER0092,-47.31761106231509,-47.8515865619366,1.998609290820363,15.067451390774508
000540004,0.0,3.226,SPEAKER0054,-47.37531745839783,-52.09476203918457,1.998609290820363,11.309183189886618
007390160,0.0,4.708,SPEAKER0739,-46.86926088110403,-48.30128211975098,1.9986059248967134,16.481719226892604
034230081,0.0,3.04,SPEAKER3423,-46.41005024157072,-49.860342892733485,1.9976500128367793,15.593102114570659
004610373,0.0,3.76,SPEAKER0461,-50.724692486702125,-54.2976206824893,1.9976500128367793,13.77871853301603
095580157,0.0,4.22,SPEAKER9558,-45.58380850118483,-48.57124212513799,1.9976473429753485,11.633204840614052
054320118,0.0,4.63,SPEAKER5432,-47.09889224487041,-52.42993952433268,1.9976473429753485,10.372670956567662
030880067,0.0,3.56,SPEAKER3088,-47.332058681530896,-51.56325777839212,1.9976473429753485,14.842807699143647
014070207,0.0,3.832,SPEAKER1407,-48.424970422650134,-52.93294591489045,1.9976473429753485,10.371915947908413
036310116,0.0,4.097,SPEAKER3631,-46.965586890243905,-52.9209602355957,1.997644673113918,14.066336405235594
091010133,0.0,3.15,SPEAKER9101,-41.101897321428574,-45.577980041503906,1.9956207783654312,16.75114260596029
054080123,0.0,2.55,SPEAKER5408,-44.15311734068627,-45.626992543538414,1.9956203715391803,14.860497462904355
075510036,0.0,4.475,SPEAKER7551,-43.92838832310268,-44.714040507440984,1.9956195578866782,13.100468055985319
020300073,0.0,3.43,SPEAKER2030,-40.52172353316327,-46.37425104777018,1.9956195578866782,12.698755215821151
015020029,0.0,3.23,SPEAKER1502,-45.642024840363774,-50.61862487792969,1.9951595621869103,9.860097397158647
096300020,0.0,3.69,SPEAKER9630,-45.00410738482385,-49.80462441077599,1.9951583791716485,10.160205027471566
096010002,0.0,5.852,SPEAKER9601,-51.0231704059829,-55.510646233191856,1.9951583791716485,5.47941907099651
085810159,0.0,3.97,SPEAKER8581,-45.47276940333753,-48.13611669125764,1.9951583791716485,14.896439442433794
064010141,0.0,4.063,SPEAKER6401,-45.43996305418719,-48.40530754538143,1.9951583791716485,10.258769691649107
020610175,0.0,3.249,SPEAKER2061,-44.66104266826923,-49.94710226619945,1.9951583791716485,12.510785664578624
014080270,0.0,3.55,SPEAKER1408,-47.06159220950704,-48.47696437835693,1.9951583791716485,8.513427524956342
096460002,0.0,7.432,SPEAKER9646,-41.99781817799462,-48.74494870503744,1.9922737210096495,6.580421556108178
096010005,0.0,4.729,SPEAKER9601,-45.78448318578224,-52.84768276214599,1.9917614192639648,13.307003827689318
061210069,0.0,3.701,SPEAKER6121,-48.32998310810811,-52.74670526255732,1.9917614192639648,9.033106304522644
060480131,0.0,4.895,SPEAKER6048,-48.61603555484694,-51.12568743475552,1.9917614192639648,14.260992194895792
052180037,0.0,2.65,SPEAKER5218,-46.74628537735849,-49.89898322610294,1.9917614192639648,13.541825084323335
024300135,0.0,4.25,SPEAKER2430,-49.022803308823526,-52.14298395010141,1.9917614192639648,16.70433623592161
024020238,0.0,5.06,SPEAKER2402,-49.94603430706522,-55.263036554509945,1.9917614192639648,16.069191015949798
020590322,0.0,4.173,SPEAKER2059,-46.953743255395686,-48.860443115234375,1.9917614192639648,13.254790883207
020340056,0.0,3.73,SPEAKER2034,-46.75679142928954,-51.63577374545011,1.9917614192639648,14.111267985127586
011560086,0.0,3.803,SPEAKER1156,-46.47321648848684,-51.895701796920214,1.9917614192639648,15.527543830352943
050720045,0.0,3.41,SPEAKER5072,-45.37531502016129,-49.51770666371221,1.991462733256951,19.303913610211257
050170002,0.0,4.78,SPEAKER5017,-50.82203272097281,-53.278657326331505,1.985928435311369,8.419328734413739
030140144,0.0,2.28,SPEAKER3014,-46.8355134662829,-52.74832604148171,1.985928435311369,16.658965308156617
024410368,0.0,4.46,SPEAKER2441,-46.801867292600896,-48.59786066515692,1.985928435311369,15.20116851246927
010990267,0.0,4.0,SPEAKER1099,-42.7338818359375,-49.95881669417672,1.985928435311369,14.925382721007107
001450063,0.0,3.54,SPEAKER0145,-40.97910873499294,-49.45438575744629,1.985928435311369,12.592973328697177
096070020,0.0,7.421,SPEAKER9607,-43.28823334316038,-45.95704113995588,1.9851765368893954,9.369116982050148
080630093,0.0,3.61,SPEAKER8063,-45.47864006232687,-49.081601086784815,1.981909619896518,17.084258471470797
036360154,0.0,3.05,SPEAKER3636,-50.133238345286884,-55.99049441019694,1.981909619896518,16.85159926860473
005630127,0.0,3.93,SPEAKER0563,-53.770202170801525,-55.40383508470323,1.981909619896518,19.857042435749158
000440126,0.0,4.487,SPEAKER0044,-46.68698670657015,-52.61066028050014,1.981909619896518,23.156438830863575
020270170,0.0,2.72,SPEAKER2027,-43.964104147518384,-49.14707794189453,1.9819092102151696,16.052622877593336
009810204,0.0,5.37,SPEAKER0981,-47.99730490572626,-51.376309076944985,1.9819088005338212,12.673870193892618
009600118,0.0,4.66,SPEAKER0960,-46.51200794662017,-52.66171936035156,1.9819088005338212,14.66484012406924
003060291,0.0,4.69,SPEAKER0306,-54.437820662313435,-58.4655400789701,1.9819088005338212,13.042212159426416
001450140,0.0,3.68,SPEAKER0145,-40.45745318868886,-48.89895333184136,1.9819088005338212,11.391626220812636
021120074,0.0,4.288,SPEAKER2112,-49.478825211247084,-55.73529159545898,1.9817676556597168,14.024472863912875
000930050,0.0,3.152,SPEAKER0093,-44.53258928571429,-48.38332278911884,1.9804014876452465,9.151269499005434
000920092,0.0,4.62,SPEAKER0092,-46.03669507575758,-53.189126407398895,1.9804014876452465,14.064208443703432
001140120,0.0,4.582,SPEAKER0114,-46.59747714246725,-51.79120748183306,1.9803999574642488,15.683400415797015
096010008,0.0,7.888,SPEAKER9601,-45.74145971958175,-55.24308926126231,1.9803984272832513,4.080756143314552
024510224,0.0,4.104,SPEAKER2451,-49.10491139481707,-49.434770838419595,1.9803984272832513,11.613596198407507
021700362,0.0,3.339,SPEAKER2170,-46.06999380145958,-51.35530706552359,1.9803984272832513,8.897483059530792
011560353,0.0,3.142,SPEAKER1156,-44.195278289211785,-50.51521110534668,1.9803984272832513,17.059731874791723
010460061,0.0,2.86,SPEAKER1046,-44.41215376420455,-47.577696084976196,1.9803984272832513,10.384711684333102
001110094,0.0,3.508,SPEAKER0111,-53.93241408475784,-57.76577162742615,1.9803984272832513,15.609928440230888
000490092,0.0,3.66,SPEAKER0049,-44.34032936304645,-50.744297451443146,1.9803984272832513,13.314393685074638
096120014,0.0,3.563,SPEAKER9612,-42.62064661604635,-49.07596206665039,1.9751300597838843,9.999178324322973
096250007,0.0,4.471,SPEAKER9625,-45.41486210151007,-50.04155641443589,1.9751297328375237,9.529945027189616
024380325,0.0,3.813,SPEAKER2438,-51.7039093257874,-55.78453313387357,1.9751297328375237,15.313567922647685
010270366,0.0,4.53,SPEAKER1027,-46.381648385761586,-50.163493280825406,1.9751297328375237,15.553743786473213
007650346,0.0,3.999,SPEAKER0765,-51.4113330078125,-58.36107944306873,1.9751297328375237,16.92234045154354
007360305,0.0,4.07,SPEAKER0736,-51.65676347512285,-58.33947541978624,1.9751297328375237,6.8363168813072726
054080150,0.0,3.34,SPEAKER5408,-48.72307435909431,-51.88150473201976,1.9692253240951794,14.932115847403672
024300221,0.0,3.176,SPEAKER2430,-44.48592890133648,-50.041935784476145,1.9692253240951794,14.893095638737567
000480125,0.0,3.089,SPEAKER0048,-56.53346859830097,-58.053049781105734,1.9692253240951794,15.301900406038742
000260126,0.0,2.38,SPEAKER0026,-45.77746274290966,-54.02516396840414,1.9692253240951794,15.741824114953864
024510351,0.0,3.541,SPEAKER2451,-43.93209028513418,-47.24852145801891,1.9692248982748655,12.210597217592728
030750074,0.0,2.9,SPEAKER3075,-46.921369881465516,-46.054908498128256,1.9634642978783565,13.834124165386356
096330007,0.0,4.46,SPEAKER9633,-43.80521300448431,-46.121405482292175,1.963463242793949,10.012049707193828
096220005,0.0,10.606,SPEAKER9622,-48.136045004712535,-57.251729278564454,1.963463242793949,3.620491449076102
069020163,0.0,4.68,SPEAKER6902,-37.81161107772436,-50.64620564778646,1.961026219679014,18.027117578294988
036310007,0.0,3.0,SPEAKER3631,-47.78576822916666,-50.95526326497396,1.95607351157142,12.012184222913564
030830033,0.0,4.28,SPEAKER3083,-46.132506753796726,-48.883593241373696,1.95607351157142,13.043039305060477
000560030,0.0,3.681,SPEAKER0056,-50.46384065047555,-55.84979362487793,1.9560728015985436,13.635901619084203
020160245,0.0,3.305,SPEAKER2016,-41.75252844127643,-47.27996063232422,1.9554536884456184,16.548827393510326
032080103,0.0,2.81,SPEAKER3208,-46.11880351979537,-51.24111733069787,1.9526060757631143,18.567027540561007
028970245,0.0,3.303,SPEAKER2897,-45.409377959280306,-52.29272942793997,1.9526060757631143,19.108337000126777
096340020,0.0,11.634,SPEAKER9634,-42.699289284178846,-51.94532498446378,1.9515543629013004,6.306185364864447
030680090,0.0,3.21,SPEAKER3068,-44.44796838492991,-45.92948659261068,1.9515543629013004,16.144162286105477
030830118,0.0,3.991,SPEAKER3083,-50.75298598057644,-51.86330268496559,1.9515539731624147,10.795480595959361
032140087,0.0,2.45,SPEAKER3214,-45.83357382015306,-51.86610073513455,1.945872565521484,16.238902154877554
023550002,0.0,5.218,SPEAKER2355,-48.64827661039272,-51.88588278634207,1.9458719201454893,10.922670746286109
096300008,0.0,5.061,SPEAKER9630,-42.64445019145257,-50.378793239593506,1.9412028558541392,11.923127229092188
020220072,0.0,3.082,SPEAKER2022,-46.961365538758116,-51.33106255531311,1.941201000405173,17.39444421074859
014040111,0.0,5.56,SPEAKER1404,-44.67661729991007,-53.46737075805664,1.941201000405173,10.675243226249815
014040152,0.0,6.04,SPEAKER1404,-42.48185598613411,-51.99990701675415,1.941201000405173,12.696132703851987
030140128,0.0,3.921,SPEAKER3014,-44.763402822066325,-48.345881938934326,1.94120007268069,15.384856796021479
022420342,0.0,3.031,SPEAKER2242,-44.87046204620462,-49.822297777448384,1.94120007268069,12.391481610651786
001110060,0.0,2.982,SPEAKER0111,-52.25400128460571,-56.23757076263428,1.9411991449562067,17.251139220944367
055470131,0.0,3.11,SPEAKER5547,-43.299189233319936,-47.03111824622521,1.9345314602037396,13.347418182813936
013360001,0.0,5.122,SPEAKER1336,-50.38945388793945,-54.500127272172406,1.934530034826489,14.769684085700197
011860285,0.0,3.227,SPEAKER1186,-44.577571715363774,-48.50115489959717,1.934530034826489,15.504124884701543
054060064,0.0,4.82,SPEAKER5406,-45.38776419865145,-45.605956036111586,1.934527184071988,10.591082155300658
096240013,0.0,3.373,SPEAKER9624,-48.538404696773,-55.17030747731527,1.9323165732383936,9.801558825985197
027400286,0.0,3.087,SPEAKER2740,-44.92817367010518,-47.07941746711731,1.930512337208443,16.923870629697568
096090006,0.0,6.834,SPEAKER9609,-46.02701203330893,-51.67166271209717,1.9267083371540548,3.819026145690252
096070008,0.0,5.912,SPEAKER9607,-46.088611067047374,-50.32488052368164,1.9267083371540548,7.544971267389368
096310002,0.0,5.064,SPEAKER9631,-44.05879060647233,-49.23230600357056,1.9262178534844208,12.617351656286704
096280027,0.0,4.733,SPEAKER9628,-45.235130648784356,-50.75067002432687,1.9220940895547514,5.453340848541453
009810258,0.0,3.4,SPEAKER0981,-45.52091567095588,-50.505271699693466,1.9220940895547514,16.679111830245503
004610129,0.0,3.004,SPEAKER0461,-44.06923828125,-49.23840361375075,1.9214671291829057,14.65555318184913
080570144,0.0,4.44,SPEAKER8057,-49.92674461570946,-53.26699325561523,1.9214654603162786,14.252332186343054
095580099,0.0,4.74,SPEAKER9558,-43.6611698971519,-46.861274507310654,1.9202772880008816,13.874392967767571
010760013,0.0,3.48,SPEAKER1076,-46.075178475215516,-50.412346903483076,1.9202772880008816,14.994965101707454
010610024,0.0,3.18,SPEAKER1061,-45.598012480345915,-53.37921422322591,1.9202772880008816,17.211665793395888
022420346,0.0,4.261,SPEAKER2242,-46.12494498239437,-50.253877730596635,1.9189017322323896,13.901723086317709
014080008,0.0,3.254,SPEAKER1408,-45.61419170673077,-46.7419186546689,1.9189017322323896,7.621344266623282
095530116,0.0,4.201,SPEAKER9553,-47.917759486607146,-49.93616199493408,1.9188989329648158,13.654251632873004
054240117,0.0,2.873,SPEAKER5424,-48.71507853331882,-50.43342890058245,1.9188989329648158,12.737038751394696
051950138,0.0,2.89,SPEAKER5195,-49.93555363321799,-54.8975253385656,1.9188989329648158,12.300401766580755
030880123,0.0,2.837,SPEAKER3088,-49.848639689700704,-48.687500953674316,1.9188989329648158,13.858482659454754
030750119,0.0,2.63,SPEAKER3075,-46.11153606226236,-46.03094139099121,1.9188989329648158,11.495889726383997
030270053,0.0,3.27,SPEAKER3027,-46.02464700401376,-49.82701380112592,1.9188989329648158,14.211177932586228
030120097,0.0,3.32,SPEAKER3012,-47.51935182134789,-50.73970103263855,1.9188989329648158,13.85388959544928
030120163,0.0,3.01,SPEAKER3012,-44.90175651474252,-50.72262636820475,1.9188989329648158,12.902717963954903
029370142,0.0,3.226,SPEAKER2937,-46.74363571497678,-50.7034875869751,1.9188989329648158,15.768354364004892
026210177,0.0,3.491,SPEAKER2621,-43.921877798173355,-48.32413673400879,1.9188989329648158,16.97135656814122
024300065,0.0,3.544,SPEAKER2430,-51.317046257062145,-53.502221652439665,1.9188989329648158,15.853852567538034
023270148,0.0,4.02,SPEAKER2327,-47.222340446206466,-52.44735136486235,1.9188989329648158,17.458941420385987
022510069,0.0,3.829,SPEAKER2251,-48.34952268276762,-54.082952880859374,1.9188989329648158,15.073198400627222
020360131,0.0,4.329,SPEAKER2036,-52.52069049509238,-58.87777631423052,1.9188989329648158,14.912744552567958
020340043,0.0,2.37,SPEAKER2034,-45.957513350474684,-47.59387885199653,1.9188989329648158,13.022881669279258
011860292,0.0,4.58,SPEAKER1186,-42.24389755049127,-47.94393138885498,1.9188989329648158,15.55861970033326
011560075,0.0,3.871,SPEAKER1156,-45.49931363049095,-49.08114083607992,1.9188989329648158,14.920646766261811
010990188,0.0,3.417,SPEAKER1099,-47.91829998172515,-52.40461745628944,1.9188989329648158,16.10839509867347
010750002,0.0,3.332,SPEAKER1075,-45.054502744932435,-48.18654963175456,1.9188989329648158,13.936085334570055
010440107,0.0,4.67,SPEAKER1044,-43.36146614025696,-48.51358494005705,1.9188989329648158,12.09020464822115
005750300,0.0,3.37,SPEAKER0575,-50.200406852744806,-57.22292518615723,1.9188989329648158,17.972381911210153
000010053,0.0,3.35,SPEAKER0001,-46.76418784981343,-52.785118796608664,1.9188989329648158,17.078425394169898
054080174,0.0,3.84,SPEAKER5408,-47.87076314290365,-51.1607832475142,1.9149483335277682,16.126332471013125
022820020,0.0,4.283,SPEAKER2282,-49.10504435601636,-52.767483865061116,1.9149483335277682,10.768372177495477
020590228,0.0,4.2,SPEAKER2059,-47.84149460565476,-51.80404331373132,1.9149483335277682,12.37930870579617
015010094,0.0,3.265,SPEAKER1501,-46.518883194763,-52.431807349709906,1.9149483335277682,10.543151495069441
005600298,0.0,3.453,SPEAKER0560,-42.63759057971014,-45.60724417368571,1.9149483335277682,16.203009106599627
029170362,0.0,3.59,SPEAKER2917,-48.13433582869081,-51.61812366138805,1.914947059223291,15.795518648340831
024300080,0.0,2.27,SPEAKER2430,-44.003467442180614,-49.51189918518067,1.914947059223291,15.42342829116624
096310004,0.0,3.956,SPEAKER9631,-42.86185093118687,-48.62511920928955,1.9149457849188136,13.442081902021693
060480168,0.0,4.28,SPEAKER6048,-43.05542220356308,-48.08109254103441,1.9149457849188136,14.843450889859657
001120090,0.0,2.679,SPEAKER0112,-50.67550067047575,-53.33387409556996,1.9149457849188136,15.0216023327298
000750091,0.0,3.351,SPEAKER0075,-50.182894123134325,-52.97674708896213,1.9149457849188136,13.310463015428603
014690050,0.0,6.68,SPEAKER1469,-43.73365573540419,-48.902204513549805,1.914943236309859,17.10975771504323
030600147,0.0,2.94,SPEAKER3060,-45.69988972151361,-48.92406972249349,1.913175741351108,19.871978837654446
009600335,0.0,5.513,SPEAKER0960,-44.65331145077133,-47.90678806304932,1.913175741351108,16.10192447535893
020020220,0.0,3.375,SPEAKER2002,-46.3923845460429,-53.46292209625244,1.9060417762549773,9.274783614423933
001140130,0.0,2.58,SPEAKER0114,-44.98977637475775,-50.260567058216445,1.9060417762549773,15.078146792476044
036310047,0.0,3.422,SPEAKER3631,-48.88375479714912,-51.58456251356337,1.899287956303877,11.955900477245578
075510142,0.0,3.842,SPEAKER7551,-47.048929850260414,-51.06894443653248,1.8992865294056351,13.195775729441133
060100164,0.0,4.26,SPEAKER6010,-42.94623862969483,-46.48957824707031,1.8992865294056351,14.437291851465563
000700174,0.0,2.806,SPEAKER0070,-46.855924015791814,-53.32910410563151,1.8992865294056351,17.399134969456053
054140077,0.0,4.87,SPEAKER5414,-50.178364027207394,-52.597420120239256,1.8966402910958542,8.203256559756602
096280022,0.0,11.783,SPEAKER9628,-45.48037590195246,-52.718597412109375,1.8961162976894186,6.137061230206189
030600054,0.0,5.02,SPEAKER3060,-50.89816126120518,-54.55277723424575,1.8961162976894186,5.001824308427136
004820201,0.0,4.106,SPEAKER0482,-46.989179402372265,-49.774361080593536,1.89611446887152,12.090031135999212
024300052,0.0,4.698,SPEAKER2430,-46.839552859042556,-52.07734282120414,1.8959211439442043,14.905954102466435
054010155,0.0,2.55,SPEAKER5401,-46.02143841911764,-51.00499655983665,1.8959199609289425,13.048639130981528
036360061,0.0,3.79,SPEAKER3636,-44.585509770778366,-45.64376401901245,1.8959199609289425,12.894501006034602
026210157,0.0,3.834,SPEAKER2621,-44.199662410248045,-48.364674224853516,1.8959199609289425,13.47813073626426
013720140,0.0,3.54,SPEAKER1372,-44.7236328125,-47.722744532993865,1.8959199609289425,16.1310486107488
000490162,0.0,3.888,SPEAKER0049,-48.89932117609254,-52.618771479679985,1.8959199609289425,11.760409549262373
000490134,0.0,4.14,SPEAKER0049,-48.35195878623188,-52.402192796979634,1.8959199609289425,5.084725031939755
011090329,0.0,3.32,SPEAKER1109,-47.90635883377259,-53.646944999694824,1.8959187779136808,15.428290100232585
096400025,0.0,4.748,SPEAKER9640,-40.301533717105265,-42.4256592478071,1.8949689394984308,13.140185405317578
064010123,0.0,4.318,SPEAKER6401,-49.36655906394676,-52.02459955215454,1.8949689394984308,4.673690465233273
090880163,0.0,5.02,SPEAKER9088,-45.39667112798805,-48.148367705168546,1.893907086352695,12.577296796364518
081530018,0.0,2.28,SPEAKER8153,-46.44435307017544,-52.50241824558803,1.893907086352695,16.409159457126297
036310041,0.0,3.32,SPEAKER3631,-47.1083749058735,-50.89069387647841,1.893907086352695,12.795144353036568
028970039,0.0,4.8,SPEAKER2897,-47.891031901041664,-52.82076823711395,1.893907086352695,16.467899846598925
026210220,0.0,3.554,SPEAKER2621,-44.90885508362676,-47.083658142089845,1.893907086352695,15.843046333765988
021160027,0.0,3.915,SPEAKER2116,-47.550462372448976,-53.70576736450195,1.893907086352695,14.578040970060442
020890003,0.0,4.283,SPEAKER2089,-46.301931220794394,-50.6462727171002,1.893907086352695,11.989899701506776
010440039,0.0,3.61,SPEAKER1044,-47.95743702389197,-50.781825746808735,1.893907086352695,15.066816158243096
000050040,0.0,2.762,SPEAKER0005,-47.83506000905797,-52.27207154494066,1.893907086352695,9.919461598993694
007390281,0.0,3.307,SPEAKER0739,-48.189957633119334,-51.643212167840254,1.8939053874221887,17.20993266110188
013620292,0.0,3.6,SPEAKER1362,-47.656825086805554,-53.44806671142578,1.8872160432162683,13.684047823929365
021700291,0.0,3.013,SPEAKER2170,-48.66779679713455,-54.262253284454346,1.8872151633295595,9.483182661495666
021290121,0.0,3.024,SPEAKER2129,-44.445160518418874,-50.88792398240831,1.8872151633295595,14.421206567288575
020590151,0.0,3.163,SPEAKER2059,-47.90113849881329,-55.62384310635653,1.886167870064438,13.84781089828778
095550043,0.0,3.42,SPEAKER9555,-42.85710777595029,-45.51733660697937,1.8861670905866668,10.850877639344791
014220058,0.0,4.379,SPEAKER1422,-46.70952839611872,-49.11789393424988,1.8861670905866668,7.841454283924122
096070013,0.0,8.198,SPEAKER9607,-44.15089081554878,-49.17560656317349,1.8848461805046846,8.30987060774925
004610054,0.0,3.515,SPEAKER0461,-41.1597733931108,-44.04192944576866,1.8844717905612105,17.444604323124402
001450090,0.0,5.33,SPEAKER0145,-44.61702260201689,-48.413624010587995,1.8844717905612105,16.750014864523628
001220129,0.0,3.22,SPEAKER0122,-52.37833001746895,-58.808515866597496,1.8844717905612105,8.636167240679542
000060124,0.0,3.579,SPEAKER0006,-48.11355403282123,-49.18061286524723,1.8844717905612105,12.293470809381652
034120162,0.0,2.631,SPEAKER3412,-42.9086932628327,-46.56067892221304,1.8793664195261455,16.770462640271482
030830004,0.0,2.33,SPEAKER3083,-44.061791677843345,-51.47469117906358,1.8793664195261455,12.977082108006048
010460041,0.0,3.1,SPEAKER1046,-45.52122605846774,-46.36232962975135,1.8793664195261455,10.78256707642943
010290276,0.0,2.99,SPEAKER1029,-46.34644452863712,-50.30134989420573,1.8793664195261455,12.206207241787961
005940234,0.0,2.885,SPEAKER0594,-49.56879190095156,-56.2851926167806,1.8793664195261455,13.415009156495488
000540123,0.0,3.19,SPEAKER0054,-54.94092868338558,-54.02318649291992,1.8793664195261455,11.962306661568311
052200168,0.0,3.984,SPEAKER5220,-46.63480979114322,-48.49023873465402,1.8793629409667802,12.973685024393786
069120106,0.0,3.199,SPEAKER6912,-48.339236450195315,-50.87985521204331,1.8777327617531998,8.284133434342138
020310376,0.0,3.336,SPEAKER2031,-51.69835329341317,-55.9885009765625,1.8777327617531998,13.711580616838564
065040007,0.0,3.19,SPEAKER6504,-42.70460055838558,-47.47896245320638,1.877731422621111,13.387824222223722
011860284,0.0,3.75,SPEAKER1186,-45.086697916666665,-48.503828488863434,1.877731422621111,14.748928740239151
091180091,0.0,3.57,SPEAKER9118,-48.49769673494398,-53.01434008280436,1.8777300834890223,12.265606907524056
054240126,0.0,4.09,SPEAKER5424,-46.77243467298288,-50.612505826083094,1.8777300834890223,11.199969993096296
026210136,0.0,2.813,SPEAKER2621,-45.94822481094306,-50.444931745529175,1.8777300834890223,16.26217357297177
024480270,0.0,2.954,SPEAKER2448,-44.96675715042373,-51.20411631266276,1.8777300834890223,18.703007904966114
024300001,0.0,3.364,SPEAKER2430,-50.25169154575893,-50.53146707443964,1.8777300834890223,11.350224820746043
023800114,0.0,4.261,SPEAKER2380,-43.31679137323944,-48.10099138532366,1.8777300834890223,18.368330333778392
011810377,0.0,3.645,SPEAKER1181,-47.23504922945205,-50.546079282407405,1.8777300834890223,14.609046948570054
000540106,0.0,3.185,SPEAKER0054,-53.18556524294671,-54.69590332928826,1.8777300834890223,13.678228617688415
000050118,0.0,3.559,SPEAKER0005,-49.13837012816011,-51.19099942375632,1.8777300834890223,12.890605498591235
010750104,0.0,4.732,SPEAKER1075,-48.75025188292812,-51.95506962862882,1.8777274052248447,13.299318632815188
010270238,0.0,3.19,SPEAKER1027,-40.888503502155174,-46.313812255859375,1.8777274052248447,13.989581398725559
011860308,0.0,5.445,SPEAKER1186,-43.99123064793578,-45.75191932678223,1.8777220486964896,13.196014353496594
080570080,0.0,3.71,SPEAKER8057,-49.78123947102426,-56.51786848214957,1.8776030632878324,16.677223774516165
022360092,0.0,4.118,SPEAKER2236,-48.06322057038835,-55.1932943725586,1.8776024220993528,10.893987062474833
096310019,0.0,4.459,SPEAKER9631,-48.03570365050449,-51.0280130704244,1.8770840423132877,9.059970703774487
050170099,0.0,3.88,SPEAKER5017,-47.23497402545103,-49.41021304660373,1.8770840423132877,11.98742857969469
014220159,0.0,3.24,SPEAKER1422,-41.55082043306327,-52.50952835083008,1.8770840423132877,13.07735067960606
009810327,0.0,3.27,SPEAKER0981,-43.57062607511468,-45.51637674967448,1.8770840423132877,16.585400430099032
001490024,0.0,2.87,SPEAKER0149,-44.90908781576655,-55.44502878189087,1.8770840423132877,14.934393885664601
000360313,0.0,3.53,SPEAKER0036,-50.05538464943343,-55.56253360566639,1.8770840423132877,17.125163215218244
013620143,0.0,4.03,SPEAKER1362,-44.60604063275434,-48.81427328927176,1.8770830841040065,15.851307517243875
010750099,0.0,3.07,SPEAKER1075,-42.41557028705212,-45.45993247398963,1.8770830841040065,14.382155073917174
060480018,0.0,2.87,SPEAKER6048,-45.98706990418118,-51.59538051060268,1.8770821258947252,15.602402556135155
020070095,0.0,3.5,SPEAKER2007,-48.22744977678571,-50.63683596524325,1.8770821258947252,4.486973823843275
000480159,0.0,2.437,SPEAKER0048,-51.78726546490779,-55.65607217641977,1.8770821258947252,12.594892602856262
010330268,0.0,3.35,SPEAKER1033,-45.78178346548508,-48.72480719430106,1.8770802094761627,11.642909509581319
001200168,0.0,3.17,SPEAKER0120,-43.64231010942429,-46.28827746709188,1.8770802094761627,14.938831448980789
091070142,0.0,4.28,SPEAKER9107,-46.20900719188084,-49.05609719412667,1.876664465284562,13.904881531808739
030140025,0.0,2.972,SPEAKER3014,-46.966372711489896,-48.524380683898926,1.876664465284562,14.188491707456018
096340015,0.0,6.968,SPEAKER9634,-43.92545899838594,-53.941256046295166,1.876663991969311,7.026519161446728
096290009,0.0,8.611,SPEAKER9629,-47.2157193670151,-53.49966848464239,1.8766637553116856,4.942306708032838
023550319,0.0,2.553,SPEAKER2355,-44.95128293504902,-52.94162045992338,1.8766635186540601,14.558690453982416
001120078,0.0,3.334,SPEAKER0112,-51.000803537912915,-56.36366743199966,1.8766635186540601,15.881141970053939
022360222,0.0,3.497,SPEAKER2236,-46.33796875,-49.62921007941751,1.8749564321662229,10.045970868543957
095560170,0.0,3.739,SPEAKER9556,-48.86125501336898,-50.208866373697916,1.8668980240489566,13.50462357783072
038370061,0.0,3.16,SPEAKER3837,-48.24974349782437,-54.29225517721737,1.8668980240489566,15.618863867758293
015030125,0.0,2.65,SPEAKER1503,-47.13986217570755,-52.54264755249024,1.8668980240489566,10.02595961162627
014080279,0.0,3.69,SPEAKER1408,-48.16875211720867,-51.222226524353026,1.8668980240489566,8.579073878527279
009600133,0.0,5.941,SPEAKER0960,-48.62643360690236,-52.98144865036011,1.8654261509496828,15.07263573854327
030600099,0.0,3.63,SPEAKER3060,-45.682539170110196,-50.680208939772385,1.8654254970569613,15.061961422547165
003060229,0.0,3.249,SPEAKER0306,-55.18019230769231,-60.85261366102431,1.8654254970569613,13.5224320861033
001110135,0.0,2.87,SPEAKER0111,-48.74248353114111,-55.39485855102539,1.8654251701106004,15.162789565346735
014690113,0.0,5.41,SPEAKER1469,-44.84438178719963,-48.563060262928836,1.8654248431642397,12.854023958062811
014350127,0.0,3.059,SPEAKER1435,-48.334488613153596,-52.03129276476408,1.8654248431642397,13.03137458342176
000960043,0.0,3.197,SPEAKER0096,-42.959268188476564,-48.36237462361654,1.8654241892715182,8.44742809703639
080020006,0.0,6.67,SPEAKER8002,-43.34632683658171,-55.1028984614781,1.8654235353787967,8.44006746743884
032140069,0.0,3.59,SPEAKER3214,-44.10853988944986,-49.78850777943929,1.8633779044181968,15.108357751422066
024880176,0.0,2.91,SPEAKER2488,-50.00768162048969,-56.550600353040196,1.8633779044181968,16.587377826180717
020270048,0.0,3.28,SPEAKER2027,-42.16995760289634,-45.26325480143229,1.8633769766937136,13.014375319806922
010760151,0.0,2.747,SPEAKER1076,-47.73181107954545,-49.81838607788086,1.8633769766937136,13.374010688216927
000960049,0.0,3.128,SPEAKER0096,-46.2251959365016,-47.820679057728164,1.8633769766937136,9.251895025414369
009600120,0.0,2.994,SPEAKER0960,-48.277422136287626,-55.5439829145159,1.8630262422354382,14.55324794136361
012280355,0.0,2.64,SPEAKER1228,-43.56542228929924,-51.68551699320475,1.8575288980499345,17.945021730994227
054080163,0.0,3.57,SPEAKER5408,-47.05296962535014,-49.653711547851564,1.857432355188144,14.947452295753017
022510095,0.0,3.594,SPEAKER2251,-45.95027963962396,-50.211836624145505,1.857432355188144,14.139637349973665
012600345,0.0,6.25,SPEAKER1260,-42.312984375,-47.429938654745776,1.857432355188144,9.144661400510062
001220031,0.0,3.669,SPEAKER0122,-51.17246040531335,-58.32508087158203,1.857432355188144,15.058509504907256
080630019,0.0,2.32,SPEAKER8063,-41.529772528286635,-46.359545843941824,1.8574306722263192,16.680354569705464
091010123,0.0,3.46,SPEAKER9101,-41.92816902998555,-46.638586345471836,1.8524563514758356,14.261805791451213
038370107,0.0,3.0,SPEAKER3837,-49.24905924479167,-54.02338136945452,1.8524563514758356,15.682556742822293
009810112,0.0,3.87,SPEAKER0981,-49.461613775839794,-52.51036780221121,1.8524563514758356,12.849274469032567
029810349,0.0,3.84,SPEAKER2981,-45.9241689046224,-48.277162853040196,1.852454603214082,16.464555947440942
014080301,0.0,2.871,SPEAKER1408,-42.707395334277,-45.84098962637094,1.852454603214082,8.554133987677123
022440134,0.0,3.686,SPEAKER2244,-48.3510808350271,-51.11871172034222,1.8520407244785149,15.69266268196856
027400126,0.0,2.621,SPEAKER2740,-44.42238191793893,-48.72530150413513,1.8520391942975172,21.79174762242912
014180166,0.0,2.69,SPEAKER1418,-45.49981122211896,-50.04429002241655,1.8520391942975172,16.352141226790444
010990162,0.0,2.66,SPEAKER1099,-44.828440730733085,-49.79690361022949,1.8520391942975172,15.47266153937315
038370052,0.0,3.38,SPEAKER3837,-47.474019970414204,-53.60981195623224,1.8520384292070184,14.30435478752776
060480012,0.0,3.861,SPEAKER6048,-45.28886516353627,-48.57341172960069,1.8520376641165195,12.943874619997445
054280023,0.0,3.545,SPEAKER5428,-48.49956536091549,-55.35523376464844,1.8520376641165195,9.949010375776613
054240094,0.0,2.248,SPEAKER5424,-46.84575086805555,-52.192254066467285,1.8520376641165195,12.744650122159861
050390038,0.0,4.788,SPEAKER5039,-46.58404553757829,-47.698114474614464,1.8520376641165195,9.151178161625893
030120141,0.0,2.91,SPEAKER3012,-44.48477435030069,-47.32397733415876,1.8520376641165195,11.845438225829492
030070043,0.0,2.18,SPEAKER3007,-49.8990243334289,-51.412350581242485,1.8520376641165195,12.058552984267184
030070017,0.0,2.46,SPEAKER3007,-44.02812976371951,-46.046871878884055,1.8520376641165195,13.182399192834664
029370040,0.0,4.02,SPEAKER2937,-49.0615185789801,-52.30219243367513,1.8520376641165195,16.649715678445542
025380217,0.0,3.508,SPEAKER2538,-53.31519876246439,-56.65351585719896,1.8520376641165195,18.66029235940342
020610328,0.0,2.66,SPEAKER2061,-46.09752408364662,-49.29145703996931,1.8520376641165195,13.699087172906392
014690020,0.0,4.48,SPEAKER1469,-44.60133579799107,-48.64244003295899,1.8520376641165195,16.209197894425998
000010063,0.0,3.319,SPEAKER0001,-47.583416674510545,-51.122466160700874,1.8520376641165195,15.396011971713497
080630155,0.0,3.676,SPEAKER8063,-49.209403659986414,-52.71382631574358,1.8510084340058732,15.550880469965545
075510090,0.0,5.35,SPEAKER7551,-46.988503942757006,-49.064412152325666,1.8510084340058732,13.556955914714013
061210142,0.0,2.13,SPEAKER6121,-45.911073210093896,-52.763976010409266,1.8510084340058732,8.915126785984565
034120035,0.0,3.677,SPEAKER3412,-48.11982528023098,-54.0947068532308,1.8510084340058732,10.40857895117694
024410110,0.0,4.595,SPEAKER2441,-50.215743885869564,-52.816444621366614,1.8510084340058732,16.68318026333455
012920121,0.0,2.89,SPEAKER1292,-46.00841736051038,-50.47776148869441,1.8510084340058732,11.860689099292014
005940142,0.0,2.82,SPEAKER0594,-48.311294880319146,-53.68849778175354,1.8510084340058732,15.707310777882078
001350243,0.0,2.693,SPEAKER0135,-47.66973309711896,-50.07970021565755,1.8510084340058732,14.85660317767335
001040134,0.0,3.226,SPEAKER0104,-48.546267293924146,-51.43651747703552,1.8510084340058732,10.386392843984058
000930035,0.0,3.05,SPEAKER0093,-42.855289446721315,-48.16132146661932,1.8510084340058732,10.572101999375263
000930101,0.0,3.206,SPEAKER0093,-44.02578611760124,-49.00046597994291,1.8510084340058732,9.423727990663714
001490016,0.0,2.99,SPEAKER0149,-47.38868820547659,-53.07302602132162,1.851007629819231,11.888222419532394
096120015,0.0,4.8,SPEAKER9612,-44.615885416666664,-48.819047927856445,1.8444435015310916,9.521713246898543
020270113,0.0,2.822,SPEAKER2027,-52.842153562721634,-54.5676212310791,1.8444435015310916,10.064099880985982
096120020,0.0,3.168,SPEAKER9612,-44.94789407531546,-50.62937952677409,1.8444426821683948,9.530093037075613
005630267,0.0,3.01,SPEAKER0563,-50.04386095826412,-54.1785512651716,1.8444426821683948,20.466181541786234
022520358,0.0,4.517,SPEAKER2252,-43.10558541897124,-47.65721638997396,1.8408678626973918,11.162676625499119
000490102,0.0,4.03,SPEAKER0049,-43.55952911755583,-48.443826039632164,1.8408678626973918,14.539249643828018
096170013,0.0,4.887,SPEAKER9617,-47.8046435646728,-53.36735010147095,1.8391819654406016,14.55390823864024
054280057,0.0,5.17,SPEAKER5428,-52.702852998065765,-57.99765628317128,1.8375984802473215,6.604164706452108
096090024,0.0,9.302,SPEAKER9609,-46.31617103494624,-51.17134108910194,1.8375958987433423,6.2874502154008685
024510375,0.0,2.835,SPEAKER2451,-43.54917542363556,-49.89929433969351,1.8375958987433423,17.600460674687202
020160093,0.0,3.931,SPEAKER2016,-46.10004671596692,-48.84502967834473,1.8375958987433423,15.880119945382805
095550173,0.0,6.126,SPEAKER9555,-44.86631767434747,-47.70550740559896,1.837593317239363,10.184589380094504
022420172,0.0,2.825,SPEAKER2242,-45.62030352804771,-51.28303555079869,1.8313526566346898,14.535167270913199
022440180,0.0,3.65,SPEAKER2244,-49.8119220890411,-56.11176664179022,1.829825642389273,14.215706138590749
096450006,0.0,4.639,SPEAKER9645,-47.117233802532326,-55.2402005629106,1.8266107078759968,6.324423414537703
014350146,0.0,5.76,SPEAKER1435,-49.56407674153646,-53.54859451011375,1.8266107078759968,6.873973712041398
069020075,0.0,3.8,SPEAKER6902,-45.30087376644737,-64.76866960525513,1.8266103010497459,6.967608196960427
096130006,0.0,2.98,SPEAKER9613,-54.00552839240772,-60.0246948829064,1.826609894223495,10.905965525506387
096120009,0.0,4.776,SPEAKER9612,-42.93858279942469,-47.54092305501302,1.826609894223495,9.174552550635763
096450012,0.0,5.48,SPEAKER9645,-48.222513686131386,-52.58720241893422,1.8266074532659895,7.456671874411947
014190064,0.0,4.039,SPEAKER1419,-46.59710995513614,-49.43724935195025,1.8266074532659895,4.451684727708667
061210147,0.0,3.62,SPEAKER6121,-46.333579722030386,-49.961334228515625,1.8263438726583705,10.17562492923918
004610266,0.0,3.614,SPEAKER0461,-47.18562802977839,-52.42976136641069,1.8263438726583705,11.9829933554057
001030061,0.0,2.841,SPEAKER0103,-49.53211996588909,-52.03600883483887,1.8263438726583705,13.518518538838483
000960073,0.0,3.52,SPEAKER0096,-46.78111683238637,-51.50880162856158,1.8263438726583705,10.895331406087415
027400372,0.0,3.048,SPEAKER2740,-51.09030801741803,-55.476181203668766,1.8263434468380566,18.41505116306546
024270206,0.0,3.39,SPEAKER2427,-45.70313076143068,-51.378697646291634,1.8263421693771147,15.931909948506007
022510211,0.0,3.716,SPEAKER2251,-46.74557396673387,-53.955095529556274,1.8228691137810762,13.112408028880559
030600041,0.0,3.82,SPEAKER3060,-46.17007014888743,-49.14857660929362,1.8207798182720332,17.671746502303797
096110009,0.0,3.987,SPEAKER9611,-43.4293595316416,-50.80231051974826,1.819409274159755,13.03611511453774
022360326,0.0,3.287,SPEAKER2236,-45.56424831401976,-51.25314824721392,1.8194083597508057,6.613500610668076
096350007,0.0,6.298,SPEAKER9635,-49.27455047123016,-54.56073161533901,1.8165897001427307,6.58540632636975
032140078,0.0,3.09,SPEAKER3214,-47.01526787520226,-51.40030161539713,1.814962264163439,13.263228829953876
095580045,0.0,4.91,SPEAKER9558,-45.10374236252546,-45.81531524658203,1.8149608387861886,14.784595023529455
021680379,0.0,3.812,SPEAKER2168,-53.58558378444882,-55.526979287465416,1.8149608387861886,9.912743105866152
000050038,0.0,2.877,SPEAKER0005,-42.80186631944444,-45.65992005666097,1.8149608387861886,8.277506821146439
096250021,0.0,7.448,SPEAKER9625,-43.38308515100671,-48.09659385681152,1.8140795564790317,8.221063383717171
060100031,0.0,4.09,SPEAKER6010,-44.31822566473105,-46.73353244947351,1.8134049868668138,12.700643250392568
010920101,0.0,2.63,SPEAKER1092,-42.97144204491445,-49.062739508492605,1.8134049868668138,15.610712282168343
096300014,0.0,3.339,SPEAKER9630,-47.04812347960329,-49.22381479599897,1.8105723983275979,7.802367963154278
055470105,0.0,3.49,SPEAKER5547,-44.20715996597421,-45.643724822998045,1.8105723983275979,15.36721159861221
054080021,0.0,3.728,SPEAKER5408,-44.049273207104555,-49.28662657737732,1.8105723983275979,15.616393101062158
010610069,0.0,3.119,SPEAKER1061,-46.499796549479164,-53.502323404947916,1.8105717444348763,12.1847114793968
052200110,0.0,3.254,SPEAKER5220,-45.23638221153846,-45.58092053731283,1.8088561860119874,10.79153806041241
032080079,0.0,3.39,SPEAKER3208,-46.16265959162979,-51.31117248535156,1.80885502746146,19.973574590399124
020590274,0.0,3.958,SPEAKER2059,-48.24647352430556,-52.69221178690592,1.80885502746146,13.932894757827409
020360245,0.0,2.854,SPEAKER2036,-45.39898231907895,-53.14932738410102,1.80885502746146,14.14087364856275
020310112,0.0,2.969,SPEAKER2031,-47.75770728114478,-55.0149486766142,1.80885502746146,16.728554089856814
020300012,0.0,3.62,SPEAKER2030,-39.25752924292127,-42.24377553603228,1.80885502746146,13.85819151870108
014080117,0.0,3.19,SPEAKER1408,-46.39943243044671,-47.9413402557373,1.80885502746146,9.562301337614038
001450049,0.0,4.23,SPEAKER0145,-44.3759465499409,-48.56459484100342,1.80885502746146,13.873969166531028
001350318,0.0,3.98,SPEAKER0135,-45.23044912060301,-48.22999636332194,1.80885502746146,15.252557147201497
052200050,0.0,6.532,SPEAKER5220,-42.57805022492343,-46.03948692039207,1.8066485209029959,13.117865204469062
029810027,0.0,4.122,SPEAKER2981,-50.64047804156554,-54.03189239501953,1.801490652751094,14.910955537896367
000540088,0.0,2.783,SPEAKER0054,-55.066711864883096,-56.96526336669922,1.801490652751094,14.703914018822328
080630091,0.0,4.21,SPEAKER8063,-46.9485414192399,-51.24731427972967,1.801489253117307,13.262254067288943
075510076,0.0,3.86,SPEAKER7551,-46.04205290641192,-47.89804697036743,1.801489253117307,13.492932435394396
075510131,0.0,4.18,SPEAKER7551,-47.193177145633975,-49.93580811599205,1.801489253117307,12.685753362861725
040050107,0.0,3.31,SPEAKER4005,-48.12842239425982,-49.802625095143036,1.801489253117307,13.494290985866565
034120052,0.0,3.627,SPEAKER3412,-43.51684099517907,-45.17030572891235,1.801489253117307,10.150415193572
034120173,0.0,3.53,SPEAKER3412,-43.05896445644476,-49.36575722694397,1.801489253117307,16.418888031832328
030830043,0.0,2.95,SPEAKER3083,-45.81201337394068,-50.28841434825551,1.801489253117307,10.816609538216772
029170177,0.0,3.907,SPEAKER2917,-44.67575127877238,-49.873258393386315,1.801489253117307,16.521909969154606
027990167,0.0,3.32,SPEAKER2799,-52.4590726185994,-55.90920055613798,1.801489253117307,14.772425396127135
024880269,0.0,3.26,SPEAKER2488,-52.25116828029141,-59.02051363493267,1.801489253117307,14.395406014143203
022080210,0.0,3.567,SPEAKER2208,-51.6687018557423,-55.46966848065776,1.801489253117307,10.050316512738384
020270020,0.0,3.5,SPEAKER2027,-44.2897265625,-49.11484985351562,1.801489253117307,13.601001212716902
020140074,0.0,3.732,SPEAKER2014,-45.14257288873995,-49.374603271484375,1.801489253117307,9.241232858070301
014080362,0.0,4.407,SPEAKER1408,-46.24024323270975,-50.04452913457697,1.801489253117307,7.834536042805347
011350374,0.0,3.5,SPEAKER1135,-47.14341517857143,-54.631250619888306,1.801489253117307,18.341376121405176
007650337,0.0,3.487,SPEAKER0765,-50.56725129835244,-52.97037752936868,1.801489253117307,13.697493480839274
005750347,0.0,4.0,SPEAKER0575,-53.0135498046875,-58.83301176343645,1.801489253117307,20.808350900164317
001570185,0.0,2.87,SPEAKER0157,-44.35792206554878,-51.369396686553955,1.801489253117307,18.492717841685845
001120098,0.0,3.124,SPEAKER0112,-50.12388571714744,-52.99239758082798,1.801489253117307,13.507589736231628
001040115,0.0,4.131,SPEAKER0104,-46.254639263014525,-49.703802744547524,1.801489253117307,9.291476218311324
008130233,0.0,2.57,SPEAKER0813,-47.37802468385214,-52.67829513549805,1.8014878534835201,15.306546720834847
065040009,0.0,4.508,SPEAKER6504,-40.85824902993348,-44.16859940120152,1.7966815426862366,12.362097874921325
032140060,0.0,4.232,SPEAKER3214,-43.660904255319146,-48.14587222205268,1.7966815426862366,14.3331150600755
014070343,0.0,4.695,SPEAKER1407,-49.0638671875,-54.02904718572443,1.7966815426862366,10.539323875202099
014040052,0.0,4.2,SPEAKER1404,-48.70204613095238,-56.7104795244005,1.7966815426862366,9.357264181547052
010290152,0.0,3.834,SPEAKER1029,-51.50288124184073,-53.27882194519043,1.7966815426862366,11.974974912542162
005670356,0.0,5.54,SPEAKER0567,-52.545746841155236,-54.360205841064456,1.7966815426862366,11.672444771360112
005600318,0.0,4.626,SPEAKER0560,-44.13748650107991,-47.60328570279208,1.7966815426862366,17.89801141734844
011350026,0.0,4.53,SPEAKER1135,-46.01793167080574,-50.51584323247274,1.7926160493485608,20.366926666525966
009600262,0.0,3.02,SPEAKER0960,-48.17351446088576,-53.32492564274715,1.7876618943941924,18.09637245660788
054240099,0.0,5.111,SPEAKER5424,-46.73438264432485,-50.00270830351731,1.7855548084312205,15.168793299199626
010390189,0.0,2.74,SPEAKER1039,-44.10383639370438,-48.224906073676216,1.7855548084312205,13.903819945407694
096390013,0.0,4.126,SPEAKER9639,-43.82462545399516,-49.409030180711014,1.7855538807067375,11.22812954420186
010460030,0.0,2.926,SPEAKER1046,-46.34887611988054,-51.41064277062049,1.7855538807067375,8.260699998955893
000700048,0.0,3.597,SPEAKER0070,-44.800564236111114,-49.656161880493165,1.7855538807067375,15.365476031754216
012280262,0.0,3.27,SPEAKER1228,-41.45725821865443,-46.549505869547524,1.7814721660849042,16.88248491296653
085850044,0.0,2.832,SPEAKER8585,-46.42941143992933,-53.23673701286316,1.7795904569487573,10.104019348877955
096330016,0.0,6.058,SPEAKER9633,-49.45874587458746,-53.280985380473886,1.7795901002241967,2.4298188456348804
096180011,0.0,2.88,SPEAKER9618,-47.332255045572914,-50.786532810756135,1.7757096229856815,12.362104075690493
012280201,0.0,4.1,SPEAKER1228,-44.09496474847561,-45.10633028470553,1.7757088036229847,16.231148195235882
001110129,0.0,3.506,SPEAKER0111,-48.30084245904558,-51.77618877704327,1.7739758007645563,13.744806336911065
090880095,0.0,5.79,SPEAKER9088,-46.20548966429188,-47.277118629879425,1.773686016861201,16.652407318450194
060670144,0.0,3.81,SPEAKER6067,-45.609067421259844,-49.18251070768937,1.773686016861201,15.299122895444423
030830013,0.0,4.915,SPEAKER3083,-47.55055894308943,-50.34473758273654,1.773686016861201,10.918884448217291
015020061,0.0,3.275,SPEAKER1502,-49.66362781059451,-52.91150813632541,1.773686016861201,9.794115810515345
010420134,0.0,3.253,SPEAKER1042,-49.72551382211538,-51.50123310089111,1.773686016861201,11.481427472978647
034230108,0.0,3.33,SPEAKER3423,-43.63713518205706,-47.52530975341797,1.7736833469997704,14.383102988820474
030460146,0.0,3.19,SPEAKER3046,-47.11959063969436,-49.711446425494024,1.7736833469997704,12.831545673567788
030460147,0.0,4.76,SPEAKER3046,-47.89767840730042,-51.85232496261597,1.7736833469997704,11.57535557633015
022820293,0.0,3.126,SPEAKER2282,-48.802637654752395,-53.138538148668076,1.7736833469997704,8.800955056189423
011560058,0.0,3.516,SPEAKER1156,-47.2964033647017,-50.538237032683,1.7736833469997704,14.581144299601743
010390004,0.0,3.61,SPEAKER1039,-43.33579412655817,-47.98247080835803,1.7736833469997704,14.670165745969467
000260069,0.0,3.35,SPEAKER0026,-51.96438316231343,-58.127081298828124,1.7736833469997704,18.632932908563728
096390012,0.0,3.325,SPEAKER9639,-44.798124296171174,-49.08317599089249,1.7736806771383395,14.386356032581247
021680288,0.0,4.57,SPEAKER2168,-50.73525112828228,-54.35741793314616,1.770600999669399,10.382306229460744
008130283,0.0,3.805,SPEAKER0813,-46.66930671751968,-51.88304491396303,1.770598796025258,15.175629346340482
022510122,0.0,3.347,SPEAKER2251,-47.56729244402985,-51.712379709879556,1.7677378904846912,11.14754413243892
096040025,0.0,4.579,SPEAKER9604,-57.46233198007642,-58.695365574048914,1.762559452154779,2.9402591464580876
011350218,0.0,3.67,SPEAKER1135,-49.983752341621255,-54.45041294097901,1.7557199534909558,19.816138235909047
024880070,0.0,3.3,SPEAKER2488,-48.0606415719697,-55.354769706726074,1.7555158369818107,14.173190244866902
020610343,0.0,4.712,SPEAKER2061,-44.28338143577495,-47.582563908894855,1.7555158369818107,11.069267780935364
030120001,0.0,4.314,SPEAKER3012,-43.20364160382831,-45.4909925914946,1.755392156218514,11.2623396727633
040050271,0.0,2.704,SPEAKER4005,-43.3247974537037,-51.9396707871381,1.7513906019057264,13.176668218188311
030120157,0.0,2.98,SPEAKER3012,-47.59026976719799,-51.65954462687174,1.7513906019057264,10.734270436558116
021160203,0.0,3.598,SPEAKER2116,-48.297184244791666,-52.82461145189073,1.7513906019057264,13.961255901572422
020020361,0.0,2.983,SPEAKER2002,-45.648027868078856,-51.293721771240236,1.7513906019057264,11.373965507098582
014470028,0.0,3.549,SPEAKER1447,-46.87605633802817,-54.63402029184195,1.7513906019057264,14.104696498998772
030830129,0.0,3.144,SPEAKER3083,-46.076918292197455,-50.621247100830075,1.75138890297522,12.151641346995401
020590359,0.0,2.999,SPEAKER2059,-46.171171875,-52.20626940046038,1.75138890297522,13.103101226812344
030270147,0.0,2.81,SPEAKER3027,-44.7527281194395,-53.06058120727539,1.7513872040447138,13.526102100703577
014070101,0.0,4.899,SPEAKER1407,-46.71566087372449,-51.69145462036133,1.7513872040447138,10.258253262286143
096390019,0.0,3.032,SPEAKER9639,-41.206128816006604,-47.15696538289388,1.7427036222435153,15.33014765435376
020360228,0.0,2.91,SPEAKER2036,-45.13217152598797,-56.20565761219371,1.7427031650390405,14.47269221770881
034120027,0.0,3.47,SPEAKER3412,-45.74562657600865,-51.72662660810683,1.7427022506300913,16.568154292006586
085850042,0.0,5.13,SPEAKER8585,-42.77691352948343,-46.88920626432999,1.7420346288339483,10.890597730655742
052180124,0.0,3.73,SPEAKER5218,-45.74428200402145,-47.57464902154331,1.7420346288339483,12.33256954158929
052180117,0.0,2.52,SPEAKER5218,-44.024786086309526,-46.371102227105034,1.7420346288339483,14.21246647087338
050150070,0.0,3.8,SPEAKER5015,-48.53658511513158,-51.55872284738641,1.7420346288339483,12.00117648401435
030120155,0.0,2.631,SPEAKER3012,-50.14961086026616,-53.09944446270283,1.7420346288339483,11.4838375126386
029370108,0.0,5.51,SPEAKER2937,-49.7806934834392,-53.14929608600895,1.7420346288339483,15.067439041942878
025380004,0.0,6.255,SPEAKER2538,-50.617530700878596,-51.93282427106585,1.7420346288339483,12.398354342376635
024300082,0.0,5.466,SPEAKER2430,-47.96968907106947,-51.719418492810476,1.7420346288339483,13.943196307772563
023800160,0.0,2.833,SPEAKER2380,-40.1553562555212,-46.172693967819214,1.7420346288339483,18.957323792738507
020340140,0.0,2.17,SPEAKER2034,-46.61157564084101,-50.04939963600852,1.7420346288339483,12.33916843258671
015020088,0.0,3.09,SPEAKER1502,-46.92994665250809,-53.26073154650236,1.7420346288339483,9.515179308343233
014070159,0.0,3.38,SPEAKER1407,-45.611827963202664,-50.89323743184408,1.7420346288339483,6.617951113759453
013360268,0.0,3.05,SPEAKER1336,-46.715769082991805,-52.56972122192383,1.7420346288339483,14.386539002094143
005940318,0.0,3.623,SPEAKER0594,-48.386729540745854,-52.696558452787855,1.7420346288339483,13.40115878692879
000010173,0.0,2.059,SPEAKER0001,-49.97923145479369,-55.052842140197754,1.7420346288339483,12.240017636424502
024300270,0.0,2.726,SPEAKER2430,-47.35478193681319,-54.95982279096331,1.7420338845894068,15.612617577606667
020140048,0.0,2.925,SPEAKER2014,-45.36779076898464,-49.826550347464426,1.7334669433471186,11.04540025661478
060100081,0.0,4.78,SPEAKER6010,-44.79922855648535,-46.0817703406016,1.733465204067436,10.667126502008273
055510067,0.0,3.08,SPEAKER5551,-44.60213638900162,-50.500466210501536,1.733465204067436,12.973580142992972
052180146,0.0,2.83,SPEAKER5218,-44.19525383723498,-44.78526910146078,1.733465204067436,12.965303081130713
036360071,0.0,6.531,SPEAKER3636,-47.70572717266462,-56.13121497112772,1.733465204067436,7.426834664826837
034120125,0.0,2.61,SPEAKER3412,-41.25140310704023,-49.65961429050991,1.733465204067436,18.012719035119552
030020138,0.0,2.166,SPEAKER3002,-48.35554525489631,-55.204809015447445,1.733465204067436,11.603832742273326
024480244,0.0,3.844,SPEAKER2448,-48.35162353515625,-54.777023114656146,1.733465204067436,17.742132839590134
014650037,0.0,3.32,SPEAKER1465,-46.07302451995482,-50.75830046335856,1.733465204067436,12.910493927659417
012280033,0.0,4.65,SPEAKER1228,-44.62392053091398,-48.65226364135742,1.733465204067436,20.22382181397088
012280276,0.0,2.5,SPEAKER1228,-45.784765625,-48.34103012084961,1.733465204067436,16.019319009757325
001350124,0.0,4.482,SPEAKER0135,-47.301709856305806,-49.51708984375,1.733465204067436,14.335700573084512
030680092,0.0,3.05,SPEAKER3068,-47.333360015368854,-53.49940572466169,1.7334643344275946,13.867339450806337
014080149,0.0,2.586,SPEAKER1408,-46.38209233228765,-53.746148109436035,1.7334634647877534,9.129980473290647
034230123,0.0,4.53,SPEAKER3423,-46.812780249724064,-50.36744172232492,1.7334617255080706,15.594324315296035
029370015,0.0,2.724,SPEAKER2937,-47.07719511144302,-51.92756571088518,1.7293211680931853,14.394187393939273
065040028,0.0,4.14,SPEAKER6504,-43.032202974033815,-45.11773822925709,1.7293198773411955,11.602105809694528
040050264,0.0,2.543,SPEAKER4005,-44.885669137549215,-52.86806651524135,1.7293198773411955,11.858666653104315
029370126,0.0,3.05,SPEAKER2937,-45.050646772540986,-52.395514488220215,1.7293198773411955,18.16793267661148
010760079,0.0,3.23,SPEAKER1076,-48.13304832623839,-52.193267822265625,1.7293198773411955,17.37304563364683
029370217,0.0,3.873,SPEAKER2937,-47.793781290374675,-50.70165319028108,1.7236799613117832,13.287542091236109
000010106,0.0,2.13,SPEAKER0001,-51.091370488556336,-64.26068083445232,1.7236784311307856,10.885089201200483
050720150,0.0,3.23,SPEAKER5072,-43.73898872871517,-47.845823400160846,1.7236776660402868,18.11907254345526
021790108,0.0,3.86,SPEAKER2179,-50.239404549870464,-58.20567560195923,1.7236776660402868,9.936172208289552
021790040,0.0,3.18,SPEAKER2179,-46.784164332743714,-52.625162858229416,1.7236776660402868,12.459053967428044
090880157,0.0,4.0,SPEAKER9088,-43.99291015625,-47.49476458231608,1.7236769009497879,14.64858411431727
030880003,0.0,3.059,SPEAKER3088,-43.7817893433415,-47.91417421613421,1.7236769009497879,11.546160306023399
025380251,0.0,3.64,SPEAKER2538,-51.25057949862637,-54.4820912101052,1.7236769009497879,21.15879236187868
024880245,0.0,2.77,SPEAKER2488,-49.94965943704874,-53.52168337504069,1.7236769009497879,19.15498735041101
024020233,0.0,4.15,SPEAKER2402,-50.80933734939759,-57.38637145360311,1.7236769009497879,17.3188428034724
023800242,0.0,3.953,SPEAKER2380,-42.46339003164557,-48.06954526901245,1.7236769009497879,19.324293924735898
014350133,0.0,4.195,SPEAKER1435,-46.66885230654762,-52.81794738769531,1.7236769009497879,9.024581563022554
012600251,0.0,2.684,SPEAKER1260,-42.35415694962686,-47.05846493060772,1.7236769009497879,8.1405818516469
011090246,0.0,4.45,SPEAKER1109,-43.99053283005618,-49.33590750260787,1.7236769009497879,18.345019394825638
001310123,0.0,4.655,SPEAKER0131,-49.52252380633047,-51.97961349487305,1.7236769009497879,12.255765672072734
000930048,0.0,3.22,SPEAKER0093,-42.83120936044255,-44.84674688485953,1.7236769009497879,9.60817967180607
000490087,0.0,3.508,SPEAKER0049,-49.80606748575499,-56.89983455951397,1.7236769009497879,13.881821360128137
001350180,0.0,4.551,SPEAKER0135,-43.76111778846154,-45.60328617802373,1.7236738405877927,14.909338274517767
050290126,0.0,3.96,SPEAKER5029,-47.12213936237374,-51.343846772846426,1.7226041564568468,11.291721128386545
005670320,0.0,3.808,SPEAKER0567,-55.586860236220474,-59.81766981237075,1.7226033428043448,13.42511385207117
022080294,0.0,2.396,SPEAKER2208,-52.98704833984375,-59.62457275390625,1.718922788107753,9.89837290196096
007650271,0.0,3.19,SPEAKER0765,-46.61303940536834,-53.37785890367296,1.718922788107753,21.648450702011957
050390129,0.0,4.08,SPEAKER5039,-45.269172219669116,-47.42348647117615,1.7178463727108464,11.52836090808579
034230072,0.0,2.92,SPEAKER3423,-47.39167848351884,-53.73549957275391,1.7178454260803444,16.895258780849232
096400006,0.0,4.684,SPEAKER9640,-41.437032585470085,-43.318328857421875,1.716323354782156,9.629806515830326
096110008,0.0,3.334,SPEAKER9611,-39.775548986486484,-43.74304803212484,1.716323354782156,13.131167649426283
090340039,0.0,4.21,SPEAKER9034,-45.59306339073634,-50.26276533944266,1.716323354782156,15.84166791414764
054280049,0.0,3.317,SPEAKER5428,-50.91220938441265,-52.391653878348215,1.716323354782156,8.724934020606025
036360062,0.0,3.4,SPEAKER3636,-46.04149816176471,-48.468536376953125,1.716323354782156,13.58733128628932
030750034,0.0,3.709,SPEAKER3075,-47.80286598719677,-50.92706184387207,1.716323354782156,12.459715991313555
024410322,0.0,3.507,SPEAKER2441,-47.60980902777778,-49.710183824811665,1.716323354782156,15.227750689799574
021120321,0.0,6.104,SPEAKER2112,-48.22429879610656,-56.628191980822336,1.716323354782156,8.806065669751444
020360055,0.0,4.664,SPEAKER2036,-49.1947885930794,-57.41244914613921,1.716323354782156,15.8888396044588
015030077,0.0,2.71,SPEAKER1503,-51.042262453874535,-55.640889576503206,1.716323354782156,10.81995496237484
013090076,0.0,2.98,SPEAKER1309,-47.32938338926174,-50.39116378057571,1.716323354782156,9.881418486488533
010640082,0.0,3.643,SPEAKER1064,-43.411393050309066,-46.243741815740414,1.716323354782156,14.02023133104561
010120219,0.0,3.44,SPEAKER1012,-46.32081781431686,-51.010686527598985,1.716323354782156,11.453765208043801
001490138,0.0,3.112,SPEAKER0149,-45.553773738946944,-50.28126613910381,1.7163223965728747,10.287145947895297
085850120,0.0,2.4,SPEAKER8585,-43.45426839192708,-50.395958455403644,1.7163214383635934,14.759502538415898
051950163,0.0,2.57,SPEAKER5195,-48.22146309581712,-53.64714649745396,1.7163214383635934,12.163904611733907
014070248,0.0,3.538,SPEAKER1407,-48.688774496822035,-51.817340578351704,1.716319521945031,9.375640345188119
011810284,0.0,4.46,SPEAKER1181,-45.94935888452915,-49.94052340189616,1.7163156891079059,11.96427025985639
013360002,0.0,3.0,SPEAKER1336,-49.095026041666664,-52.06006349836077,1.7162571025177495,17.167069427770073
096390009,0.0,2.862,SPEAKER9639,-46.03856397508741,-50.400218376746544,1.716255419555925,10.970326421942234
060480104,0.0,4.5,SPEAKER6048,-46.323207465277775,-48.46302032470703,1.716255419555925,7.489258915915082
024300093,0.0,3.907,SPEAKER2430,-49.605988251278774,-55.22522969399729,1.716255419555925,17.634613622977454
014650041,0.0,2.43,SPEAKER1465,-44.87524112654321,-52.29204559326172,1.716255419555925,11.885337263961894
000540054,0.0,3.15,SPEAKER0054,-51.143275669642854,-51.34239514668783,1.7162537365941002,13.309596816102829
001330172,0.0,3.29,SPEAKER0133,-46.61232843370061,-51.45253196129432,1.7160892368870193,14.245570916969957
051950050,0.0,3.11,SPEAKER5195,-48.72372387459807,-53.27611414591471,1.7160884327003771,13.505529075137302
051950011,0.0,3.25,SPEAKER5195,-51.71233173076923,-55.2556142305073,1.7160884327003771,11.006872617359923
030200057,0.0,2.5,SPEAKER3020,-45.3093203125,-49.40432058061872,1.7160884327003771,14.009010064475095
029370185,0.0,2.48,SPEAKER2937,-48.73973821824597,-53.920084733229416,1.7160884327003771,18.38206805012046
023550138,0.0,3.462,SPEAKER2355,-43.751687816112714,-48.029465993245445,1.7160884327003771,15.004310752417936
014690062,0.0,3.35,SPEAKER1469,-46.73621443563433,-52.49700975418091,1.7160884327003771,13.451251998778275
014390090,0.0,3.7,SPEAKER1439,-47.05567461993243,-53.17260030110677,1.7160884327003771,13.41943081044896
013360145,0.0,3.31,SPEAKER1336,-50.905170175604226,-53.23849868774414,1.7160884327003771,16.346352608917307
013360234,0.0,3.95,SPEAKER1336,-51.0940565664557,-55.79111167362758,1.7160884327003771,15.171007610673156
010460053,0.0,2.488,SPEAKER1046,-49.571598895582326,-54.29209232330322,1.7160884327003771,10.104346870660082
010420129,0.0,3.41,SPEAKER1042,-47.23120475164956,-49.48315684000651,1.7160884327003771,12.84498736989778
001200016,0.0,4.535,SPEAKER0120,-46.499655837004404,-47.51005132574784,1.7160884327003771,9.553890893153705
001030121,0.0,3.206,SPEAKER0103,-49.42664829147196,-53.85073399543762,1.7160884327003771,15.244970965279466
000260115,0.0,4.18,SPEAKER0026,-46.70061584180622,-53.444859755666634,1.7160884327003771,15.896433394742765
096450018,0.0,4.214,SPEAKER9645,-45.98490851395487,-52.62072330050998,1.7138375804599766,12.562521422947745
096290005,0.0,5.94,SPEAKER9629,-46.912319812710436,-53.51760660807292,1.713835367646233,4.249303145740736
034120161,0.0,2.96,SPEAKER3412,-41.2482811180321,-47.1751381556193,1.713835367646233,18.522161003902614
069120061,0.0,3.24,SPEAKER6912,-44.44169258777006,-48.707828521728516,1.7116700164937337,12.81393114164759
060990117,0.0,4.37,SPEAKER6099,-40.82709257008009,-43.25434736772017,1.7116694372184702,15.005277084596598
000530019,0.0,3.65,SPEAKER0053,-47.11570526541096,-52.396629095077515,1.7116694372184702,16.350896038205114
030200137,0.0,3.341,SPEAKER3020,-41.420854579902695,-43.038734690348306,1.7116688579432067,14.390357112205347
011090184,0.0,4.07,SPEAKER1109,-45.33207443949632,-49.64610719680786,1.7116688579432067,17.264467709057072
030200021,0.0,5.0,SPEAKER3020,-42.41477734375,-44.466404956320055,1.7114753103608884,11.35143428714754
000260001,0.0,2.382,SPEAKER0026,-47.486168100052524,-53.57641462846236,1.7114748931442316,16.613094618891925
096170002,0.0,4.352,SPEAKER9617,-47.44049030172414,-50.214050837925505,1.7114744759275748,11.330447275994889
000030047,0.0,2.96,SPEAKER0003,-48.80561127533784,-54.53695551554362,1.7077317124442444,18.354662657294917
010750035,0.0,3.36,SPEAKER1075,-46.681477864583336,-52.59649311412465,1.7077303208575196,15.28263970465251
060990124,0.0,3.36,SPEAKER6099,-42.698617117745535,-45.767541773179,1.70704813633187,15.247948396288045
030210047,0.0,3.6,SPEAKER3021,-46.19639756944444,-49.02660131454468,1.7070452090154316,12.35496370072626
014190027,0.0,3.81,SPEAKER1419,-47.092714484908136,-48.18380546569824,1.706977383165665,11.737076588224152
005600296,0.0,3.85,SPEAKER0560,-45.25111607142857,-52.27209524674849,1.706977383165665,16.594348806944314
000010145,0.0,3.49,SPEAKER0001,-44.577005730659025,-48.813511912028,1.706977383165665,17.535979898800505
096040004,0.0,2.717,SPEAKER9604,-48.97846895105698,-53.657874743143715,1.7069765638029681,16.18936551541533
000750020,0.0,3.791,SPEAKER0075,-49.74554234003958,-50.68687133789062,1.7069765638029681,15.05209083604422
000030175,0.0,1.937,SPEAKER0003,-46.21756201675258,-56.66440677642822,1.7064710631314066,18.676347855209322
054240025,0.0,2.83,SPEAKER5424,-44.26538344743816,-47.768836975097656,1.7058016660184834,19.145216734508438
030460106,0.0,2.607,SPEAKER3046,-43.343742516762454,-46.232562171088325,1.7058016660184834,10.767891169896341
015030150,0.0,3.57,SPEAKER1503,-43.174796481092436,-48.99815423148019,1.7058016660184834,15.258697415540976
001220093,0.0,3.16,SPEAKER0122,-48.20619375494462,-56.93667397132287,1.7058016660184834,17.38955366715969
030020161,0.0,3.11,SPEAKER3002,-45.34696857415595,-49.04616246904646,1.7058007918876066,13.22711875431618
010270117,0.0,2.784,SPEAKER1027,-43.415580035971225,-48.25932083129883,1.7058007918876066,16.799937263919965
010760046,0.0,4.412,SPEAKER1076,-47.16415993480726,-50.78651377360026,1.7041231243346928,11.966158612509151
013090202,0.0,2.789,SPEAKER1309,-47.07198560707885,-49.589813995361325,1.701155722768709,8.447214627246886
000490151,0.0,4.158,SPEAKER0049,-46.65508094200721,-51.11026876112994,1.701155722768709,12.19644206305917
030750012,0.0,2.979,SPEAKER3075,-46.99475015729866,-46.23989283243815,1.7011531741597545,11.305277659164446
020310133,0.0,4.25,SPEAKER2031,-49.525376838235296,-54.432551520211355,1.7011531741597545,15.561282026376226
014690074,0.0,3.64,SPEAKER1469,-44.81098954756181,-54.33120111318735,1.7011531741597545,17.698426835879623
010370234,0.0,4.073,SPEAKER1037,-44.188536547911546,-48.797303438186646,1.7011531741597545,14.393540446332164
010290260,0.0,2.37,SPEAKER1029,-44.633331685126585,-49.4151964823405,1.7011531741597545,12.879363096004013
009600140,0.0,3.44,SPEAKER0960,-48.030676553415695,-54.85622978210449,1.7011531741597545,16.243456652391227
008130380,0.0,3.651,SPEAKER0813,-48.3169841609589,-50.27819224766323,1.7011531741597545,14.202421950163302
001030136,0.0,2.98,SPEAKER0103,-45.59777094693792,-49.3849354912253,1.7011531741597545,17.286842111977446
000960136,0.0,3.63,SPEAKER0096,-46.732357308884296,-50.730644450468176,1.7011531741597545,9.421763634336347
038370128,0.0,3.4,SPEAKER3837,-45.838212316176474,-48.930388041905,1.7011506255508,16.05086294228169
030750030,0.0,4.078,SPEAKER3075,-50.94849111519608,-53.35653214227585,1.7011506255508,8.958442206886872
096100015,0.0,6.58,SPEAKER9610,-51.15055684840426,-55.0984613327753,1.700867508654314,2.223679009913928
007390294,0.0,2.923,SPEAKER0739,-46.65949406035959,-52.12198286790114,1.7008671817079533,20.27881730356246
064010120,0.0,3.664,SPEAKER6401,-46.00123804644809,-47.170746729924126,1.6979449210795867,6.382615477819748
024500164,0.0,3.122,SPEAKER2450,-47.95967923677885,-53.05384852091471,1.6979428109107713,17.94574829155016
085840086,0.0,2.55,SPEAKER8584,-48.56038602941177,-49.914461612701416,1.6974431244435306,10.05670254150899
085840157,0.0,3.87,SPEAKER8584,-48.16602067183462,-54.18590135927553,1.6974431244435306,13.95995805634125
026210262,0.0,2.988,SPEAKER2621,-47.579264867265884,-53.054217288368626,1.6974431244435306,17.75021603486373
024510070,0.0,5.35,SPEAKER2451,-43.55872152453271,-47.377384070194125,1.6974431244435306,14.733354233373902
015020045,0.0,3.098,SPEAKER1502,-43.75814642137097,-46.57566579182943,1.6974431244435306,12.440777371438628
010640277,0.0,2.842,SPEAKER1064,-42.90654915823063,-43.76585083007812,1.6974431244435306,10.812850101374561
005670122,0.0,2.96,SPEAKER0567,-52.31941511824324,-59.590086936950684,1.6974431244435306,22.865105528211025
001040062,0.0,3.21,SPEAKER0104,-44.561407831970406,-52.49840268221769,1.6974431244435306,10.988628047117395
004610231,0.0,4.11,SPEAKER0461,-46.24879295924574,-48.06115951538086,1.6953944935003893,9.243192963155023
012920214,0.0,3.32,SPEAKER1292,-49.02774084619729,-52.05419523819633,1.6953916427458882,10.487676862419224
005670292,0.0,3.47,SPEAKER0567,-52.6399045389049,-60.603310448782786,1.6953916427458882,22.791241567918874
000540111,0.0,2.912,SPEAKER0054,-52.385463649054984,-52.2195006779262,1.6953916427458882,11.669589516730412
000480015,0.0,2.666,SPEAKER0048,-54.777259626638575,-56.45017849315297,1.6953916427458882,10.950957137029338
014040090,0.0,5.24,SPEAKER1404,-45.04823920562977,-62.228532028198245,1.69010260033483,11.253711639200205
000240289,0.0,3.31,SPEAKER0024,-46.88259122450906,-55.7908566792806,1.6901009730298264,17.015304804426243
096430008,0.0,9.556,SPEAKER9643,-47.17250424947699,-51.65017258493524,1.690005273642766,2.3122630807097977
064010164,0.0,3.995,SPEAKER6401,-46.2474169921875,-48.19419403076172,1.690005273642766,10.119924657862395
014190071,0.0,2.16,SPEAKER1419,-42.17006202980324,-41.98459570748465,1.6892033460527178,15.181735587241112
096010004,0.0,7.748,SPEAKER9601,-47.84739415322581,-57.46580737570058,1.6840795732697984,5.899978937833339
085810048,0.0,4.445,SPEAKER8581,-45.359928019662924,-47.4511381149292,1.6840795732697984,12.376286107969024
075510167,0.0,3.65,SPEAKER7551,-46.89575128424657,-50.27182388305664,1.6840795732697984,12.942300533051847
069120025,0.0,3.27,SPEAKER6912,-52.878936114296636,-54.72356060573033,1.6840795732697984,0.39826780311321386
054280062,0.0,6.241,SPEAKER5428,-47.85072052784455,-52.96416251890121,1.6840795732697984,10.270486247162292
054140019,0.0,2.74,SPEAKER5414,-44.69558693544708,-45.701075871785484,1.6840795732697984,14.303892953219867
051950067,0.0,3.89,SPEAKER5195,-50.322044705976865,-52.28908465458797,1.6840795732697984,12.847262723740405
050720076,0.0,5.12,SPEAKER5072,-48.2456169128418,-50.63646303374192,1.6840795732697984,11.485313821126617
050290162,0.0,2.612,SPEAKER5029,-45.462946749281606,-51.69209518432617,1.6840795732697984,9.28789382336738
030830030,0.0,2.37,SPEAKER3083,-44.926209783755276,-50.476628112792966,1.6840795732697984,11.015160806856095
030460110,0.0,3.02,SPEAKER3046,-46.805528249172184,-54.79907717023577,1.6840795732697984,12.532347399164445
030200101,0.0,4.156,SPEAKER3020,-46.2874990609976,-46.96843801225935,1.6840795732697984,7.440793281733825
028970198,0.0,3.252,SPEAKER2897,-45.89582932692308,-51.882091321443255,1.6840795732697984,18.997456179742674
027400094,0.0,3.436,SPEAKER2740,-51.36835142623546,-54.80018153943514,1.6840795732697984,19.26975394579835
024410092,0.0,5.18,SPEAKER2441,-49.08369781611969,-51.41325977870396,1.6840795732697984,12.93762256177051
023270364,0.0,3.077,SPEAKER2327,-49.08322975852273,-52.56250945381496,1.6840795732697984,16.090789645032086
021790030,0.0,2.9,SPEAKER2179,-53.02230603448276,-56.634747695922854,1.6840795732697984,4.8997742982105255
020360302,0.0,3.514,SPEAKER2036,-48.255069221866094,-53.84400263699618,1.6840795732697984,15.230505063444816
020270001,0.0,3.975,SPEAKER2027,-48.863050604585425,-51.4468900680542,1.6840795732697984,12.395188164108692
020270146,0.0,4.281,SPEAKER2027,-47.2531167859229,-49.990134325894445,1.6840795732697984,10.507038831521886
020140114,0.0,3.41,SPEAKER2014,-44.694782693365106,-47.673160791397095,1.6840795732697984,10.223441125179797
013090232,0.0,2.72,SPEAKER1309,-46.405923282398895,-48.70289081997342,1.6840795732697984,8.909471067385489
011860287,0.0,4.74,SPEAKER1186,-42.53356985100211,-47.09043212164016,1.6840795732697984,15.07162626567401
011090273,0.0,3.336,SPEAKER1109,-48.04639256642964,-51.038337483125574,1.6840795732697984,19.165784559327296
007650078,0.0,3.99,SPEAKER0765,-50.384178218984964,-57.51761107011275,1.6840795732697984,21.07854160684217
001450146,0.0,2.85,SPEAKER0145,-46.79703262061403,-51.359096103244354,1.6840795732697984,13.176111126492522
001350216,0.0,2.798,SPEAKER0135,-49.98485979352679,-52.91362813313802,1.6840795732697984,12.282382900683732
000940103,0.0,3.29,SPEAKER0094,-45.23390898081307,-46.52316999435425,1.6840795732697984,13.53291946618334
000240115,0.0,2.77,SPEAKER0024,-47.061456453068594,-52.06228119986398,1.6840795732697984,20.197701701520337
000030040,0.0,2.83,SPEAKER0003,-44.91131570229682,-49.97492044622248,1.6840795732697984,17.148639988424627
029170156,0.0,2.525,SPEAKER2917,-45.850145905385375,-54.25173330307007,1.6840781736360115,17.966202391396624
014070304,0.0,4.225,SPEAKER1407,-47.845393764775416,-52.7346765200297,1.6834624212215616,10.765876652924401
012600263,0.0,3.647,SPEAKER1260,-44.1255886130137,-44.42980822394876,1.6834624212215616,8.379572618802186
005670043,0.0,3.31,SPEAKER0567,-55.97410191654078,-62.97896845200483,1.6834624212215616,23.699463601624522
095560031,0.0,4.67,SPEAKER9556,-51.107334047109205,-53.16608678377592,1.6828577704514407,13.076662499025598
023270268,0.0,3.301,SPEAKER2327,-45.39146839488637,-51.42095887033563,1.6781713498150777,16.124230224588146
096470022,0.0,4.343,SPEAKER9647,-46.58350284418203,-51.455949343167816,1.6701653374626437,9.832540440159885
000530060,0.0,3.71,SPEAKER0053,-46.67411767183288,-52.16942119598389,1.6701653374626437,12.259188479607111
095560163,0.0,3.168,SPEAKER9556,-49.58189262125394,-49.28707504272461,1.6657846339413223,14.344366171690389
096120018,0.0,4.777,SPEAKER9612,-42.53831475549163,-46.13727887471517,1.6598936710427583,8.95255676453301
096390006,0.0,3.018,SPEAKER9639,-44.468711196192054,-49.22024332682292,1.6598929575936376,10.73360978782163
028970016,0.0,4.57,SPEAKER2897,-46.990653207056894,-52.29612910747528,1.6598929575936376,15.965213703619566
010120071,0.0,4.03,SPEAKER1012,-45.41212391439206,-47.376489868164064,1.6598929575936376,14.594545184268942
055510024,0.0,2.96,SPEAKER5551,-50.40671188766892,-53.19293522834778,1.6598922441445167,12.244356626442642
008110287,0.0,2.96,SPEAKER0811,-44.0243579761402,-48.42636299133301,1.6579565454545775,18.188373688964443
000060136,0.0,2.59,SPEAKER0006,-46.010659236245175,-51.807328414916995,1.6555933151612956,17.06862184600183
000030069,0.0,2.95,SPEAKER0003,-47.08467624470339,-55.102012888590494,1.6555926925363054,14.1156544085626
095530028,0.0,4.55,SPEAKER9553,-44.62767857142857,-47.02704073588053,1.653063892952404,14.059452740574608
050390081,0.0,2.86,SPEAKER5039,-44.09029447115385,-50.844444274902344,1.653063892952404,11.297244449078008
030210045,0.0,2.41,SPEAKER3021,-40.575365501815355,-40.02583827972412,1.653063892952404,13.054705509814296
012030116,0.0,3.88,SPEAKER1203,-49.30096750161083,-53.75508273731578,1.653063892952404,11.229359576772499
095530066,0.0,5.93,SPEAKER9553,-44.94219672217538,-49.81400557487242,1.6530625538203152,8.799740215551738
000030153,0.0,2.35,SPEAKER0003,-44.93827293882979,-51.521946377224396,1.6530625538203152,20.247358273119005
091070001,0.0,2.25,SPEAKER9107,-44.83555555555556,-49.48560423009536,1.6530612146882264,12.504030903189225
065040077,0.0,3.53,SPEAKER6504,-42.40261486366855,-44.72340888977051,1.6530612146882264,13.99652817637132
060480135,0.0,3.706,SPEAKER6048,-43.661698744946094,-45.81815487405528,1.6530612146882264,14.829820860768006
055510093,0.0,3.46,SPEAKER5551,-43.86167810693642,-46.01583671569824,1.6530612146882264,11.48771515749203
030230060,0.0,5.04,SPEAKER3023,-47.21957542782738,-49.364349264847604,1.6530612146882264,14.45879243209341
015020097,0.0,2.79,SPEAKER1502,-47.86756902441756,-54.07835083007812,1.6530612146882264,11.533924158603034
007650352,0.0,2.598,SPEAKER0765,-51.831727013221155,-57.9978666305542,1.6530612146882264,18.909109510307886
001040120,0.0,3.893,SPEAKER0104,-45.125351462082264,-48.29757457309299,1.6530612146882264,11.295650361125825
096220010,0.0,8.537,SPEAKER9622,-47.70389801668618,-57.382621606191,1.6530585364240489,7.661323238195278
036310100,0.0,3.036,SPEAKER3631,-49.830656352796055,-51.562079838344026,1.6530585364240489,9.057329763017972
096470012,0.0,6.194,SPEAKER9647,-41.92576547354604,-46.45868072509766,1.652913860090502,7.8143840782698994
014470140,0.0,7.45,SPEAKER1447,-52.272698196308724,-59.20034694671631,1.6514130573434451,11.325139391543942
001030054,0.0,2.545,SPEAKER0103,-48.79048713235294,-48.838846842447914,1.6514110882668944,10.516002553065764
096310001,0.0,4.98,SPEAKER9631,-47.56082533258032,-55.417621836942786,1.6479291363958335,6.612042079063592
096130019,0.0,3.437,SPEAKER9613,-53.69404637536337,-59.52469910515679,1.646015063817672,15.513812937476175
096060017,0.0,7.453,SPEAKER9606,-58.12032298657718,-62.43552871704102,1.646015063817672,3.653570969245459
000490017,0.0,4.71,SPEAKER0049,-47.00192409766454,-50.16958972385952,1.646015063817672,11.230702318313462
030490130,0.0,2.31,SPEAKER3049,-41.582373681006494,-50.55978046764027,1.6460147368713112,16.48115052037931
090700082,0.0,2.93,SPEAKER9070,-44.07386878732935,-47.862379635081574,1.641478037420216,10.851512100859935
095580056,0.0,3.97,SPEAKER9558,-46.320268222607055,-48.55418074758429,1.6414772029869025,12.91877723937986
034120155,0.0,3.553,SPEAKER3412,-40.025550176056335,-46.40031878153483,1.6414772029869025,16.465168847529227
013620258,0.0,2.62,SPEAKER1362,-44.42717154699427,-46.79420693715414,1.6405068414709516,16.589806724447044
030140086,0.0,3.33,SPEAKER3014,-46.6056007179054,-47.396693166097,1.640506462292516,14.505531664385346
010920105,0.0,4.476,SPEAKER1092,-49.393345424107146,-55.58518500077097,1.6402734526869245,4.946468681975254
090880018,0.0,2.38,SPEAKER9088,-44.79218093487395,-52.43932927449544,1.638243709460929,16.833810269791165
096040015,0.0,3.584,SPEAKER9604,-55.727249912709496,-64.42007391793388,1.6382435046202548,2.8398016117646794
012030055,0.0,4.17,SPEAKER1203,-51.397411758093526,-52.193804699441664,1.6382435046202548,10.951611761358619
021680122,0.0,3.103,SPEAKER2168,-50.92848412298387,-53.97698647635324,1.629908616457268,8.732310780754077
091180050,0.0,3.37,SPEAKER9118,-45.70774990727003,-51.128417587280275,1.629907688732785,13.385268552689311
030020012,0.0,3.94,SPEAKER3002,-45.31906329314721,-49.40323079427083,1.629907688732785,6.985362656428904
020270042,0.0,4.385,SPEAKER2027,-48.2858725441344,-55.51232070922852,1.629907688732785,6.458070527652012
001490032,0.0,3.64,SPEAKER0149,-43.16388274811126,-49.196988325852615,1.629907688732785,12.214969022487335
020140099,0.0,4.77,SPEAKER2014,-48.61988584250524,-52.138244282115586,1.629906761008302,7.98076917627726
032080099,0.0,2.47,SPEAKER3208,-44.33891463183198,-49.02239449818929,1.6256421206739993,16.788246958520084
000480089,0.0,2.398,SPEAKER0048,-50.8999755859375,-58.49270820617676,1.6246180013281326,17.742266200848746
052200066,0.0,2.22,SPEAKER5220,-46.50922895551802,-48.254938272329476,1.624617611589247,9.862372140742217
096460013,0.0,4.025,SPEAKER9646,-46.92209309088089,-55.52133106050037,1.6210438559390488,13.93209018694494
050150108,0.0,3.03,SPEAKER5015,-44.79414513716997,-45.929584693908694,1.6210438559390488,12.876251793542638
015020161,0.0,4.52,SPEAKER1502,-43.66929531941372,-46.235334396362305,1.6210438559390488,13.219134069580527
000060082,0.0,3.0,SPEAKER0006,-45.112141927083336,-49.35048980712891,1.6210438559390488,14.603261262669761
000010115,0.0,3.0,SPEAKER0001,-49.42123372395833,-55.03196693869198,1.6210438559390488,15.850228877873306
005750178,0.0,2.76,SPEAKER0575,-52.82637355638587,-60.953648703438894,1.6171727221080232,17.681805212055732
096470007,0.0,4.436,SPEAKER9647,-42.738624366554056,-46.84826970100403,1.61717123361894,8.263421512942276
096350008,0.0,6.764,SPEAKER9635,-52.73843149038461,-58.58739700317383,1.61717123361894,1.835574220943558
029170104,0.0,3.867,SPEAKER2917,-46.88260053294574,-51.07832336425781,1.61717123361894,17.39868782426882
024510336,0.0,4.257,SPEAKER2451,-41.3467851379108,-45.76139731634231,1.61717123361894,12.846416478298686
020340124,0.0,3.19,SPEAKER2034,-49.1523315047022,-51.86541451348199,1.61717123361894,12.679282642374456
020160207,0.0,4.11,SPEAKER2016,-44.10444229014598,-46.99477368309384,1.61717123361894,14.681575876154959
015030133,0.0,3.33,SPEAKER1503,-46.1176391234985,-51.32597868783133,1.61717123361894,9.775925956314708
013090184,0.0,2.33,SPEAKER1309,-42.95053899543991,-47.0851264529758,1.61717123361894,9.899674727309458
005630151,0.0,3.92,SPEAKER0563,-56.56183235012755,-57.33943441639776,1.61717123361894,18.441706016339502
001120063,0.0,3.114,SPEAKER0112,-53.114706842845656,-57.585560353597,1.6171682566407741,13.034940317453795
096290004,0.0,5.594,SPEAKER9629,-44.41556140988372,-49.7448981148856,1.6144826884249532,7.70332940929843
096080013,0.0,8.062,SPEAKER9608,-56.59053679435484,-55.14628747793344,1.6144826884249532,4.98421850116152
051950086,0.0,3.06,SPEAKER5195,-47.33487796160131,-54.001122283935544,1.6144826884249532,13.253408690311833
036360033,0.0,4.353,SPEAKER3636,-46.00993175287356,-48.33486916037167,1.6144826884249532,13.605753427836595
022510276,0.0,3.626,SPEAKER2251,-45.233218190426996,-49.90580749511719,1.6144826884249532,15.403552466451206
011810067,0.0,4.12,SPEAKER1181,-42.742277571298544,-48.111109194548234,1.6144826884249532,16.44653805524891
000750134,0.0,2.837,SPEAKER0075,-48.12918133802817,-48.21751191880968,1.6144826884249532,8.523517397304591
001220101,0.0,3.024,SPEAKER0122,-48.28691535596027,-58.988957268851145,1.61370600174723,12.742098539245152
096220016,0.0,9.259,SPEAKER9622,-47.96278516468683,-54.65655994415283,1.6094360002830455,5.631058444059498
001490052,0.0,3.24,SPEAKER0149,-44.624867380401234,-50.59092450141907,1.6094360002830455,12.548061231530454
095530083,0.0,3.44,SPEAKER9553,-44.93960926144622,-49.17079880658318,1.608874117458758,13.309503630114403
075510129,0.0,3.72,SPEAKER7551,-48.05101751512097,-51.274498506025836,1.608874117458758,13.191192039830502
060480084,0.0,4.617,SPEAKER6048,-48.36220745400433,-53.0111439044659,1.608874117458758,12.497126187526609
025380133,0.0,3.163,SPEAKER2538,-51.189638548259495,-54.50121256510417,1.608874117458758,16.735575661384093
022360265,0.0,3.162,SPEAKER2236,-44.99884419501582,-51.46397254580543,1.608874117458758,9.057386844992974
020070039,0.0,3.65,SPEAKER2007,-43.054302226027396,-47.26506741841634,1.608874117458758,13.791795686014886
014080073,0.0,2.75,SPEAKER1408,-45.68370028409091,-49.74881196022034,1.608874117458758,9.325649876763318
012280161,0.0,3.4,SPEAKER1228,-45.02099034926471,-52.101111793518065,1.608874117458758,16.7677865983931
000050100,0.0,2.92,SPEAKER0005,-52.04177814640411,-53.694785833358765,1.608874117458758,16.074026489234285
001110047,0.0,3.79,SPEAKER0111,-52.183176327506594,-58.121216773986816,1.608873267993505,18.497969212713723
060480090,0.0,4.68,SPEAKER6048,-43.86063117654915,-46.918577648344495,1.5983323695079363,13.073587801078066
013360171,0.0,3.568,SPEAKER1336,-51.67970391281513,-55.944793037746265,1.5983323695079363,15.997998944117947
011970036,0.0,3.13,SPEAKER1197,-43.393648287739616,-46.026343727111815,1.5983323695079363,13.48294686907236
096240001,0.0,3.15,SPEAKER9624,-47.95100446428572,-52.36862754821777,1.5982058892160862,10.23857110876106
020310032,0.0,2.56,SPEAKER2031,-51.044097900390625,-56.6951836177281,1.5982058892160862,17.275359754999933
000750005,0.0,2.5,SPEAKER0075,-49.08945703125,-53.13787564364347,1.5982052977084553,28.44345927765636
030140134,0.0,3.33,SPEAKER3014,-45.5873070335961,-50.252722930908206,1.5982047062008247,15.76546903174464
020360202,0.0,3.417,SPEAKER2036,-47.66919659173977,-55.81273628683651,1.5982047062008247,13.657811502664767
013720311,0.0,3.02,SPEAKER1372,-46.18731891556291,-55.980356788635255,1.5982047062008247,20.325186082075394
011810222,0.0,2.79,SPEAKER1181,-46.09441854278674,-51.44918843319542,1.5982047062008247,14.773434753253193
010500147,0.0,2.583,SPEAKER1050,-44.21551371729651,-49.71200764973958,1.5982047062008247,11.115859251509125
000260112,0.0,3.88,SPEAKER0026,-48.12022793170103,-54.13500369678844,1.5982047062008247,16.426070153081014
000260048,0.0,2.552,SPEAKER0026,-48.08526731004902,-49.001545245830826,1.5982047062008247,14.858917623550077
054320037,0.0,4.29,SPEAKER5432,-40.60204964306527,-45.44890107048882,1.598203523185563,11.920313403171225
001450173,0.0,2.07,SPEAKER0145,-36.707503019323674,-38.68873977661133,1.5963517697612324,16.62268937245166
000060031,0.0,3.26,SPEAKER0006,-43.48884442101227,-49.14567788441976,1.5956571166519962,18.367217932844206
001310122,0.0,4.981,SPEAKER0131,-46.270029336094375,-47.537347291645254,1.5953191981450516,11.071630300405202
001330118,0.0,4.62,SPEAKER0133,-44.967562060335496,-48.75899196806408,1.5953169028735552,15.392928280931901
001040122,0.0,4.242,SPEAKER0104,-43.95955096550708,-46.794090046602136,1.595316329055681,11.63295751181455
096390014,0.0,3.06,SPEAKER9639,-43.4424498314951,-48.50442934036255,1.5953161377830563,13.603614433662653
095580116,0.0,5.62,SPEAKER9558,-45.45827193616548,-48.615043216281464,1.5953161377830563,12.08031412348287
085850039,0.0,3.62,SPEAKER8585,-47.03954808356354,-52.7548794555664,1.5953161377830563,11.476824279454625
080680129,0.0,4.19,SPEAKER8068,-45.1016883576969,-48.62409139562536,1.5953161377830563,12.881117774979451
054010061,0.0,3.0,SPEAKER5401,-44.449817708333335,-50.50069155011858,1.5953161377830563,17.60495880763241
040050281,0.0,3.103,SPEAKER4005,-45.07169858870968,-52.22991416567848,1.5953161377830563,14.000208630333603
034120077,0.0,3.2,SPEAKER3412,-42.679116821289064,-45.995524644851685,1.5953161377830563,16.224334152995464
024480212,0.0,3.322,SPEAKER2448,-50.92818735881024,-53.73864082668138,1.5953161377830563,18.73720701675806
021790081,0.0,3.96,SPEAKER2179,-50.01997020991162,-55.83820133209228,1.5953161377830563,11.147862325716048
020160131,0.0,3.785,SPEAKER2016,-46.24236271437995,-50.1301204363505,1.5953161377830563,14.165023473728235
015020012,0.0,3.717,SPEAKER1502,-49.70146589381721,-54.20564651489258,1.5953161377830563,9.550555387035367
014190107,0.0,4.33,SPEAKER1419,-45.199024790704385,-45.14106895810082,1.5953161377830563,14.027871847340295
012920073,0.0,3.33,SPEAKER1292,-46.60061233108108,-53.13765780131022,1.5953161377830563,15.315087734174934
009810249,0.0,4.401,SPEAKER0981,-48.79834872159091,-51.705578143780045,1.5953161377830563,9.21438184521945
004820353,0.0,4.47,SPEAKER0482,-43.358907473434,-45.184621562128484,1.5953161377830563,14.87461263150718
001350312,0.0,3.09,SPEAKER0135,-42.28730531957929,-45.25802421569824,1.5953161377830563,16.834279741295582
000440035,0.0,3.67,SPEAKER0044,-48.36814011410082,-52.78735146155724,1.5953161377830563,21.530432314068364
000360360,0.0,3.87,SPEAKER0036,-48.35039668120155,-50.39921152024042,1.5953161377830563,12.671526394001093
054320099,0.0,5.2,SPEAKER5432,-47.95457106370192,-49.214800238609314,1.5953146076020588,7.367753861484601
004570259,0.0,5.13,SPEAKER0457,-51.976627223440545,-53.67156737191336,1.595313077421061,13.052251251285377
090340043,0.0,5.34,SPEAKER9034,-46.476566157537455,-49.894256591796875,1.5919753373652854,10.326534436470219
096470011,0.0,5.166,SPEAKER9647,-41.51588189071567,-46.642230089973,1.59116261898103,7.273812148791372
015020099,0.0,2.903,SPEAKER1502,-50.34055091594828,-50.926517168680824,1.59116261898103,6.913352926743462
010750011,0.0,3.94,SPEAKER1075,-45.714556234137056,-52.249185689290364,1.59116261898103,13.308164985745169
005940237,0.0,3.884,SPEAKER0594,-46.456724186533506,-52.55934303685238,1.59116261898103,12.199868635078403
000700010,0.0,3.19,SPEAKER0070,-50.184034580721004,-55.76653113731971,1.5911622920346693,14.501470117719622
036360016,0.0,3.974,SPEAKER3636,-46.415056281486144,-50.87248675028483,1.5892918612065612,17.15392473350367
024020260,0.0,3.44,SPEAKER2402,-49.11324718386628,-53.12136788801713,1.589290946797612,17.793559770835024
029170086,0.0,2.991,SPEAKER2917,-46.91897470735786,-52.85910327617939,1.5892900323886625,15.703056793724002
030680075,0.0,3.0,SPEAKER3068,-45.18689453125,-49.721705941592944,1.5875639886087265,14.98374439590613
030460114,0.0,2.82,SPEAKER3046,-49.10761233931738,-53.92458623250325,1.5875639886087265,11.042568306629297
030460158,0.0,2.53,SPEAKER3046,-44.94828850666996,-52.111571993146626,1.5875639886087265,14.900529703003592
030210175,0.0,2.93,SPEAKER3021,-42.25803247653584,-47.545275824410574,1.5875639886087265,16.23206458766561
030140075,0.0,2.83,SPEAKER3014,-49.474036550353354,-54.56757176717122,1.5875639886087265,18.447501428504257
029170231,0.0,4.251,SPEAKER2917,-46.08483915441177,-51.185441652933754,1.5875639886087265,15.636525977578643
015020007,0.0,4.093,SPEAKER1502,-51.40635983343521,-53.41886738368443,1.5875639886087265,6.85976228243752
005750330,0.0,4.36,SPEAKER0575,-53.40743710579128,-57.59468116760254,1.587562249329044,21.494120832768495
000480010,0.0,2.178,SPEAKER0048,-50.04603282683486,-54.998379177517364,1.586096862568182,19.64923813970345
030830102,0.0,2.96,SPEAKER3083,-46.373937658361484,-48.29768419265747,1.5860956420894292,10.87282002180989
064010057,0.0,3.643,SPEAKER6401,-46.946991972870876,-50.915223341721756,1.5860952352631783,9.820743282630989
060480082,0.0,3.01,SPEAKER6048,-46.81987450685216,-51.372392654418945,1.5860952352631783,13.01551681371869
030210118,0.0,3.31,SPEAKER3021,-43.59393292107251,-45.65131583580604,1.5860952352631783,14.395407963095472
010500089,0.0,2.52,SPEAKER1050,-43.67869931175595,-49.68463261922201,1.5857450054269682,14.021569590522624
021160089,0.0,4.668,SPEAKER2116,-49.62296741167024,-52.96453244345529,1.5848158554077525,14.873978108433416
001120136,0.0,2.754,SPEAKER0112,-52.235603693181815,-56.86015026385967,1.5848148379434766,15.39744952843399
027400246,0.0,3.493,SPEAKER2740,-49.07361434455587,-52.616942443847655,1.5848138204792006,21.55742795522398
025380256,0.0,4.173,SPEAKER2538,-52.2058556279976,-57.95502599080404,1.5848138204792006,18.215908708768296
000920126,0.0,3.87,SPEAKER0092,-50.319010416666664,-53.14154076576233,1.5842647756415904,12.01823708092934
080680153,0.0,4.051,SPEAKER8068,-45.840388695987656,-48.65796756744385,1.5811692355815234,13.635956242967081
050720001,0.0,2.94,SPEAKER5072,-44.491237510629254,-49.196986607142854,1.5811684313948813,11.84006896783535
030460038,0.0,4.19,SPEAKER3046,-48.00052207637231,-54.58419418334961,1.5811684313948813,13.46962756988539
014180013,0.0,3.61,SPEAKER1418,-44.5087890625,-45.14200415978065,1.5811684313948813,10.951870137913431
010990260,0.0,2.901,SPEAKER1099,-43.34766635237069,-48.973542022705075,1.5811684313948813,14.928682631531535
010420175,0.0,2.58,SPEAKER1042,-47.758762566618216,-51.32416673140092,1.5811684313948813,10.855461844536853
000930155,0.0,3.222,SPEAKER0093,-44.18740598311335,-48.322852325439456,1.5811684313948813,11.63311154957199
000920134,0.0,2.781,SPEAKER0092,-48.36548027203237,-54.43109893798828,1.5811684313948813,17.54153153587101
010370380,0.0,2.471,SPEAKER1037,-41.06614925986842,-49.4545111656189,1.5811668230215974,16.951883346629497
001030078,0.0,4.233,SPEAKER0103,-46.20451019503546,-51.01850175857544,1.5811668230215974,15.216165052639678
014190025,0.0,5.594,SPEAKER1419,-45.14741376900716,-47.675117839466445,1.5811652146483133,11.064785606551903
005940019,0.0,4.591,SPEAKER0594,-46.467464937363836,-52.15966052100772,1.578061716302383,15.703937863931985
032080088,0.0,3.34,SPEAKER3208,-44.31762256736527,-45.85945569551908,1.576891316964082,14.30801262896583
054240097,0.0,3.97,SPEAKER5424,-45.457178841309826,-43.417715867360435,1.575822446705588,14.011638523198446
025380149,0.0,3.115,SPEAKER2538,-52.195985451722755,-56.51747809516059,1.575822446705588,12.99696332816642
015030030,0.0,2.242,SPEAKER1503,-39.64672415597098,-44.01168696085612,1.575822446705588,11.28588730170015
005670303,0.0,3.22,SPEAKER0567,-50.38661866750776,-56.208596622242645,1.575822446705588,20.107156470709953
000920040,0.0,3.322,SPEAKER0092,-44.29329819277108,-51.885758913480316,1.575822446705588,18.21180462236739
075510163,0.0,3.795,SPEAKER7551,-48.073956620065786,-51.11849096547002,1.575078483923706,8.501796587695608
023550175,0.0,3.427,SPEAKER2355,-48.20258404701166,-51.38740158081055,1.575078483923706,14.10868627873548
014690048,0.0,4.28,SPEAKER1469,-45.81262777453271,-52.101869002632476,1.575078483923706,18.662374816083194
060100101,0.0,3.77,SPEAKER6010,-44.66772007625995,-47.5067474577162,1.5750776424427937,11.291750642101006
028920207,0.0,2.345,SPEAKER2892,-46.21798952792553,-51.50681257247925,1.5750768009618812,18.48366498018941
010460162,0.0,2.421,SPEAKER1046,-45.21616331998967,-50.48104508717855,1.5750768009618812,8.512746429906603
010750026,0.0,2.38,SPEAKER1075,-43.7611196822479,-49.53689164381761,1.5714803472628869,17.324352010776124
030200151,0.0,2.42,SPEAKER3020,-43.39688387784091,-48.506724724402794,1.5695104454375417,11.68902513127523
050290042,0.0,2.601,SPEAKER5029,-50.17134540264423,-54.7880699634552,1.5666712930560767,8.819060258494009
090700045,0.0,3.97,SPEAKER9070,-44.28402963633501,-46.84914302825928,1.5666698934222898,9.5842328796046
080630147,0.0,3.95,SPEAKER8063,-47.43787084651899,-51.6919838587443,1.5666698934222898,16.84083788659114
080020015,0.0,5.533,SPEAKER8002,-38.75956430831826,-51.41630325317383,1.5666698934222898,15.10495907183263
054280118,0.0,3.772,SPEAKER5428,-49.86620316644562,-54.759280660878055,1.5666698934222898,11.300900568405453
050170123,0.0,1.928,SPEAKER5017,-46.37473688471503,-48.71952476501465,1.5666698934222898,14.370006111112879
038370170,0.0,3.42,SPEAKER3837,-50.34008360745614,-55.45504665374756,1.5666698934222898,17.37400227808557
036310171,0.0,3.923,SPEAKER3631,-45.884521484375,-50.46168467203776,1.5666698934222898,14.50072446067801
030270026,0.0,5.77,SPEAKER3027,-49.71625866551126,-53.39093933105469,1.5666698934222898,11.631345303733212
027400145,0.0,3.647,SPEAKER2740,-52.2236354880137,-54.55407932826451,1.5666698934222898,17.761834489307958
026210123,0.0,3.429,SPEAKER2621,-45.88247084548105,-52.09059656583346,1.5666698934222898,19.63122058428454
024510061,0.0,5.074,SPEAKER2451,-45.942145894970416,-50.84020805358887,1.5666698934222898,13.831373081055641
024410318,0.0,3.713,SPEAKER2441,-47.631238418126685,-51.04969100952148,1.5666698934222898,15.816855314302831
021160303,0.0,4.521,SPEAKER2116,-47.97186549363938,-52.51749924251011,1.5666698934222898,15.97612215666815
015020017,0.0,3.263,SPEAKER1502,-48.057509346242334,-57.73789167404175,1.5666698934222898,13.158441641005723
014180100,0.0,3.11,SPEAKER1418,-48.196176019895496,-54.05852330525716,1.5666698934222898,13.968102006729385
012600224,0.0,4.151,SPEAKER1260,-39.603012048192774,-46.92096299391527,1.5666698934222898,10.15412188439965
010990291,0.0,3.25,SPEAKER1099,-44.19364182692308,-52.12288229806082,1.5666698934222898,15.044391419025029
005750321,0.0,2.773,SPEAKER0575,-51.497923482626355,-59.79420757293701,1.5666698934222898,21.1975462537186
001450159,0.0,5.11,SPEAKER0145,-48.42211579623287,-51.210382608266976,1.5666698934222898,4.992038193325115
000930095,0.0,3.37,SPEAKER0093,-42.7943278236276,-44.529205322265625,1.5666698934222898,9.72307195912547
000490101,0.0,3.165,SPEAKER0049,-48.11089683556782,-53.45110203669621,1.5666698934222898,13.323868161726454
000030101,0.0,3.02,SPEAKER0003,-52.83942014176324,-58.98179381234305,1.5666698934222898,16.07624875734696
000030080,0.0,3.1,SPEAKER0003,-47.234945186491935,-51.46775194803874,1.5666698934222898,15.514672591370019
090700047,0.0,2.778,SPEAKER9070,-43.50813919177158,-46.894826008723335,1.5666691936053962,12.411735196602562
011970173,0.0,2.775,SPEAKER1197,-44.769935223696045,-53.49668666294643,1.5666691936053962,13.496428000806915
096250018,0.0,5.1,SPEAKER9625,-45.90164675245098,-53.88670609214089,1.566668493788503,5.453661615121526
054060017,0.0,3.092,SPEAKER5406,-46.234027356391586,-54.12258447919573,1.5597798074154523,12.787323808328644
000560038,0.0,2.88,SPEAKER0056,-46.88647800021701,-51.39327621459961,1.5597798074154523,14.03119122920311
054240079,0.0,2.494,SPEAKER5424,-48.60329599648595,-54.81448329578746,1.5591469805611313,19.41322263164885
030210079,0.0,3.52,SPEAKER3021,-43.94965709339488,-44.90508952893709,1.5591469805611313,10.854485202460523
024880155,0.0,3.44,SPEAKER2488,-50.944829896438954,-56.535640114232116,1.5591469805611313,17.424538529838053
000260095,0.0,3.2,SPEAKER0026,-48.01806640625,-55.46926021575928,1.5591469805611313,16.5865049600139
021160195,0.0,3.1,SPEAKER2116,-46.39782951108871,-51.550110816955566,1.5591461064302545,14.678626912996814
050170102,0.0,3.46,SPEAKER5017,-46.776226065751445,-49.061541990800336,1.5591434840376241,15.850194061114198
052200094,0.0,2.366,SPEAKER5220,-44.28429918248945,-46.444916089375816,1.5590278068218795,11.926862329220372
096180013,0.0,5.437,SPEAKER9618,-49.4964168772978,-51.66098086039225,1.5590273335066285,4.767704777390293
000050078,0.0,3.87,SPEAKER0005,-45.08494327357881,-49.603644053141274,1.5590273335066285,11.884092863559932
050150024,0.0,3.59,SPEAKER5015,-50.80062891713092,-52.55636850992838,1.555562667251024,11.622273774516566
024300189,0.0,3.249,SPEAKER2430,-50.313662860576926,-54.36370448062294,1.555562667251024,14.910034940583344
021790055,0.0,4.472,SPEAKER2179,-52.361231998042506,-55.95032596588135,1.555562667251024,11.8368936214585
011560184,0.0,3.878,SPEAKER1156,-47.06223824097938,-49.17001397269113,1.555562667251024,15.08412617751929
009810349,0.0,2.92,SPEAKER0981,-45.0852619327911,-44.767991872934196,1.555562667251024,15.426634500381375
014190172,0.0,2.666,SPEAKER1419,-42.786333977059925,-46.87711067199707,1.5555617090417428,13.231937520313958
096390020,0.0,4.746,SPEAKER9639,-47.18552220394737,-47.238158331977,1.5555607508324616,11.025390838657882
095530010,0.0,3.74,SPEAKER9553,-45.25549381684492,-48.69523059620577,1.5555607508324616,8.79218591185016
054240048,0.0,3.29,SPEAKER5424,-48.58407935980243,-48.2248238325119,1.5555607508324616,15.967084823081214
000540014,0.0,3.098,SPEAKER0054,-51.726348286290325,-54.70226832798549,1.5555607508324616,13.361098306492831
095550044,0.0,5.174,SPEAKER9555,-46.563448228965186,-52.57100625471635,1.555558834413899,12.199564649646415
020220023,0.0,4.444,SPEAKER2022,-50.958276147240994,-55.15621763287169,1.555558834413899,15.664495024253007
005600153,0.0,2.825,SPEAKER0560,-44.35821899845406,-49.04547278086344,1.555558834413899,17.14378750994685
090700127,0.0,3.247,SPEAKER9070,-43.72854266826923,-46.27739021994851,1.5535944927936634,10.622954263909266
090700065,0.0,4.56,SPEAKER9070,-43.72645542077851,-47.87961459981984,1.553373785654295,8.935344209082185
005750270,0.0,3.99,SPEAKER0575,-49.949497767857146,-57.21838561348293,1.552085520470292,19.464692866987683
000530037,0.0,3.12,SPEAKER0053,-44.7933349609375,-50.361074447631836,1.552085520470292,15.389289116042416
096400026,0.0,3.695,SPEAKER9640,-42.464292124155406,-45.94666935148693,1.552084592745809,14.769888107012338
001490131,0.0,2.89,SPEAKER0149,-46.74480630947232,-48.21565170288086,1.552084592745809,9.396590986889326
010300282,0.0,2.48,SPEAKER1030,-45.04874543220766,-45.360798835754395,1.5520836650213257,11.242320838463352
001110122,0.0,4.01,SPEAKER0111,-48.68334047693267,-53.89490472702753,1.5520836650213257,13.505003299654934
091070049,0.0,3.19,SPEAKER9107,-43.177180275274296,-45.853186501397026,1.5500750528405343,14.545197563953234
010990063,0.0,3.09,SPEAKER1099,-46.42991504854369,-50.59985586313101,1.5498271675318716,16.20482415311873
096400020,0.0,4.225,SPEAKER9640,-43.254751218971634,-46.625737871442524,1.5497220208856226,12.611276026926223
054060036,0.0,5.394,SPEAKER5406,-46.66799411525974,-49.560505986213684,1.5497220208856226,14.538181856455939
020220033,0.0,4.068,SPEAKER2022,-49.1403418688575,-52.27115988731384,1.5497220208856226,16.212946230115808
013340243,0.0,3.29,SPEAKER1334,-47.622393854483285,-50.053045189898945,1.5497220208856226,10.661805596654103
000940133,0.0,2.78,SPEAKER0094,-49.41406601281475,-52.97834587097168,1.5497220208856226,11.029029344996603
013720189,0.0,3.83,SPEAKER1372,-50.14108905842036,-54.37512969970703,1.5497206859549073,16.90421720916227
010750097,0.0,3.023,SPEAKER1075,-43.30072627793874,-46.574520365397134,1.5497206859549073,14.447421977758765
030270013,0.0,2.97,SPEAKER3027,-46.043442234848484,-47.6811528523763,1.549719351024192,13.522664937148823
020270167,0.0,2.73,SPEAKER2027,-44.61196128090659,-49.00243981679281,1.549719351024192,14.213502428698627
000480108,0.0,2.45,SPEAKER0048,-55.251502710459185,-60.952392305646626,1.549719351024192,12.644458819031538
000260133,0.0,2.65,SPEAKER0026,-48.65815890330189,-54.08108876546224,1.549719351024192,15.347712753361167
054060173,0.0,4.8,SPEAKER5406,-45.49262288411458,-46.28015197753906,1.5497166811627614,9.17912742812247
000030067,0.0,3.63,SPEAKER0003,-47.48209366391185,-50.423674639533544,1.5419379816697862,12.691650099298913
020890037,0.0,3.192,SPEAKER2089,-41.37797254604232,-49.90102844238281,1.5412931076144207,9.849536367649964
010120243,0.0,4.34,SPEAKER1012,-46.463219146025345,-52.03284269763577,1.5412931076144207,12.103473425130227
000440145,0.0,4.894,SPEAKER0044,-52.469480924079754,-55.329125454551296,1.5412931076144207,6.1905474885204
001140059,0.0,2.67,SPEAKER0114,-47.70584986540262,-52.92314030573918,1.5412927794349955,16.796381363090678
095560129,0.0,3.97,SPEAKER9556,-48.0241360988665,-48.293838902523646,1.5405809697847528,14.886426454246635
095560108,0.0,3.67,SPEAKER9556,-49.02687542574932,-46.56009223244407,1.5405809697847528,16.480406364343224
085810086,0.0,2.96,SPEAKER8581,-47.33425820840372,-51.39685249328613,1.5405809697847528,13.348189061693411
024300063,0.0,3.018,SPEAKER2430,-48.75338239859271,-53.86826866551449,1.5405801181441248,14.11751628071197
096300002,0.0,3.018,SPEAKER9630,-45.67566807222682,-51.925210806039665,1.5401961716876387,6.836520503437054
090340164,0.0,3.12,SPEAKER9034,-44.21847455929487,-47.709284932989824,1.5401961716876387,11.644025986079427
060670149,0.0,2.475,SPEAKER6067,-42.38032777847782,-49.25213088989258,1.5401961716876387,13.058371812992682
054240138,0.0,3.29,SPEAKER5424,-45.7357849306611,-48.76828523115678,1.5401961716876387,15.959345328241266
054010014,0.0,2.856,SPEAKER5401,-43.64948235358391,-49.89369132302024,1.5401961716876387,13.60976728632228
030120018,0.0,2.24,SPEAKER3012,-43.316153390066965,-48.79654541015625,1.5401961716876387,11.74078526342203
004610239,0.0,4.59,SPEAKER0461,-47.06954656862745,-53.46171540480394,1.5401961716876387,5.43367992701717
000360334,0.0,3.057,SPEAKER0036,-46.178027982026144,-51.63361676534017,1.5401961716876387,17.329634865559655
000010075,0.0,2.59,SPEAKER0001,-48.90781476230695,-54.004377191716976,1.5401954582385178,16.43976479623413
014390051,0.0,5.698,SPEAKER1439,-50.38507058662281,-52.076854118934044,1.536310174144388,10.231468076723548
096340011,0.0,7.212,SPEAKER9634,-44.572341474514566,-56.89889008658273,1.536308866358945,9.260354272424369
096390007,0.0,3.256,SPEAKER9639,-43.45151337231595,-51.78917557852609,1.518164281015831,14.776800928976446
012030010,0.0,3.584,SPEAKER1203,-47.31242907646648,-51.18283060977333,1.518164281015831,14.279216066620593
009810283,0.0,3.74,SPEAKER0981,-45.13502151570856,-48.361731719970706,1.518164281015831,13.50633329766059
091070074,0.0,4.22,SPEAKER9107,-48.61021734300948,-52.05360196431478,1.51798745321907,14.051680644261241
020610014,0.0,3.05,SPEAKER2061,-44.238386910860655,-50.43552207946777,1.51798745321907,14.333009825060866
096310014,0.0,3.89,SPEAKER9631,-43.00158660025707,-46.92072537070826,1.5172965189066998,12.327994007530773
030140092,0.0,2.95,SPEAKER3014,-44.15212195444915,-53.25289743596857,1.5172965189066998,14.463633247598803
023800363,0.0,3.677,SPEAKER2380,-41.28761357846467,-46.1408486366272,1.5172965189066998,18.468024841196097
022440165,0.0,4.054,SPEAKER2244,-48.54814814814815,-53.31964926286177,1.5172965189066998,14.05002095727491
021700029,0.0,3.606,SPEAKER2170,-50.6452670533241,-54.26933089546535,1.5172965189066998,11.880174777560146
020590103,0.0,4.307,SPEAKER2059,-47.52853556409513,-51.73900858561198,1.5172965189066998,13.893856007046422
096310005,0.0,5.14,SPEAKER9631,-42.09832502431907,-50.70804659525553,1.5139406711777894,13.24483991044826
024880194,0.0,3.75,SPEAKER2488,-51.001494791666666,-56.958084469749814,1.5132757924572122,12.775793044047141
038370105,0.0,2.55,SPEAKER3837,-46.46324678308824,-52.37596664428711,1.513275034100341,16.818178531009515
085810043,0.0,3.1,SPEAKER8581,-44.98130670362903,-46.4859742058648,1.5127691252888917,14.440205788302702
085840036,0.0,3.02,SPEAKER8584,-44.06383873137417,-49.776628393875924,1.512767834536902,14.10760745679372
085810038,0.0,5.34,SPEAKER8581,-46.497073970037455,-49.44435181156282,1.512767834536902,10.034704032529447
050170145,0.0,3.4,SPEAKER5017,-46.83484317555147,-50.232645458645294,1.512767834536902,14.192123232401979
010760067,0.0,4.462,SPEAKER1076,-45.80015064461883,-48.00219141642253,1.512767834536902,12.757615273283204
096460021,0.0,3.448,SPEAKER9646,-43.530434782608694,-49.57657744667747,1.5125839232679483,13.926707520766598
027400171,0.0,3.653,SPEAKER2740,-47.79328981164384,-51.80165417989095,1.5125839232679483,19.969805302581744
013340255,0.0,2.58,SPEAKER1334,-44.43408960150194,-48.79832193125849,1.508828104942407,15.58403565804542
007360055,0.0,3.88,SPEAKER0736,-52.534703205541234,-57.995579376220704,1.5075026836679406,15.013448161451176
000360314,0.0,2.64,SPEAKER0036,-46.27735484730113,-49.60487038748605,1.5074624762306434,17.93165064032829
096290023,0.0,4.919,SPEAKER9629,-48.98608596925813,-53.85724094935826,1.5014826571055577,5.959650024956762
021700287,0.0,2.456,SPEAKER2170,-51.63263783028455,-58.283594846725464,1.5014826571055577,12.06228637686405
013360130,0.0,3.684,SPEAKER1336,-52.78122346297555,-57.4821382002397,1.5014826571055577,16.80532233483497
034230154,0.0,3.43,SPEAKER3423,-47.134435358965014,-52.62650833129883,1.5007782056175252,15.812962538353823
030270093,0.0,3.42,SPEAKER3027,-50.07755962171053,-51.91816279093425,1.5007777959361768,12.065694145957124
012280206,0.0,3.399,SPEAKER1228,-39.97362706801471,-41.689493681255136,1.5007773862548284,18.742786366892524
001310022,0.0,3.952,SPEAKER0131,-49.475400514240505,-51.39747510637556,1.5007773862548284,14.600844433063642
000920010,0.0,2.981,SPEAKER0092,-50.64557663066275,-57.51156165383079,1.5007773862548284,14.487752450093966
070010013,0.0,6.516,SPEAKER7001,-45.2899731595092,-53.26773262023926,1.5007765668921316,6.629494290417867
024880207,0.0,2.88,SPEAKER2488,-50.57667371961806,-59.543732362635,1.4994648471564476,16.3162321809334
064010093,0.0,4.609,SPEAKER6401,-49.81361001898048,-49.94910732068514,1.4989662879581185,4.672465069861259
060480008,0.0,3.19,SPEAKER6048,-46.36506906347962,-49.73367590653269,1.4989662879581185,15.345453810703997
022520272,0.0,3.348,SPEAKER2252,-46.32265916511194,-51.39967903724084,1.4989662879581185,14.168191377239674
021120085,0.0,3.139,SPEAKER2112,-46.87246218152866,-49.76762580871582,1.4989662879581185,12.731877928223941
020020206,0.0,2.812,SPEAKER2002,-44.15855413145018,-51.76767349243164,1.4989662879581185,12.67576453131204
011810063,0.0,3.17,SPEAKER1181,-45.42632036179022,-50.671807607014976,1.4989662879581185,14.13549940767052
005630302,0.0,2.71,SPEAKER0563,-50.05926761416052,-54.95825403386896,1.49887237111218,15.509727799679302
090340126,0.0,3.63,SPEAKER9034,-43.18844427944215,-44.926394119262696,1.4953301891649204,13.736912290745382
036310098,0.0,3.151,SPEAKER3631,-49.60203062996032,-53.520409202575685,1.4953301891649204,12.66535396385553
020220176,0.0,3.213,SPEAKER2022,-46.1131382642134,-52.32388401031494,1.4933186610388585,15.954427147185603
001110141,0.0,4.333,SPEAKER0111,-49.67529409642032,-53.84056515163846,1.4933164573947173,13.27290768074933
095580088,0.0,5.66,SPEAKER9558,-44.808811147305654,-47.58803053463207,1.4923078384039319,14.529950362720832
030210152,0.0,4.94,SPEAKER3021,-45.393337234311744,-47.251958574567524,1.4923078384039319,12.617612602948979
024020337,0.0,4.226,SPEAKER2402,-50.75984411938534,-52.98052802452674,1.4923078384039319,15.29137166687746
010390303,0.0,3.53,SPEAKER1039,-41.09729660941926,-45.99038423810686,1.4923078384039319,14.04131279761172
021290068,0.0,3.89,SPEAKER2129,-48.56586399421594,-50.099153371957634,1.492306349914849,18.438334603417832
080630086,0.0,4.238,SPEAKER8063,-43.9362102004717,-47.04922790527344,1.492304861425766,18.529168889781133
052180143,0.0,3.6,SPEAKER5218,-44.40695258246528,-46.135273694992065,1.492304861425766,12.70187051856238
013720153,0.0,3.4,SPEAKER1372,-48.9078125,-54.82246437072754,1.48736311200965,14.1840886175028
095530041,0.0,4.01,SPEAKER9553,-43.634049641521194,-47.520214947787196,1.4873618377051727,11.16214859225114
091010109,0.0,5.33,SPEAKER9101,-45.59696001407129,-50.26754502327211,1.4873605634006954,14.521068296672494
036360055,0.0,3.199,SPEAKER3636,-47.131082153320314,-51.000284830729164,1.4873605634006954,12.626797374371847
030270175,0.0,3.79,SPEAKER3027,-44.800023705474935,-47.259036654517764,1.4873605634006954,13.531724511075707
030070025,0.0,2.85,SPEAKER3007,-45.51565926535088,-48.82278561592102,1.4873605634006954,12.385168612203282
024020084,0.0,3.29,SPEAKER2402,-47.229400170972646,-51.97503235760857,1.4873605634006954,16.092347957574763
023270237,0.0,4.596,SPEAKER2327,-46.71674167798913,-50.88277408054897,1.4873605634006954,14.140841439651131
020340144,0.0,3.98,SPEAKER2034,-48.07584798994975,-50.50596170840056,1.4873605634006954,11.449741884162258
011560192,0.0,3.628,SPEAKER1156,-45.69882597279614,-50.550249980046196,1.4873605634006954,16.23704620082862
005750059,0.0,4.55,SPEAKER0575,-53.84525240384615,-58.211679712931314,1.4873605634006954,19.980507136467494
001140108,0.0,2.494,SPEAKER0114,-49.12449014809237,-59.83326966421945,1.4873605634006954,18.120430040964486
000930056,0.0,2.889,SPEAKER0093,-42.502662737889274,-46.702362378438316,1.4873605634006954,8.464038272432905
000440005,0.0,2.845,SPEAKER0044,-49.067070997807015,-50.16789944966634,1.4873605634006954,13.394655795299698
081530073,0.0,3.513,SPEAKER8153,-47.49168669871795,-51.874536807720474,1.487358014791741,16.62307326180806
013720199,0.0,3.33,SPEAKER1372,-48.213057784346844,-55.90206184387207,1.487358014791741,17.71875457811124
009810029,0.0,3.95,SPEAKER0981,-45.13934434335443,-49.18360757827759,1.487358014791741,16.77146549616862
029170196,0.0,2.797,SPEAKER2917,-43.92537667410714,-50.088470458984375,1.4862331327499085,17.394162771063318
021120161,0.0,3.897,SPEAKER2112,-48.60614483173077,-53.78209006268045,1.4862331327499085,11.676969812050444
085840099,0.0,3.82,SPEAKER8584,-47.03092788776178,-51.22939597235786,1.4852489860208802,13.53394657016237
011090333,0.0,5.734,SPEAKER1109,-46.44247995746073,-51.0615359715053,1.4852460587044418,12.089341092200051
090340002,0.0,3.74,SPEAKER9034,-47.4987101019385,-52.405236869022765,1.4814574023613853,18.098710759398944
013620162,0.0,3.18,SPEAKER1362,-46.235342349646224,-51.03232410975865,1.4814570754150247,13.824083641558165
003060319,0.0,3.02,SPEAKER0306,-50.25073080504967,-54.15689913431803,1.4814564215223032,19.94176877620341
024500327,0.0,2.834,SPEAKER2450,-45.07231393551237,-51.04584257943289,1.4796182872197707,17.55832750884214
000960090,0.0,2.7,SPEAKER0096,-47.57935836226852,-52.898895263671875,1.4796182872197707,11.886236624277824
095550081,0.0,3.39,SPEAKER9555,-44.17963852783923,-44.9153359153054,1.4796173405892687,10.842678174588439
038370013,0.0,3.52,SPEAKER3837,-45.49310857599432,-49.89372444152832,1.4742614967588326,14.466533506535988
010750043,0.0,2.96,SPEAKER1075,-41.50425926414696,-45.640971844012924,1.4742614967588326,18.177263527279038
005670348,0.0,2.741,SPEAKER0567,-52.028869183394164,-58.21658354539137,1.4742614967588326,19.984919433071255
020890112,0.0,3.231,SPEAKER2089,-44.871662151702786,-52.0789379119873,1.4710753639985492,12.787464385245602
026210213,0.0,2.701,SPEAKER2621,-47.44812644675926,-53.992236073811846,1.4669569047973223,19.086106311200563
054240091,0.0,2.303,SPEAKER5424,-47.18317340353261,-52.59011116027832,1.4669561397068236,16.504057153827574
096470019,0.0,3.922,SPEAKER9647,-47.64547791772959,-52.2976152420044,1.4669553746163246,5.630137460322375
091010063,0.0,3.901,SPEAKER9101,-42.940604967948715,-45.872550782703215,1.4669553746163246,18.056519856635973
080630152,0.0,2.99,SPEAKER8063,-43.358222068352845,-47.19333603802849,1.4669553746163246,16.67109342019559
075510137,0.0,2.894,SPEAKER7551,-49.9950191933391,-51.43290646870931,1.4669553746163246,9.378701024595287
020890306,0.0,3.522,SPEAKER2089,-46.8711103959517,-52.06235685802641,1.4669553746163246,13.653493590392728
020160151,0.0,3.627,SPEAKER2016,-42.958866003787875,-47.88544170673077,1.4669553746163246,18.224975816171014
015030082,0.0,2.775,SPEAKER1503,-50.90479218187949,-53.37798452377319,1.4669553746163246,10.157809971571117
014470048,0.0,2.89,SPEAKER1447,-48.42591641435986,-56.32169283353365,1.4669553746163246,15.018729167369079
014200342,0.0,3.36,SPEAKER1420,-45.584263392857146,-49.87694692611694,1.4669553746163246,14.790577348638745
014200011,0.0,2.96,SPEAKER1420,-45.410842483108105,-49.20874671936035,1.4669553746163246,14.487133235830349
010370232,0.0,3.411,SPEAKER1037,-43.258416765945746,-46.90583724975586,1.4669553746163246,14.040515524789914
010330052,0.0,3.72,SPEAKER1033,-43.6947270875336,-47.82569408416748,1.4669553746163246,9.644907451265833
005750303,0.0,3.04,SPEAKER0575,-49.50071314761513,-60.39291712443034,1.4669553746163246,13.834638314783698
001490153,0.0,3.794,SPEAKER0149,-43.759760471635886,-49.800418853759766,1.4669553746163246,12.026907364431874
001490056,0.0,3.6,SPEAKER0149,-46.12683376736111,-51.84489974975586,1.4669553746163246,11.044272172374768
000540018,0.0,3.939,SPEAKER0054,-50.48117266814721,-52.907937579684784,1.4669553746163246,15.383746147144835
014220081,0.0,3.586,SPEAKER1422,-45.95957194463789,-53.9250124613444,1.4666463098631444,11.60754810151552
014070040,0.0,4.201,SPEAKER1407,-48.230189732142854,-54.03074757258097,1.4666457547404024,9.269837836330293
085840092,0.0,3.29,SPEAKER8584,-46.853607641527354,-51.265071868896484,1.4663576330117896,11.710881914433447
069120014,0.0,3.609,SPEAKER6912,-45.970703125,-53.747133572896324,1.4663576330117896,11.783213646773456
060100147,0.0,2.997,SPEAKER6010,-47.530048828125,-51.82662896549,1.4663576330117896,15.024834860981098
020070050,0.0,3.51,SPEAKER2007,-41.10655938390313,-45.44594873700823,1.4663576330117896,15.096934929128775
015010103,0.0,2.76,SPEAKER1501,-48.41257996490036,-53.0500239054362,1.4663576330117896,11.603301246798527
011560275,0.0,2.947,SPEAKER1156,-42.170378707627115,-49.19089552935432,1.4663576330117896,16.529598100183883
001140049,0.0,6.733,SPEAKER0114,-41.41058286125557,-52.48599573771159,1.4663576330117896,17.39390625089012
030680009,0.0,2.3,SPEAKER3068,-46.26325152853261,-50.01735060555594,1.4663559340812833,16.501296417925413
008130339,0.0,3.032,SPEAKER0813,-47.24802753712871,-48.68322944641113,1.4663559340812833,10.920976065885805
001140045,0.0,2.51,SPEAKER0114,-46.640768955428285,-54.96420053335336,1.4663559340812833,15.615549091845056
000560088,0.0,2.36,SPEAKER0056,-43.57567117981991,-47.188822746276855,1.4663559340812833,12.77065667859457
022510066,0.0,3.584,SPEAKER2251,-46.85646167946928,-51.18549601236979,1.466354235150777,12.116456441424994
080680020,0.0,2.96,SPEAKER8068,-42.3420311180321,-45.598784637451175,1.461484342267749,16.109198375298458
052180112,0.0,4.28,SPEAKER5218,-47.07283148364486,-46.91299536920363,1.461484342267749,9.017771810117143
024270057,0.0,3.787,SPEAKER2427,-46.57499690798153,-50.694630395798455,1.461484342267749,16.937018879749765
023800338,0.0,4.22,SPEAKER2380,-45.43042339306872,-47.28168144226074,1.461484342267749,16.0764512968101
013360235,0.0,2.594,SPEAKER1336,-51.37423835666023,-51.73544464111328,1.461484342267749,16.21090396520301
085850094,0.0,2.49,SPEAKER8585,-41.88554609061245,-50.39757851993336,1.4594414712418324,14.343755892352458
021700131,0.0,2.812,SPEAKER2170,-45.86319089190391,-58.77550959587097,1.4594414712418324,9.546199038855747
011560269,0.0,3.48,SPEAKER1156,-47.56651288613506,-51.27648839083585,1.4562532506652874,14.798903379535064
010370246,0.0,3.573,SPEAKER1037,-43.98449809611345,-47.408030076460406,1.4562532506652874,12.503499696454806
020070166,0.0,2.98,SPEAKER2007,-45.87711370071309,-50.818023681640625,1.4496598887719068,15.959393084966424
096220001,0.0,8.13,SPEAKER9622,-45.86229627921279,-54.83430782953898,1.4495871277220116,4.758403872269831
054010046,0.0,3.72,SPEAKER5401,-46.6102045530914,-53.90473439143254,1.4495871277220116,15.399336414386244
007650369,0.0,4.335,SPEAKER0765,-46.740418886808754,-49.64073285189542,1.4495871277220116,16.60133843725979
001220104,0.0,2.8,SPEAKER0122,-48.889798409598214,-57.787083053588866,1.4495871277220116,16.894727309439343
085840089,0.0,3.36,SPEAKER8584,-45.748831612723215,-50.58134496779669,1.4492602135747812,13.075155533475215
069120165,0.0,3.28,SPEAKER6912,-46.67261933117378,-51.788443671332466,1.4492602135747812,12.633015221353935
061210140,0.0,3.02,SPEAKER6121,-47.37886421254139,-52.011990767258865,1.4492602135747812,8.69413124150158
054280030,0.0,2.86,SPEAKER5428,-45.60767796656469,-52.64348520551409,1.4492602135747812,13.385292644631416
054280078,0.0,3.35,SPEAKER5428,-49.881506529850746,-53.20091883341471,1.4492602135747812,9.299305397956639
054240093,0.0,2.492,SPEAKER5424,-47.958368630773094,-50.28090209960938,1.4492602135747812,17.718139380380407
052180084,0.0,2.17,SPEAKER5218,-46.408995175691246,-47.17007141113281,1.4492602135747812,11.291653909690792
030070049,0.0,3.53,SPEAKER3007,-46.26618659259915,-49.279993874686106,1.4492602135747812,13.399650205524935
028970294,0.0,2.957,SPEAKER2897,-45.278990049619935,-52.152490515457956,1.4492602135747812,18.902902697860753
027990341,0.0,3.14,SPEAKER2799,-53.63293068272293,-55.243731457254164,1.4492602135747812,15.999137111442622
024510206,0.0,3.691,SPEAKER2451,-45.208079268292686,-49.569403648376465,1.4492602135747812,16.195898769054022
024500317,0.0,3.446,SPEAKER2450,-48.56722712862319,-53.03178832110237,1.4492602135747812,15.764880290164829
024480016,0.0,4.172,SPEAKER2448,-50.49849183153477,-50.2192795493386,1.4492602135747812,13.492294254699386
024410049,0.0,2.93,SPEAKER2441,-49.82825498613481,-53.66061210632324,1.4492602135747812,16.17636093760498
023800042,0.0,4.375,SPEAKER2380,-42.30318921232877,-44.66588355754984,1.4492602135747812,17.63554860819517
023800326,0.0,3.48,SPEAKER2380,-44.071990616020116,-47.53014058652131,1.4492602135747812,16.864753454045115
023270331,0.0,4.17,SPEAKER2327,-43.52478642086331,-48.047992359508164,1.4492602135747812,16.95086586065065
022520290,0.0,3.849,SPEAKER2252,-40.7223924512987,-43.95042610168457,1.4492602135747812,14.51535312046817
022080341,0.0,2.957,SPEAKER2208,-50.522048537795605,-61.132022857666016,1.4492602135747812,11.56761392708614
021290160,0.0,3.705,SPEAKER2129,-46.481184720350406,-50.48923206329346,1.4492602135747812,16.310363006752084
014180160,0.0,3.37,SPEAKER1418,-44.01919510385757,-48.7064323425293,1.4492602135747812,16.22666625762648
013720082,0.0,3.82,SPEAKER1372,-51.83233291066754,-56.77076235684481,1.4492602135747812,17.160594575944344
011560068,0.0,6.232,SPEAKER1156,-46.23511486757624,-51.83286516289962,1.4492602135747812,13.884290824939196
010640036,0.0,4.807,SPEAKER1064,-47.7965095504158,-49.71087762287685,1.4492602135747812,10.843270148672005
010440017,0.0,2.849,SPEAKER1044,-52.40853207236842,-53.58081970214844,1.4492602135747812,15.624362881833616
010330206,0.0,4.845,SPEAKER1033,-46.25870650773196,-50.811389421161856,1.4492602135747812,9.674964202710793
010330033,0.0,2.68,SPEAKER1033,-43.69544003614739,-48.99393132527669,1.4492602135747812,11.987770323872038
010270377,0.0,4.02,SPEAKER1027,-48.440070157027364,-53.3870121125252,1.4492602135747812,17.899629784962777
004820041,0.0,4.928,SPEAKER0482,-44.03197895537525,-45.72444111960275,1.4492602135747812,14.104073229612895
001350219,0.0,3.38,SPEAKER0135,-47.387550850591715,-48.480321168899536,1.4492602135747812,14.494108712467066
000930162,0.0,2.74,SPEAKER0093,-44.23821353216241,-44.7964314547452,1.4492602135747812,9.871655538187852
000360161,0.0,3.089,SPEAKER0036,-46.48953908778317,-50.023260328504776,1.4492602135747812,17.72369087045272
000260032,0.0,2.93,SPEAKER0026,-44.14747760238908,-47.993863105773926,1.4492602135747812,19.684329007891858
054060113,0.0,2.52,SPEAKER5406,-45.83120969742063,-48.390241622924805,1.4492588139409943,10.123153146917607
024500126,0.0,2.351,SPEAKER2450,-49.717652925531915,-57.65598502525916,1.4492588139409943,10.194940727108897
010370251,0.0,2.696,SPEAKER1037,-42.15597511574074,-48.18019934261547,1.4492588139409943,13.462221061304618
001110072,0.0,2.8,SPEAKER0111,-53.28505161830357,-61.39013123512268,1.4492588139409943,19.030161899422332
020610122,0.0,3.89,SPEAKER2061,-45.720848730719794,-48.391327476501466,1.4492574143072074,13.884635760100268
024380369,0.0,2.83,SPEAKER2438,-47.255541905918726,-54.06411870320638,1.4466746128542758,17.617435205301064
001220021,0.0,2.97,SPEAKER0122,-46.48155053135522,-54.84486839988015,1.4466739902292858,13.202021674157004
001140099,0.0,3.69,SPEAKER0114,-45.26319550304878,-48.9198392868042,1.4466739902292858,8.07653989240173
000540055,0.0,2.928,SPEAKER0054,-51.499206751279864,-56.35815397898356,1.4462492342760274,15.853935991669632
052180093,0.0,3.47,SPEAKER5218,-47.3256596721902,-51.19763517379761,1.4462484300893854,12.83635031981461
027990059,0.0,2.866,SPEAKER2799,-53.03640162238676,-57.96494229634603,1.4462484300893854,19.521655768036958
020140133,0.0,4.42,SPEAKER2014,-46.53974300056561,-48.51595920065175,1.4462484300893854,8.046991886872672
010440117,0.0,3.17,SPEAKER1044,-48.13286487085962,-53.87270736694336,1.4462484300893854,12.977504985704318
010300133,0.0,2.453,SPEAKER1030,-47.0587890625,-48.57503938674927,1.4462484300893854,12.145781853209883
010300105,0.0,4.845,SPEAKER1030,-48.30284310567011,-50.65714581807455,1.4462484300893854,11.969192101094961
001310096,0.0,3.565,SPEAKER0131,-46.23290331757703,-48.946552501005286,1.4462484300893854,16.285618514564998
001200126,0.0,2.472,SPEAKER0120,-44.21330576290486,-49.835100173950195,1.4462484300893854,16.427845812173658
000060083,0.0,2.82,SPEAKER0006,-45.966585632757095,-49.37890788487026,1.4462484300893854,17.241783930306497
051950088,0.0,2.53,SPEAKER5195,-45.38809674530632,-49.47436659676688,1.4462468217161013,13.384785069071413
010460153,0.0,2.17,SPEAKER1046,-47.81432711693548,-51.939047241210936,1.4462336340767978,10.473817527147187
095550148,0.0,3.045,SPEAKER9555,-45.645648693647544,-49.12801844278972,1.4416627731500171,9.923271029255538
064010066,0.0,4.351,SPEAKER6401,-48.14428430316092,-55.14658110482352,1.4416627731500171,10.374210756579417
036360151,0.0,4.136,SPEAKER3636,-47.45150211352657,-49.49038651410271,1.4416627731500171,15.494642204873664
034230051,0.0,5.14,SPEAKER3423,-45.5074705131323,-49.74808772404989,1.4416627731500171,14.73067202664512
020160335,0.0,3.743,SPEAKER2016,-43.1154354319853,-47.20388367062523,1.4416627731500171,11.743879156877696
000240071,0.0,4.67,SPEAKER0024,-48.96397801793362,-53.62051618099213,1.4416627731500171,17.06437197202748
030070111,0.0,2.32,SPEAKER3007,-43.946360620959055,-47.51690991719564,1.4416623383300964,13.342310063775178
096310016,0.0,6.541,SPEAKER9631,-46.29288512996942,-52.68889028375799,1.4416619035101759,9.762141873279685
090880126,0.0,2.58,SPEAKER9088,-43.622717569040695,-47.821022288004556,1.4416619035101759,14.919922941559662
030830093,0.0,3.887,SPEAKER3083,-47.598760845115685,-51.866754678579476,1.4416619035101759,4.5528263687972235
030020022,0.0,2.44,SPEAKER3002,-44.94405177382172,-52.56580400466919,1.4416610338703344,14.692713472046604
013360226,0.0,3.182,SPEAKER1336,-52.47965801886792,-58.64413939581977,1.4416610338703344,14.440475337725976
013090185,0.0,2.72,SPEAKER1309,-45.73816276999081,-47.31041927337647,1.4416610338703344,9.69276009814352
030200037,0.0,3.62,SPEAKER3020,-43.13238626553867,-47.271098136901855,1.441659294590652,15.014404250326127
013620185,0.0,5.02,SPEAKER1362,-44.72773359686255,-48.25417900085449,1.4358796429651326,13.964800513093245
030880131,0.0,2.502,SPEAKER3088,-43.9737890625,-43.997813505284924,1.435399780299996,15.539836656149742
030020159,0.0,3.05,SPEAKER3002,-47.63137167008197,-52.037754694620766,1.4339015482914872,12.803078650485975
012930028,0.0,3.97,SPEAKER1293,-42.35256120119647,-44.94489068695993,1.4339015482914872,11.170055444734334
000750026,0.0,3.269,SPEAKER0075,-50.823609518348626,-51.75839696611677,1.4339007068105747,16.031269509608197
023800056,0.0,3.278,SPEAKER2380,-43.09826064691311,-46.009473133087155,1.4338998653296624,18.243265594861462
020270049,0.0,3.86,SPEAKER2027,-43.897299020401555,-46.25484275817871,1.4338998653296624,12.130094412368859
010640166,0.0,4.965,SPEAKER1064,-43.322312782947684,-44.746931570547595,1.4324265993652245,10.994393037323233
021120075,0.0,4.112,SPEAKER2112,-51.44391537408759,-55.858860342843194,1.4324223790275936,14.32889339768945
096010016,0.0,4.114,SPEAKER9601,-47.89304383363747,-55.10772638735564,1.4311744706030967,12.86564672082818
020360220,0.0,3.131,SPEAKER2036,-48.23418779952077,-56.98742651939392,1.4311738142442465,15.042015024942064
010610015,0.0,2.84,SPEAKER1061,-46.35915149097711,-53.40258611043294,1.4311738142442465,17.20150554374284
069020024,0.0,5.32,SPEAKER6902,-40.585471246475564,-48.34226204367245,1.4284561843842318,9.145772675420588
060100047,0.0,3.56,SPEAKER6010,-49.11370369557584,-51.62665786743164,1.4283950241516081,10.005732902593374
004610227,0.0,5.009,SPEAKER0461,-44.63679671906188,-47.30970473516555,1.4283950241516081,11.635947732558908
032080161,0.0,2.99,SPEAKER3208,-48.1758008465719,-50.82996896597055,1.428393015453475,13.725366044016953
096250005,0.0,4.9,SPEAKER9625,-45.650003985969384,-48.64223709106445,1.4283923458874304,5.23995271685658
091010139,0.0,3.563,SPEAKER9101,-43.871464075667134,-46.885084788004555,1.4283923458874304,16.831901674326506
036310148,0.0,4.465,SPEAKER3631,-49.221297364373605,-52.331016082763675,1.4283923458874304,16.048787355654493
034230034,0.0,3.18,SPEAKER3423,-45.6255097779088,-47.225524357386995,1.4283923458874304,13.443817558906211
030270161,0.0,2.53,SPEAKER3027,-44.99703943305336,-49.17503503652719,1.4283923458874304,14.136648405996572
030200078,0.0,4.703,SPEAKER3020,-44.34169298537234,-46.4760218910549,1.4283923458874304,10.210906559293193
030020152,0.0,2.47,SPEAKER3002,-46.40011782009109,-48.3245044708252,1.4283923458874304,13.965715425410949
029170211,0.0,3.9,SPEAKER2917,-45.35617487980769,-50.718990631103516,1.4283923458874304,15.49703166568394
022510266,0.0,3.635,SPEAKER2251,-44.345614590487635,-48.53777847290039,1.4283923458874304,15.94007776043026
020360329,0.0,3.236,SPEAKER2036,-45.64001916956018,-53.81095814704895,1.4283923458874304,13.39337999794571
013620241,0.0,2.92,SPEAKER1362,-47.354629307577056,-54.15957042149135,1.4283923458874304,11.68805423802195
007390197,0.0,3.594,SPEAKER0739,-43.69810073555014,-45.967766256893384,1.4283923458874304,16.240867574996013
000360283,0.0,2.59,SPEAKER0036,-51.181007179054056,-53.27301094748757,1.4283923458874304,13.583106529529141
000050174,0.0,1.942,SPEAKER0005,-43.10429586823454,-47.78158760070801,1.4283923458874304,17.53009080345821
020220091,0.0,3.622,SPEAKER2022,-48.291452650207184,-52.19840079087477,1.4283896676232528,16.849989721548603
014690121,0.0,4.99,SPEAKER1469,-44.37109766407816,-51.69850699106852,1.4283896676232528,14.363766356414855
011350257,0.0,3.89,SPEAKER1135,-50.999287034061695,-54.122594015938894,1.4283896676232528,18.283976182058197
011860256,0.0,5.28,SPEAKER1186,-45.92277758049242,-54.372589914422285,1.4266052844711041,6.807430570539271
000560033,0.0,3.231,SPEAKER0056,-46.76497496613777,-50.22469740647536,1.4266052844711041,12.737550369837143
096120005,0.0,5.325,SPEAKER9612,-41.095835043386494,-43.428311223569125,1.42049938578164,6.02688637833176
095560010,0.0,3.061,SPEAKER9556,-47.09320108251634,-51.153025993934044,1.42049938578164,25.68323972405984
050720158,0.0,4.07,SPEAKER5072,-46.63975161240786,-49.9286538696289,1.4204979588833981,15.461616559067224
091070162,0.0,3.02,SPEAKER9107,-45.551554092508276,-48.431700167448625,1.4201103493884464,14.60214245444612
015020126,0.0,2.997,SPEAKER1502,-49.781962890625,-54.71677907307943,1.4201103493884464,8.833470851351668
010750060,0.0,5.32,SPEAKER1075,-44.16825143914474,-50.45411992073059,1.4201103493884464,14.926422183884037
010440120,0.0,2.87,SPEAKER1044,-49.42442018728223,-53.68428203037807,1.4201103493884464,13.350495875392392
000030079,0.0,3.64,SPEAKER0003,-42.37766408396291,-47.163237953186034,1.4201103493884464,19.77690272192296
054320092,0.0,3.029,SPEAKER5432,-43.12648257013201,-50.04793014526367,1.4200787284028775,13.501832347334027
096400014,0.0,3.839,SPEAKER9640,-48.136505126953125,-52.2226754506429,1.4170863852524966,5.973527961178078
030460071,0.0,2.98,SPEAKER3046,-46.184760381711406,-52.0221186319987,1.417084757947493,14.94148514248981
030680162,0.0,4.622,SPEAKER3068,-43.772925967261905,-49.56335322062174,1.412492295103779,11.741420244319613
023800015,0.0,3.365,SPEAKER2380,-43.74152100333828,-45.486863528980926,1.412492295103779,17.660933275795184
012920299,0.0,4.04,SPEAKER1292,-46.479714573019805,-51.61805658755095,1.412492295103779,12.528436221977657
091010072,0.0,3.81,SPEAKER9101,-45.932506971784775,-48.19927578880673,1.4124914209729023,16.485714589320565
085850046,0.0,2.792,SPEAKER8585,-44.44725862455197,-51.02105522155762,1.4124914209729023,9.691393317656704
012280198,0.0,3.92,SPEAKER1228,-41.16763492506377,-45.445550089297086,1.4124905468420255,17.755376176341976
054180096,0.0,2.231,SPEAKER5418,-46.0904174257287,-48.79919878641764,1.4044918131347552,16.772389658630715
032080078,0.0,3.27,SPEAKER3208,-45.47427190844801,-47.653126610649956,1.4044918131347552,18.141778683694334
030230056,0.0,2.922,SPEAKER3023,-44.74585629815925,-51.52337668923771,1.4044918131347552,17.094966076011044
021680266,0.0,3.204,SPEAKER2168,-51.04563598632812,-53.7948413848877,1.4044918131347552,9.385895927986695
021120025,0.0,3.136,SPEAKER2112,-48.599012241242036,-54.55097516377767,1.4044918131347552,13.56824235226022
015030115,0.0,4.21,SPEAKER1503,-48.28947539340855,-52.290450970331825,1.4044918131347552,14.446477265245793
010990279,0.0,2.97,SPEAKER1099,-44.84456873421717,-50.50303936004639,1.4044918131347552,17.04031532863548
010760162,0.0,2.844,SPEAKER1076,-42.871554522447184,-48.616333855523,1.4044918131347552,14.3446395028992
000050010,0.0,3.047,SPEAKER0005,-52.08621285860656,-53.104112243652345,1.4044918131347552,10.22979535776709
055510078,0.0,2.58,SPEAKER5551,-46.39817254118217,-50.01156578063965,1.4008890111845371,10.709605904508964
036360114,0.0,3.613,SPEAKER3636,-48.347223424515235,-53.2474479675293,1.4002097142481638,15.398077016146049
054140113,0.0,2.55,SPEAKER5414,-46.78794806985294,-51.008837381998696,1.3997278697154125,12.585119118565867
030140089,0.0,2.63,SPEAKER3014,-45.5234597789924,-49.198057348077946,1.3997278697154125,15.332120462869435
012030044,0.0,2.77,SPEAKER1203,-48.93066758799639,-53.152579171316965,1.3997278697154125,10.662451028410137
010920032,0.0,2.62,SPEAKER1092,-43.42013433325382,-46.40102195739746,1.3997278697154125,16.34699464463703
001220168,0.0,2.77,SPEAKER0122,-51.02079690320397,-54.567443575177876,1.3997278697154125,14.724155074116487
095550146,0.0,3.46,SPEAKER9555,-45.683819544797686,-48.7310848236084,1.397699518347944,12.130479208744594
022520221,0.0,2.612,SPEAKER2252,-39.73624955100575,-47.630247933524,1.397699518347944,14.942314133030317
012600330,0.0,4.124,SPEAKER1260,-40.847239077669904,-47.80631637573242,1.397699518347944,8.666372249798762
029370193,0.0,2.426,SPEAKER2937,-44.39719971707819,-52.78276304765181,1.3964384007718564,17.982470468653624
000940027,0.0,3.125,SPEAKER0094,-42.89119908146965,-44.7453914642334,1.396437936909615,14.316449848440158
000750080,0.0,2.63,SPEAKER0075,-49.97002361573194,-51.85884299645057,1.396437936909615,18.876225352645946
095580067,0.0,3.45,SPEAKER9558,-44.44020889945652,-50.191698498196075,1.3964374730473734,15.565756081810033
025380151,0.0,3.368,SPEAKER2538,-51.08802971995549,-53.94776471455892,1.3964374730473734,18.95379148833696
000260121,0.0,3.82,SPEAKER0026,-45.83081949443717,-50.097418830508275,1.3964374730473734,17.618889175737102
054180022,0.0,3.146,SPEAKER5418,-48.2515873015873,-50.79099258422852,1.3957014537512156,13.07014454569296
021120108,0.0,4.173,SPEAKER2112,-48.26185926258993,-52.55934143066406,1.39500445766916,12.450174641119418
010120212,0.0,3.17,SPEAKER1012,-46.97692293473975,-50.49442481994629,1.3950032616778447,12.977704415500167
080630053,0.0,4.6,SPEAKER8063,-47.30576171875,-48.65920352935791,1.3948019797198923,13.136694861962056
080570127,0.0,2.8,SPEAKER8057,-48.03175920758929,-52.802896881103514,1.3948019797198923,17.167170288035983
026210005,0.0,3.196,SPEAKER2621,-46.42249450683594,-49.381048393249515,1.3948019797198923,14.659524790410977
024500284,0.0,4.204,SPEAKER2450,-49.81591796875,-54.42068382545754,1.3948019797198923,15.199853712607574
024380278,0.0,3.572,SPEAKER2438,-50.73629529936975,-54.44417854591652,1.3948019797198923,15.813278052852237
024300330,0.0,3.397,SPEAKER2430,-49.61224724264706,-57.22463607788086,1.3948019797198923,15.445694140265562
020590376,0.0,4.639,SPEAKER2059,-47.567706930226294,-51.3182487487793,1.3948019797198923,12.817703577968857
010390366,0.0,4.32,SPEAKER1039,-43.49595811631944,-46.646419286727905,1.3948019797198923,13.360292257390824
010300157,0.0,3.43,SPEAKER1030,-44.41011354318513,-48.33294486999512,1.3948019797198923,13.251737177356974
003060017,0.0,3.41,SPEAKER0306,-52.28143328445748,-54.75248790922619,1.3948019797198923,18.35877429185627
080630094,0.0,3.26,SPEAKER8063,-46.13251294095092,-49.81452941894531,1.3948000633013298,14.319164080807429
054060119,0.0,2.78,SPEAKER5406,-40.47458127248201,-40.60470275878906,1.3948000633013298,9.569909807303677
050720003,0.0,2.41,SPEAKER5072,-42.374777133039416,-44.98649024963379,1.3948000633013298,16.686737028813873
010640250,0.0,3.631,SPEAKER1064,-44.64689329373278,-44.804956548354205,1.3948000633013298,12.037449934277832
005630195,0.0,3.77,SPEAKER0563,-53.76634511770557,-54.79951413472494,1.3948000633013298,13.125283452532287
091070174,0.0,3.495,SPEAKER9107,-45.65759207589286,-49.4312085752134,1.3947981468827673,13.76818013173707
080680056,0.0,2.76,SPEAKER8068,-46.360153419384055,-48.825051879882814,1.3947981468827673,15.137797937720501
010330277,0.0,4.16,SPEAKER1033,-46.53651310847356,-49.4294400024414,1.3947981468827673,12.231117275588943
005940373,0.0,4.79,SPEAKER0594,-48.26237522834029,-53.71553750471635,1.3947981468827673,13.651079849060682
080630140,0.0,3.2,SPEAKER8063,-45.41796875,-48.50855030732996,1.3878247832008372,17.18803980400868
030230194,0.0,3.492,SPEAKER3023,-45.39269285010745,-49.30902048746745,1.3878247832008372,17.539107419463505
028920214,0.0,2.695,SPEAKER2892,-46.92335431134259,-52.05061400564093,1.379110145043112,19.381070370237072
030830094,0.0,2.58,SPEAKER3083,-48.105491460755815,-51.66849275068803,1.3761144957385847,14.189404031733241
010500073,0.0,2.44,SPEAKER1050,-42.74689421106557,-50.22169596354167,1.3717528396344623,14.425082195494118
010440008,0.0,3.754,SPEAKER1044,-48.04528645833334,-51.20572019878187,1.3717528396344623,11.295826807499099
024500350,0.0,3.29,SPEAKER2450,-49.556231003039514,-56.64881676121762,1.3717521857417407,15.591971468637508
005600146,0.0,2.958,SPEAKER0560,-45.497278161951016,-51.49493598937988,1.3717521857417407,17.521305270016583
085810040,0.0,4.5,SPEAKER8581,-45.193776041666666,-48.92382134331597,1.3705430482036305,13.5821628612149
020590164,0.0,3.157,SPEAKER2059,-47.88818050336234,-53.19312177385603,1.3705430482036305,13.28875837911851
005630315,0.0,6.215,SPEAKER0563,-52.937179712620576,-54.72171948172829,1.3674474201670896,12.991246338626382
010990165,0.0,2.72,SPEAKER1099,-45.31671142578125,-54.46292386736189,1.3674459316780068,14.1954116117867
081530170,0.0,3.162,SPEAKER8153,-45.993853218947784,-49.95518602643694,1.3674444431889237,16.85816586012357
051950033,0.0,4.96,SPEAKER5195,-49.03743227066532,-53.85919785499573,1.3674444431889237,10.58561050503885
050170005,0.0,2.59,SPEAKER5017,-47.73006530526062,-47.864908599853514,1.3674444431889237,10.927256097279727
024270245,0.0,3.529,SPEAKER2427,-47.442297052053824,-50.8760463880456,1.3674444431889237,13.316746760932613
013720167,0.0,3.07,SPEAKER1372,-47.31500343546417,-56.03678541917067,1.3674444431889237,17.43997554294741
012930067,0.0,2.7,SPEAKER1293,-43.60958116319444,-45.83569307327271,1.3674444431889237,11.713405566821026
091180078,0.0,4.68,SPEAKER9118,-47.597147102029915,-49.73765468597412,1.3674436989443823,13.491706391027916
061210174,0.0,2.88,SPEAKER6121,-44.83910793728299,-48.88177307792332,1.3674414662107577,11.58786478100333
012930114,0.0,3.55,SPEAKER1293,-46.53466659330986,-50.16309036254883,1.363311267889402,10.048575215618218
022510166,0.0,3.687,SPEAKER2251,-44.56590341294038,-50.63203048706055,1.3633108582080538,13.35666737006501
012280053,0.0,4.98,SPEAKER1228,-45.953791729417674,-52.69626857616283,1.3630689120695985,15.599972255409822
061210063,0.0,4.06,SPEAKER6121,-45.585735452586206,-51.466275971511315,1.3624685526470388,10.736568150815991
022360321,0.0,4.55,SPEAKER2236,-46.32884186126373,-51.57578554153442,1.3624685526470388,10.04394918044822
085840167,0.0,5.73,SPEAKER8584,-48.26405363765271,-53.325869750976565,1.3618206062426177,10.71538191562519
096120010,0.0,2.907,SPEAKER9612,-42.825507409793815,-48.653438886006676,1.3618152665197563,8.49895612399926
055510110,0.0,3.24,SPEAKER5551,-45.40168366608796,-50.504391838522515,1.3618152665197563,12.688730927033868
054010095,0.0,3.865,SPEAKER5401,-44.3875968992248,-47.197522449493405,1.3618152665197563,12.29194197780546
050170154,0.0,3.43,SPEAKER5017,-47.24828318604227,-49.00142841339111,1.3618152665197563,13.332065357909599
030600011,0.0,3.04,SPEAKER3060,-42.38292814555921,-49.52990700216854,1.3618152665197563,19.566047880758244
022360159,0.0,2.798,SPEAKER2236,-40.31994977678571,-46.8630869938777,1.3618152665197563,11.357191226501312
015030006,0.0,2.56,SPEAKER1503,-46.89178466796875,-53.43276810646057,1.3618152665197563,10.95358844164458
015020065,0.0,2.94,SPEAKER1502,-48.508370535714285,-53.46891448077034,1.3618152665197563,9.076445864762963
012920254,0.0,2.83,SPEAKER1292,-48.7575640459364,-53.31912279129028,1.3618152665197563,11.425435238436979
011810280,0.0,2.7,SPEAKER1181,-41.98576388888889,-50.04086769951714,1.3618152665197563,16.317014089995396
010610073,0.0,2.67,SPEAKER1061,-45.5283824906367,-53.616899050199066,1.3618152665197563,16.7905531802961
010120208,0.0,3.76,SPEAKER1012,-44.7412732712766,-48.55867070737092,1.3618152665197563,13.243403099469973
005940304,0.0,2.59,SPEAKER0594,-54.0058367519305,-56.17272610134549,1.3618152665197563,7.729659828276006
003060226,0.0,3.59,SPEAKER0306,-52.26379156511142,-57.06524446275499,1.3618152665197563,16.45677830624468
096220007,0.0,7.917,SPEAKER9622,-46.24126025883838,-54.66465400247013,1.3618125966583257,8.130009705943225
026210185,0.0,3.349,SPEAKER2621,-48.061864505597015,-51.84540896945529,1.3618125966583257,14.539348048051632
005940195,0.0,2.362,SPEAKER0594,-52.33382713188559,-57.0491221501277,1.3618125966583257,8.629279685868944
022820021,0.0,3.882,SPEAKER2282,-51.033052110180414,-56.935533332824704,1.3614872767908992,10.608891526875148
024500141,0.0,3.366,SPEAKER2450,-49.18940676001483,-56.415042877197266,1.3591717050265195,16.265019723149123
096460009,0.0,4.503,SPEAKER9646,-38.267604166666665,-42.37641453742981,1.358450631750536,6.677054682731367
095560083,0.0,4.589,SPEAKER9556,-49.23678342864924,-51.56953404744466,1.3577987452530353,14.888942053418324
011090292,0.0,6.7,SPEAKER1109,-49.74752215485075,-56.57715182834201,1.356987535775762,7.264108890835704
096460008,0.0,4.176,SPEAKER9646,-40.43513569078947,-46.98201200697157,1.3569844754137665,9.071013717700474
096450002,0.0,5.085,SPEAKER9645,-47.59275233300589,-46.507904052734375,1.3569844754137665,3.3278284613158373
096390017,0.0,3.947,SPEAKER9639,-49.815887064873415,-57.171189716884065,1.3569844754137665,4.336658505994217
095580012,0.0,4.79,SPEAKER9558,-47.615209909968684,-50.530410308837894,1.3569844754137665,15.049594531175329
091180159,0.0,2.92,SPEAKER9118,-46.80399186643836,-51.658262955515006,1.3569844754137665,15.55316878491479
091070089,0.0,3.129,SPEAKER9107,-47.94751834564696,-53.53776949927921,1.3569844754137665,12.347901549067059
091070108,0.0,3.271,SPEAKER9107,-47.787393085818046,-52.58780841169686,1.3569844754137665,16.178088442168356
090880130,0.0,3.135,SPEAKER9088,-41.93023176253981,-44.613321031842915,1.3569844754137665,14.73540922433856
080630170,0.0,3.994,SPEAKER8063,-46.6613555372807,-49.47881715194039,1.3569844754137665,15.534257202820996
069020059,0.0,3.88,SPEAKER6902,-41.151513168492265,-64.2716727786594,1.3569844754137665,7.588245087944472
040050041,0.0,4.873,SPEAKER4005,-47.55919131801848,-53.14266625428811,1.3569844754137665,14.080123883828053
029370221,0.0,3.071,SPEAKER2937,-45.44899608102606,-53.41042119806463,1.3569844754137665,18.704538335200382
027990328,0.0,3.381,SPEAKER2799,-51.91933824889053,-55.301506996154785,1.3569844754137665,18.19863736558488
027400125,0.0,3.009,SPEAKER2740,-46.75607350498339,-53.01725673675537,1.3569844754137665,21.661565541596993
024880059,0.0,3.18,SPEAKER2488,-53.58087657232704,-57.94346945626395,1.3569844754137665,14.754374370468206
024380247,0.0,2.126,SPEAKER2438,-50.849494754988264,-60.94762156559871,1.3569844754137665,15.862208810619817
024020291,0.0,3.865,SPEAKER2402,-56.53545906007752,-56.188545884757204,1.3569844754137665,2.9583090662112994
022520159,0.0,2.486,SPEAKER2252,-44.33680032630522,-51.726247787475586,1.3569844754137665,15.337926593710469
022510089,0.0,3.997,SPEAKER2251,-46.812783203125,-52.93864685058594,1.3569844754137665,15.152639371626131
020020015,0.0,2.695,SPEAKER2002,-51.45222439236111,-57.92075042724609,1.3569844754137665,10.980804675053374
014470063,0.0,3.73,SPEAKER1447,-47.66664397620644,-54.52048546927316,1.3569844754137665,14.446174199897698
014200177,0.0,2.66,SPEAKER1420,-42.631700099859025,-48.49213790893555,1.3569844754137665,13.378246105597597
014070349,0.0,4.747,SPEAKER1407,-50.29102384868421,-54.09325448397932,1.3569844754137665,7.8953999983995224
014040148,0.0,4.12,SPEAKER1404,-41.54238091626213,-60.56920901211825,1.3569844754137665,12.013562909100251
013340297,0.0,2.74,SPEAKER1334,-46.823848083941606,-52.900367736816406,1.3569844754137665,14.693733545919146
013340147,0.0,2.44,SPEAKER1334,-46.17566918545082,-49.98522163839901,1.3569844754137665,15.922517522256536
012920259,0.0,2.72,SPEAKER1292,-47.33444034352022,-54.48827705383301,1.3569844754137665,12.153906376545017
011560063,0.0,4.058,SPEAKER1156,-45.11078452124384,-51.27268086309018,1.3569844754137665,15.784932255261499
011350190,0.0,5.29,SPEAKER1135,-52.895247518903595,-57.652492099338104,1.3569844754137665,4.045469175622065
010270356,0.0,4.458,SPEAKER1027,-46.7117432735426,-49.5711647380482,1.3569844754137665,16.113516756997484
005600365,0.0,3.364,SPEAKER0560,-47.02925037202381,-52.9993519253201,1.3569844754137665,16.14441120108339
001140140,0.0,2.837,SPEAKER0114,-49.78290740536972,-53.540668780987076,1.3569844754137665,14.711703240066646
000480134,0.0,2.347,SPEAKER0048,-50.34473071808511,-55.19303894042969,1.3569844754137665,13.537461385529532
000440082,0.0,4.037,SPEAKER0044,-49.44580078125,-50.751457759312224,1.3569844754137665,6.755436061360065
024410294,0.0,3.12,SPEAKER2441,-46.29637106870994,-63.4532413482666,1.3569837103232678,17.148770536553222
090340071,0.0,2.49,SPEAKER9034,-42.80414235065261,-49.90401400052584,1.356982945232769,18.667602753027325
050720063,0.0,3.45,SPEAKER5072,-45.81446727807971,-46.76725929661801,1.356982945232769,17.579062923821816
022510323,0.0,3.17,SPEAKER2251,-46.243881851340696,-54.628361256917316,1.356982945232769,14.552989775785818
020890267,0.0,3.251,SPEAKER2089,-45.250796274038464,-53.70485305786133,1.356982945232769,11.813901713169216
020890346,0.0,3.259,SPEAKER2089,-44.08983476322853,-52.40132555754288,1.356982945232769,10.365734261153955
012280243,0.0,3.57,SPEAKER1228,-42.72818463322829,-44.000310971186714,1.356982945232769,15.893958921370864
010270354,0.0,2.41,SPEAKER1027,-48.47513615145228,-58.357544394100415,1.356982945232769,14.621513596819058
008130301,0.0,3.045,SPEAKER0813,-48.400185706967214,-53.84720230102539,1.356982945232769,13.147779961610926
090880120,0.0,3.63,SPEAKER9088,-44.966928697486225,-50.73061520120372,1.3569814150517714,16.658007625352866
030600052,0.0,4.1,SPEAKER3060,-46.68971036585366,-49.2545244216919,1.3425871802466693,17.031664828942922
030270168,0.0,2.319,SPEAKER3027,-44.099049535290945,-46.66976685957475,1.3385953765400918,12.868091420179656
090700057,0.0,5.01,SPEAKER9070,-43.55659774201597,-46.85934390192447,1.338594611449593,8.31349229473591
085850138,0.0,3.64,SPEAKER8585,-47.57500214629121,-50.825724228568696,1.338594611449593,12.083408579381377
085840075,0.0,3.29,SPEAKER8584,-45.1174843275076,-50.04534339904785,1.338594611449593,14.58907670195865
085840077,0.0,4.034,SPEAKER8584,-45.518605575372206,-52.49515575832791,1.338594611449593,10.322270702574713
055510156,0.0,3.141,SPEAKER5551,-50.17383123507165,-51.0847487979465,1.338594611449593,10.100761777161447
034230058,0.0,3.33,SPEAKER3423,-44.76704438813814,-46.79390852791922,1.338594611449593,14.116059350187008
030270083,0.0,3.01,SPEAKER3027,-48.1000051910299,-52.383157457624165,1.338594611449593,14.658726726859962
029810221,0.0,3.03,SPEAKER2981,-45.922774211014854,-47.900493968616836,1.338594611449593,12.926372212911296
029370210,0.0,3.33,SPEAKER2937,-47.070033901088586,-51.065154335715555,1.338594611449593,14.258150050378864
027400173,0.0,3.219,SPEAKER2740,-49.03549592391305,-52.76183255513509,1.338594611449593,12.441480457846911
024020142,0.0,4.49,SPEAKER2402,-50.77355929844098,-55.647942860921226,1.338594611449593,17.074627098588405
020360100,0.0,3.666,SPEAKER2036,-51.74621615292916,-57.8347049894787,1.338594611449593,12.98752593365765
015010097,0.0,2.94,SPEAKER1501,-46.86006590136054,-50.55073084150042,1.338594611449593,12.870229522545367
014190088,0.0,3.47,SPEAKER1419,-45.892800454791065,-48.60415802001953,1.338594611449593,13.206067935949154
007650116,0.0,3.36,SPEAKER0765,-49.677403041294646,-53.91000002906436,1.338594611449593,17.72481740261294
001200050,0.0,3.913,SPEAKER0120,-46.958949408567776,-47.154411184376684,1.338594611449593,8.998802921983994
001140068,0.0,2.866,SPEAKER0114,-53.008105128484324,-57.956421443394255,1.338594611449593,14.781210373422768
000940068,0.0,2.83,SPEAKER0094,-46.38055915967315,-50.5305871963501,1.338594611449593,14.180193292864397
000920074,0.0,2.83,SPEAKER0092,-46.70321471952297,-50.98091288975307,1.338594611449593,15.917837699009086
000060111,0.0,3.27,SPEAKER0006,-48.428917001146786,-53.972277248606964,1.338594611449593,15.713573845984147
050390057,0.0,3.42,SPEAKER5039,-43.62322962353801,-47.34464306301541,1.3385942289043435,12.362681697114741
010440149,0.0,2.62,SPEAKER1044,-44.73422963382634,-48.44239009510387,1.3385938463590943,14.07288421979952
010370253,0.0,2.71,SPEAKER1037,-42.556446033210335,-49.761057685403266,1.3385930812685953,15.742339995407967
010120265,0.0,3.23,SPEAKER1012,-43.36496226780186,-48.13367422003495,1.3383710738267312,13.829291642872677
000540058,0.0,3.8,SPEAKER0054,-50.13178967927632,-51.728736877441406,1.3383703521945411,15.123413805739153
050390114,0.0,2.84,SPEAKER5039,-43.68380694322183,-48.283598466352984,1.336684054624987,11.56326575348497
020610134,0.0,3.02,SPEAKER2061,-42.00239290149007,-44.957930051363434,1.336684054624987,12.020923866154586
096300015,0.0,3.699,SPEAKER9630,-47.74663217905405,-48.52008931777056,1.3318505337272726,9.55051678810565
095530118,0.0,3.29,SPEAKER9553,-47.02416175911854,-54.25274340311686,1.3318505337272726,14.630098651284785
090880154,0.0,3.27,SPEAKER9088,-46.04740359805046,-49.98631909019068,1.3318505337272726,14.027156169739337
080680106,0.0,2.86,SPEAKER8068,-46.85817649147727,-50.37362612210787,1.3318505337272726,14.391118890262865
061210068,0.0,3.84,SPEAKER6121,-46.91899617513021,-52.26477285531851,1.3318505337272726,9.816502802528568
060670075,0.0,3.205,SPEAKER6067,-48.87827650408879,-52.34982245309012,1.3318505337272726,11.914089495709364
060480145,0.0,4.0,SPEAKER6048,-46.1137109375,-49.763704473322086,1.3318505337272726,15.413900482622008
054240115,0.0,3.806,SPEAKER5424,-44.92884165846457,-49.32019605134663,1.3318505337272726,16.335598077930534
054140119,0.0,2.32,SPEAKER5414,-42.973005623653016,-49.60472419045188,1.3318505337272726,19.03563822639225
052180027,0.0,2.22,SPEAKER5218,-43.91688661317568,-49.61244116889106,1.3318505337272726,12.273740611453466
050170136,0.0,2.817,SPEAKER5017,-45.67409823803192,-48.502389467679535,1.3318505337272726,14.996521241242068
050170092,0.0,2.199,SPEAKER5017,-51.02794300426137,-50.85672918955485,1.3318505337272726,8.609574890512024
027400289,0.0,3.383,SPEAKER2740,-48.992776904585796,-53.144309130581945,1.3318505337272726,19.505206167628742
024510316,0.0,2.97,SPEAKER2451,-47.34483178135522,-49.72810787624783,1.3318505337272726,13.939571075677794
024270270,0.0,3.613,SPEAKER2427,-45.189615434556785,-48.62098411891771,1.3318505337272726,15.258435173245687
020270168,0.0,2.92,SPEAKER2027,-45.033624518407535,-47.249488830566406,1.3318505337272726,13.36585138418569
015030109,0.0,3.91,SPEAKER1503,-45.23080342870844,-48.80521011352539,1.3318505337272726,14.377951080905298
014200206,0.0,3.07,SPEAKER1420,-46.06930094666124,-53.54185312444513,1.3318505337272726,13.653118511303017
013340378,0.0,2.53,SPEAKER1334,-44.077028779644266,-50.3938111199273,1.3318505337272726,15.393937634142683
012930040,0.0,3.546,SPEAKER1293,-43.61961377640845,-43.88003349304199,1.3318505337272726,10.36718040297336
009810106,0.0,4.17,SPEAKER0981,-46.00413575389688,-48.933046250116256,1.3318505337272726,12.430095810423296
001570290,0.0,3.363,SPEAKER0157,-45.672627766927086,-47.245568535544656,1.3318505337272726,19.368813215762955
001330068,0.0,2.78,SPEAKER0133,-46.88528200876799,-51.626817067464195,1.3318505337272726,13.133790680712062
000920094,0.0,3.699,SPEAKER0092,-51.397603462837836,-53.43636075188132,1.3318505337272726,12.085920140541678
000490088,0.0,2.725,SPEAKER0049,-47.20459163232601,-54.22202644348145,1.3318505337272726,14.720617062360052
000050055,0.0,2.238,SPEAKER0005,-45.36673845563616,-48.390660762786865,1.3318505337272726,11.793051414509227
069120170,0.0,3.74,SPEAKER6912,-53.008825618315505,-55.079046166461445,1.331849833910379,8.355629075999083
000060153,0.0,3.12,SPEAKER0006,-45.69344388521635,-49.64575335184733,1.331849833910379,12.85077834035582
081530002,0.0,2.518,SPEAKER8153,-45.74853128100198,-51.12541651725769,1.3318491340934857,15.767128288696878
052200064,0.0,2.55,SPEAKER5220,-41.39172411151961,-42.769965701633026,1.3318491340934857,12.842654630277913
050170100,0.0,2.54,SPEAKER5017,-45.89535017839567,-48.404776096343994,1.3318491340934857,14.41090313806951
065040005,0.0,4.865,SPEAKER6504,-44.95425596765914,-48.0299798288653,1.3318477344596988,11.11003580178214
054080138,0.0,3.454,SPEAKER5408,-46.77140228713768,-53.64370525584501,1.3318477344596988,14.440245615126264
013090267,0.0,3.41,SPEAKER1309,-46.666599844208214,-51.39278348286947,1.3318477344596988,10.164285627368665
023270214,0.0,2.946,SPEAKER2327,-44.201142081567795,-50.88677448696561,1.3287628306538375,18.401605388563233
030600039,0.0,2.9,SPEAKER3060,-43.955913254310346,-49.16216982327975,1.3287613044574236,17.768590084737717
010330026,0.0,3.64,SPEAKER1033,-46.17865191449176,-49.40559994732892,1.3257580249100445,9.968828420836207
009810075,0.0,4.986,SPEAKER0981,-50.124741670841686,-51.84311752319336,1.3257580249100445,11.342000939747324
004570374,0.0,3.12,SPEAKER0457,-51.03245818309295,-55.74027409273035,1.3257580249100445,14.07071447128368
085840141,0.0,3.1,SPEAKER8584,-47.634195438508065,-53.07600953843858,1.3257553550486136,14.146581739029855
024300345,0.0,3.466,SPEAKER2430,-49.60660572766571,-53.034361387553965,1.3257553550486136,13.19847544639207
022520209,0.0,4.068,SPEAKER2252,-43.898759021805894,-48.47114167390046,1.3257553550486136,13.719974821700728
020160222,0.0,2.484,SPEAKER2016,-44.60282651839718,-50.766347885131836,1.3257553550486136,14.634420694860507
010500100,0.0,2.32,SPEAKER1050,-44.45778892780172,-53.24581495920817,1.3257553550486136,14.311914976579555
001570072,0.0,3.484,SPEAKER0157,-45.64436007094109,-50.97576954053796,1.3257553550486136,17.96219199518431
012030078,0.0,2.0,SPEAKER1203,-48.2295068359375,-51.15635214911567,1.3257205231410805,12.496881473383691
090700148,0.0,3.903,SPEAKER9070,-44.48827624198718,-48.69123576237605,1.3238411485648212,10.588783531094874
060670049,0.0,3.58,SPEAKER6067,-47.198127618715084,-49.93148763556229,1.3238411485648212,13.059392801972244
024300099,0.0,4.232,SPEAKER2430,-45.604166666666664,-50.57318964871493,1.3238411485648212,15.898214408591855
020140004,0.0,2.81,SPEAKER2014,-46.74054715302491,-50.800934346516925,1.3238411485648212,11.131062459555562
010370265,0.0,3.11,SPEAKER1037,-43.166850884244376,-45.134728281121504,1.3238411485648212,12.960861139408856
001330027,0.0,2.674,SPEAKER0133,-48.502413974719104,-53.11464166641235,1.3238411485648212,14.679897145940236
030230003,0.0,3.553,SPEAKER3023,-43.83868562940141,-47.394616560502485,1.3238394496343149,15.060561676408007
029810301,0.0,2.56,SPEAKER2981,-45.857139587402344,-49.997876485188804,1.3238394496343149,15.96123680438033
020160318,0.0,2.78,SPEAKER2016,-41.983932385341724,-46.07008688790457,1.3238394496343149,14.491973926506283
011560289,0.0,2.843,SPEAKER1156,-45.17028292803697,-50.00633509018842,1.3238394496343149,17.169037614535227
010760001,0.0,2.815,SPEAKER1076,-47.348660516400706,-53.52017266409738,1.3238394496343149,14.229666991422874
000260050,0.0,2.57,SPEAKER0026,-48.683677346789885,-52.33922036488851,1.3238394496343149,15.293563529982345
091010142,0.0,3.601,SPEAKER9101,-43.66078287760417,-46.211575984954834,1.3238377507038086,16.20241424702044
009600267,0.0,4.086,SPEAKER0960,-45.3461090311736,-49.66736888885498,1.3238377507038086,18.131597141082864
029170181,0.0,2.772,SPEAKER2917,-48.4169921875,-52.98515611536362,1.3229241798701927,15.17701488153062
011560202,0.0,3.313,SPEAKER1156,-44.7292797630287,-47.64928964468149,1.3229241798701927,15.887381823657936
000360378,0.0,2.26,SPEAKER0036,-44.108005219856196,-48.621033008282,1.3229241798701927,16.723791657662993
020140059,0.0,4.01,SPEAKER2014,-46.273924563591024,-49.93103922968326,1.3229236005949292,12.873573566994203
060990175,0.0,4.32,SPEAKER6099,-40.02549461082176,-42.879978815714516,1.3224284605797314,15.258783111645505
014350165,0.0,3.47,SPEAKER1435,-47.880054484870314,-51.30788386951793,1.3224284605797314,12.723659124485271
021160185,0.0,4.101,SPEAKER2116,-48.19247332317073,-52.586553490680195,1.3210558335917728,14.810981253134479
050720025,0.0,2.32,SPEAKER5072,-43.78107320851293,-50.22245619032118,1.3210551772329227,17.302386625272327
096310012,0.0,4.997,SPEAKER9631,-45.543859375,-47.54857226780483,1.3208001946460548,12.036268618106316
000240323,0.0,3.91,SPEAKER0024,-43.473175751278774,-49.134718577067055,1.3207992480155528,17.121490887455167
032080150,0.0,2.32,SPEAKER3208,-45.2111605940194,-49.5205685933431,1.31861530478488,18.744520914472755
020140032,0.0,3.634,SPEAKER2014,-44.42816481577135,-48.749637603759766,1.31861530478488,11.150323659610986
007390119,0.0,4.681,SPEAKER0739,-46.711588541666664,-49.547258377075195,1.31861530478488,18.703780956255596
054140122,0.0,4.85,SPEAKER5414,-46.50879107603093,-54.103146362304685,1.3186148409226386,6.946562613156322
030680027,0.0,3.23,SPEAKER3068,-44.195926252902474,-51.56369196573893,1.318614377060397,15.70496829784356
024480297,0.0,4.162,SPEAKER2448,-47.67595966045673,-51.33340301513672,1.318614377060397,16.973954401605177
007360247,0.0,3.54,SPEAKER0736,-49.55266265007062,-53.47862879435221,1.3169003947978206,15.540553808307248
095560008,0.0,4.589,SPEAKER9556,-50.99216196895425,-52.76041961669922,1.316899740905099,19.025350982076862
001220013,0.0,2.57,SPEAKER0122,-45.01284350680934,-53.59512571855025,1.316899740905099,14.323111770540619
022080179,0.0,3.471,SPEAKER2208,-53.23360388148415,-58.734130736320246,1.3168990870123776,11.210969600189129
096290011,0.0,4.648,SPEAKER9629,-48.96738911290323,-51.93813959757487,1.3113284287838896,5.750890960280136
095550126,0.0,3.18,SPEAKER9555,-45.09966465212264,-48.310731649398804,1.3113284287838896,9.8059477263545
051950096,0.0,3.22,SPEAKER5195,-49.12796304833075,-54.643658688193874,1.3113284287838896,11.886804977578489
030750128,0.0,2.792,SPEAKER3075,-49.685504872311824,-52.797799587249756,1.3113284287838896,13.117517963712327
014690110,0.0,5.62,SPEAKER1469,-46.73472948176157,-52.57198819247159,1.3113284287838896,13.474427286537725
011560072,0.0,2.712,SPEAKER1156,-42.40352211139299,-47.740057536533904,1.3113284287838896,14.219991440497395
008110116,0.0,2.92,SPEAKER0811,-47.40025684931507,-51.66557693481445,1.3113284287838896,18.23112541564634
000940147,0.0,3.346,SPEAKER0094,-48.19501807369403,-50.21493315696716,1.3113284287838896,10.476820455327942
000530077,0.0,3.83,SPEAKER0053,-50.94198249836815,-55.79880670400766,1.3113284287838896,11.348782213280874
010300128,0.0,2.902,SPEAKER1030,-46.68704876077586,-50.27848924909319,1.3113276245972476,11.275845911288052
030880018,0.0,3.13,SPEAKER3088,-46.04973292731629,-46.88119862874349,1.3113268204106054,15.533461717061147
021790008,0.0,2.965,SPEAKER2179,-55.179891361531986,-67.21123525831435,1.3113268204106054,15.140620551079008
020140045,0.0,3.1,SPEAKER2014,-47.195803931451614,-54.312981923421226,1.309900854100204,11.829497317679746
014080243,0.0,3.537,SPEAKER1408,-43.56298828125,-44.493372075697955,1.309900854100204,9.479885783564143
085810116,0.0,3.78,SPEAKER8581,-44.779575892857146,-51.6789573322643,1.3095410464600488,12.78637413357665
051950025,0.0,2.84,SPEAKER5195,-46.449803312059856,-52.503643622765175,1.3084621158853922,13.685465603711545
096120016,0.0,2.962,SPEAKER9612,-42.95461623733108,-46.19991520472935,1.300802599875641,9.932717640191498
080630125,0.0,3.94,SPEAKER8063,-45.982525975571065,-50.16730535598028,1.300802599875641,17.200871068510217
054280148,0.0,3.16,SPEAKER5428,-47.684103663963604,-55.82794885074391,1.300802599875641,12.944384824658536
013720070,0.0,3.76,SPEAKER1372,-49.696372174202125,-54.64511126563663,1.300802599875641,14.420850118048554
008130222,0.0,3.316,SPEAKER0813,-46.85132718373494,-52.27282654611688,1.300802599875641,14.371247735901195
040050295,0.0,2.666,SPEAKER4005,-44.12403806764981,-49.580251805922565,1.3004906344879683,14.590091683512128
091010049,0.0,3.78,SPEAKER9101,-46.261346726190474,-50.7353223717731,1.3004894514727066,18.17124190730585
028970088,0.0,2.058,SPEAKER2897,-44.65487048695388,-53.85288906097412,1.3004894514727066,17.765380849878515
022420168,0.0,3.776,SPEAKER2242,-45.94146825396825,-50.97730255126953,1.3004894514727066,14.66581576943992
021290282,0.0,3.566,SPEAKER2129,-44.444541097689076,-48.35759232260964,1.3004894514727066,14.209879465462668
015030001,0.0,3.766,SPEAKER1503,-47.67467776027851,-48.79004629034745,1.3004894514727066,7.151815808696648
010330085,0.0,3.34,SPEAKER1033,-46.136508233532936,-49.573024908701576,1.3004894514727066,10.646526136426239
000960046,0.0,3.047,SPEAKER0096,-46.29027599897541,-47.39934158325195,1.3004894514727066,8.012231241390667
021680246,0.0,3.275,SPEAKER2168,-48.42775223894817,-54.401082611083986,1.3004888599650757,14.358240723678318
001570316,0.0,4.08,SPEAKER0157,-47.772197648590684,-51.209477791419395,1.300487085442183,12.639577150454452
055470009,0.0,2.34,SPEAKER5547,-39.44911858974359,-47.09462356567383,1.2962157917326085,17.604779607504312
034230115,0.0,3.76,SPEAKER3423,-46.720027842420215,-49.04965794881185,1.2962157917326085,14.848993046989978
027400146,0.0,3.409,SPEAKER2740,-50.00467948130498,-52.22847432675569,1.2962157917326085,19.851620276749614
014200076,0.0,3.11,SPEAKER1420,-44.3026747136254,-47.277587890625,1.2962157917326085,14.237445522540638
009810153,0.0,2.966,SPEAKER0981,-46.31428214436027,-50.33078629629953,1.2962157917326085,15.135017658126046
096110013,0.0,2.917,SPEAKER9611,-41.8336399026113,-50.096479856050934,1.2962145009806187,12.998606915162496
060990168,0.0,3.66,SPEAKER6099,-41.66091935621585,-43.69461410924008,1.2957615576913077,15.367778438690102
014080103,0.0,3.16,SPEAKER1408,-46.52158944818038,-48.348989725112915,1.2957615576913077,10.04645340399949
014040028,0.0,4.12,SPEAKER1404,-40.170988508798544,-50.74781761169434,1.2957615576913077,13.664283941450378
012920368,0.0,3.22,SPEAKER1292,-47.220345254270185,-52.40054100438168,1.2957615576913077,14.665984398051517
011090089,0.0,2.43,SPEAKER1109,-46.94968090920782,-53.43510258992513,1.2957615576913077,12.713707653715664
010370140,0.0,4.198,SPEAKER1037,-43.57168433779762,-48.29157417051254,1.2957615576913077,13.394505744318598
090340131,0.0,3.06,SPEAKER9034,-47.54514527165033,-52.40873156095806,1.2957606880514663,14.896931100882863
060670003,0.0,3.833,SPEAKER6067,-47.83191906005222,-50.77588943481445,1.2957606880514663,9.048842167283572
050390048,0.0,3.73,SPEAKER5039,-49.7822553619303,-52.626482876864344,1.2957606880514663,12.321223124692834
032140073,0.0,2.369,SPEAKER3214,-47.3794954839135,-53.94112701416016,1.2957606880514663,13.285373209001524
030270121,0.0,4.44,SPEAKER3027,-48.461280616554056,-53.71679878234863,1.2957606880514663,13.56618020909484
022820281,0.0,2.538,SPEAKER2282,-47.18228269562008,-52.611894780939274,1.2957606880514663,9.072741853950276
005630017,0.0,3.765,SPEAKER0563,-53.58716532659151,-57.239757762235755,1.2957606880514663,5.593268264782489
054280018,0.0,2.49,SPEAKER5428,-45.377059017319276,-54.272068405151366,1.295759818411625,12.55385475437259
022080340,0.0,4.112,SPEAKER2208,-52.68418776611922,-59.66358145352068,1.295759818411625,9.679306236425749
081530085,0.0,2.864,SPEAKER8153,-47.96949095826049,-51.64678777058919,1.294676334190769,14.842304991777802
030140043,0.0,2.16,SPEAKER3014,-47.252256040219905,-54.29724197387695,1.2945782087066888,14.610190566056612
005630122,0.0,3.72,SPEAKER0563,-53.936008904569896,-56.995699927920384,1.2945782087066888,17.57527697850289
030880049,0.0,2.85,SPEAKER3088,-46.99974986293859,-49.6273835834704,1.2945780038660146,12.790280329255268
010500131,0.0,2.85,SPEAKER1050,-41.4192811129386,-44.83764120248648,1.2945777990253404,12.722836985122484
096470017,0.0,6.417,SPEAKER9647,-46.13642060942367,-50.87341562906901,1.293843959770624,9.822319017597827
091070140,0.0,3.35,SPEAKER9107,-44.14656016791045,-48.33596538675243,1.2938411090161228,15.494478938755545
091010100,0.0,4.51,SPEAKER9101,-45.397471764135254,-49.60042190551758,1.2938411090161228,16.44248728468439
054080151,0.0,3.513,SPEAKER5408,-45.913422587250714,-49.075914927891326,1.2938411090161228,14.511965178542651
020590047,0.0,3.027,SPEAKER2059,-47.50854733910891,-52.31341200608473,1.2938411090161228,14.23034082919259
001200209,0.0,3.38,SPEAKER0120,-46.41195624537722,-50.58546433625398,1.2938411090161228,11.394810100828863
001040026,0.0,3.247,SPEAKER0104,-48.835516826923076,-51.419883728027344,1.2938411090161228,9.452235588149726
024380154,0.0,1.876,SPEAKER2438,-45.936642910571805,-54.16460626775568,1.2938403963274976,17.654540078472344
000940049,0.0,3.22,SPEAKER0094,-45.41124805900621,-48.05059051513672,1.2938403963274976,14.249249429538576
096220003,0.0,4.342,SPEAKER9622,-45.99500468029954,-55.647108350481304,1.2938396836388721,5.766149708450067
080570138,0.0,3.42,SPEAKER8057,-44.87543117233187,-50.5929958820343,1.2938396836388721,13.16784655662459
021700120,0.0,3.8,SPEAKER2170,-51.855386513157896,-56.81082546349728,1.2938396836388721,8.967662365602827
020140041,0.0,2.914,SPEAKER2014,-42.02003127684708,-47.57024148794321,1.2927246126592682,12.822108028535993
014080134,0.0,2.48,SPEAKER1408,-45.10558294480847,-47.02820237477621,1.2927246126592682,8.864371551627968
012030036,0.0,2.14,SPEAKER1203,-47.297057535046726,-48.83160654703776,1.292723771178356,11.157953417748042
030020144,0.0,3.0,SPEAKER3002,-48.108470052083334,-50.26106262207031,1.2927229296974434,13.127710112858072
000750029,0.0,3.059,SPEAKER0075,-53.36090047998366,-54.33035837809245,1.2927229296974434,10.021004119847559
090700081,0.0,3.327,SPEAKER9070,-44.252768393393396,-47.09389513189142,1.287261932323463,8.504886142859887
024880258,0.0,3.39,SPEAKER2488,-50.22603244837758,-54.68957702636719,1.2824674247237038,8.969543931318093
011090020,0.0,4.56,SPEAKER1109,-45.465863144188596,-53.14437318884808,1.2824665103147546,15.567936455966581
030750088,0.0,1.951,SPEAKER3075,-50.22744391025641,-53.32688827514649,1.28057827771133,12.620525655623098
001310020,0.0,3.849,SPEAKER0131,-50.08427861201299,-53.255974040311926,1.27950913255483,13.792653086170652
000240116,0.0,3.16,SPEAKER0024,-48.90619746340981,-55.07311328252157,1.27950913255483,19.379247528495654
015030010,0.0,3.09,SPEAKER1503,-49.69362484830097,-55.22492527961731,1.2795085816437948,10.869356965544767
020890165,0.0,3.259,SPEAKER2089,-45.53985633148006,-51.111383347284224,1.275057097184637,12.450700119605074
085810078,0.0,4.72,SPEAKER8581,-44.97514731197034,-50.248972256978355,1.2735705012505907,12.383378326357445
060480134,0.0,3.136,SPEAKER6048,-39.74931578423567,-45.667574140760635,1.2735705012505907,17.69545775927296
029370235,0.0,3.37,SPEAKER2937,-47.327226678412465,-51.07340567452567,1.2735705012505907,15.849167426767503
023550008,0.0,3.242,SPEAKER2355,-46.61401970003858,-49.34331348964146,1.2735705012505907,13.663260064396514
001200015,0.0,4.512,SPEAKER0120,-47.99895631236142,-49.85758149623871,1.2735705012505907,9.539883295951778
054180033,0.0,3.34,SPEAKER5418,-46.7933137630988,-50.05258887154715,1.2735679526416361,7.179991003804188
040050183,0.0,2.522,SPEAKER4005,-46.05225771949405,-50.391055742899574,1.2735679526416361,13.102011676010402
030830074,0.0,2.51,SPEAKER3083,-45.68351982694223,-49.16925811767578,1.2735679526416361,11.999457649871395
024270183,0.0,3.057,SPEAKER2427,-46.29302938623366,-52.11160711808638,1.2735679526416361,15.408222861008433
020610316,0.0,3.75,SPEAKER2061,-46.42219791666667,-50.484277476435125,1.2735679526416361,9.578737044808074
012920158,0.0,2.92,SPEAKER1292,-49.108686055222606,-50.69126764933268,1.2735679526416361,10.111502135465786
010390064,0.0,2.5,SPEAKER1039,-40.93657421875,-46.80448331330952,1.2735679526416361,13.99203353202983
010270131,0.0,2.47,SPEAKER1027,-44.51981986968624,-50.06760842459543,1.2735679526416361,16.927344934396984
005750290,0.0,2.51,SPEAKER0575,-52.081432084163346,-59.65415143966675,1.2735679526416361,21.99945320751391
004570167,0.0,2.7,SPEAKER0457,-48.136107494212965,-55.32468959263393,1.2735679526416361,15.949069435920883
001350134,0.0,2.31,SPEAKER0135,-42.321631493506494,-48.87461929321289,1.2735679526416361,17.265925733692843
055510100,0.0,3.158,SPEAKER5551,-43.97705078125,-48.51232838630676,1.2735654040326818,13.826530520189019
005670125,0.0,4.92,SPEAKER0567,-54.50554576346545,-59.65969467163086,1.2735654040326818,7.584499511371185
001570030,0.0,5.19,SPEAKER0157,-47.25130584657996,-51.15051460266113,1.2735654040326818,17.504612225307813
060100159,0.0,2.88,SPEAKER6010,-46.06840684678819,-48.363636525472,1.2734154542833611,11.924918774512086
096190016,0.0,7.712,SPEAKER9619,-49.049235976005185,-53.3491177368164,1.2688001621734526,3.259595389674912
012030138,0.0,2.423,SPEAKER1203,-49.99128357438016,-55.117580958775115,1.2687990781862122,10.007650969849486
096100006,0.0,5.957,SPEAKER9610,-43.14937801489094,-50.36838803972517,1.2676367579862982,13.43179033329919
024380317,0.0,3.372,SPEAKER2438,-48.34528294232196,-50.772910594940186,1.2676367579862982,16.615424122022212
022080189,0.0,2.338,SPEAKER2208,-48.54455044738248,-50.45857943021334,1.2676367579862982,9.605727327472875
021680380,0.0,4.817,SPEAKER2168,-52.4422166753112,-53.31549900599888,1.2676367579862982,9.950129790398114
005630081,0.0,4.82,SPEAKER0563,-55.067885276192946,-59.36610757150957,1.2676367579862982,13.028976055367384
096070022,0.0,5.746,SPEAKER9607,-45.92539402173913,-50.02435512542725,1.2659961869066858,10.787501155468728
010920126,0.0,3.74,SPEAKER1092,-46.5427180815508,-50.96380958557129,1.2659952023684105,14.063778115190612
029810216,0.0,2.3,SPEAKER2981,-43.1337890625,-46.768213712252106,1.2658376096464268,14.908953164145132
021790125,0.0,2.92,SPEAKER2179,-52.42108237906678,-59.40792942047119,1.2658376096464268,9.901348585398358
014690167,0.0,4.66,SPEAKER1469,-45.31975087178112,-50.06267711094448,1.2658376096464268,14.712866565750376
008110110,0.0,4.48,SPEAKER0811,-46.56107439313616,-47.508562088012695,1.2658376096464268,16.080121786732967
080680084,0.0,3.179,SPEAKER8068,-44.277073506289305,-45.672829733954536,1.2658358613846734,14.952095499249062
036310080,0.0,2.678,SPEAKER3631,-46.77965033232276,-52.67199178842398,1.2658358613846734,12.834422038967226
050290120,0.0,2.497,SPEAKER5029,-46.8686171875,-48.31669969558716,1.2657089497087566,11.378318174677496
015010169,0.0,3.6,SPEAKER1501,-49.004833984375,-53.97910488353056,1.262047296068457,9.89441550789483
012030024,0.0,2.45,SPEAKER1203,-50.797771843112244,-56.81828226361956,1.262047296068457,10.606100122875176
022440340,0.0,4.125,SPEAKER2244,-45.894247503026634,-55.05445948514071,1.2588129360728617,13.14106384545828
011090154,0.0,4.82,SPEAKER1109,-51.64788641078838,-57.73113214401972,1.2561523443640206,7.009555956435374
000010069,0.0,3.01,SPEAKER0001,-47.12588247508306,-53.07386830647786,1.2548180669111353,17.06687270230729
030230092,0.0,4.232,SPEAKER3023,-46.84708370271868,-48.97965621948242,1.2548163636298793,17.265275116659836
000920055,0.0,2.94,SPEAKER0092,-50.251395089285715,-51.78628641764323,1.2548163636298793,12.361690262128059
096470018,0.0,4.253,SPEAKER9647,-49.64266544117647,-49.735406373676504,1.2521548127671005,3.01467745096566
096310017,0.0,4.262,SPEAKER9631,-43.341508032570424,-49.524400150074676,1.2521548127671005,10.101721452969588
096260016,0.0,8.202,SPEAKER9626,-46.776895960365856,-53.191024433482774,1.2521548127671005,3.7073276581459105
081530038,0.0,3.194,SPEAKER8153,-48.8420111677116,-53.772580113904226,1.2521548127671005,17.384398593253742
060670002,0.0,3.625,SPEAKER6067,-47.30469288050964,-48.8063168158898,1.2521548127671005,10.294654701283378
054140154,0.0,2.999,SPEAKER5414,-46.051432291666664,-51.63801792689732,1.2521548127671005,14.643933228118904
054080019,0.0,3.25,SPEAKER5408,-45.33555889423077,-50.04234110514323,1.2521548127671005,15.009771303059921
029370239,0.0,2.368,SPEAKER2937,-44.727390723892405,-52.059032917022705,1.2521548127671005,14.032982242925396
029170226,0.0,3.264,SPEAKER2917,-45.77185882381135,-50.94971738542829,1.2521548127671005,15.0870763422439
028920235,0.0,2.718,SPEAKER2892,-45.894782571231616,-52.03650318492543,1.2521548127671005,17.169850000573398
027990162,0.0,3.49,SPEAKER2799,-51.637233613896846,-55.13098267146519,1.2521548127671005,18.257356768579378
027400077,0.0,3.407,SPEAKER2740,-50.563261776026394,-56.37206528403542,1.2521548127671005,17.21482411669497
024410173,0.0,3.9,SPEAKER2441,-48.31640625,-51.96581390925816,1.2521548127671005,16.797681771951353
024380194,0.0,2.38,SPEAKER2438,-51.989266018907564,-56.98580438950483,1.2521548127671005,17.341720101583306
022820317,0.0,2.72,SPEAKER2282,-52.78518138212316,-59.91171385112562,1.2521548127671005,8.710420244084753
022510237,0.0,4.081,SPEAKER2251,-46.8612850413603,-50.483459819446914,1.2521548127671005,12.838842260609706
022420164,0.0,3.221,SPEAKER2242,-46.636160714285715,-52.40247001647949,1.2521548127671005,13.245730766228393
021120164,0.0,3.577,SPEAKER2112,-49.71685688722067,-53.858725706736244,1.2521548127671005,11.888673260357068
020590181,0.0,3.193,SPEAKER2059,-47.473207288401255,-51.71071283440841,1.2521548127671005,14.520598317456276
020020295,0.0,3.796,SPEAKER2002,-44.00944181743421,-49.580475733830376,1.2521548127671005,11.580535012547479
014180063,0.0,3.22,SPEAKER1418,-48.436038189052795,-48.91346567327326,1.2521548127671005,7.370808727219007
013340007,0.0,3.274,SPEAKER1334,-49.39823740921254,-51.30816119057791,1.2521548127671005,10.898767300144886
011810133,0.0,2.42,SPEAKER1181,-49.12021000129132,-53.619524240493774,1.2521548127671005,13.615324599835393
010750168,0.0,2.72,SPEAKER1075,-45.34097828584559,-48.2167854309082,1.2521548127671005,12.206349791722754
009600337,0.0,5.447,SPEAKER0960,-49.11456422018349,-56.68589663505554,1.2521548127671005,14.731734684765438
007360250,0.0,3.28,SPEAKER0736,-53.51892983041159,-57.84133275349935,1.2521548127671005,15.383511590118836
005940025,0.0,3.594,SPEAKER0594,-51.238482547005574,-55.08637861772017,1.2521548127671005,6.802423599967128
005630291,0.0,4.29,SPEAKER0563,-52.11894030448718,-53.396813425524485,1.2521548127671005,16.62185385499923
004570137,0.0,3.001,SPEAKER0457,-49.39726236979167,-54.997881698608396,1.2521548127671005,14.797233326494162
001310129,0.0,3.482,SPEAKER0131,-50.22093884698276,-56.4580581665039,1.2521548127671005,13.08428132443685
001110114,0.0,4.703,SPEAKER0111,-56.38061419547872,-60.14915707236842,1.2521548127671005,5.202782826394117
000480045,0.0,2.383,SPEAKER0048,-51.881204044117645,-54.74035204373873,1.2521548127671005,13.202347142998825
081530125,0.0,2.354,SPEAKER8153,-44.60444647606383,-52.215528341440056,1.2521540085804583,17.20243079193675
030120165,0.0,3.23,SPEAKER3012,-46.582336614744584,-51.58139939741655,1.2521540085804583,11.135448892997996
020590121,0.0,3.842,SPEAKER2059,-47.01302591959635,-51.2299280166626,1.2521540085804583,13.283308144261921
011810279,0.0,2.71,SPEAKER1181,-46.01179442458487,-50.7965087890625,1.2521540085804583,15.84576606409421
004570237,0.0,3.88,SPEAKER0457,-52.32668029155928,-56.16085879007975,1.2521540085804583,15.89433966036847
000480081,0.0,2.64,SPEAKER0048,-45.23546623461174,-54.56031494140625,1.2521540085804583,25.977981912301516
054010004,0.0,5.23,SPEAKER5401,-52.3555658460803,-56.24796133774977,1.2521532043938164,4.70690065755938
020360211,0.0,3.095,SPEAKER2036,-47.90700289818548,-56.939319398668076,1.2521532043938164,12.488376633657225
013340046,0.0,2.68,SPEAKER1334,-45.34497799090485,-49.7856256696913,1.2521532043938164,13.626944510867988
096460006,0.0,10.343,SPEAKER9646,-35.90464821083172,-43.1646570666083,1.2521515960205323,8.582668474014401
029810235,0.0,4.45,SPEAKER2981,-49.38716204353933,-52.16957292102632,1.2521515960205323,17.761035586665095
021160002,0.0,3.77,SPEAKER2116,-48.51287922745358,-52.5574528503418,1.2521515960205323,16.258039229149155
014080333,0.0,4.027,SPEAKER1408,-45.41235169820099,-49.45663001320579,1.2521515960205323,6.796645066482583
007390208,0.0,6.498,SPEAKER0739,-47.07362379807692,-53.5669677734375,1.2521515960205323,9.524583326172756
022420273,0.0,3.019,SPEAKER2242,-45.546642177152314,-49.69306219191778,1.252065435303984,9.621549793110418
050390090,0.0,3.06,SPEAKER5039,-45.01660475388072,-49.91179377237956,1.2434118224025323,11.759822079733711
030020117,0.0,2.65,SPEAKER3002,-47.20716760023585,-51.07771858802209,1.2434108049382564,14.395170090071453
091010151,0.0,3.88,SPEAKER9101,-45.142749275128864,-50.18020115727963,1.2434097874739805,15.43121826542885
020140087,0.0,3.77,SPEAKER2014,-49.29472500828913,-53.947858107717416,1.2434097874739805,12.00390770040617
032080145,0.0,3.58,SPEAKER3208,-46.328583275139664,-49.78408371774774,1.2425810479739154,15.011236543289531
021120296,0.0,3.272,SPEAKER2112,-48.12607810110856,-54.55896638569079,1.2425810479739154,13.820675655939624
005750298,0.0,2.89,SPEAKER0575,-50.61492349697232,-57.3807487487793,1.2425810479739154,19.61444507609737
000240060,0.0,3.1,SPEAKER0024,-49.82482673891129,-52.75216515858968,1.2425810479739154,15.119843496499348
060480005,0.0,3.627,SPEAKER6048,-45.68773674242424,-49.15066214168773,1.2425795594848326,13.156869296285212
020340063,0.0,2.19,SPEAKER2034,-49.50835206192922,-55.740265210469566,1.2425795594848326,14.789468084529709
010370216,0.0,2.71,SPEAKER1037,-43.516778136531364,-46.73137402534485,1.2425795594848326,14.841839262173803
061210109,0.0,3.92,SPEAKER6121,-45.30776167889031,-50.925588607788086,1.2425780709957495,10.963869935281666
054080167,0.0,3.6,SPEAKER5408,-45.52787000868056,-50.079967657725014,1.2425780709957495,17.100954841792447
024500250,0.0,3.292,SPEAKER2450,-48.790787067819146,-54.725613021850585,1.2413920949896988,17.396373332242412
096080009,0.0,4.43,SPEAKER9608,-50.19050684255079,-54.28559674714741,1.2413911483591968,9.379838977531193
021680332,0.0,3.047,SPEAKER2168,-51.66413614241803,-58.53303623199463,1.241390201728695,10.908027886531732
014080091,0.0,3.965,SPEAKER1408,-44.81151605793451,-46.32930042432702,1.241390201728695,9.3169700726944
005940283,0.0,3.18,SPEAKER0594,-46.93115541470126,-52.006817537195545,1.240792208797904,13.527368178341014
030830069,0.0,4.008,SPEAKER3083,-40.376329683603494,-46.43092786348783,1.240791281073421,13.672402585875984
020070146,0.0,2.97,SPEAKER2007,-44.63620580808081,-50.64566243489583,1.240791281073421,15.437010189785456
001490002,0.0,3.298,SPEAKER0149,-42.85153882575757,-49.83221996531767,1.240791281073421,12.088104664707629
000940032,0.0,2.64,SPEAKER0094,-42.73663145123106,-46.39598682948521,1.240791281073421,15.1624043722405
012930139,0.0,2.68,SPEAKER1293,-43.85111430153918,-48.26818117888077,1.2396881192731977,10.932559536581552
091180151,0.0,3.07,SPEAKER9118,-43.786409558224754,-48.597031116485596,1.2348506298637876,11.240808977971348
029170012,0.0,4.231,SPEAKER2917,-49.23356235224586,-52.764183725629536,1.2348484633288104,15.215484743168346
012930127,0.0,3.499,SPEAKER1293,-44.73757533482143,-47.794287109375,1.2348484633288104,9.037669242579724
080630123,0.0,2.91,SPEAKER8063,-45.98065667955326,-51.01978465488979,1.2340412921887605,17.997860253407847
030270141,0.0,3.98,SPEAKER3027,-50.35038473618091,-54.33226411992853,1.2340412921887605,12.322180218969102
030210164,0.0,3.74,SPEAKER3021,-45.82022372159091,-50.091367201371625,1.2340412921887605,11.74433605347965
025380298,0.0,3.406,SPEAKER2538,-50.81905241935484,-53.55514430999756,1.2340412921887605,16.9400696804212
014350094,0.0,3.532,SPEAKER1435,-46.237039106763454,-48.399713817395664,1.2340412921887605,12.657166181624572
010370070,0.0,3.85,SPEAKER1037,-47.635506290584416,-52.22036566053118,1.2340412921887605,15.274635742100212
010290003,0.0,2.899,SPEAKER1029,-43.74326171875,-47.51942125956217,1.2340412921887605,12.322257402394836
004820329,0.0,3.37,SPEAKER0482,-41.97433118508902,-44.90158878673207,1.2340412921887605,18.082207859871147
027400238,0.0,3.281,SPEAKER2740,-47.651352300876525,-51.61026182628813,1.2340403339794792,19.532529601924963
095550075,0.0,4.68,SPEAKER9555,-47.30155749198718,-51.56650161743164,1.234039375770198,5.9988984762291615
090340155,0.0,4.72,SPEAKER9034,-46.05186539989407,-50.96611115028118,1.234039375770198,8.50823297109304
054060091,0.0,3.14,SPEAKER5406,-45.46318919187898,-48.245070048740935,1.234039375770198,12.459331803939923
023550013,0.0,2.901,SPEAKER2355,-48.73159011314655,-51.428253173828125,1.234039375770198,12.53733477801736
023270161,0.0,3.36,SPEAKER2327,-48.289469401041664,-52.742001152038576,1.234039375770198,18.773098874270424
021160080,0.0,2.747,SPEAKER2116,-47.703227982954544,-54.12716205303486,1.234039375770198,14.834891948757518
010330197,0.0,3.62,SPEAKER1033,-47.37069449240332,-53.274810675418735,1.234039375770198,10.556666862076934
001310144,0.0,2.252,SPEAKER0131,-51.208797743055555,-54.917359246148,1.234039375770198,17.81379453882769
030600160,0.0,2.48,SPEAKER3060,-45.22114021547379,-50.225623390891336,1.2340374593516354,17.45561097988346
013720152,0.0,3.97,SPEAKER1372,-48.5704748504408,-54.78211994171143,1.2340374593516354,13.839934460302715
001570269,0.0,4.697,SPEAKER0157,-44.3497381981383,-48.64517565126772,1.2340374593516354,20.089083736235782
060990078,0.0,3.74,SPEAKER6099,-43.111315069351605,-45.57368365201083,1.2338111781755199,16.489603915129457
030210137,0.0,2.94,SPEAKER3021,-42.23824471194728,-47.84559981028239,1.23229358796256,12.866183981384138
091180110,0.0,2.29,SPEAKER9118,-46.01657597570961,-52.87925771077474,1.228623712247035,16.599467751970046
065040125,0.0,3.01,SPEAKER6504,-44.81703566237542,-50.440938234329224,1.228623712247035,14.944324733846742
054320024,0.0,4.98,SPEAKER5432,-45.49365038278113,-47.417791962623596,1.228623712247035,9.6595125352348
054180077,0.0,2.157,SPEAKER5418,-44.5762939453125,-48.79186248779297,1.228623712247035,17.079301944719028
040050094,0.0,2.981,SPEAKER4005,-47.542454252307046,-55.431847190856935,1.228623712247035,12.577721553917044
040050142,0.0,3.104,SPEAKER4005,-46.97164503528226,-56.67410469055176,1.228623712247035,13.466967286019333
024880339,0.0,2.97,SPEAKER2488,-50.12690051557239,-55.210031609786185,1.228623712247035,16.77747111549496
022820107,0.0,3.127,SPEAKER2282,-49.29217626797124,-55.84645171392532,1.228623712247035,9.06368552854529
022440286,0.0,3.63,SPEAKER2244,-48.96793216253444,-53.65952036930965,1.228623712247035,11.370406190693581
021700300,0.0,3.047,SPEAKER2170,-49.90235975922131,-56.34621152010831,1.228623712247035,9.86953745647214
014200060,0.0,3.28,SPEAKER1420,-46.34494688452744,-54.53092419017445,1.228623712247035,14.27778178418256
010300298,0.0,3.2,SPEAKER1030,-44.02064514160156,-48.37926302458111,1.228623712247035,11.828011587246372
010290294,0.0,2.79,SPEAKER1029,-45.60389714941756,-51.22067552454331,1.228623712247035,12.609219543565672
008130100,0.0,3.439,SPEAKER0813,-48.6385015443314,-54.17634642751593,1.228623712247035,15.926037789599773
008110209,0.0,3.44,SPEAKER0811,-46.6632818177689,-50.07106109619141,1.228623712247035,15.040618236186681
004820378,0.0,4.38,SPEAKER0482,-46.57596675228311,-47.97408193349838,1.228623712247035,17.196204592777164
001110151,0.0,2.68,SPEAKER0111,-51.48524224580224,-55.716033935546875,1.228623712247035,16.496050942469886
096100013,0.0,4.53,SPEAKER9610,-49.72118601683223,-51.64186509450277,1.2286229471565362,1.3367485845400147
014200246,0.0,2.32,SPEAKER1420,-45.11612675107759,-50.407875569661456,1.2286229471565362,13.065980830085921
013090105,0.0,2.545,SPEAKER1309,-46.252738204656865,-48.67417729695638,1.2286229471565362,8.787958255660861
012930240,0.0,2.83,SPEAKER1293,-46.843146118595406,-47.783169787863024,1.2286229471565362,11.159328071953935
000360013,0.0,3.3,SPEAKER0036,-47.812251420454544,-52.9404857635498,1.2286229471565362,15.773098589195342
050170001,0.0,2.524,SPEAKER5017,-45.627468532986114,-47.10103487968445,1.2286221820660375,10.590322518353881
011810214,0.0,3.21,SPEAKER1181,-46.97641342971184,-52.06816447864879,1.2286221820660375,13.181706769126732
054320058,0.0,3.496,SPEAKER5432,-43.01767020089286,-48.44134267171224,1.2286206518850398,12.800830235205975
091010070,0.0,2.73,SPEAKER9101,-45.530738467261905,-52.42878287179129,1.2257380103519393,17.61494756662891
085840123,0.0,4.19,SPEAKER8584,-46.20642060710024,-49.14799708704795,1.2257380103519393,12.466135894642946
050720006,0.0,5.81,SPEAKER5072,-43.60013715576592,-49.122513122558594,1.2257380103519393,12.672922677532178
029370123,0.0,2.306,SPEAKER2937,-45.17550645968615,-51.580897194998606,1.2257380103519393,16.096804988662242
020070152,0.0,2.625,SPEAKER2007,-45.12260500831749,-46.96191670344426,1.2257380103519393,13.76853074830729
020020032,0.0,4.213,SPEAKER2002,-49.57664971793349,-52.62320293079723,1.2257380103519393,10.579112518702166
054010032,0.0,2.85,SPEAKER5401,-47.86385348135965,-50.954689025878906,1.2257374310766758,12.954711689999762
096170008,0.0,3.8,SPEAKER9617,-47.96412417763158,-49.70842663447062,1.222923575164848,18.569385652851874
081530016,0.0,3.26,SPEAKER8153,-42.107290069018404,-47.3232142799779,1.222923575164848,16.91775203123152
005600065,0.0,4.084,SPEAKER0560,-43.62959080116421,-48.173956553141274,1.2229226952781391,17.0878960654136
000240151,0.0,3.266,SPEAKER0024,-47.74037473719419,-51.6864930933172,1.2222757807473796,18.45462811495743
011810206,0.0,2.53,SPEAKER1181,-41.957633399209485,-42.102743693760466,1.221493565342868,15.7966890748597
032080043,0.0,2.87,SPEAKER3208,-45.78807913218641,-51.08231873945756,1.2202921264249043,14.41942351618856
023270140,0.0,3.595,SPEAKER2327,-44.92139485677083,-49.134774988347836,1.2202921264249043,17.828730178480612
021790149,0.0,2.466,SPEAKER2179,-51.00959956983806,-55.828946113586426,1.2202921264249043,0.6867978680582176
021700139,0.0,3.323,SPEAKER2170,-49.558758471385545,-56.345884777250745,1.2202921264249043,9.51145609371957
085850161,0.0,3.49,SPEAKER8585,-49.76274288144699,-56.212928489402486,1.2202916531096533,11.805838444517004
029370230,0.0,3.478,SPEAKER2937,-46.30105064655172,-50.01841867381129,1.2202916531096533,14.242137137014439
021790112,0.0,1.968,SPEAKER2179,-53.91393857074873,-68.99645767211913,1.2202916531096533,6.921825932008398
096460015,0.0,2.902,SPEAKER9646,-43.9171875,-51.655065636885794,1.2202911797944023,13.003773431083303
015010041,0.0,2.62,SPEAKER1501,-45.21704287929389,-50.55639775594076,1.2202911797944023,8.428703788802189
096490006,0.0,4.498,SPEAKER9649,-47.2825,-55.51812989371164,1.2173021196760099,15.472984190334007
024410098,0.0,3.68,SPEAKER2441,-43.84494681980299,-46.43771899188006,1.2173021196760099,18.036451180242928
085850170,0.0,3.11,SPEAKER8585,-46.933578049638264,-51.54595674787249,1.2171148585846867,15.608646614016326
024510043,0.0,4.081,SPEAKER2451,-45.044577205882355,-49.68164316813151,1.2171148585846867,15.830605973263086
012030053,0.0,3.18,SPEAKER1203,-51.10512787441038,-54.417748260498044,1.2171148585846867,13.173725001737925
011810334,0.0,3.25,SPEAKER1181,-45.14829326923077,-48.818636852761976,1.2171148585846867,15.39997581099521
000030059,0.0,3.6,SPEAKER0003,-47.24282769097222,-53.80281321207682,1.2171148585846867,17.345973494908357
014070297,0.0,5.397,SPEAKER1407,-46.588179976851855,-50.9413641611735,1.2160363224083177,11.052236903390082
011350215,0.0,4.35,SPEAKER1135,-49.202438038793105,-51.61093357631138,1.2160352205862472,16.382687774969757
000530006,0.0,3.84,SPEAKER0053,-52.65865580240885,-57.9893305460612,1.2159234755200665,14.72782605838717
095550100,0.0,5.3,SPEAKER9555,-44.46066848466981,-48.38802931043837,1.2144408538797637,9.961592556387483
090700055,0.0,3.92,SPEAKER9070,-46.86654974489796,-50.193431549072265,1.2144408538797637,10.940959146998892
075510086,0.0,3.268,SPEAKER7551,-49.94171683868502,-56.33548774719238,1.2144408538797637,14.72121672853806
054320020,0.0,3.31,SPEAKER5432,-41.24535321469033,-44.21679009331597,1.2144408538797637,11.839046498925075
054060076,0.0,4.702,SPEAKER5406,-47.00624584441489,-49.45151661060475,1.2144408538797637,12.346512615663068
040050306,0.0,2.777,SPEAKER4005,-44.07335811038669,-50.0659909929548,1.2144408538797637,13.569493733805839
030460163,0.0,2.41,SPEAKER3046,-47.69801526841286,-54.05700891668146,1.2144408538797637,11.556480401076378
030200018,0.0,2.31,SPEAKER3020,-45.27567387040043,-47.736721583775115,1.2144408538797637,10.811366067705919
029810200,0.0,2.81,SPEAKER2981,-43.5677546708185,-46.66598163951527,1.2144408538797637,14.920494190469515
025380152,0.0,3.777,SPEAKER2538,-51.195638020833336,-55.166145133972165,1.2144408538797637,17.716036445578414
024480095,0.0,4.58,SPEAKER2448,-48.47022976937773,-51.38706817626953,1.2144408538797637,15.732585178236548
022520200,0.0,2.447,SPEAKER2252,-42.88078364158163,-49.766043149507965,1.2144408538797637,15.262678880553278
015010151,0.0,2.951,SPEAKER1501,-49.540333686440675,-54.03048351832798,1.2144408538797637,10.755423833067658
012930036,0.0,2.88,SPEAKER1293,-45.306799994574654,-49.08591683705648,1.2144408538797637,10.009441637294385
011810162,0.0,3.31,SPEAKER1181,-45.51128505003776,-49.38885151256215,1.2144408538797637,16.84769933752655
010990313,0.0,3.02,SPEAKER1099,-44.05300923530629,-45.82632255554199,1.2144408538797637,15.772009182039099
010390027,0.0,3.39,SPEAKER1039,-45.541966261061944,-49.95127511793567,1.2144408538797637,13.336467193753286
001350119,0.0,3.39,SPEAKER0135,-46.39274520648968,-49.037732731212266,1.2144408538797637,15.429870323813606
001350356,0.0,3.25,SPEAKER0135,-43.55724759615384,-49.693124771118164,1.2144408538797637,16.300088506532163
001200306,0.0,2.89,SPEAKER0120,-46.901194852941174,-50.773312418084394,1.2144408538797637,11.726593517432713
000930051,0.0,2.579,SPEAKER0093,-43.77294921875,-44.92467721303304,1.2144408538797637,9.923105020590134
000920051,0.0,2.891,SPEAKER0092,-44.638905033520764,-48.31555765325373,1.2144408538797637,16.825188280110723
000750101,0.0,2.405,SPEAKER0075,-54.58856733013486,-60.133957862854004,1.2144408538797637,18.243381437895906
000560084,0.0,3.77,SPEAKER0056,-47.58158052884615,-55.2114246913365,1.2144408538797637,15.389776526849886
030830154,0.0,2.11,SPEAKER3083,-46.855593712973935,-50.53081480662028,1.214440503971317,16.04054012460631
028970153,0.0,3.271,SPEAKER2897,-49.968854525038225,-56.02552890777588,1.2144401540628704,16.79117431856577
001310023,0.0,3.508,SPEAKER0131,-51.241898148148145,-53.28408513750349,1.2144401540628704,18.9558227761181
024510252,0.0,3.528,SPEAKER2451,-42.537303027620396,-47.10918140411377,1.2144394542459769,15.254383551749088
012930008,0.0,3.07,SPEAKER1293,-44.26842744808632,-46.562625885009766,1.2144394542459769,10.120175358625835
090880065,0.0,4.52,SPEAKER9088,-45.941967989491154,-48.621016366141184,1.21443805461219,13.916449207744455
052200095,0.0,3.09,SPEAKER5220,-44.29607858009709,-45.18753170967102,1.21443805461219,11.88451742377466
050170165,0.0,3.93,SPEAKER5017,-44.342765982824424,-46.727626618884855,1.21443805461219,13.326262939493525
024270011,0.0,4.65,SPEAKER2427,-48.82465137768817,-51.683910896038185,1.21443805461219,18.80278776743376
096450015,0.0,3.681,SPEAKER9645,-45.34546429177989,-48.88510268075125,1.2128327579468179,14.512321156091048
096060006,0.0,10.299,SPEAKER9606,-52.132903519417475,-61.61417473687066,1.2128327579468179,3.6944073149797827
060990129,0.0,3.87,SPEAKER6099,-44.91003512596899,-49.99872098650251,1.2128327579468179,6.3134112558830076
060480102,0.0,2.843,SPEAKER6048,-43.02119209397007,-46.757086435953774,1.2128327579468179,15.897477664210317
054320100,0.0,3.801,SPEAKER5432,-43.318271998355264,-47.99069484074911,1.2128327579468179,11.60410837736831
034230011,0.0,3.202,SPEAKER3423,-46.602838134765626,-50.52759447964755,1.2128327579468179,11.800895943148499
032140082,0.0,5.43,SPEAKER3214,-51.57657832642725,-56.138035152269445,1.2128327579468179,9.672847778134933
028970221,0.0,2.361,SPEAKER2897,-46.688608977754235,-55.64969118903665,1.2128327579468179,18.140588531069334
024020175,0.0,2.91,SPEAKER2402,-47.07456440614261,-52.85727939605713,1.2128327579468179,20.626281040481285
023270098,0.0,2.82,SPEAKER2327,-45.76120622783688,-53.45276141166687,1.2128327579468179,19.655441512264975
010390218,0.0,2.88,SPEAKER1039,-44.82147894965278,-49.72608239310129,1.2128327579468179,12.686264061050814
010370290,0.0,3.559,SPEAKER1037,-42.79825206285113,-47.01390354449932,1.2128327579468179,13.84938297616765
010330053,0.0,4.14,SPEAKER1033,-44.97643040458937,-50.01841049194336,1.2128327579468179,9.753481347238228
001490093,0.0,3.176,SPEAKER0149,-42.93701171875,-50.07772911919488,1.2128327579468179,13.539499843326091
022360253,0.0,4.007,SPEAKER2236,-48.769794264339154,-52.173443892906455,1.212832044497697,10.28026074366177
020890219,0.0,3.124,SPEAKER2089,-43.77759415064103,-54.91513468424479,1.212832044497697,12.315318749053642
010120148,0.0,3.82,SPEAKER1012,-43.85282027159686,-47.29824938092913,1.212832044497697,13.647780759311804
060480094,0.0,3.35,SPEAKER6048,-42.81724871735074,-46.028420840992645,1.2109368684010238,13.96085400909036
040050071,0.0,2.846,SPEAKER4005,-43.902189555921055,-51.81697998046875,1.2109365402215986,16.830655632914805
060480037,0.0,3.03,SPEAKER6048,-47.47413559715346,-49.47234773635864,1.2102338482828614,15.400504216902416
054240152,0.0,4.177,SPEAKER5424,-46.765274558911486,-48.72882426868785,1.2102338482828614,12.21689049111841
050170129,0.0,2.19,SPEAKER5017,-45.588332084760275,-50.91925742409446,1.2102338482828614,13.034460495640133
030120154,0.0,2.88,SPEAKER3012,-43.103006998697914,-46.88248748779297,1.2102338482828614,9.13521298412618
023550260,0.0,3.43,SPEAKER2355,-46.80051931486881,-48.25755479600694,1.2102338482828614,11.848809341786506
022080187,0.0,2.899,SPEAKER2208,-51.623427397629314,-55.19772868686252,1.2102338482828614,9.802766278416327
020610166,0.0,3.208,SPEAKER2061,-45.19157661604361,-49.35663151741028,1.2102338482828614,11.299732982598265
020590022,0.0,4.106,SPEAKER2059,-47.960628611618006,-49.50941206279554,1.2102338482828614,13.208343965894585
020160171,0.0,3.315,SPEAKER2016,-45.64419592432229,-50.62208445866903,1.2102338482828614,15.742811549062647
020140028,0.0,2.928,SPEAKER2014,-43.105218776663826,-49.087564321664665,1.2102338482828614,10.834130050017588
014070281,0.0,3.988,SPEAKER1407,-45.04191631422306,-50.82629180908203,1.2102338482828614,11.491389436819567
001030090,0.0,2.6,SPEAKER0103,-46.517394080528845,-51.171227888627485,1.2102338482828614,16.864473716896455
000700037,0.0,3.381,SPEAKER0070,-46.24802665033284,-50.4745299021403,1.2102338482828614,15.811168550968041
000060056,0.0,2.834,SPEAKER0006,-45.41193683745583,-49.26479285103934,1.2102338482828614,17.014958476227157
000060029,0.0,3.4,SPEAKER0006,-46.5251953125,-48.57265065511068,1.2102338482828614,9.24711947879986
000030154,0.0,2.91,SPEAKER0003,-43.87554365335052,-46.25647799173991,1.2102338482828614,20.5490713680064
010750102,0.0,3.19,SPEAKER1075,-44.90532241869122,-49.564292090279714,1.210233465737612,15.563995515699887
000360190,0.0,3.78,SPEAKER0036,-46.30674396494709,-48.86393793423971,1.210233465737612,13.06851116522557
024270077,0.0,2.84,SPEAKER2427,-47.050530232174296,-55.02023887634277,1.2102330831923627,15.425570351488961
013620106,0.0,5.57,SPEAKER1362,-45.51017939295332,-47.9572060196488,1.2071955051245367,12.615525272547936
030680054,0.0,3.21,SPEAKER3068,-43.96286932924455,-48.635545857747395,1.2071948512318151,15.396187620259521
020610201,0.0,3.0,SPEAKER2061,-45.93347005208334,-49.413790225982666,1.2071948512318151,7.705646658313402
000440173,0.0,2.57,SPEAKER0044,-42.91635381201362,-45.259762573242185,1.2057604011940402,24.20648947546735
020070153,0.0,2.97,SPEAKER2007,-42.387149489688554,-46.489017486572266,1.205759486785091,14.28930804976576
054080035,0.0,3.9,SPEAKER5408,-46.00085637019231,-48.8920565004702,1.203726155350812,16.464159159911368
050150093,0.0,3.98,SPEAKER5015,-45.91084818624372,-47.71654525169959,1.203726155350812,11.830948240487984
038370068,0.0,4.03,SPEAKER3837,-44.830504613833746,-47.99250373840332,1.203726155350812,16.57310333429697
011350225,0.0,4.76,SPEAKER1135,-48.45298959427521,-51.511500767299104,1.203726155350812,14.201209744373172
085840059,0.0,4.08,SPEAKER8584,-50.29077627144608,-54.0341002146403,1.2037234770866345,12.93413927331924
060100066,0.0,2.49,SPEAKER6010,-46.137946316516064,-52.81905174255371,1.2037234770866345,10.493111092109743
054240116,0.0,2.78,SPEAKER5424,-46.34650755957734,-50.922613859176636,1.2037234770866345,15.731791671758755
054080008,0.0,2.71,SPEAKER5408,-46.676390250230625,-50.68828031751845,1.2037234770866345,14.18957282637572
050150165,0.0,2.53,SPEAKER5015,-46.211072597579054,-48.12375450134277,1.2037234770866345,13.739622535937404
030200019,0.0,2.71,SPEAKER3020,-43.671056993773064,-49.083343505859375,1.2037234770866345,13.188092742772255
027990330,0.0,3.25,SPEAKER2799,-51.96486778846154,-56.39151100490404,1.2037234770866345,18.26690487723184
024380204,0.0,2.514,SPEAKER2438,-46.09754342006972,-51.27176517910428,1.2037234770866345,19.179768299016278
015030106,0.0,3.28,SPEAKER1503,-45.8844589605564,-50.459206973805145,1.2037234770866345,15.604543570032247
014070092,0.0,3.776,SPEAKER1407,-47.2852130869709,-50.672114849090576,1.2037234770866345,11.17838706115079
011860298,0.0,3.39,SPEAKER1186,-44.00220950866519,-48.98409212552584,1.2037234770866345,14.586617129049106
010300194,0.0,2.976,SPEAKER1030,-44.26117803586409,-47.20228134958368,1.2037234770866345,14.468574065812511
010270306,0.0,4.795,SPEAKER1027,-47.69635823567708,-49.489274978637695,1.2037234770866345,13.944678135285379
005630169,0.0,3.19,SPEAKER0563,-56.424030172413794,-60.112073474460175,1.2037234770866345,17.576783715530542
004610290,0.0,2.993,SPEAKER0461,-47.23415943770903,-49.62965880499946,1.2037234770866345,10.983118496771407
050150021,0.0,3.62,SPEAKER5015,-44.98801148135359,-49.16392917633057,1.2037228075205901,11.444714750718145
095580016,0.0,4.545,SPEAKER9558,-46.589530391483514,-49.69135118567425,1.203720798822457,14.67648808625659
080630090,0.0,5.221,SPEAKER8063,-46.6834927262931,-49.29034712820342,1.203720798822457,14.77718675101132
000940173,0.0,2.7,SPEAKER0094,-43.434599247685185,-48.9744007404034,1.203720798822457,16.804080724758194
085810002,0.0,3.68,SPEAKER8581,-45.2830810546875,-47.56356684366862,1.2012510332300004,11.18642470714559
085810012,0.0,2.76,SPEAKER8581,-45.67172285439312,-48.0550656636556,1.2012510332300004,12.841639557486024
055510164,0.0,4.53,SPEAKER5551,-45.455543770695364,-46.85411919487847,1.2012510332300004,12.164586318490858
055510084,0.0,2.89,SPEAKER5551,-47.0714816717128,-50.96181678771973,1.2012510332300004,12.929831624329761
028920174,0.0,2.37,SPEAKER2892,-44.96911672600211,-53.061685289655415,1.2012510332300004,17.015213119336558
001570194,0.0,3.37,SPEAKER0157,-44.43606848108308,-49.532246962837554,1.2012510332300004,14.854698748653561
001030008,0.0,3.285,SPEAKER0103,-45.087109968655014,-49.1678830315085,1.2012510332300004,13.599988356697015
000260033,0.0,2.89,SPEAKER0026,-45.91887435121107,-50.51896755511944,1.2012510332300004,17.981930998317964
000010121,0.0,3.31,SPEAKER0001,-45.96157772375378,-51.81988978385925,1.2012510332300004,16.78134853731033
015030027,0.0,3.5,SPEAKER1503,-48.85680245535714,-52.82382999766957,1.2012498502147386,11.137981331319443
010330345,0.0,2.424,SPEAKER1033,-43.561995577221076,-48.809755213120404,1.2012498502147386,11.348735668457895
010120334,0.0,3.573,SPEAKER1012,-46.642578125,-49.73823102315267,1.2012498502147386,11.741815118422451
000060020,0.0,3.26,SPEAKER0006,-46.31547162576687,-49.61936929490831,1.201248667199477,13.983171449286845
001220037,0.0,2.48,SPEAKER0122,-47.070249495967744,-57.037784576416016,1.193882290315413,21.299868244512506
023270303,0.0,3.404,SPEAKER2327,-46.497119140625,-51.53943161737351,1.1938795242146623,12.480316716323141
096460017,0.0,3.735,SPEAKER9646,-43.77125720671791,-49.104245567321776,1.1879397703304617,13.954638155287913
091180025,0.0,3.35,SPEAKER9118,-46.90410447761194,-50.73370875482974,1.1879397703304617,14.409608463694694
061210013,0.0,2.8,SPEAKER6121,-45.60575474330357,-51.42130374908447,1.1879397703304617,10.421108342633193
029370303,0.0,2.851,SPEAKER2937,-46.82933456688596,-52.87970523834228,1.1879397703304617,19.759785324902243
000060081,0.0,3.031,SPEAKER0006,-46.55413314768977,-50.19596557617187,1.1879397703304617,15.839353660035957
030750108,0.0,3.189,SPEAKER3075,-47.864750685736674,-49.80920687588778,1.187243596715253,12.71736685426143
024270051,0.0,4.047,SPEAKER2427,-48.091719714506176,-52.41972914196196,1.1815290428069805,18.16363434126764
081530146,0.0,3.237,SPEAKER8153,-45.941047574266975,-50.30726482993678,1.1815286223744117,15.954055445680385
000940074,0.0,2.73,SPEAKER0094,-44.321067279075095,-47.320414543151855,1.1813246641178528,17.193110417037495
021680237,0.0,3.864,SPEAKER2168,-53.23329723931347,-54.39716777095088,1.1813238146525997,8.328323514741104
050150159,0.0,2.096,SPEAKER5015,-48.57315383184524,-45.942366086519684,1.1813229651873465,14.706198114779369
030880086,0.0,2.52,SPEAKER3088,-43.95374503968254,-45.67991222034801,1.1813229651873465,13.017869764685784
000750128,0.0,2.955,SPEAKER0075,-51.173828125,-55.22532717386881,1.1813212662568402,17.91227697056637
090700164,0.0,4.86,SPEAKER9070,-45.12425652649177,-48.11006998132776,1.1811058139696422,9.882319051798081
090700111,0.0,4.17,SPEAKER9070,-44.857295413669064,-46.400749893188475,1.1811058139696422,10.870720800111782
060990089,0.0,2.87,SPEAKER6099,-43.75197354094077,-48.98541844685872,1.1811058139696422,15.576153539758831
060480148,0.0,3.52,SPEAKER6048,-47.29020552201705,-52.591002782185875,1.1811058139696422,16.63920546184702
054080011,0.0,2.87,SPEAKER5408,-44.56397675304878,-48.06732450212751,1.1811058139696422,14.128916320703741
013720023,0.0,2.78,SPEAKER1372,-45.69277273493705,-53.95414479573568,1.1811058139696422,16.95841484150533
030830169,0.0,2.397,SPEAKER3083,-42.47870686848958,-48.68728741732511,1.1811054572450819,13.021673567434313
004820015,0.0,4.37,SPEAKER0482,-45.497233445366135,-47.06258511543274,1.1811043870714004,14.324032491246921
054320080,0.0,3.544,SPEAKER5432,-44.9947668388065,-50.80806980962338,1.1778688085266051,9.332764610160034
000530055,0.0,3.19,SPEAKER0053,-48.62778886657524,-56.347808074951175,1.1778688085266051,14.828924567407668
020160344,0.0,2.923,SPEAKER2016,-41.24844151327055,-45.38939565022786,1.1765709126396782,14.500662866675583
023800093,0.0,3.929,SPEAKER2380,-45.49055741094148,-49.29748296737671,1.1764084274783937,18.39302895714806
021160249,0.0,3.997,SPEAKER2116,-48.76396484375,-53.449134826660156,1.1764084274783937,12.87045451034584
020340098,0.0,3.76,SPEAKER2034,-50.371104138962764,-54.053431011381605,1.1764084274783937,13.116682198531343
020140117,0.0,3.49,SPEAKER2014,-45.32890289219198,-47.92951096428765,1.1764084274783937,10.62144683015848
014080336,0.0,4.063,SPEAKER1408,-44.88859490455665,-50.18652809990777,1.1764084274783937,8.54211030156182
012030072,0.0,2.63,SPEAKER1203,-50.21815218037072,-53.67305564880371,1.1764084274783937,12.650035577374833
010440127,0.0,3.18,SPEAKER1044,-43.686600211281444,-48.97028568812779,1.1764084274783937,13.740310843123332
010370131,0.0,2.863,SPEAKER1037,-42.2970388986014,-47.126312764485675,1.1764084274783937,14.675756289399853
010290330,0.0,3.37,SPEAKER1029,-46.938120131676556,-51.19550355275472,1.1764084274783937,12.862566195409173
001570325,0.0,4.45,SPEAKER0157,-48.2515625,-51.516607469128026,1.1764084274783937,16.955228827811997
000010113,0.0,3.002,SPEAKER0001,-47.88697916666667,-52.76027128431532,1.1764052107318255,17.548830510987493
090700006,0.0,2.99,SPEAKER9070,-48.79640794836956,-51.601273256189685,1.1742719129758223,3.101513813484658
030460032,0.0,2.501,SPEAKER3046,-42.46040625,-48.96550889448686,1.1742719129758223,14.9763599317777
020610168,0.0,3.94,SPEAKER2061,-46.715919455901016,-50.95443979899088,1.1742719129758223,12.039514324271247
010920033,0.0,2.55,SPEAKER1092,-43.189234834558825,-47.772912216186526,1.1742719129758223,12.190842067512014
010300328,0.0,2.956,SPEAKER1030,-45.45852578652872,-50.38186391194662,1.1742719129758223,12.883879714869236
000480023,0.0,2.22,SPEAKER0048,-50.04649229307432,-53.113991077129654,1.1742704875985719,16.514139883498306
096460010,0.0,2.589,SPEAKER9646,-45.56049785834942,-54.565230118600944,1.1741700140771263,14.242073063266385
090880100,0.0,3.89,SPEAKER9088,-45.78059728470437,-50.24903898972731,1.1741700140771263,13.260536409958592
081530014,0.0,4.767,SPEAKER8153,-47.87887758778826,-51.298822675432476,1.1741700140771263,13.44495110632634
080570004,0.0,2.648,SPEAKER8057,-48.008626916273585,-52.12312232123481,1.1741700140771263,12.56843237239821
030600055,0.0,2.29,SPEAKER3060,-42.94237428356987,-47.35448594526811,1.1741700140771263,18.763303873386604
024380234,0.0,2.626,SPEAKER2438,-47.934262119771866,-55.76058488733628,1.1741700140771263,17.138366380772005
024380200,0.0,2.895,SPEAKER2438,-51.07403690732759,-57.133080222389914,1.1741700140771263,18.915060333563684
022440073,0.0,4.267,SPEAKER2244,-50.45348635099531,-53.05078949466829,1.1741700140771263,13.245970531045195
014200353,0.0,3.93,SPEAKER1420,-44.87393646628499,-49.64484642291891,1.1741700140771263,12.698192032550745
013340291,0.0,2.56,SPEAKER1334,-47.225494384765625,-48.70751741197374,1.1741700140771263,13.997885347080592
013340345,0.0,2.842,SPEAKER1334,-47.44039186289613,-52.94562130882626,1.1741700140771263,16.24605708327328
000360264,0.0,4.556,SPEAKER0036,-46.13807223135965,-48.75530193698022,1.1741700140771263,15.427849513454941
021700240,0.0,3.822,SPEAKER2170,-49.994636575589006,-53.989939658872544,1.1741691624364983,8.74120606364919
010460020,0.0,2.92,SPEAKER1046,-44.52579864083904,-48.17488646507263,1.1741691624364983,6.859031898524368
085840072,0.0,3.02,SPEAKER8584,-46.63608172081954,-49.88642085682262,1.1723074506019322,13.602730489014384
024500021,0.0,4.66,SPEAKER2450,-49.50517200912017,-54.012318667243505,1.1723074506019322,13.697727051116221
024300131,0.0,3.089,SPEAKER2430,-49.47592093952265,-54.259362270957546,1.1723074506019322,15.245316554727705
012920007,0.0,3.63,SPEAKER1292,-47.54851605544077,-50.41532592773437,1.1723074506019322,12.796028512257447
010120180,0.0,2.22,SPEAKER1012,-42.888522311373876,-48.2272891998291,1.1723074506019322,13.922548613794103
007650131,0.0,4.501,SPEAKER0765,-53.473567708333334,-55.72949587065598,1.1723074506019322,8.428032946104722
000240284,0.0,3.03,SPEAKER0024,-44.35232312293729,-48.33825799693232,1.1723074506019322,16.692408869348803
096300012,0.0,5.375,SPEAKER9630,-47.20086692611524,-48.115166884202225,1.1721317247749523,4.368702617219597
091070175,0.0,2.99,SPEAKER9107,-41.69124621132943,-47.303139967076916,1.1721317247749523,14.65551626532541
026210299,0.0,3.094,SPEAKER2621,-46.18847972289644,-50.71951585657456,1.1721317247749523,17.624276427256454
024300068,0.0,6.283,SPEAKER2430,-48.09589283937102,-53.19577693939209,1.1721317247749523,14.6096253015617
010990060,0.0,3.3,SPEAKER1099,-44.415716737689394,-49.9309214637393,1.1721317247749523,14.368760869625522
028920213,0.0,2.846,SPEAKER2892,-45.23442297149123,-50.930938720703125,1.1721312675704778,18.021742490990484
010330103,0.0,3.2,SPEAKER1033,-46.21073608398437,-49.81147933959961,1.172130810366003,11.789386641593548
014350110,0.0,3.15,SPEAKER1435,-48.36179935515873,-50.91689943012438,1.1629691128109279,11.53214738086442
007390228,0.0,4.053,SPEAKER0739,-45.48045428240741,-48.140966203477646,1.1629686489486861,21.02948842280715
040050255,0.0,2.601,SPEAKER4005,-43.27175105168269,-53.83014651707241,1.1629681850864446,14.779427160849904
001350350,0.0,3.173,SPEAKER0135,-45.28957388604101,-48.18574385209517,1.161981628757088,12.865462178851747
091180157,0.0,3.4,SPEAKER9118,-47.30068359375,-51.47179492314657,1.1618258348951866,13.863156051706863
024380116,0.0,3.575,SPEAKER2438,-50.171018461941344,-53.49303128169133,1.1618258348951866,17.781345060873015
011810173,0.0,3.5,SPEAKER1181,-45.618680245535714,-49.87841288248698,1.1618258348951866,17.346149988637766
096120008,0.0,3.115,SPEAKER9612,-41.43330265925481,-45.155995002159706,1.1580587792226753,10.101342315023288
050720017,0.0,3.66,SPEAKER5072,-46.47027621243169,-50.216332603903375,1.1580587792226753,11.99519040639878
008130346,0.0,3.223,SPEAKER0813,-47.214413092003106,-53.07281426822438,1.1580587792226753,16.326786187556113
022820155,0.0,3.272,SPEAKER2282,-48.853975535168196,-57.04741287231445,1.1571120903412624,11.342834393068884
000940015,0.0,3.25,SPEAKER0094,-49.100405649038464,-52.760904648724726,1.157111680659914,15.919192015795277
081530107,0.0,3.04,SPEAKER8153,-45.39290257504112,-51.46017475128174,1.1571112709785656,17.434780809591075
060990029,0.0,5.279,SPEAKER6099,-43.790597626657195,-46.147362037941264,1.1571112709785656,15.521261056280048
030680097,0.0,2.41,SPEAKER3068,-43.61166445150415,-50.344559062610976,1.1569641929537593,13.3070850279628
040050203,0.0,2.596,SPEAKER4005,-42.52698692908654,-50.60175078255789,1.1558772217159365,14.143241206915764
013620128,0.0,3.04,SPEAKER1362,-42.45838044819079,-47.75948397318522,1.1523417525024517,15.062949734631303
029810243,0.0,3.333,SPEAKER2981,-45.182825403528525,-48.18428587913513,1.1515476770270494,13.755521037100625
050290129,0.0,3.005,SPEAKER5029,-47.243413880813954,-50.50401710061466,1.1515459940652246,6.667303696525092
036310120,0.0,2.82,SPEAKER3631,-46.731344885859926,-50.29895283625676,1.1515459940652246,16.228549950455065
010990087,0.0,3.78,SPEAKER1099,-47.36514136904762,-49.9872685945951,1.1515459940652246,11.986443790781237
000030054,0.0,2.83,SPEAKER0003,-45.67791381404594,-45.91307137229226,1.1515459940652246,17.8512481985187
095560005,0.0,4.353,SPEAKER9556,-51.30762841235632,-53.36741687940515,1.1514962924021956,13.964173784037884
030200049,0.0,2.51,SPEAKER3020,-44.37127272161354,-47.77462196350098,1.151495457968882,13.032871426773148
052200162,0.0,3.014,SPEAKER5220,-42.42742615759967,-45.01632724088781,1.1511294548155067,14.209186163180817
091180101,0.0,2.96,SPEAKER9118,-45.243454391891895,-50.43544724408318,1.1498603422325981,12.51255255192259
030830001,0.0,3.16,SPEAKER3083,-45.527387015427216,-49.67760334014893,1.1498603422325981,13.612980003039002
030460051,0.0,2.46,SPEAKER3046,-47.380319486788615,-55.498887470790315,1.1498603422325981,15.448936944439263
022520225,0.0,2.43,SPEAKER2252,-41.67607863940329,-49.3347418648856,1.1498603422325981,12.472123482672034
020140036,0.0,2.866,SPEAKER2014,-47.61197122713415,-52.16281350453695,1.1498603422325981,12.71896975386423
054010130,0.0,2.778,SPEAKER5401,-45.596837764163666,-47.98801491477273,1.149859472592757,11.547693100937046
030460048,0.0,3.27,SPEAKER3046,-47.23226956708716,-52.39363981548109,1.149859472592757,12.707973624264277
030120150,0.0,2.13,SPEAKER3012,-42.376279159330984,-46.794874572753905,1.149859472592757,10.814399679641285
010460155,0.0,2.07,SPEAKER1046,-45.9741470410628,-51.39919838538537,1.149859472592757,12.407355520269128
030680045,0.0,3.33,SPEAKER3068,-43.203825896208706,-48.864569902420044,1.1498586029529156,15.898181556875883
030070108,0.0,2.602,SPEAKER3007,-42.49369365985577,-44.811829493596,1.1498586029529156,14.631066324727447
012920268,0.0,4.092,SPEAKER1292,-48.43288699572127,-50.59923641498272,1.1498586029529156,9.517843520020033
011810314,0.0,3.17,SPEAKER1181,-46.13269851636435,-51.23850417137146,1.1498586029529156,14.87348414273475
020160347,0.0,4.477,SPEAKER2016,-44.94122750418527,-49.68893065819373,1.149856863673233,12.322188146278274
085840022,0.0,3.803,SPEAKER8584,-47.07470189144737,-51.57203898710363,1.1461883064643186,9.395027093898138
024020205,0.0,2.34,SPEAKER2402,-55.06414847088675,-72.4440838950021,1.1440693565176614,10.303622646033869
001220163,0.0,2.956,SPEAKER0122,-48.13655708931588,-57.141075134277344,1.1440685428651596,12.432866427638501
095530173,0.0,2.845,SPEAKER9553,-48.1747498629386,-51.409658544203815,1.1439774867840289,11.626312614935634
091180088,0.0,4.05,SPEAKER9118,-47.999078896604935,-50.89430700029646,1.1408830801380463,12.06696080957456
022360293,0.0,2.779,SPEAKER2236,-45.142975073066545,-53.49690458509657,1.1408830801380463,10.533641422466847
013090339,0.0,2.44,SPEAKER1309,-49.44690941982582,-52.706151871454146,1.1408830801380463,9.975119194937358
085840040,0.0,2.985,SPEAKER8584,-48.11120727947324,-50.44652633666992,1.1408826068227953,13.95557232954392
028920259,0.0,3.194,SPEAKER2892,-44.647776253918494,-49.40095600328947,1.1408826068227953,15.285366437349133
025380065,0.0,2.696,SPEAKER2538,-51.5697265625,-58.22464319864909,1.1408826068227953,18.236602743998574
054320041,0.0,3.002,SPEAKER5432,-45.96610026041667,-50.92734700983221,1.1408821335075443,8.344695807109225
054010165,0.0,3.854,SPEAKER5401,-45.79359780844156,-49.372994559151785,1.1408821335075443,11.334715712477344
085810167,0.0,2.943,SPEAKER8581,-44.54663916347789,-50.01024322509765,1.1378512705441781,12.914959187668826
054080081,0.0,4.498,SPEAKER5408,-47.24878038194444,-50.76078691790181,1.1378512705441781,15.281466451375989
022520012,0.0,3.936,SPEAKER2252,-47.97305778077411,-51.240791015625,1.1378512705441781,15.01414930162421
022360186,0.0,2.509,SPEAKER2236,-44.40848325448207,-56.200165612357004,1.1378512705441781,9.529292392971474
010640284,0.0,2.791,SPEAKER1064,-46.15178721438172,-50.648415629069014,1.1378512705441781,7.765196659719823
000940073,0.0,2.75,SPEAKER0094,-50.62344815340909,-53.11744015033428,1.1378512705441781,11.750389021110074
030140147,0.0,2.61,SPEAKER3014,-52.2077346743295,-59.127770163796164,1.1378499356134628,16.365086759869605
007360045,0.0,3.63,SPEAKER0736,-52.6456234934573,-57.77300834655762,1.1378499356134628,16.01280647752728
003060235,0.0,3.5,SPEAKER0306,-51.9387890625,-57.05177949604235,1.1378499356134628,19.19206340069718
010290341,0.0,3.89,SPEAKER1029,-45.39509861021851,-48.25647261648467,1.1378486006827473,12.149610277649279
060480147,0.0,2.99,SPEAKER6048,-43.980047423704015,-49.6537899017334,1.1290542920733257,17.343076729020865
030140099,0.0,2.731,SPEAKER3014,-46.6060053228022,-52.09384282430013,1.1290542920733257,17.021017252258954
026210141,0.0,3.111,SPEAKER2621,-46.644603471663984,-50.26803970336914,1.128551840833686,16.060427658862654
023550233,0.0,3.335,SPEAKER2355,-44.217831914296404,-48.429163091322955,1.128551840833686,17.659080071178366
021790083,0.0,2.687,SPEAKER2179,-50.65710313080855,-57.14293013678657,1.128551840833686,11.711714720851845
014470124,0.0,3.08,SPEAKER1447,-53.08940619926948,-57.99681803385417,1.128551840833686,15.325196678555402
010270349,0.0,3.78,SPEAKER1027,-46.027633101851855,-50.37716404596964,1.128551840833686,16.50090662799517
004820005,0.0,3.484,SPEAKER0482,-46.155837486530174,-46.816316257823594,1.128551840833686,14.377926908680573
040050205,0.0,3.127,SPEAKER4005,-44.33053364616613,-50.67703374226888,1.1285495237326317,13.497120050837381
005600145,0.0,2.5,SPEAKER0560,-46.82723046875,-52.24998321533203,1.1277990933704858,16.38675041896954
005600205,0.0,5.46,SPEAKER0560,-50.108534369276555,-53.89415642067238,1.1277990933704858,5.035166487359653
010390269,0.0,2.13,SPEAKER1039,-42.93947146420188,-48.83292293548584,1.1277985517367415,12.897544520490783
054080065,0.0,3.22,SPEAKER5408,-44.95612140916149,-50.495829264322914,1.1236066725539966,14.138277179724163
096460007,0.0,4.602,SPEAKER9646,-39.21615574048913,-44.71277872721354,1.1191829241890747,9.396680955209707
008110159,0.0,3.65,SPEAKER0811,-44.488289276541096,-46.481751101357595,1.1191829241890747,17.208464996032887
000240329,0.0,3.11,SPEAKER0024,-46.61375226085209,-54.756831255826086,1.1191829241890747,17.45014979455371
080680133,0.0,4.65,SPEAKER8068,-43.49369959677419,-45.447503846267175,1.1191824871236362,14.497815429429933
007360281,0.0,2.62,SPEAKER0736,-48.53570044131679,-49.99960803985596,1.119182050058198,17.076001227599356
014070336,0.0,4.2,SPEAKER1407,-51.28733258928571,-54.618788719177246,1.1191811759273211,7.940707844964869
030460160,0.0,3.41,SPEAKER3046,-44.8980566119868,-51.10069880766027,1.1177176527589072,13.794314882712904
022440039,0.0,4.41,SPEAKER2244,-49.50443771258504,-53.051972198486325,1.1177176527589072,14.169007082315803
020070154,0.0,3.363,SPEAKER2007,-47.298252650669646,-51.96144437789917,1.1177176527589072,14.508841029808435
010440064,0.0,2.69,SPEAKER1044,-50.537860856180295,-54.086004972457886,1.1177176527589072,15.82749328001191
010300325,0.0,3.356,SPEAKER1030,-46.27269345238095,-49.13904876708985,1.1177176527589072,11.179406438256766
004610238,0.0,3.49,SPEAKER0461,-44.122671919770774,-46.98943891979399,1.1177176527589072,13.211744137616337
000360332,0.0,4.16,SPEAKER0036,-45.94331242487981,-48.62762705485026,1.1177176527589072,16.391895957983433
054280125,0.0,2.33,SPEAKER5428,-45.384266865611586,-53.28466033935547,1.1177161642698243,15.536228351232843
032080132,0.0,2.81,SPEAKER3208,-45.908741798265126,-48.5374390738351,1.1177161642698243,14.314998037332474
001350343,0.0,3.276,SPEAKER0135,-46.47730683117378,-48.00310415970652,1.1177161642698243,10.923060767037882
080570087,0.0,3.241,SPEAKER8057,-46.23677420910494,-54.60261217753092,1.1172348114616046,7.354010851512228
026210096,0.0,2.95,SPEAKER2621,-46.51345007944915,-51.43808513217502,1.1172348114616046,16.379947741596116
024480251,0.0,2.642,SPEAKER2448,-49.30581202651515,-52.1351842880249,1.1172348114616046,17.063032120548034
004570074,0.0,4.006,SPEAKER0457,-52.18534230829177,-54.05756610372792,1.1172348114616046,13.708016460835509
000240320,0.0,3.65,SPEAKER0024,-49.07853167808219,-54.677340599798384,1.1172348114616046,15.467524809343509
000940150,0.0,1.939,SPEAKER0094,-50.931217783505154,-58.562479654947914,1.1172340072749625,8.421666168916605
000050047,0.0,2.254,SPEAKER0005,-52.839921875,-52.53050994873047,1.1172340072749625,9.985212502253537
034120174,0.0,3.06,SPEAKER3412,-46.278744766135624,-50.523619651794434,1.1172332030883205,15.553153033388204
023550230,0.0,4.2,SPEAKER2355,-46.41949404761905,-48.98063509087814,1.1172332030883205,14.388053609162332
013360363,0.0,3.1,SPEAKER1336,-49.79403666834678,-52.42195489671495,1.1172332030883205,12.271402802696102
011860361,0.0,3.437,SPEAKER1186,-46.82485465116279,-46.70637978447808,1.1172332030883205,13.797356323202845
010500028,0.0,2.35,SPEAKER1050,-41.571164394946805,-44.42435425978441,1.1172332030883205,12.438103425894607
000260039,0.0,2.955,SPEAKER0026,-46.106735641891895,-49.97969150543213,1.1172332030883205,15.737408193782622
000240099,0.0,3.92,SPEAKER0024,-51.670235770089285,-56.54057776927948,1.1172332030883205,18.200628548709915
010370099,0.0,3.381,SPEAKER1037,-43.53124422152367,-48.063819885253906,1.1131723174816799,15.690909273754421
010290252,0.0,3.25,SPEAKER1029,-47.495625,-51.90827376754196,1.1131723174816799,13.044023292683601
009810344,0.0,2.64,SPEAKER0981,-46.53595525568182,-53.25654271443685,1.1131723174816799,16.056046134852323
000750140,0.0,2.902,SPEAKER0075,-52.31153353987069,-49.760639484112076,1.1131723174816799,12.62163800892195
020340016,0.0,3.4,SPEAKER2034,-47.48500402113971,-50.979853981419616,1.1119366154743264,14.163007175194245
008110107,0.0,3.913,SPEAKER0811,-46.919187579923275,-48.31947732740833,1.1119366154743264,14.382091800370338
000060116,0.0,3.08,SPEAKER0006,-48.731026785714285,-53.148911124781556,1.1119366154743264,15.933174443545727
054240053,0.0,3.64,SPEAKER5424,-46.178238753434066,-46.187202294667564,1.1109918094448394,14.625642524563615
080570072,0.0,5.31,SPEAKER8057,-48.48796860287194,-53.839736601885626,1.1070180480061005,15.307407494837737
021680048,0.0,4.525,SPEAKER2168,-52.417998930739515,-58.33831287252492,1.1044067983569312,12.682679060289573
024480188,0.0,4.203,SPEAKER2448,-49.09020182291667,-52.867855834960935,1.1020126149872944,15.951505352433234
015010115,0.0,3.189,SPEAKER1501,-51.87137539184953,-56.85657806396485,1.1020126149872944,6.882084001819802
001220068,0.0,2.88,SPEAKER0122,-48.291354709201386,-59.107929523174576,1.1020126149872944,15.903010070773382
000260011,0.0,3.181,SPEAKER0026,-49.98052402712264,-53.47717039925711,1.1020126149872944,14.987833691745251
000030012,0.0,3.36,SPEAKER0003,-47.793799990699405,-50.62718524932861,1.1020126149872944,15.263573319409975
021790173,0.0,3.535,SPEAKER2179,-51.76569672492938,-63.254466692606606,1.1020120234796635,10.55444997564498
038370019,0.0,3.541,SPEAKER3837,-49.45006841454802,-52.69391059875488,1.102010248956771,14.789089057663304
001350194,0.0,4.009,SPEAKER0135,-47.0979436175187,-52.81250549316406,1.101794028934466,15.193722067912207
051950075,0.0,3.53,SPEAKER5195,-47.26822547804532,-50.29943362149325,1.1017926940037508,12.501557062144695
005670198,0.0,3.187,SPEAKER0567,-55.193928781347964,-59.23859338199391,1.1017926940037508,17.078807354427585
096300001,0.0,4.018,SPEAKER9630,-47.042643229166664,-49.519509164910566,1.1017913590730355,7.854830381530267
054140003,0.0,2.408,SPEAKER5414,-45.63980241830913,-47.232486724853516,1.1017913590730355,14.484085840843985
027990242,0.0,2.474,SPEAKER2799,-52.761544787449395,-57.462035179138184,1.1017913590730355,16.972899540618926
023550167,0.0,2.304,SPEAKER2355,-45.16222401494565,-50.00849183400472,1.1017913590730355,15.617432268860199
004570289,0.0,4.81,SPEAKER0457,-51.74856662551975,-53.32624944051107,1.1017913590730355,13.886684759203018
000940067,0.0,3.05,SPEAKER0094,-46.968509861680324,-48.693276166915894,1.1017913590730355,15.902177820035089
014200272,0.0,3.41,SPEAKER1420,-41.89304779142229,-44.717768755826086,1.1017886892116047,13.712737861853963
001200210,0.0,4.496,SPEAKER0120,-42.747083333333336,-46.8010767527989,1.1015190433332929,12.482375794861259
030020172,0.0,2.71,SPEAKER3002,-48.37626484663284,-53.27241193331205,1.1008185595691249,14.58678071878647
001040136,0.0,3.96,SPEAKER0104,-47.03359276357323,-50.43370717366536,1.1008179032102745,9.409506061883448
095550116,0.0,3.24,SPEAKER9555,-45.18825050636574,-49.04899926619096,1.1002629490803033,11.524458317620702
095550143,0.0,4.65,SPEAKER9555,-44.949978998655915,-47.21885336013067,1.1002629490803033,11.130806539477295
095530154,0.0,3.05,SPEAKER9553,-41.74351306352459,-47.630888770608344,1.1002629490803033,12.736778882102552
091180035,0.0,5.11,SPEAKER9118,-44.38002232142857,-50.272085189819336,1.1002629490803033,14.610317321600272
091070163,0.0,2.408,SPEAKER9107,-45.77240015560166,-50.43293863932292,1.1002629490803033,14.089972766576395
080570157,0.0,2.55,SPEAKER8057,-47.376501225490195,-49.64906226264106,1.1002629490803033,19.102867216838007
069120072,0.0,2.827,SPEAKER6912,-47.83700723277385,-53.3132016318185,1.1002629490803033,7.501639487594645
050150173,0.0,3.38,SPEAKER5015,-47.21683443509615,-48.853398164113365,1.1002629490803033,11.108789205556647
030230276,0.0,2.852,SPEAKER3023,-45.38104098135965,-49.13049755096436,1.1002629490803033,15.771071586456479
029170359,0.0,4.411,SPEAKER2917,-44.25447757227891,-48.31053789200321,1.1002629490803033,15.119269067194633
024880118,0.0,3.61,SPEAKER2488,-50.58357319078947,-56.67876900566949,1.1002629490803033,16.45542363235253
024380041,0.0,2.478,SPEAKER2438,-48.88451754662298,-56.03710259331597,1.1002629490803033,16.987644424692235
024020053,0.0,2.49,SPEAKER2402,-46.794117877761046,-50.94668248494466,1.1002629490803033,17.324879365094947
021700062,0.0,3.913,SPEAKER2170,-54.30043158567775,-56.40993027460007,1.1002629490803033,12.571153595171031
014070217,0.0,2.375,SPEAKER1407,-46.62694902179622,-58.08339955256535,1.1002629490803033,11.367835386080266
013720215,0.0,2.469,SPEAKER1372,-47.50539679276316,-56.95821908804086,1.1002629490803033,18.378292057584225
013090041,0.0,3.2,SPEAKER1309,-45.806451416015626,-48.68849351671007,1.1002629490803033,9.838084343478114
010640280,0.0,4.693,SPEAKER1064,-49.22676239339019,-49.86000905718122,1.1002629490803033,11.111288574518325
008110147,0.0,3.499,SPEAKER0811,-46.636612723214284,-50.69899324270395,1.1002629490803033,16.040325232653043
008110286,0.0,4.47,SPEAKER0811,-46.74536405900447,-50.0987643680057,1.1002629490803033,18.57345755529425
065040049,0.0,3.043,SPEAKER6504,-44.209768194901315,-45.918365115211124,1.1002621839898046,13.306029615595218
030120089,0.0,2.65,SPEAKER3012,-46.55566037735849,-51.6129758199056,1.1002621839898046,11.90389924748413
015010159,0.0,2.25,SPEAKER1501,-44.00444878472222,-53.60921435885959,1.1002621839898046,11.443468695621418
013340091,0.0,2.63,SPEAKER1334,-47.09947198788023,-50.359570026397705,1.1002621839898046,14.998269678862501
012930225,0.0,3.04,SPEAKER1293,-46.65763774671053,-51.7458864847819,1.1002621839898046,12.40688309766615
010460158,0.0,2.33,SPEAKER1046,-44.8941498457618,-50.53246278029222,1.1002621839898046,14.805859897001197
024270313,0.0,2.05,SPEAKER2427,-41.3627334222561,-49.75898595956656,1.1002614188993056,18.87748920364278
013340204,0.0,2.468,SPEAKER1334,-42.647532103997975,-44.8221648721134,1.1002614188993056,14.16513710766749
010420133,0.0,3.04,SPEAKER1042,-48.917673211348685,-57.57876853942871,1.1002614188993056,9.962061793276721
080570031,0.0,3.78,SPEAKER8057,-51.143937045304234,-54.5688853263855,1.1002598887183082,12.663077931717005
095530129,0.0,3.98,SPEAKER9553,-46.232392430904525,-51.231923279938876,1.0975456625443862,13.047315207734322
024480241,0.0,3.264,SPEAKER2448,-45.6152673264954,-49.63444156646729,1.0975456625443862,18.031620974245982
001220051,0.0,3.03,SPEAKER0122,-49.5737675330033,-57.43301773071289,1.0975456625443862,16.16831959154108
010760002,0.0,4.16,SPEAKER1076,-45.91863544170673,-49.28823623657227,1.0974906154512527,10.586097564473246
030200087,0.0,2.89,SPEAKER3020,-43.77370107050173,-47.97355244954427,1.0974899615585312,12.414843690138134
096000016,0.0,7.69,SPEAKER9600,-42.832493498049416,-46.14798355102539,1.0974893076658097,6.033497098913751
054320019,0.0,3.09,SPEAKER5432,-44.12347352851942,-47.10161876678467,1.0970311740322551,10.262981688963524
052200089,0.0,2.22,SPEAKER5220,-52.686840160472975,-53.522650146484374,1.0970311740322551,6.671395560500457
050720124,0.0,4.76,SPEAKER5072,-44.53546399028362,-47.99923248291016,1.0970311740322551,19.397418660139476
050290156,0.0,1.994,SPEAKER5029,-44.48170540201005,-54.2511117723253,1.0970311740322551,12.489085094212449
036360027,0.0,3.11,SPEAKER3636,-45.15857993368167,-49.77199003431532,1.0970311740322551,15.016164407594442
027990358,0.0,3.379,SPEAKER2799,-52.352018999630175,-56.30224173409598,1.0970311740322551,17.02344891195126
024380265,0.0,3.23,SPEAKER2438,-48.629450464396285,-52.271793365478516,1.0970311740322551,13.849761706752066
024020328,0.0,4.28,SPEAKER2402,-48.33792713200935,-50.85244459854929,1.0970311740322551,15.791001008883956
010500113,0.0,2.39,SPEAKER1050,-45.05276297724895,-50.082896064309516,1.0970311740322551,14.928184124879493
010370309,0.0,3.224,SPEAKER1037,-43.76139120729814,-47.457521739758946,1.0970311740322551,13.53166637689852
000920099,0.0,3.345,SPEAKER0092,-53.47766441231343,-54.727327848735605,1.0970311740322551,12.640171606792817
000240152,0.0,3.064,SPEAKER0024,-49.472053079044116,-56.05330627441406,1.0970311740322551,20.504790640815063
032140017,0.0,2.77,SPEAKER3214,-45.50841888537906,-50.72557601928711,1.0970304742153618,14.280480732841315
026210231,0.0,2.782,SPEAKER2621,-46.31990501348921,-47.47061252593994,1.0970304742153618,17.48413296514974
000920009,0.0,3.2,SPEAKER0092,-49.54793701171875,-52.47237057156033,1.0970304742153618,15.430953538943509
095580128,0.0,3.417,SPEAKER9558,-45.07349917763158,-48.02316474914551,1.0970297743984683,12.533400644369058
032140013,0.0,2.14,SPEAKER3214,-46.427926036799064,-49.30718485514323,1.0970297743984683,13.874008574566028
024270336,0.0,2.454,SPEAKER2427,-45.44073262117347,-49.042271247276894,1.0970297743984683,15.804038961706627
020020123,0.0,2.77,SPEAKER2002,-43.74005104918773,-50.24542676485502,1.0970297743984683,11.888249356999657
000010095,0.0,2.97,SPEAKER0001,-50.22748316498316,-55.52800046480619,1.0970297743984683,14.229341583812237
095580166,0.0,5.53,SPEAKER9558,-46.07001935465642,-47.95284234323809,1.0970283747646814,12.167759004798562
060990034,0.0,4.86,SPEAKER6099,-44.470526298868315,-49.66926865350632,1.0970283747646814,13.821619651064308
030070015,0.0,3.19,SPEAKER3007,-48.6883632934953,-51.429162677965664,1.0970283747646814,10.796473833356426
026210302,0.0,2.324,SPEAKER2621,-46.1690673828125,-54.52725278414213,1.095425615654238,17.66131070548713
022820026,0.0,2.845,SPEAKER2282,-49.619918448464915,-56.61255107206457,1.095425615654238,10.157720107308737
024880098,0.0,2.88,SPEAKER2488,-51.89582316080729,-58.89878726005554,1.0954251584497634,16.738511115268924
010390341,0.0,3.24,SPEAKER1039,-43.945701316550924,-48.5908569922814,1.0954142006005867,13.218583125382722
030830147,0.0,2.804,SPEAKER3083,-44.62036481584821,-50.07712500435965,1.094021283225302,14.324307480605807
024300118,0.0,3.498,SPEAKER2430,-49.43399553571429,-55.62489492242987,1.0931430421462252,16.10794147759017
010640366,0.0,6.25,SPEAKER1064,-45.52636875,-48.83407649287471,1.0931430421462252,10.13247792453041
080680031,0.0,4.81,SPEAKER8068,-45.669369640072766,-48.13029691908095,1.0931359720408191,13.263328760861917
050150125,0.0,2.952,SPEAKER5015,-47.250681938559325,-49.37124332628752,1.0931352585916982,10.382391136343841
030230018,0.0,2.742,SPEAKER3023,-45.48158074817518,-48.653623480545846,1.0931352585916982,15.97454083863231
023800124,0.0,3.502,SPEAKER2380,-44.90363002232143,-50.36042951500934,1.0931352585916982,13.298865283017781
010390041,0.0,1.94,SPEAKER1039,-37.90137222132732,-45.50574978915128,1.0931345451425774,13.191337715477548
013340159,0.0,2.77,SPEAKER1334,-45.03597769065885,-50.172522650824654,1.0889947729007299,16.42369983658521
021160212,0.0,4.019,SPEAKER2116,-49.48952017257463,-52.89666321698357,1.0883782117958525,11.97998331839149
005630225,0.0,3.99,SPEAKER0563,-53.720145089285715,-57.19004340793776,1.0883782117958525,18.6683989410918
001330170,0.0,3.357,SPEAKER0133,-45.368414015997026,-52.09879760742187,1.0825740024159831,14.256180225512116
024500268,0.0,4.477,SPEAKER2450,-46.70583234514509,-52.08627955118815,1.0825721091549791,15.55826669877558
000060049,0.0,3.12,SPEAKER0006,-47.056693835136215,-48.48759651184082,1.0825721091549791,13.378552582464197
060100037,0.0,2.56,SPEAKER6010,-43.19847869873047,-48.0378360748291,1.0818730851161298,13.96662011012042
050290174,0.0,2.222,SPEAKER5029,-44.457167616835584,-47.81246905856662,1.0818730851161298,10.421669825701642
030230260,0.0,3.506,SPEAKER3023,-45.55145176727208,-48.32291650772095,1.0818730851161298,16.778478450582412
020020357,0.0,2.963,SPEAKER2002,-47.1516773120777,-51.014090347290036,1.0818730851161298,11.230760144291555
012030032,0.0,2.64,SPEAKER1203,-47.01598011363637,-50.82022953033447,1.0818730851161298,13.233229577501682
010750117,0.0,4.0,SPEAKER1075,-44.1944189453125,-50.38572359085083,1.0818730851161298,14.172712952561538
010440012,0.0,3.39,SPEAKER1044,-47.15468001014012,-49.190077463785805,1.0818730851161298,16.360605885746295
000060102,0.0,3.037,SPEAKER0006,-44.03991377981085,-50.18672479901995,1.0818730851161298,17.510532802191342
005750089,0.0,4.68,SPEAKER0575,-53.55088141025641,-56.47590959072113,1.0818700247541344,10.982988436452967
000360210,0.0,3.268,SPEAKER0036,-45.2321590691896,-48.83009231567383,1.0818700247541344,17.05989997211433
012930012,0.0,2.53,SPEAKER1293,-43.0654682868083,-46.72937415627872,1.0814986022448665,10.246698238112511
080570009,0.0,2.28,SPEAKER8057,-49.28383275082237,-52.83133053779602,1.0806408541947152,9.955872608774799
054180021,0.0,3.1,SPEAKER5418,-46.13973349294355,-48.11385879516602,1.0806408541947152,17.7103078773348
029370106,0.0,4.36,SPEAKER2937,-45.80347351634175,-48.07693111195284,1.0806408541947152,15.640154934895632
027400151,0.0,3.433,SPEAKER2740,-48.164734420553934,-51.05476547241211,1.0806408541947152,20.048880789591532
024410149,0.0,3.02,SPEAKER2441,-46.020659794081126,-51.27231788635254,1.0806408541947152,13.833892039156114
024410312,0.0,4.7,SPEAKER2441,-48.15542303856383,-50.46696662902832,1.0806408541947152,14.591297195120665
021680318,0.0,3.874,SPEAKER2168,-51.768920583010335,-55.28525503058182,1.0806408541947152,9.338515798698573
021680297,0.0,3.222,SPEAKER2168,-48.75818856754658,-54.78241215581479,1.0806408541947152,13.133377606488729
021290319,0.0,3.049,SPEAKER2129,-45.36701139856557,-48.219621295020694,1.0806408541947152,14.11269400512751
013090148,0.0,2.352,SPEAKER1309,-44.91299451462766,-50.08780161539713,1.0806408541947152,10.636357984467452
012920062,0.0,3.43,SPEAKER1292,-47.10666738793732,-52.38156162608754,1.0806408541947152,14.986020841078723
000360132,0.0,3.28,SPEAKER0036,-45.82285215796494,-51.61443901062012,1.0806408541947152,13.399951114773902
061210148,0.0,2.31,SPEAKER6121,-49.08685487689394,-55.44142855130709,1.0806399800638387,10.92883660118064
030200041,0.0,2.01,SPEAKER3020,-42.85271882773632,-49.2348826272147,1.0806399800638387,16.248524239759707
028970279,0.0,2.244,SPEAKER2897,-41.834520612444194,-50.715982290414665,1.0806399800638387,18.586280186004853
028920128,0.0,2.236,SPEAKER2892,-46.97692435128348,-53.449768611363005,1.0806399800638387,18.824341085793964
024880195,0.0,3.05,SPEAKER2488,-52.15130315061475,-58.296431922912596,1.0806399800638387,16.512451572647578
021120233,0.0,2.693,SPEAKER2112,-46.50999433666357,-55.604751396179196,1.0806399800638387,14.764009390887427
050150041,0.0,4.71,SPEAKER5015,-44.83080795514862,-48.88872685925714,1.0796663304322942,14.661336830223975
030140010,0.0,3.239,SPEAKER3014,-47.50354456018518,-48.493929363432386,1.0796637489283147,11.828998990388849
023550310,0.0,3.146,SPEAKER2355,-46.48191344246032,-48.291436647114004,1.0796637489283147,14.596824098733714
023550003,0.0,5.144,SPEAKER2355,-48.18908833900778,-50.75937080383301,1.0796637489283147,11.835094176378373
000260075,0.0,2.41,SPEAKER0026,-44.93724876815353,-51.32579317959872,1.0783961916010978,15.38841259164575
065040112,0.0,2.759,SPEAKER6504,-38.87388544497283,-42.854205938485954,1.0783951365166902,16.139270843737755
001310152,0.0,3.396,SPEAKER0131,-50.16729664522059,-56.20600605010986,1.0783951365166902,18.001183291546145
020020377,0.0,2.655,SPEAKER2002,-48.49650126292293,-55.562564595540366,1.0783940814322823,11.734401592960246
020360143,0.0,3.182,SPEAKER2036,-49.322388463050316,-59.500798034667966,1.075651493534746,12.420157261549742
000260166,0.0,2.56,SPEAKER0026,-46.8163948059082,-56.52797629616477,1.075651493534746,15.73400241113724
032140110,0.0,2.971,SPEAKER3214,-46.95914877946128,-54.759833744594026,1.0732796464483474,14.15020058997978
024410241,0.0,3.175,SPEAKER2441,-48.0739270096305,-49.39522207350958,1.0732796464483474,15.488071576941872
095530152,0.0,2.92,SPEAKER9553,-43.0608478702911,-48.41518936157227,1.0732786882390661,11.567815668295818
080570013,0.0,2.89,SPEAKER8057,-44.102806012110726,-51.20092455546061,1.0732786882390661,14.726151353769296
060990011,0.0,2.5,SPEAKER6099,-41.7094296875,-45.99751455133612,1.0732786882390661,18.485740627743056
055510029,0.0,2.59,SPEAKER5551,-49.313778203426644,-56.024006843566895,1.0732786882390661,11.527004018930949
054060153,0.0,2.92,SPEAKER5406,-43.68002528360445,-46.96529094989483,1.0732786882390661,12.659072522433036
050150163,0.0,2.07,SPEAKER5015,-46.73682820048309,-49.47748530994762,1.0732786882390661,12.784883074974605
028970190,0.0,2.455,SPEAKER2897,-45.9473847179878,-54.00385867848116,1.0732786882390661,15.627670672767618
028920321,0.0,3.012,SPEAKER2892,-46.62780315614618,-52.39089609781901,1.0732786882390661,15.984643742006078
022520337,0.0,2.936,SPEAKER2252,-40.92992333652211,-48.55859727125902,1.0732786882390661,13.053775126688258
021290235,0.0,3.88,SPEAKER2129,-47.37774343588917,-50.126153809683665,1.0732786882390661,14.040248656741669
011860359,0.0,3.09,SPEAKER1186,-41.17753527002427,-43.52107276916504,1.0732786882390661,14.302045320177319
010460114,0.0,2.964,SPEAKER1046,-47.2997947899071,-47.90465605886359,1.0732786882390661,5.727655883563905
010390166,0.0,2.51,SPEAKER1039,-44.555527888446214,-52.173928941999165,1.0732786882390661,13.203616255502094
090340021,0.0,3.51,SPEAKER9034,-45.17215044070513,-47.95278316995372,1.0732767718205036,14.111354238179953
026210135,0.0,2.931,SPEAKER2621,-46.17888758532423,-47.927722113473074,1.0732767718205036,16.30986310150361
021120135,0.0,4.493,SPEAKER2112,-48.88941136553452,-51.77433068411691,1.0727077709713704,12.35248768595382
096190020,0.0,4.156,SPEAKER9619,-49.95789982722356,-44.373383448674126,1.070527144257367,3.1121300738371325
021290011,0.0,3.377,SPEAKER2129,-46.32446433524408,-50.604398554021664,1.0679671209091235,14.729265272489645
022440144,0.0,3.163,SPEAKER2244,-47.0165644778481,-52.42071093045748,1.0679663625522522,13.104399483422727
007360374,0.0,2.62,SPEAKER0736,-52.136357198234734,-58.56227007779208,1.067965604195381,16.926924141712732
004570268,0.0,2.7,SPEAKER0457,-47.90540364583333,-51.54849961224724,1.0626557671632975,15.22206059791637
012920270,0.0,2.17,SPEAKER1292,-43.596598682315665,-49.3527524130685,1.0626550704707391,16.268286433568722
010460120,0.0,2.32,SPEAKER1046,-44.908447265625,-53.69904986294833,1.0626550704707391,9.948742252135123
000540127,0.0,2.575,SPEAKER0054,-51.74045769743217,-55.55909562110901,1.0626550704707391,15.054619288924394
000480019,0.0,2.31,SPEAKER0048,-51.67645765692641,-57.15237903594971,1.0626550704707391,25.477528284053015
091180064,0.0,2.22,SPEAKER9118,-44.69587996199324,-48.651821772257485,1.0614740338511883,14.418639466912698
085850024,0.0,2.84,SPEAKER8585,-46.872304137323944,-53.8680419921875,1.0614740338511883,12.858976095576583
023270171,0.0,2.75,SPEAKER2327,-49.223462357954546,-51.988205432891846,1.0614740338511883,16.601223280840827
020160371,0.0,4.029,SPEAKER2016,-46.260022487593055,-48.73284149169922,1.0614740338511883,14.372807087348257
022080100,0.0,2.748,SPEAKER2208,-51.32171875,-54.94725458245529,1.0614735605359373,12.624989052805208
008110175,0.0,2.17,SPEAKER0811,-45.83403837845622,-53.75752385457357,1.0614735605359373,18.350375677219375
001200081,0.0,3.37,SPEAKER0120,-44.56302450389466,-50.95651858785878,1.0614735605359373,15.734649550103011
075510091,0.0,4.038,SPEAKER7551,-46.82145343440594,-50.98762213665506,1.0614730872206863,13.141743914578033
081530065,0.0,3.367,SPEAKER8153,-46.796996708086056,-52.527716636657715,1.0614090280636435,16.396692659686007
050150142,0.0,2.56,SPEAKER5015,-47.85053253173828,-52.785908919114334,1.0614090280636435,12.189057929998057
030140017,0.0,3.236,SPEAKER3014,-48.37659143518518,-49.47835133870443,1.0614090280636435,11.292035841051762
010290361,0.0,3.14,SPEAKER1029,-49.782553120023884,-54.91008059183756,1.0614090280636435,12.92015499997849
095530085,0.0,3.809,SPEAKER9553,-43.27404753116798,-44.54036040533157,1.0614083146145226,11.846603536065967
090700108,0.0,3.05,SPEAKER9070,-41.09005507172131,-44.286119079589845,1.0610694702398078,12.461881245555778
050390040,0.0,3.55,SPEAKER5039,-48.17535211267606,-51.51455012234774,1.0610694702398078,9.99561201053329
030210041,0.0,3.11,SPEAKER3021,-46.590449783963024,-48.006179585176355,1.0610694702398078,12.375006924481006
020360036,0.0,3.14,SPEAKER2036,-47.15951868531051,-57.50910209206974,1.0610694702398078,14.898324856631882
027990153,0.0,2.32,SPEAKER2799,-51.974015860721984,-58.142394726093,1.0610689615076698,16.901773477115693
010990239,0.0,2.57,SPEAKER1099,-43.90887189931907,-44.34978008270264,1.0610689615076698,13.00223193332108
023800186,0.0,2.539,SPEAKER2380,-41.18307086614173,-46.03398895263672,1.0603454564550299,17.80792950002447
001330097,0.0,2.896,SPEAKER0133,-51.77575094288793,-54.38763639662001,1.0603454564550299,10.78646348465645
080680108,0.0,5.85,SPEAKER8068,-44.050637686965814,-46.84474042256673,1.0603442112050496,12.602744373008555
091180161,0.0,4.3,SPEAKER9118,-45.09479015261628,-50.399716450617866,1.059775341882577,14.149388358904504
090700042,0.0,3.8,SPEAKER9070,-44.87019428453947,-48.06739968519945,1.059775341882577,10.664997019607712
075510017,0.0,3.037,SPEAKER7551,-44.37381784539474,-47.53448576085708,1.059775341882577,17.528501062159716
065040127,0.0,2.8,SPEAKER6504,-44.92154715401786,-53.99406356811524,1.059775341882577,16.282121112814615
020020181,0.0,3.29,SPEAKER2002,-51.163047349924014,-57.25925109863281,1.059775341882577,11.511623977548393
004820214,0.0,3.158,SPEAKER0482,-45.50882923753956,-47.78418731689453,1.059775341882577,13.730181681951501
001570212,0.0,3.0,SPEAKER0157,-47.590517578125,-53.01544298444475,1.059775341882577,19.97965653895075
020300147,0.0,3.434,SPEAKER2030,-42.72406272776968,-44.96471926371257,1.0597727932736225,9.794208651470194
020070065,0.0,3.57,SPEAKER2007,-45.96117822128851,-50.241282844543456,1.056722831294364,13.807806098605479
010390257,0.0,2.89,SPEAKER1039,-42.76524991890138,-49.38518187578987,1.056722831294364,15.17067667349471
069120121,0.0,3.884,SPEAKER6912,-47.39230126449742,-50.86754480997721,1.054702716935522,12.623658960829351
027990056,0.0,3.61,SPEAKER2799,-53.17615456198061,-57.493416884849815,1.054702716935522,16.422531112263208
011810168,0.0,2.53,SPEAKER1181,-45.844058794466406,-51.21847025553385,1.054702716935522,15.62329400698721
023550201,0.0,3.869,SPEAKER2355,-47.550584423449614,-52.090088285248854,1.0547012915582714,9.701918989960179
013340034,0.0,2.51,SPEAKER1334,-46.69231667081673,-52.07410511217619,1.0547012915582714,12.122108116375781
061210060,0.0,3.468,SPEAKER6121,-46.8182102170389,-53.67445460232821,1.0523490973615608,11.92990382313503
080680174,0.0,2.72,SPEAKER8068,-42.19857249540441,-45.30136362711588,1.0523477257481368,10.560923417566315
020890260,0.0,3.529,SPEAKER2089,-48.2221195555949,-54.24908858079176,1.0500214511340777,11.947809193445663
020340096,0.0,3.05,SPEAKER2034,-51.43549884733606,-54.0111909866333,1.0500214511340777,10.035874184332247
012930079,0.0,2.71,SPEAKER1293,-43.17251643219557,-44.91334197100471,1.0500214511340777,12.34595954401627
013090147,0.0,2.906,SPEAKER1309,-45.84608233999141,-48.03344754819517,1.0500207222520268,8.649235124559905
010370025,0.0,2.926,SPEAKER1037,-43.51751146544368,-51.19825627253606,1.0500199933699756,16.16864059690066
010500108,0.0,2.78,SPEAKER1050,-44.17953644896583,-48.961810864900286,1.0426375167218893,14.185406448028896
054060147,0.0,4.5,SPEAKER5406,-42.94802951388889,-44.84846207191204,1.0414884261728978,11.819122100505645
052180041,0.0,3.33,SPEAKER5218,-48.72414895364114,-52.91775745815701,1.0414884261728978,10.8296712719341
060100124,0.0,5.62,SPEAKER6010,-40.574142293149464,-51.35053316752116,1.0414876219862557,10.983080893831186
010500018,0.0,1.93,SPEAKER1050,-41.30155288617228,-46.772160963578656,1.0414876219862557,14.268160612066772
010300169,0.0,2.54,SPEAKER1030,-43.44695035679134,-49.87343635559082,1.0414876219862557,12.666020902389386
036310036,0.0,3.398,SPEAKER3631,-44.534679457720586,-48.12547302246094,1.0414868177996137,13.815754220781699
030230340,0.0,3.834,SPEAKER3023,-45.19395092199739,-47.01933135986328,1.0414868177996137,16.474145471318614
010440099,0.0,2.05,SPEAKER1044,-47.291391958841466,-54.656195322672524,1.0414868177996137,13.896435550430382
030230336,0.0,2.931,SPEAKER3023,-46.99873346843003,-48.793755213419594,1.0414852094263296,15.785965921551464
030230086,0.0,3.215,SPEAKER3023,-46.48585197496118,-51.7732723460478,1.0412860894268667,14.615122636216487
001570361,0.0,3.57,SPEAKER0157,-46.218438156512605,-51.073729038238525,1.0404545760826984,18.00769503729552
030680003,0.0,3.83,SPEAKER3068,-44.88305727806789,-51.34282466343471,1.0388081796708843,15.539846011906215
024500006,0.0,2.712,SPEAKER2450,-48.75237834409594,-53.51342706119313,1.0388081796708843,16.849488993598296
023550099,0.0,3.152,SPEAKER2355,-47.70577876984127,-50.69114905909488,1.0388073302056313,13.815657994239553
030680105,0.0,2.504,SPEAKER3068,-41.23129296875,-49.01965217590332,1.038806480740378,16.260439852874956
013360360,0.0,3.11,SPEAKER1336,-45.78395046221865,-50.040190528420844,1.038806480740378,15.257328207537501
096470008,0.0,3.973,SPEAKER9647,-44.381907273299745,-48.4387788772583,1.0386613682074086,6.131478552456112
096220012,0.0,9.893,SPEAKER9622,-47.10061852249747,-57.06248092651367,1.0386613682074086,6.389066766811133
085850088,0.0,2.692,SPEAKER8585,-44.16538031482342,-44.84778056425207,1.0386613682074086,13.30935081278294
085810152,0.0,3.187,SPEAKER8581,-45.369308997844826,-49.09569100772633,1.0386613682074086,10.616209788318498
075510144,0.0,4.1,SPEAKER7551,-46.54448837652439,-49.41571022482479,1.0386613682074086,12.470569903124263
061210141,0.0,3.069,SPEAKER6121,-45.130089576547235,-52.03565233403986,1.0386613682074086,10.326269528292862
025380158,0.0,4.347,SPEAKER2538,-54.87905441810345,-59.1382609280673,1.0386613682074086,14.527707970820806
014470017,0.0,3.37,SPEAKER1447,-49.10096555081602,-57.60025151570638,1.0386613682074086,14.754096174107307
013720274,0.0,3.85,SPEAKER1372,-47.10190239448052,-51.50502593429,1.0386613682074086,18.991973654399423
013340375,0.0,3.19,SPEAKER1334,-42.44301038401254,-45.524096984863284,1.0386613682074086,14.168650427494256
012920155,0.0,4.41,SPEAKER1292,-47.081911670918366,-49.655455216117524,1.0386613682074086,11.492734840296635
008130271,0.0,3.153,SPEAKER0813,-47.22605716765873,-48.77720940631369,1.0386613682074086,13.016416007146804
000930040,0.0,2.57,SPEAKER0093,-40.95549610894942,-41.831927732987836,1.0386613682074086,10.701578153973767
000750123,0.0,2.927,SPEAKER0075,-53.101899130759385,-53.81190311207491,1.0386613682074086,11.595641300850707
000360133,0.0,4.519,SPEAKER0036,-45.70275338772124,-49.26266983032227,1.0386613682074086,11.747717241060574
096290018,0.0,6.623,SPEAKER9629,-51.42729182401813,-52.21864752335982,1.0386604985675674,2.7683840814997325
022360185,0.0,2.567,SPEAKER2236,-47.489045020671206,-52.70078574286567,1.0386604985675674,9.057811402354362
020160312,0.0,2.48,SPEAKER2016,-42.36449407762097,-47.32284704844157,1.0386604985675674,13.912543382421592
010330147,0.0,2.25,SPEAKER1033,-43.014995659722224,-50.76230430603027,1.0386604985675674,11.845192360282606
008130061,0.0,3.295,SPEAKER0813,-50.44070194128788,-53.531754952889905,1.0386604985675674,12.046591556617276
007360205,0.0,3.83,SPEAKER0736,-52.496731192885115,-56.96102523803711,1.0386604985675674,16.165373999247258
051950164,0.0,3.24,SPEAKER5195,-46.759792751736114,-51.15148689633324,1.0386596289277261,11.21149830606434
005630284,0.0,3.69,SPEAKER0563,-53.08064447831978,-56.6297509765625,1.0386596289277261,17.59695229900057
020590290,0.0,2.482,SPEAKER2059,-47.78156895791331,-50.69768524169922,1.0369281168257043,14.814787989228986
008130288,0.0,3.689,SPEAKER0813,-48.955729166666664,-51.74280122610239,1.03692757519196,13.875095422463227
024380276,0.0,2.59,SPEAKER2438,-46.6758038730695,-51.595601844787595,1.0369270335582157,18.42246671303341
054180075,0.0,2.102,SPEAKER5418,-44.105403645833334,-47.85054092407226,1.036130991540888,16.564979780856312
010330346,0.0,3.98,SPEAKER1033,-47.73838430433417,-49.84107685089111,1.036130991540888,10.319374714003903
096110004,0.0,2.994,SPEAKER9611,-42.42313571279264,-46.053656578063965,1.0313656713154327,6.4797369800452795
024500033,0.0,3.83,SPEAKER2450,-47.60360741677545,-55.167068682218854,1.0313656713154327,16.77984976638127
024270197,0.0,3.743,SPEAKER2427,-46.623396766377006,-49.17568035125733,1.0313656713154327,16.381710371921663
030750170,0.0,1.792,SPEAKER3075,-53.024135824022345,-55.21288458506266,1.031365092040169,14.060005523403728
024020047,0.0,2.65,SPEAKER2402,-51.835709021226414,-57.91354751586914,1.0313482212450653,17.286828681694686
013090364,0.0,3.77,SPEAKER1309,-48.21146593169761,-48.948659304914806,1.0313482212450653,9.624081848615193
010330035,0.0,3.21,SPEAKER1033,-43.35035168419003,-45.47739715576172,1.0313482212450653,11.167480265552435
000060094,0.0,3.18,SPEAKER0006,-46.5307033706761,-52.26050253475414,1.0313482212450653,18.075511075185485
027400295,0.0,2.859,SPEAKER2740,-47.45000751201923,-51.57626382928146,1.0313478420666295,16.030626827092526
020220295,0.0,2.997,SPEAKER2022,-47.387734375,-56.126231143349095,1.031347462888194,14.514971722067642
096290010,0.0,4.91,SPEAKER9629,-49.55130234852342,-54.38138498578753,1.0312885626403174,4.161246356190848
026210242,0.0,3.134,SPEAKER2621,-45.76351587460064,-49.227455615997314,1.0312885626403174,17.512215967839644
024410350,0.0,2.94,SPEAKER2441,-48.36210871067177,-53.51123944450827,1.0312885626403174,14.371659200747802
022080028,0.0,3.743,SPEAKER2208,-53.364090700200535,-62.80829038118061,1.0312885626403174,8.275059979899893
014200086,0.0,2.75,SPEAKER1420,-46.14676846590909,-54.371749030219185,1.0312885626403174,13.499621015565472
000940122,0.0,3.354,SPEAKER0094,-52.104675839552236,-53.49491379477761,1.0312885626403174,11.34810624881624
054080042,0.0,3.93,SPEAKER5408,-41.528084247773535,-46.85715139479864,1.0311792263438162,18.054296009014347
081530167,0.0,3.144,SPEAKER8153,-46.24092170083599,-50.40699086870466,1.0268839298967702,15.090232979089873
020340166,0.0,1.98,SPEAKER2034,-46.57539752998738,-51.702630615234376,1.0268839298967702,13.63772567244326
013090181,0.0,2.36,SPEAKER1309,-44.09235136387712,-48.403034422132706,1.0268839298967702,10.238878426920387
028920200,0.0,2.98,SPEAKER2892,-46.02617056417785,-53.678952598571776,1.0268832887082906,18.21909838379032
090880132,0.0,2.48,SPEAKER9088,-43.75300056703629,-47.90521458217076,1.026882647519811,15.079507968786858
010640297,0.0,4.374,SPEAKER1064,-47.0248989917048,-48.693180084228516,1.0196467913385328,10.585407383239158
010640242,0.0,2.773,SPEAKER1064,-46.66856808438628,-46.98621504647391,1.0196455622944876,10.29392317326505
020360299,0.0,4.071,SPEAKER2036,-48.94659858722359,-56.82397118930159,1.0187195065335237,16.085599850423797
000360343,0.0,4.0,SPEAKER0036,-49.730693359375,-53.642049916585286,1.0187185921245743,13.832968382542152
081530100,0.0,3.879,SPEAKER8153,-46.52218407699742,-51.85187911987305,1.0184216720585888,16.67998277256448
080630014,0.0,2.73,SPEAKER8063,-44.80806075434982,-48.49734339994543,1.0184216720585888,17.192455014904887
028920242,0.0,3.029,SPEAKER2892,-47.43993657178218,-54.937093881460335,1.0184216720585888,17.36122372933812
022520226,0.0,2.646,SPEAKER2252,-42.991597877358494,-49.129395484924316,1.0184216720585888,14.517077909804351
022080202,0.0,2.406,SPEAKER2208,-47.93791331690871,-52.287350518362864,1.0184216720585888,9.511336772854305
011560257,0.0,3.228,SPEAKER1156,-46.37999165537926,-51.366844177246094,1.0184216720585888,16.15206838947476
010370217,0.0,2.149,SPEAKER1037,-41.77973292151163,-51.26242701212565,1.0184216720585888,11.725246621582528
032080093,0.0,3.0,SPEAKER3208,-44.970462239583334,-48.36081865098741,1.018421254841932,17.47271162815632
030020136,0.0,2.86,SPEAKER3002,-44.62973598666958,-49.069758551461355,1.018421254841932,14.160701327875291
020590265,0.0,3.634,SPEAKER2059,-47.28501097623967,-48.10516567230225,1.018421254841932,12.588164480685057
014200161,0.0,3.12,SPEAKER1420,-43.32337364783654,-44.697610749138725,1.018421254841932,15.17984917137587
054320140,0.0,4.031,SPEAKER5432,-44.41576845533499,-46.066560472760884,1.0170146332868477,13.419678078980317
029810283,0.0,2.43,SPEAKER2981,-46.075448495370374,-52.364951863008386,1.0128453899946042,15.436129696727349
024510179,0.0,3.265,SPEAKER2451,-43.52303433199541,-49.20703466315018,1.0128453899946042,16.0517548853462
023270080,0.0,2.575,SPEAKER2327,-47.83238705184109,-50.39201893525965,1.0128441940032888,13.233349612696237
069120094,0.0,4.18,SPEAKER6912,-41.053010055322964,-47.27432804107666,1.0128429980119733,11.623262503849109
000750045,0.0,2.611,SPEAKER0075,-50.1376092552682,-50.81835321279672,1.0104731876963688,23.885221243380414
054060126,0.0,4.406,SPEAKER5406,-48.044168969671205,-48.88761936534535,1.0103707413948304,9.78327106426878
021160207,0.0,2.816,SPEAKER2116,-47.949014433732266,-53.89206466674805,1.0103707413948304,14.241981045878884
010120200,0.0,2.44,SPEAKER1012,-43.90667024205943,-48.61969196095186,1.0103707413948304,14.528759449072203
030750155,0.0,2.931,SPEAKER3075,-48.23672808233788,-49.71280318040114,1.0103690584330056,11.514304814479335
090340085,0.0,2.88,SPEAKER9034,-44.60155910915799,-51.28086447715759,1.0075620626289965,15.448958389075944
000240350,0.0,2.83,SPEAKER0024,-46.909448846068905,-51.33512281334919,1.0075588080189892,14.835659823730587
096010007,0.0,3.614,SPEAKER9601,-43.751853034106645,-49.826437377929686,1.0073219931124922,15.20480123919805
024480255,0.0,3.229,SPEAKER2448,-47.39397494195047,-51.946960796009414,1.0073219931124922,18.40963441742968
014200295,0.0,3.38,SPEAKER1420,-42.794485600036985,-47.79243629857113,1.0073219931124922,13.070131511291908
011860363,0.0,5.662,SPEAKER1186,-45.11978591541519,-47.791595458984375,1.0073219931124922,13.890074944569427
011860332,0.0,3.27,SPEAKER1186,-46.64849424216361,-48.94957997248723,1.0073219931124922,15.322742381051258
000010149,0.0,3.28,SPEAKER0001,-50.02346131859756,-52.250099436442056,1.0051155214703114,13.182216044318475
091070040,0.0,3.981,SPEAKER9107,-46.79695351758794,-50.138390325730846,1.0049630428743983,15.307835330207212
091070061,0.0,2.696,SPEAKER9107,-46.408344184027776,-51.91229890522204,1.0049630428743983,13.217794559649613
054280128,0.0,3.066,SPEAKER5428,-46.685753639047235,-54.5880241394043,1.0049630428743983,12.552995435174932
050720079,0.0,3.64,SPEAKER5072,-42.88092376373626,-47.21812919616699,1.0049630428743983,15.960438010756175
028920012,0.0,2.621,SPEAKER2892,-45.90805403148855,-47.78650756109329,1.0049630428743983,15.315472244241544
022820062,0.0,4.022,SPEAKER2282,-50.423400575248756,-54.09415181477865,1.0049630428743983,8.364334171934308
020070165,0.0,4.05,SPEAKER2007,-46.480131172839506,-53.3720817565918,1.0049630428743983,14.92094533200716
014350016,0.0,3.94,SPEAKER1435,-46.233571938451774,-48.94099988435444,1.0049630428743983,10.762597886398705
010920043,0.0,2.73,SPEAKER1092,-42.88214714972528,-44.3993407029372,1.0049630428743983,15.477185363563233
009810305,0.0,3.3,SPEAKER0981,-43.55830669981061,-48.42068290710449,1.0049630428743983,14.489390960930262
003060285,0.0,3.69,SPEAKER0306,-51.951711763211385,-57.30683846907182,1.0049630428743983,19.38593136364723
000480033,0.0,2.43,SPEAKER0048,-45.219867219650205,-52.8862559000651,1.0049630428743983,26.673623239808954
000440021,0.0,4.387,SPEAKER0044,-49.87769166429385,-53.318999481201175,1.0049630428743983,16.452954508118417
000360223,0.0,4.021,SPEAKER0036,-51.32135222325871,-54.61051890055339,1.0049630428743983,14.182369548015664
091070143,0.0,2.549,SPEAKER9107,-45.44831878063726,-48.14259274800619,1.0049622986298568,13.326197304104454
080570014,0.0,3.111,SPEAKER8057,-47.197950160771704,-51.16206705002558,1.0049622986298568,14.642744046377304
022440126,0.0,2.655,SPEAKER2244,-47.256813909774436,-53.631043434143066,1.0043508380453825,15.259865402023138
029170161,0.0,4.098,SPEAKER2917,-46.823404153963416,-52.23421096801758,1.0043500796885112,15.46490554612005
000490157,0.0,2.665,SPEAKER0049,-44.06286941128277,-51.46550587245396,1.0043500796885112,15.82492843558874
096310013,0.0,4.713,SPEAKER9631,-44.596806163747345,-50.815337680635,1.0039582571340475,12.361983046512805
055510165,0.0,2.86,SPEAKER5551,-50.23757102272727,-52.87841081619263,1.0039582571340475,10.14835685653767
030120029,0.0,2.397,SPEAKER3012,-47.093115234375,-52.29592426006611,1.003957387494206,9.919228127985004
009600186,0.0,3.196,SPEAKER0960,-48.960940551757815,-53.14544910854764,1.003957387494206,16.862645659667955
005630375,0.0,3.29,SPEAKER0563,-54.83643023366261,-58.137539358700025,1.003957387494206,12.77914185003016
000540117,0.0,3.12,SPEAKER0054,-54.90039688501603,-56.623119831085205,1.003957387494206,12.769542723485905
096450008,0.0,3.659,SPEAKER9645,-45.03806459187158,-45.68283176422119,1.0031640094986232,13.352980052121342
021290169,0.0,2.853,SPEAKER2129,-42.911139665570175,-48.20081048262747,1.0031640094986232,15.349714679596845
014650043,0.0,3.27,SPEAKER1465,-48.20930690940367,-49.791416803995766,1.0031630628681212,11.192631468682475
014180077,0.0,3.246,SPEAKER1418,-48.33347956730769,-51.46829106257512,1.0031630628681212,13.973273485354259
014350022,0.0,3.01,SPEAKER1435,-49.89889495950997,-54.64440663655599,1.0027741967445885,12.863557454604226
013090027,0.0,3.351,SPEAKER1309,-46.11771513526119,-50.82782554626465,1.0027741967445885,8.739201436952829
010330129,0.0,3.529,SPEAKER1033,-45.15047085251416,-49.792085876464846,1.0027741967445885,11.456356776529041
001570203,0.0,2.87,SPEAKER0157,-45.94977338305749,-53.69373655319214,1.0027741967445885,17.555694495711492
024020321,0.0,2.682,SPEAKER2402,-47.250320662313435,-52.91108703613281,1.0027736052369576,16.87731515845215
013360146,0.0,2.564,SPEAKER1336,-50.91448211669922,-55.99322646004813,1.0027730137293267,17.87880249674555
001350285,0.0,3.11,SPEAKER0135,-45.15544300140675,-46.357131799062095,1.002771830714065,15.82932867621414
024270176,0.0,2.843,SPEAKER2427,-45.08425946302817,-49.16604518890381,1.002226243013254,15.641561584391628
030600154,0.0,2.765,SPEAKER3060,-46.623032773014444,-49.969716332175516,1.0014921658899019,16.9737045084591
030230330,0.0,3.595,SPEAKER3023,-45.721104600694446,-51.400358041127525,1.0009754913651534,15.023849632069899
028970057,0.0,4.73,SPEAKER2897,-48.49410759117336,-52.69115734100342,0.9928542575438991,16.8538752922576
020890156,0.0,3.033,SPEAKER2089,-43.3601968595297,-50.254661560058594,0.9928542575438991,10.923415798781225
010750072,0.0,3.77,SPEAKER1075,-47.44869031830239,-53.75460572676225,0.9928542575438991,8.134148219817906
010270301,0.0,2.632,SPEAKER1027,-47.159049726711025,-52.5502216941432,0.9928542575438991,17.13670591278261
001200098,0.0,3.16,SPEAKER0120,-42.17885618571994,-45.120869591122585,0.9928542575438991,16.814122139714293
090880086,0.0,2.69,SPEAKER9088,-42.56334950046468,-46.56625988608912,0.9913843583776507,13.233551448778325
050290145,0.0,3.37,SPEAKER5029,-45.938514234050444,-47.28202621459961,0.9913843583776507,10.37221553300187
032140121,0.0,4.68,SPEAKER3214,-46.62593900240385,-48.157494439019096,0.9913843583776507,15.163193710581304
015020101,0.0,2.96,SPEAKER1502,-47.39761270059122,-52.36865162849426,0.9913843583776507,12.337044416745156
010290236,0.0,3.64,SPEAKER1029,-47.18198403159341,-51.0623893737793,0.9877850718852473,11.802583118569169
080680066,0.0,3.239,SPEAKER8068,-42.88822277681327,-46.99226779029483,0.9823148101561087,15.748218760659734
050290009,0.0,2.87,SPEAKER5029,-47.03203261106272,-51.05640550093217,0.9823148101561087,11.636234946986193
012030043,0.0,2.9,SPEAKER1203,-46.98244881465517,-51.221231587727864,0.9823148101561087,14.104138660496588
010500110,0.0,2.29,SPEAKER1050,-44.59065399836245,-48.04746201459099,0.9823140059694666,14.88137075462269
004610176,0.0,2.2,SPEAKER0461,-44.89490855823863,-51.290335141695465,0.9823140059694666,14.947788823736989
022440189,0.0,4.203,SPEAKER2244,-49.43129185267857,-53.44821915803132,0.9823132017828247,14.912253988808192
004570106,0.0,3.51,SPEAKER0457,-50.01836271367522,-50.09130756671612,0.9823132017828247,14.547106377417032
010290362,0.0,2.83,SPEAKER1029,-47.204622625883395,-51.48756767721737,0.9820649875643305,14.114714154288603
060480050,0.0,3.3,SPEAKER6048,-48.445815577651516,-52.95953392982483,0.9820645142490795,13.627819915426347
010270268,0.0,3.55,SPEAKER1027,-46.878504621478875,-50.925690460205075,0.9820645142490795,15.384249656183346
061210128,0.0,2.96,SPEAKER6121,-47.65243942673142,-54.743404388427734,0.9820640409338285,11.229453539861165
091180015,0.0,3.701,SPEAKER9118,-47.33830764358108,-52.966184095902875,0.9805369763574104,12.575338624832773
090340090,0.0,4.25,SPEAKER9034,-48.05204044117647,-52.92740306147822,0.9796214941847464,10.504742191158698
060670094,0.0,4.66,SPEAKER6067,-45.73048132376609,-48.90280559145171,0.9796214941847464,16.116150398070737
051950044,0.0,2.56,SPEAKER5195,-46.66090774536133,-55.10747228349958,0.9796214941847464,15.532813099825077
036310021,0.0,2.93,SPEAKER3631,-47.509565646331055,-49.96764278411865,0.9796214941847464,17.04809301609309
034230112,0.0,3.36,SPEAKER3423,-47.673496791294646,-52.206543315540664,0.9796214941847464,13.821910066147435
032140117,0.0,2.912,SPEAKER3214,-44.43826514175258,-47.61682564871652,0.9796214941847464,17.75682287186367
030140009,0.0,2.06,SPEAKER3014,-47.64758419296116,-49.5750846862793,0.9796214941847464,12.928488238746842
030070135,0.0,2.84,SPEAKER3007,-46.582058758802816,-47.36236774220186,0.9796214941847464,12.977882475299708
030070094,0.0,4.0,SPEAKER3007,-43.8624755859375,-47.7879392450506,0.9796214941847464,11.469795213145888
029810350,0.0,4.22,SPEAKER2981,-47.44387311167062,-48.184802174568176,0.9796214941847464,14.731630116712829
029810204,0.0,2.72,SPEAKER2981,-48.13242115693934,-58.04123642865349,0.9796214941847464,15.919376905675868
022510255,0.0,3.036,SPEAKER2251,-43.66975483141447,-48.57067606999324,0.9796214941847464,14.332712746350868
014180158,0.0,2.5,SPEAKER1418,-44.48459375,-50.324501037597656,0.9796214941847464,17.378605730958693
012930051,0.0,3.51,SPEAKER1293,-44.06872384704416,-49.343763732910155,0.9796214941847464,10.2346067821873
011810184,0.0,3.55,SPEAKER1181,-46.28101342429577,-49.80485784090482,0.9796214941847464,16.120438337085613
010300236,0.0,2.55,SPEAKER1030,-44.46147748161765,-46.48662821451823,0.9796214941847464,12.320855412769982
008130356,0.0,2.638,SPEAKER0813,-44.89512310606061,-50.26071381568909,0.9796214941847464,16.231943280928256
005750168,0.0,2.917,SPEAKER0575,-49.77784540881849,-55.408125983344185,0.9796214941847464,18.423757539366648
027990201,0.0,3.426,SPEAKER2799,-48.90952988338192,-49.59855003356934,0.979620794367853,15.432930362990195
013720051,0.0,4.35,SPEAKER1372,-48.32540409482758,-53.559121498694786,0.979620794367853,18.693633380329793
030750146,0.0,2.404,SPEAKER3075,-47.616512044270834,-49.25465393066406,0.9796200945509596,16.109526008033797
095580133,0.0,4.32,SPEAKER9558,-46.68305121527778,-47.5911898803711,0.9796186949171727,12.554720363517376
060670060,0.0,3.79,SPEAKER6067,-47.240234375,-50.649407704671226,0.9796186949171727,14.193878945186672
050290068,0.0,3.28,SPEAKER5029,-47.63492044588415,-53.29543846531918,0.9796186949171727,11.915081989512343
020020303,0.0,3.025,SPEAKER2002,-48.91407539191419,-54.55857491493225,0.9796186949171727,11.718767872511174
004820265,0.0,3.9,SPEAKER0482,-45.03442007211538,-48.148145599365236,0.9796186949171727,15.418851810363048
069120003,0.0,4.05,SPEAKER6912,-47.12393904320987,-48.28768648420061,0.9790572865500162,11.234294766027187
054320015,0.0,2.71,SPEAKER5432,-36.25293689460332,-38.9355864091353,0.9790546082858387,14.367449547404457
054140015,0.0,2.261,SPEAKER5414,-44.52981540376106,-46.71303291320801,0.9790546082858387,13.045202054834055
027400276,0.0,2.443,SPEAKER2740,-46.98264200179303,-50.81288310459682,0.9790546082858387,20.037164304592828
024880267,0.0,2.375,SPEAKER2488,-51.85675305278362,-58.421913146972656,0.9790546082858387,16.349044097309715
022440215,0.0,2.974,SPEAKER2244,-47.12109375,-52.408753395080566,0.9790546082858387,14.11266017026349
020020185,0.0,3.306,SPEAKER2002,-46.846446610649544,-50.81840979534647,0.9790546082858387,11.287308761168779
013340217,0.0,3.19,SPEAKER1334,-43.746825406543884,-47.477057218551636,0.9790546082858387,12.90024966141915
004820055,0.0,3.32,SPEAKER0482,-45.6410250376506,-48.63221600181178,0.9790546082858387,14.7680415337989
001200121,0.0,2.47,SPEAKER0120,-43.39961965460526,-47.707082748413086,0.9790546082858387,13.506711136743263
054010091,0.0,3.31,SPEAKER5401,-48.62575233666919,-51.367996788024904,0.9790532691537498,11.083408517947161
020020094,0.0,3.821,SPEAKER2002,-48.56446335078534,-51.165015676747196,0.9790532691537498,9.207572074381105
091180044,0.0,3.75,SPEAKER9118,-45.484953125,-49.40651607513428,0.979051930021661,15.596009904635299
021680016,0.0,3.823,SPEAKER2168,-47.11492760143979,-53.83932893926447,0.979051930021661,9.799484018658237
021160326,0.0,4.202,SPEAKER2116,-49.178427269345235,-53.694713287353515,0.979051930021661,16.091989933689888
054280109,0.0,3.38,SPEAKER5428,-45.20749930658284,-48.370515522203945,0.9779764665040859,10.262505320280972
014070239,0.0,4.14,SPEAKER1407,-44.59363677536232,-51.64110353257921,0.9779764665040859,7.855842040511696
012280173,0.0,3.51,SPEAKER1228,-45.508869747150996,-47.12649614670698,0.9779764665040859,9.110928530402699
010420040,0.0,3.376,SPEAKER1042,-44.75775182599852,-48.64979465191181,0.9779750411268353,10.315560085730771
054010105,0.0,3.422,SPEAKER5401,-45.6595337627924,-50.579403177897134,0.9777162038143478,11.735132648241947
010370204,0.0,2.626,SPEAKER1037,-43.84399506891635,-50.41411421034071,0.9777156506109118,13.840164856158232
081530088,0.0,2.609,SPEAKER8153,-48.761004100814176,-57.73638714061064,0.9775832392164534,15.302434299423153
060100009,0.0,2.79,SPEAKER6010,-43.853883148521504,-47.5708969517758,0.9775832392164534,13.900395419593009
030750061,0.0,2.406,SPEAKER3075,-46.39922766467842,-48.039661114032455,0.9775832392164534,11.91281447959721
022820357,0.0,2.89,SPEAKER2282,-51.713549551254324,-57.89854431152344,0.9775832392164534,8.563474085365629
020890313,0.0,3.277,SPEAKER2089,-44.36278701410061,-50.587572733561196,0.9775832392164534,9.713155017116573
020220221,0.0,2.684,SPEAKER2022,-49.10779355177239,-53.59312865313362,0.9775832392164534,13.603671049071945
014350158,0.0,2.294,SPEAKER1435,-52.0870377319869,-53.988680097791885,0.9775832392164534,14.028397973698166
013090160,0.0,2.87,SPEAKER1309,-45.894772838632406,-50.720524331797726,0.9775832392164534,9.033627876959809
013090179,0.0,3.35,SPEAKER1309,-45.00205223880597,-48.37067153237083,0.9775832392164534,7.764943830734753
000060015,0.0,3.31,SPEAKER0006,-45.99598163708459,-48.43874314252068,0.9775832392164534,14.67623042193718
090340007,0.0,3.233,SPEAKER9034,-43.68972523219814,-47.27064437866211,0.9775819484644638,15.590437570327978
090340054,0.0,2.89,SPEAKER9034,-44.81761935012976,-50.40714878506131,0.9775819484644638,17.094042938919856
054080165,0.0,3.44,SPEAKER5408,-47.12296738735465,-49.75351814601732,0.9775819484644638,14.917934427569536
052180104,0.0,4.1,SPEAKER5218,-47.04346417682927,-49.12381227554813,0.9775819484644638,11.767244732803116
022420292,0.0,3.001,SPEAKER2242,-44.412272135416664,-47.36129964192708,0.9775819484644638,13.472870374871594
096460011,0.0,5.023,SPEAKER9646,-46.79434605328685,-53.407717271284625,0.9775806577124742,4.768742441490829
080570053,0.0,3.52,SPEAKER8057,-44.61121992631392,-49.091657638549805,0.9775806577124742,16.75069260412625
027990156,0.0,3.53,SPEAKER2799,-53.49377545148725,-55.51496569315592,0.9757184619885028,17.12448249723536
064010135,0.0,3.36,SPEAKER6401,-45.047098795572914,-46.94493815104167,0.9751613248458073,8.5045968605458
030020047,0.0,2.56,SPEAKER3002,-44.86894989013672,-49.06256052652995,0.9734384726856994,11.068129153366954
091070056,0.0,3.02,SPEAKER9107,-44.97942428083609,-48.147940136137464,0.9734377592365785,14.223040653097367
010390244,0.0,2.57,SPEAKER1039,-42.759682028210115,-48.12017095656622,0.9734377592365785,14.019785553955476
091070038,0.0,3.82,SPEAKER9107,-46.90785544829843,-51.045052987557874,0.9725282387317224,13.468870535745877
000030145,0.0,2.78,SPEAKER0003,-48.32715897594424,-49.4807243347168,0.9725282387317224,16.62477375601058
010500152,0.0,2.73,SPEAKER1050,-41.232979910714285,-48.086129324776785,0.9725273646008457,13.881675278753645
075510041,0.0,2.652,SPEAKER7551,-45.48606279481132,-51.81581061226981,0.972526490469969,15.243141740223436
030230280,0.0,3.443,SPEAKER3023,-44.32277093931686,-48.01567338642321,0.972526490469969,15.439487030109573
030020008,0.0,2.67,SPEAKER3002,-44.18593823150749,-48.8036375779372,0.972526490469969,13.920301558819176
091180163,0.0,3.26,SPEAKER9118,-47.03620470667178,-51.72435852050781,0.9719021859135717,15.99200520971121
091180133,0.0,3.54,SPEAKER9118,-47.038775600282484,-50.08535839262463,0.9719021859135717,12.39195388315333
090880145,0.0,2.65,SPEAKER9088,-44.599649911556604,-49.63321399688721,0.9719021859135717,15.641545459471091
090340088,0.0,2.31,SPEAKER9034,-43.18536931818182,-49.99535252497746,0.9719021859135717,10.163105792149745
080680060,0.0,3.16,SPEAKER8068,-43.86481408227848,-47.52322166844418,0.9719021859135717,13.380749551506204
029810315,0.0,2.9,SPEAKER2981,-42.87751212284483,-47.479326248168945,0.9719021859135717,17.137460723377476
028970251,0.0,2.642,SPEAKER2897,-47.10205078125,-56.22621841430664,0.9719021859135717,19.731056180695475
024270019,0.0,3.477,SPEAKER2427,-48.77663097162356,-52.3947886512393,0.9719021859135717,13.586569428347307
010390039,0.0,2.25,SPEAKER1039,-43.58692274305555,-50.060503005981445,0.9719021859135717,12.037228092983778
080570089,0.0,3.24,SPEAKER8057,-48.76595654899691,-52.805399031866166,0.9719014208230728,19.24279687468357
008110043,0.0,3.609,SPEAKER0811,-45.539733379501385,-48.60051362410836,0.9719014208230728,17.63933007503966
090880147,0.0,2.48,SPEAKER9088,-46.45787786668347,-48.89294668344351,0.9719006557325741,14.950414936839028
090700019,0.0,2.72,SPEAKER9070,-43.82343965418198,-46.273101043701175,0.9719006557325741,10.377530352215686
052180042,0.0,3.26,SPEAKER5218,-46.22225184528374,-47.9686451787534,0.9719006557325741,11.853957499575547
050290062,0.0,2.94,SPEAKER5029,-51.24312088116496,-52.60735163969152,0.9719006557325741,8.531839956774482
024270155,0.0,2.884,SPEAKER2427,-47.957485622829864,-50.36394214630127,0.9719006557325741,13.803071456356644
095530161,0.0,3.15,SPEAKER9553,-43.1314701140873,-48.04248676300049,0.9718991255515764,12.00515123787157
027990247,0.0,3.47,SPEAKER2799,-51.42410955511527,-53.7135474163553,0.9718991255515764,17.17577011244979
014200087,0.0,4.58,SPEAKER1420,-44.46888219841703,-47.43776022421347,0.9718991255515764,12.330315227865562
008130091,0.0,4.822,SPEAKER0813,-49.882776030860995,-51.30980423958071,0.9718991255515764,11.861063572022724
054240109,0.0,2.405,SPEAKER5424,-47.41708538641079,-50.63239697047642,0.9713870821501732,12.371275336516838
020160178,0.0,3.559,SPEAKER2016,-41.593577181355336,-46.57404586791992,0.9699186040182636,17.302058872823025
029810139,0.0,2.91,SPEAKER2981,-47.197352878006875,-51.08923657735189,0.9699177631531261,14.368365236329495
085840020,0.0,3.97,SPEAKER8584,-45.9090640743073,-49.83844112527782,0.9690551640375176,14.689186463845985
022360259,0.0,2.987,SPEAKER2236,-43.1611132159281,-49.63223447297749,0.9690551640375176,10.56002835369141
000940093,0.0,2.82,SPEAKER0094,-46.180826822916664,-46.47169208526611,0.9690534607562616,13.282083368919784
015010137,0.0,3.604,SPEAKER1501,-49.04276801215278,-53.73013365896124,0.9690517574750057,11.87574887890858
054320136,0.0,3.46,SPEAKER5432,-45.65439283778902,-50.19121089734529,0.9677326967381955,12.569430544603907
012920143,0.0,3.553,SPEAKER1292,-50.38094190140845,-50.692336578369144,0.9677326967381955,12.862213113092974
029810135,0.0,2.74,SPEAKER2981,-47.621895671760946,-51.293452349576086,0.9677319383813241,14.82544169840283
024880190,0.0,4.28,SPEAKER2488,-51.42244542202103,-54.778617677234465,0.9677319383813241,14.960256568088333
000030097,0.0,2.39,SPEAKER0003,-52.3858239082113,-54.793260955810545,0.9622344504269773,13.7591980585085
036310159,0.0,3.255,SPEAKER3631,-48.074689057707054,-51.01387405395508,0.955886416614015,14.064599397659928
026210287,0.0,3.285,SPEAKER2621,-46.37588751424772,-49.849346001942955,0.955886416614015,18.280116088543558
020160132,0.0,3.356,SPEAKER2016,-45.778965541294646,-50.59000539779663,0.9558857939890248,15.501277483905056
061210095,0.0,2.42,SPEAKER6121,-47.05736699380165,-54.99848937988281,0.9535123219493982,12.414281908146284
051950154,0.0,3.0,SPEAKER5195,-47.857431640625,-53.446452882554794,0.9535123219493982,11.50780429278009
038370160,0.0,2.58,SPEAKER3837,-51.34311409883721,-52.7473949432373,0.9535123219493982,14.397616473851738
020360019,0.0,3.484,SPEAKER2036,-51.233684671336206,-58.5452823638916,0.9535123219493982,14.132597786863554
000050028,0.0,2.723,SPEAKER0005,-48.523110782398895,-51.12488059997558,0.9535123219493982,12.745992894815355
054010055,0.0,2.937,SPEAKER5401,-46.75514522215136,-53.30813132392036,0.9535107917684005,15.466407525042388
000540163,0.0,2.52,SPEAKER0054,-56.86224268353175,-58.13220659891764,0.9535107917684005,13.365869859799183
000490032,0.0,2.798,SPEAKER0049,-47.71974748883929,-51.56874132156372,0.9535107917684005,11.638662538057112
010270368,0.0,4.08,SPEAKER1027,-46.790565640318626,-50.3308096991645,0.9535092615874029,15.136597766669933
060670036,0.0,3.019,SPEAKER6067,-48.12485771937086,-51.419750690460205,0.9509120934304259,13.334305330844373
090880060,0.0,2.28,SPEAKER9088,-42.48910790158991,-42.135100809733075,0.9484243991179164,13.53936849655952
022080146,0.0,3.201,SPEAKER2208,-51.20918579101563,-56.36132892809416,0.9484243991179164,10.890906826347095
005750150,0.0,3.53,SPEAKER0575,-50.91297804532578,-58.374469922936484,0.9484243991179164,18.95213769166875
029170197,0.0,3.397,SPEAKER2917,-47.972748161764706,-52.67412064292214,0.9460571402809228,15.673106521547414
013360162,0.0,3.245,SPEAKER1336,-51.11846153846154,-55.58736968040466,0.9420133974128093,17.831314708069034
085850056,0.0,3.95,SPEAKER8585,-44.95286293512658,-50.50761181375255,0.9417122421576446,13.137593443031665
061210075,0.0,2.1,SPEAKER6121,-44.96297433035714,-53.812494798140094,0.9417122421576446,11.487238633271513
030210143,0.0,3.53,SPEAKER3021,-45.534730214235125,-47.61184334754944,0.9417122421576446,11.735547945659325
013720201,0.0,3.13,SPEAKER1372,-46.847743610223645,-52.45100178438074,0.9417122421576446,19.863494101940276
000480090,0.0,1.91,SPEAKER0048,-50.00753640379581,-53.14537572860718,0.9417122421576446,24.270411929156033
000050099,0.0,2.85,SPEAKER0005,-53.266358278508775,-52.917219947366156,0.9417115287085237,14.302135173745688
001350375,0.0,3.17,SPEAKER0135,-47.53754374507098,-47.92899417877197,0.941503639146865,14.913104237600471
030140129,0.0,2.18,SPEAKER3014,-41.86498799455275,-45.85947254725865,0.9407353135385126,16.782127610417493
095550134,0.0,3.22,SPEAKER9555,-43.9895004367236,-50.160051107406616,0.9382572620108792,13.204550487024125
090340032,0.0,3.93,SPEAKER9034,-45.13000457220102,-48.9464655656081,0.9382572620108792,16.88127877043592
029170149,0.0,2.933,SPEAKER2917,-46.57221896331058,-56.58255301581489,0.9382572620108792,17.845837352335916
024380197,0.0,3.257,SPEAKER2438,-47.07856834739264,-52.241531718860976,0.9382572620108792,15.919852145523532
023800260,0.0,3.621,SPEAKER2380,-41.20485961239641,-44.40799331665039,0.9382572620108792,17.02065115548634
022420138,0.0,3.063,SPEAKER2242,-43.90654041564542,-48.25389684041341,0.9382572620108792,15.125572603528951
020360301,0.0,2.708,SPEAKER2036,-43.69228912015683,-50.71417579650879,0.9382572620108792,13.002947549968958
010440154,0.0,1.88,SPEAKER1044,-45.71131669714096,-50.795189597389914,0.9382572620108792,15.473272052141356
010370352,0.0,3.034,SPEAKER1037,-41.61272689768977,-48.73193677266439,0.9382572620108792,14.52733406726291
001570324,0.0,4.07,SPEAKER0157,-45.70662334920147,-47.7241739654541,0.9382572620108792,20.84911624082227
030750076,0.0,2.636,SPEAKER3075,-48.81772312973485,-53.05286645889282,0.9382567981486377,12.772021616979217
021290134,0.0,2.682,SPEAKER2129,-43.63302020172575,-51.918932851155596,0.9382567981486377,14.242277426284002
015010170,0.0,2.463,SPEAKER1501,-50.47291825457317,-56.30070114135742,0.9382567981486377,8.751763909262808
014200229,0.0,3.07,SPEAKER1420,-42.96475468241042,-45.36287343060529,0.9382567981486377,14.2497862027441
008110371,0.0,2.3,SPEAKER0811,-43.205753226902175,-47.4187978108724,0.9382567981486377,17.51163571887005
000240287,0.0,2.17,SPEAKER0024,-45.13519315236175,-52.816429138183594,0.9382567981486377,18.233679834066486
020020174,0.0,2.518,SPEAKER2002,-45.55082000248016,-55.456381389072966,0.9382563342863961,8.432361406538908
011860301,0.0,4.36,SPEAKER1186,-48.75251756020642,-52.268899616442226,0.9382563342863961,14.357511980417238
032080038,0.0,2.66,SPEAKER3208,-45.2738046287594,-50.45778172810872,0.9356399476932886,19.395721446798273
025380051,0.0,3.196,SPEAKER2538,-50.86216430664062,-55.86089826885023,0.9356392913344385,19.71992886988444
080630030,0.0,2.73,SPEAKER8063,-48.09874370421245,-51.56155497233073,0.9351335208952216,15.084612895788489
023800278,0.0,3.957,SPEAKER2380,-42.13892341382576,-47.88833340731534,0.9351335208952216,18.873753261628636
010290066,0.0,3.63,SPEAKER1029,-49.48924436122589,-53.555948991041916,0.9351335208952216,11.764674983895038
012600219,0.0,3.655,SPEAKER1260,-40.21072938012295,-47.48535639444987,0.9351328082065964,10.022715882426375
005670159,0.0,2.771,SPEAKER0567,-50.665137776398915,-58.5399897257487,0.9345778676756016,15.938509241274776
020070157,0.0,2.8,SPEAKER2007,-43.34010881696429,-48.021452296863906,0.9345774472430327,14.573164861223955
011860317,0.0,4.07,SPEAKER1186,-44.93853174907862,-48.927804834702435,0.9341795017971791,14.99693705693526
012920146,0.0,3.39,SPEAKER1292,-46.12934411873157,-49.66421981084915,0.9341783432466519,12.312626709202727
010610025,0.0,3.04,SPEAKER1061,-46.95170191714638,-53.61882495880127,0.9341783432466519,8.664669226311085
095550107,0.0,2.31,SPEAKER9555,-46.80335159632035,-50.58543232509068,0.9339861687373632,11.606966728443615
090880140,0.0,2.48,SPEAKER9088,-41.897602696572584,-44.791759702894424,0.9339861687373632,14.066687401485822
052180068,0.0,2.47,SPEAKER5218,-45.5149568256579,-53.24014714558919,0.9339861687373632,14.139543046488452
011350158,0.0,2.79,SPEAKER1135,-44.79574792786738,-48.260580209585335,0.9339861687373632,22.01605676396363
010500085,0.0,2.41,SPEAKER1050,-43.82607867608921,-49.84535598754883,0.9339861687373632,15.699166530489542
010370202,0.0,2.946,SPEAKER1037,-42.065231064618644,-50.677407328287764,0.9339861687373632,13.951579608988713
005750179,0.0,3.14,SPEAKER0575,-49.20671402269108,-55.41295130112592,0.9339861687373632,19.76831679386726
054180111,0.0,2.59,SPEAKER5418,-44.37248129826255,-45.984076499938965,0.9339852946064864,17.328629113399327
050150069,0.0,2.28,SPEAKER5015,-47.14078347724781,-49.722296494704025,0.9339844204756096,11.11202262653233
030070066,0.0,2.73,SPEAKER3007,-48.14255666208791,-50.71816517756535,0.933982672213856,11.561899775506735
005600180,0.0,2.987,SPEAKER0560,-41.696579744983275,-44.792665799458824,0.9329326270486055,17.43145158275137
001110009,0.0,3.1,SPEAKER0111,-50.32333039314516,-56.461599349975586,0.9329319731558839,17.295205776116465
010990218,0.0,2.344,SPEAKER1099,-45.3037359775641,-48.79930830001831,0.9298642113972395,14.21306064526565
020220060,0.0,2.646,SPEAKER2022,-46.49991892688679,-53.57959910801479,0.92986322464735,18.33242286914929
015010079,0.0,2.437,SPEAKER1501,-48.94819415983606,-54.29458665847778,0.929498897125516,8.76001080031056
014190030,0.0,3.03,SPEAKER1419,-47.936848958333336,-50.26819006601969,0.929498897125516,15.800653265062797
050290167,0.0,3.369,SPEAKER5029,-46.769699323071215,-49.90008770335805,0.9277354516662233,9.727887911807343
010270140,0.0,3.716,SPEAKER1027,-47.44829994119624,-53.321120348843664,0.9277354516662233,18.573715710557195
010270170,0.0,2.506,SPEAKER1027,-45.156059356324704,-50.832887749922904,0.9277347227841722,17.348091015801526
085850112,0.0,2.65,SPEAKER8585,-44.95525869693396,-53.91522284115062,0.9254887368536614,14.439763268176254
000530027,0.0,2.85,SPEAKER0053,-45.52560992324561,-51.64329189724393,0.9237549632117653,16.911553607985034
024300061,0.0,2.317,SPEAKER2430,-48.416941675646555,-54.61909866333008,0.9193091739182478,17.385561274589673
069120087,0.0,2.68,SPEAKER6912,-43.61120423274254,-47.52051645914714,0.9175741819149049,9.63376459398891
052180028,0.0,3.16,SPEAKER5218,-47.643792647349684,-50.163747787475586,0.9175741819149049,13.487620405358753
022420288,0.0,2.778,SPEAKER2242,-42.65183087904676,-46.22975370619032,0.9175741819149049,13.494499597981712
020220122,0.0,2.538,SPEAKER2022,-46.41037539985236,-55.22503471374512,0.9175741819149049,16.26452014717763
010290189,0.0,2.953,SPEAKER1029,-46.8630561440678,-52.33742029526655,0.9175741819149049,12.604129311639571
014350163,0.0,1.94,SPEAKER1435,-45.730428479381445,-52.17195205688476,0.9175737419715505,14.562651626601989
014080178,0.0,2.469,SPEAKER1408,-44.99849759615385,-48.53615276630108,0.9175737419715505,8.903351038962615
004570124,0.0,2.59,SPEAKER0457,-49.465081292229726,-54.34724473953247,0.9175737419715505,14.047667844463435
080680095,0.0,3.89,SPEAKER8068,-45.32796935250643,-47.577988128662106,0.9138872745685998,13.6255351064192
054180014,0.0,2.168,SPEAKER5418,-48.425457229262676,-52.388238525390626,0.9138872745685998,13.884210901804154
022520360,0.0,3.081,SPEAKER2252,-45.41254375507305,-50.46996271042597,0.9138872745685998,12.61824164635502
010120335,0.0,4.45,SPEAKER1012,-44.031346558988766,-49.96251678466797,0.9138872745685998,14.163550660919396
007390120,0.0,3.864,SPEAKER0739,-45.25601623218912,-49.05278194651884,0.9138872745685998,21.32047709814621
000050175,0.0,1.59,SPEAKER0005,-48.121078395243714,-56.92359987894694,0.9138866071032421,17.502499563996157
000920173,0.0,2.18,SPEAKER0092,-49.207945097477065,-55.876534938812256,0.9138859396378844,17.21074218121106
081530023,0.0,3.179,SPEAKER8153,-46.744678041470124,-50.32879472815472,0.9138846047071691,14.477582734918274
030880019,0.0,2.78,SPEAKER3088,-45.13305839703237,-44.77035776774088,0.9138846047071691,11.603939610117308
014070270,0.0,2.657,SPEAKER1407,-44.02278768209587,-52.76104760169983,0.9138846047071691,11.760247457092643
001130074,0.0,2.71,SPEAKER0113,-52.197946696263834,-57.86952431996664,0.9138846047071691,16.09147281418235
024500363,0.0,3.36,SPEAKER2450,-50.791742234002974,-57.94516245524088,0.9138819348457384,19.232598917338382
095530082,0.0,4.52,SPEAKER9553,-43.718551230641594,-45.95888161659241,0.9125199171264968,14.56435528511806
030750098,0.0,3.138,SPEAKER3075,-47.47295170680732,-50.40005922317505,0.9125199171264968,14.651466609650061
027990232,0.0,2.909,SPEAKER2799,-50.30217394222509,-53.65643183390299,0.9125189589172156,12.700306443244335
065040134,0.0,3.37,SPEAKER6504,-47.78532722088279,-50.26131573845358,0.9125180007079344,12.801682284264718
034120012,0.0,2.611,SPEAKER3412,-42.48192423970306,-47.28726673126221,0.9125180007079344,14.468760727105451
030230170,0.0,3.586,SPEAKER3023,-47.512861246518106,-53.37089694630016,0.9125180007079344,13.701266726785041
014190006,0.0,3.31,SPEAKER1419,-45.225438420506045,-46.93327982285444,0.9125180007079344,13.442554043438502
010300216,0.0,3.76,SPEAKER1030,-46.3288262549867,-49.63413047790527,0.9125180007079344,13.756431670469052
007650294,0.0,3.032,SPEAKER0765,-52.44833565387789,-55.70696792602539,0.9125180007079344,16.771987366289302
000480136,0.0,2.589,SPEAKER0048,-55.67206729609073,-57.34763919605928,0.9125180007079344,13.371796573016537
022080181,0.0,2.761,SPEAKER2208,-49.51062542459239,-55.124454498291016,0.9125178645118708,11.416346285749
023270118,0.0,2.812,SPEAKER2327,-49.42256658696619,-56.793954949629935,0.912517266516213,17.599433140946203
005750237,0.0,3.24,SPEAKER0575,-51.56447723765432,-56.65773995717367,0.9097993477141091,19.74363050193233
010750003,0.0,3.16,SPEAKER1075,-45.88235203223893,-49.7089593069894,0.9065684248674019,14.222219530701985
000360036,0.0,2.957,SPEAKER0036,-49.08801599451014,-54.07133756365095,0.9065676206807599,16.50632387648124
075510057,0.0,2.74,SPEAKER7551,-44.25865719092153,-47.42239151000977,0.9065668164941179,15.355314775201517
004610246,0.0,2.59,SPEAKER0461,-43.51340039816602,-48.79018783569336,0.9065668164941179,13.041408224236772
001490045,0.0,4.278,SPEAKER0149,-48.972473714953274,-54.93211402893066,0.9065652081208337,11.982473443506414
030460085,0.0,2.31,SPEAKER3046,-47.01527834145022,-56.541710747612846,0.9053572263893922,12.813209109228666
015010004,0.0,3.273,SPEAKER1501,-49.24888008887615,-52.1211764686986,0.9041164138744543,9.641598378363181
075510004,0.0,3.957,SPEAKER7551,-46.40844479955808,-50.00465615590414,0.9035546975573446,13.309801463593416
095550027,0.0,4.1,SPEAKER9555,-48.16907393292683,-52.15634136199951,0.9035357785018824,13.919071028956985
023550202,0.0,3.419,SPEAKER2355,-47.766604417945906,-51.77718841552734,0.9035357785018824,16.034243635115086
021290326,0.0,2.86,SPEAKER2129,-46.07237147618007,-46.806681632995605,0.9035357785018824,14.118221516420302
020070091,0.0,4.37,SPEAKER2007,-45.383268378146454,-48.7004218723463,0.9035357785018824,13.091730907570915
020020204,0.0,2.64,SPEAKER2002,-45.43291681463068,-49.225691281832184,0.9035357785018824,10.935134955172533
010760038,0.0,3.85,SPEAKER1076,-46.37676542207792,-49.935977242209695,0.9035351869942515,12.45520605407205
008110247,0.0,2.68,SPEAKER0811,-44.50716024370336,-48.82755055147059,0.9035351869942515,18.14917995845339
036360142,0.0,4.113,SPEAKER3636,-48.16497015663017,-51.98210063733553,0.9035345954866207,12.80579683330061
010440106,0.0,3.69,SPEAKER1044,-45.080109883130085,-47.332037183973526,0.9035345954866207,12.583693352961696
011560005,0.0,4.756,SPEAKER1156,-45.15315618434874,-47.38190755536479,0.9026559412774725,7.923688682260632
081530139,0.0,2.465,SPEAKER8153,-48.26500031629555,-53.01439361572265,0.9026554679622215,16.56127117546432
028970329,0.0,3.596,SPEAKER2897,-48.95272894965278,-55.11286640167236,0.9026554679622215,20.522217839522902
020310219,0.0,2.8,SPEAKER2031,-49.19934779575893,-54.1171686384413,0.9026554679622215,16.484402953137234
012930155,0.0,2.43,SPEAKER1293,-45.18848460005144,-48.26878833770752,0.9026554679622215,11.890608228273832
091070065,0.0,2.888,SPEAKER9107,-46.383971534385815,-51.072921943664554,0.9026549946469705,16.28984580298993
028970146,0.0,2.607,SPEAKER2897,-48.33962299449234,-55.49673020212274,0.9026549946469705,17.665799844020064
010300217,0.0,2.83,SPEAKER1030,-45.044921875,-48.951088428497314,0.9020077893973121,11.307010106478167
085810119,0.0,3.671,SPEAKER8581,-43.922069248126704,-45.47575664520264,0.9013815152612384,10.801257398798104
024480232,0.0,3.792,SPEAKER2448,-46.113976954155675,-50.19011017371868,0.9013815152612384,17.581481647518178
014180155,0.0,2.4,SPEAKER1418,-44.098819986979166,-48.10948671613421,0.8993813706561224,15.411664449472152
090880090,0.0,4.19,SPEAKER9088,-46.38266333532219,-52.284874725341794,0.8989361826429664,14.726373049865208
085850119,0.0,2.84,SPEAKER8585,-42.153784523547536,-48.66647694905599,0.8989361826429664,13.181090846513062
081530109,0.0,3.228,SPEAKER8153,-48.321116727941174,-55.54116455078125,0.8989361826429664,12.041224949735724
080680151,0.0,3.09,SPEAKER8068,-44.242642597087375,-47.881402587890626,0.8989361826429664,16.33131753940954
080570102,0.0,3.76,SPEAKER8057,-49.3909003075133,-52.67664132799421,0.8989361826429664,16.19250028728313
069020143,0.0,4.92,SPEAKER6902,-40.24483533409553,-48.497673988342285,0.8989361826429664,15.880890141910431
060990030,0.0,3.35,SPEAKER6099,-43.21824860074627,-46.55332459343804,0.8989361826429664,14.36574114005245
060670080,0.0,4.419,SPEAKER6067,-46.840701003959275,-49.19172831944057,0.8989361826429664,11.535241509546008
050290060,0.0,3.234,SPEAKER5029,-46.718991873065015,-49.7850375366211,0.8989361826429664,10.78538991315862
030490126,0.0,2.38,SPEAKER3049,-41.05482290572479,-47.18273099263509,0.8989361826429664,16.136549754547488
030230209,0.0,2.948,SPEAKER3023,-44.57634070444915,-51.238755843218634,0.8989361826429664,18.54741128487921
028970002,0.0,3.144,SPEAKER2897,-46.715294710390125,-50.10579842787523,0.8989361826429664,14.913626964292224
028920239,0.0,2.379,SPEAKER2892,-44.65700909269958,-51.596046702067056,0.8989361826429664,16.944662390368336
022360221,0.0,3.735,SPEAKER2236,-44.167853860294116,-50.848175048828125,0.8989361826429664,8.261278361571652
022080186,0.0,2.776,SPEAKER2208,-53.76249508205935,-64.03409749811345,0.8989361826429664,10.223460133688478
022080116,0.0,3.143,SPEAKER2208,-49.19686753582803,-56.32080164822665,0.8989361826429664,12.8464528394077
020220139,0.0,3.109,SPEAKER2022,-44.954836339429264,-50.29819679260254,0.8989361826429664,15.840825918814208
015010156,0.0,2.31,SPEAKER1501,-45.54181463068182,-51.66258176167806,0.8989361826429664,11.329061450011825
014200124,0.0,2.43,SPEAKER1420,-48.03651459619341,-53.07416674965307,0.8989361826429664,14.00096610754371
014200238,0.0,2.52,SPEAKER1420,-41.83221338665675,-47.39719295501709,0.8989361826429664,13.57647572818469
014200339,0.0,3.132,SPEAKER1420,-45.49035293530351,-49.97023109436035,0.8989361826429664,13.012633026641543
013720360,0.0,3.51,SPEAKER1372,-50.44566306089744,-57.27842218735639,0.8989361826429664,19.376393522588895
013340245,0.0,3.06,SPEAKER1334,-45.78618068321079,-48.81667775693147,0.8989361826429664,12.040936876913817
012930097,0.0,3.41,SPEAKER1293,-43.14139823130498,-45.88697588443756,0.8989361826429664,9.87657140924546
010460088,0.0,2.88,SPEAKER1046,-45.80238172743056,-51.08872658865793,0.8989361826429664,9.074884090223978
010390216,0.0,2.43,SPEAKER1039,-45.388016814557616,-50.83796610151018,0.8989361826429664,14.882033157702317
010330241,0.0,2.57,SPEAKER1033,-43.67165840831712,-49.708637952804565,0.8989361826429664,10.496251834227238
010270198,0.0,3.435,SPEAKER1027,-48.102300599563954,-50.767167141563014,0.8989361826429664,16.323387624543464
008110204,0.0,2.936,SPEAKER0811,-46.48997196534864,-51.4432028065557,0.8989361826429664,18.767535293630566
008110106,0.0,3.229,SPEAKER0811,-45.6202109133127,-48.89554832458496,0.8989361826429664,12.588515034004372
005750268,0.0,3.21,SPEAKER0575,-50.57727621203271,-56.524567222595216,0.8989361826429664,19.873757794718898
005750297,0.0,3.68,SPEAKER0575,-53.01071565047555,-57.96283758254278,0.8989361826429664,22.21945410332424
001130155,0.0,2.459,SPEAKER0113,-50.4906432609248,-55.97069835662842,0.8989361826429664,13.1761373433413
000480119,0.0,2.602,SPEAKER0048,-52.51329627403846,-57.028584241867065,0.8989361826429664,21.11979342409652
000060113,0.0,2.44,SPEAKER0006,-46.786589075307376,-55.83160811204176,0.8989361826429664,18.858854601371377
000050083,0.0,2.435,SPEAKER0005,-48.09291351818648,-52.09892872401646,0.8989361826429664,14.330366010886912
000050095,0.0,2.901,SPEAKER0005,-48.24425511853448,-54.09905024937221,0.8989361826429664,11.802773207210409
080680090,0.0,2.63,SPEAKER8068,-45.42328600285171,-50.57908248901367,0.8989354828260728,13.81626413274131
060100034,0.0,3.502,SPEAKER6010,-43.326199776785714,-50.53081046210395,0.8989354828260728,13.168087623773847
030230374,0.0,2.978,SPEAKER3023,-42.95537305998322,-46.76941004666415,0.8989354828260728,17.954474931001627
030140053,0.0,2.64,SPEAKER3014,-47.38600482362689,-52.542770862579346,0.8989354828260728,14.999087831413576
027990066,0.0,3.072,SPEAKER2799,-49.176452437907166,-51.24175453186035,0.8989354828260728,17.57347130578232
022440312,0.0,3.048,SPEAKER2244,-48.136292904713116,-53.32638072967529,0.8989354828260728,11.778076011364714
021290148,0.0,2.89,SPEAKER2129,-44.523288819204154,-48.33663902282715,0.8989354828260728,15.398931333960837
020020278,0.0,2.727,SPEAKER2002,-45.91612293956044,-50.3995792164522,0.8989354828260728,10.493847494685072
095550046,0.0,3.66,SPEAKER9555,-48.30675268954918,-50.369013133801914,0.8989347830091794,10.709046253264322
091070138,0.0,2.921,SPEAKER9107,-41.228759765625,-48.59480176653181,0.8989347830091794,10.397812693255357
054280024,0.0,2.9,SPEAKER5428,-49.224713766163795,-54.78311008877225,0.8989347830091794,9.226644751883036
030230182,0.0,2.954,SPEAKER3023,-45.15130760063559,-50.91803337545956,0.8989347830091794,16.33431071470047
021790075,0.0,2.53,SPEAKER2179,-51.67038120676877,-61.9329112126277,0.8989347830091794,12.54791834951798
021680007,0.0,3.186,SPEAKER2168,-46.710016041340126,-54.23750352859497,0.8989347830091794,10.666021701002915
020020285,0.0,3.6,SPEAKER2002,-48.64815538194444,-52.836371830531526,0.8989347830091794,9.840373153142853
015030142,0.0,2.99,SPEAKER1503,-50.137773698787626,-54.256560707092284,0.8989347830091794,14.17480316112721
096170012,0.0,3.797,SPEAKER9617,-48.313111636513156,-51.2458587993275,0.8989333833753925,17.127380341597117
069020048,0.0,4.36,SPEAKER6902,-38.542686532396786,-49.911416860727165,0.8989333833753925,14.596066719161328
021120059,0.0,3.736,SPEAKER2112,-51.17369756851604,-54.63016744760367,0.8962916952239159,12.899098954018058
001220138,0.0,3.595,SPEAKER0122,-47.45697157118055,-55.4827093396868,0.8962916952239159,14.279131884369423
036310170,0.0,2.593,SPEAKER3631,-48.50943381998069,-53.36402159470778,0.8962899962934097,15.013157946451296
032080019,0.0,2.18,SPEAKER3208,-43.83960184919725,-47.99034966362847,0.8962899962934097,15.671354464966434
029810234,0.0,3.62,SPEAKER2981,-47.41721879316298,-52.747450419834685,0.8944532408612024,16.84147699589498
095560051,0.0,4.294,SPEAKER9556,-50.79042832167832,-53.37166926066081,0.8927601527486992,15.103190378852668
065040044,0.0,3.38,SPEAKER6504,-40.64230942585059,-41.728913170950754,0.8927601527486992,13.58018491318971
000240010,0.0,2.211,SPEAKER0024,-45.171751272624434,-53.26354452279898,0.892759283108858,19.33088624413211
022440277,0.0,2.737,SPEAKER2244,-50.28108605155109,-57.63094599106733,0.8927584134690166,11.089174584102878
010290229,0.0,2.852,SPEAKER1029,-48.05294339364035,-51.985772371292114,0.892756674189334,10.117300547954734
029170043,0.0,4.065,SPEAKER2917,-46.43889166154791,-50.75904083251953,0.8911738288409062,14.148186587762321
028970052,0.0,3.2,SPEAKER2897,-47.41847229003906,-52.26674633934384,0.8903674537371977,15.520036468315716
069020123,0.0,4.52,SPEAKER6902,-39.086546771294245,-48.007080078125,0.8884071112035087,17.67133174295608
008110258,0.0,2.67,SPEAKER0811,-43.723961990870784,-48.78449339025161,0.8884071112035087,18.33456703450619
014200296,0.0,2.24,SPEAKER1420,-44.866590227399556,-49.1145966053009,0.8884062595628808,13.487978213398655
001200114,0.0,3.987,SPEAKER0120,-43.03203320802005,-44.90919364929199,0.8865340848123855,15.009089280649007
054060116,0.0,2.92,SPEAKER5406,-45.837465887200345,-51.58896343524639,0.884903050557585,12.260310439492205
040050110,0.0,2.595,SPEAKER4005,-43.17773061899038,-51.54794883728027,0.884903050557585,14.69372838600879
020140173,0.0,2.84,SPEAKER2014,-41.53215779049296,-46.21146627572867,0.8821794439290611,13.098302028520187
030120021,0.0,3.064,SPEAKER3012,-43.64958958843954,-49.742290203387924,0.8800996476593901,10.734861645934208
013360082,0.0,4.487,SPEAKER1336,-53.814788070712694,-56.997071352871984,0.8800996476593901,12.573493256936715
013090128,0.0,4.387,SPEAKER1309,-45.65499092397494,-51.25604788462321,0.8800996476593901,9.56564369638006
013340259,0.0,2.94,SPEAKER1334,-46.02510164221939,-48.240816776569076,0.8800989034148485,14.235409632912663
069120083,0.0,2.846,SPEAKER6912,-44.00191200657895,-47.50022530555725,0.8800981591703071,8.188024105305704
014350018,0.0,3.45,SPEAKER1435,-48.32493772644928,-50.9433790842692,0.8800981591703071,12.573901763382565
091010138,0.0,4.45,SPEAKER9101,-42.74731829353932,-46.7969319152832,0.8793950112466287,18.282954095030743
030070112,0.0,3.38,SPEAKER3007,-46.18676902274408,-46.58402792612711,0.8784267089605873,13.799718087400704
028920122,0.0,2.537,SPEAKER2892,-47.74498262180118,-53.098899586995444,0.8778273630974571,16.407467740830736
014350020,0.0,3.235,SPEAKER1435,-46.0548412181713,-47.9957160949707,0.8778273630974571,12.443567206000438
010990202,0.0,2.45,SPEAKER1099,-45.38467793367347,-49.49769083658854,0.8778273630974571,17.352528822070425
008130257,0.0,2.619,SPEAKER0813,-46.15967915076336,-53.994377681187224,0.8778273630974571,16.3527361478713
000750015,0.0,3.14,SPEAKER0075,-54.51904607882165,-55.375065358479816,0.8778273630974571,19.92886791984847
050720072,0.0,3.34,SPEAKER5072,-43.74295646987275,-44.52390766143799,0.8778246932360264,14.640425422520964
009600215,0.0,2.581,SPEAKER0960,-49.48797465479651,-53.90572992960612,0.8778246932360264,16.03775118359909
030880058,0.0,3.31,SPEAKER3088,-46.26105787386707,-46.43472753252302,0.8771197890316428,15.463467284919776
010990082,0.0,3.67,SPEAKER1099,-49.84109438862398,-51.52142675991716,0.8762899118939969,13.775286677889914
013360263,0.0,2.8,SPEAKER1336,-50.61491001674107,-58.299342564174104,0.8713468191516738,13.75330897593686
080630044,0.0,2.87,SPEAKER8063,-45.12997808689025,-47.31241141425239,0.8713453554934546,16.265340620706297
024020256,0.0,2.61,SPEAKER2402,-47.12375778256705,-55.057420349121095,0.8713453554934546,18.965749549214657
069120140,0.0,4.39,SPEAKER6912,-49.95624377135535,-52.747591599174164,0.8693072178143066,12.185860399809542
054180126,0.0,2.735,SPEAKER5418,-45.967809078467155,-49.80151233673096,0.8693072178143066,16.64439478150672
054180029,0.0,2.671,SPEAKER5418,-46.374484287219104,-48.92443144948859,0.8693072178143066,13.74439859456761
054060149,0.0,4.86,SPEAKER5406,-43.46596900720164,-46.010333810533794,0.8693072178143066,13.52582380268947
024500147,0.0,3.189,SPEAKER2450,-51.91495640673981,-58.872300061312586,0.8693072178143066,15.668748525204805
022510320,0.0,3.616,SPEAKER2251,-46.127589779005525,-51.19881267547608,0.8693072178143066,15.090300250518377
012280343,0.0,2.5,SPEAKER1228,-41.77324609375,-45.238547770182294,0.8693072178143066,17.75798207959678
000240248,0.0,2.79,SPEAKER0024,-46.438823084677416,-52.12542845986106,0.8693072178143066,14.328544941932101
024480335,0.0,2.332,SPEAKER2448,-46.232912251877686,-53.88800294058664,0.8687568074620945,21.015342137832853
020020208,0.0,3.718,SPEAKER2002,-48.152816280241936,-51.151462701650765,0.8687568074620945,9.540113760736347
010300275,0.0,2.807,SPEAKER1030,-47.359065697286475,-50.22848017075483,0.8687568074620945,11.58864137593804
008130281,0.0,2.878,SPEAKER0813,-42.32263861762153,-45.69051322937012,0.8687568074620945,15.535714439420275
014190073,0.0,3.86,SPEAKER1419,-47.808740487370464,-51.26646423339844,0.8679908623288909,8.16828126838514
007650254,0.0,3.528,SPEAKER0765,-49.90833591536827,-54.54717042711046,0.8679893738398079,18.072454670956958
085850092,0.0,3.528,SPEAKER8585,-44.989484662712464,-50.931334533691405,0.8643607035579098,14.327827947469906
054320061,0.0,4.565,SPEAKER5432,-42.45489007795405,-44.61988730179636,0.8643607035579098,6.975712753426194
054180059,0.0,2.072,SPEAKER5418,-48.33130944293478,-49.43239402770996,0.8643607035579098,13.319321331361234
029370153,0.0,2.196,SPEAKER2937,-50.02217684659091,-55.51267782847086,0.8643607035579098,15.078667539739003
014470084,0.0,4.53,SPEAKER1447,-50.46780146247241,-57.0630374484592,0.8643607035579098,6.965377877417071
008110113,0.0,2.59,SPEAKER0811,-42.322620053088805,-48.43145325604607,0.8643607035579098,17.347446382703303
000240324,0.0,2.68,SPEAKER0024,-43.8623046875,-50.76128648456774,0.8643607035579098,19.781438916301333
000030116,0.0,3.45,SPEAKER0003,-50.10705955615942,-53.4953538721258,0.8643607035579098,16.63010162318812
008110340,0.0,2.68,SPEAKER0811,-46.28872361823694,-54.328064918518066,0.8643594292534326,18.747629889711497
054180079,0.0,2.05,SPEAKER5418,-43.92831554878049,-48.162025451660156,0.8643581549489553,14.907654272203052
024480127,0.0,4.211,SPEAKER2448,-50.74714222090261,-53.91116523742676,0.8643581549489553,14.403467896719112
004570256,0.0,3.45,SPEAKER0457,-54.563892663043475,-59.18582970755441,0.8643581549489553,13.07568063718527
050720138,0.0,2.821,SPEAKER5072,-42.970297955452125,-48.04908034380745,0.8640402138808917,18.24722835219839
030680119,0.0,2.81,SPEAKER3068,-44.10464162588968,-48.17610051081731,0.8631117061240212,14.279144379141213
030200105,0.0,2.64,SPEAKER3020,-46.08632960464015,-50.07333159446716,0.8631110607480265,10.421188791875522
085840115,0.0,3.56,SPEAKER8584,-47.15902607092696,-50.52167687049279,0.8622118143372378,12.742582349901875
060990035,0.0,2.88,SPEAKER6099,-42.038594563802086,-47.79690272013347,0.8622118143372378,14.975447811700768
036310062,0.0,3.84,SPEAKER3631,-50.9774169921875,-55.26106418262828,0.8622118143372378,12.121285040071392
028920131,0.0,2.895,SPEAKER2892,-47.3121060075431,-51.95011607083407,0.8622118143372378,18.90673453321444
024380315,0.0,1.985,SPEAKER2438,-48.0438815169598,-56.24570603804155,0.8622118143372378,17.179454137137597
012030013,0.0,2.9,SPEAKER1203,-50.65470096982759,-55.826979020062616,0.8622118143372378,13.889888477466947
005750249,0.0,3.42,SPEAKER0575,-49.77499657346491,-54.07705173492432,0.8622118143372378,20.899316660878963
000920129,0.0,3.41,SPEAKER0092,-48.981270619501466,-56.00184430574116,0.8622118143372378,15.417379666932614
095580039,0.0,3.75,SPEAKER9558,-46.706067708333336,-52.72879758088485,0.8622104147034508,16.392936498145676
060100092,0.0,2.25,SPEAKER6010,-46.793003472222225,-49.496637864546344,0.8622104147034508,9.655284893527005
034120002,0.0,2.843,SPEAKER3412,-45.49857298085387,-51.73646958669027,0.8622104147034508,15.336573771569228
022440139,0.0,2.429,SPEAKER2244,-49.135292084619344,-53.64852582491361,0.8622104147034508,13.787978822427844
085850006,0.0,3.7,SPEAKER8585,-46.062288851351354,-50.35022094032981,0.860434166023903,10.346877922703424
054240125,0.0,2.51,SPEAKER5424,-44.40955319347609,-49.08733630180359,0.860434166023903,19.273641096171104
024880234,0.0,2.83,SPEAKER2488,-52.24657685512368,-58.045408487319946,0.860434166023903,17.493595749279045
024500156,0.0,3.102,SPEAKER2450,-46.605815272177416,-55.34817962646484,0.860434166023903,18.52271685947456
021120256,0.0,3.689,SPEAKER2112,-46.91774115006775,-53.023525091317985,0.860434166023903,12.956879776117
007650181,0.0,3.28,SPEAKER0765,-48.073629239710364,-51.75232472139246,0.860434166023903,19.2786097812967
050150129,0.0,2.121,SPEAKER5015,-48.808653633549525,-53.704851150512695,0.8601014645390278,11.188578630467575
052180098,0.0,2.96,SPEAKER5218,-46.269372888513516,-48.7450610890108,0.8601006850612566,12.606708511631238
051950032,0.0,2.78,SPEAKER5195,-49.61752121740108,-52.73701171875,0.8584072704637854,11.288000805648771
036310134,0.0,3.4,SPEAKER3631,-47.40094784007353,-51.21214413642883,0.858057041675338,13.702597450759603
012280375,0.0,2.31,SPEAKER1228,-41.152779186958874,-45.84838104248047,0.858057041675338,17.690482575693018
022420129,0.0,2.905,SPEAKER2242,-44.58076943728523,-49.40281989357688,0.8580561720354967,15.747987441599005
091180042,0.0,3.06,SPEAKER9118,-45.14355149611928,-49.4814213344029,0.8558514785530779,17.10305957524345
085810120,0.0,3.631,SPEAKER8581,-44.351925684400825,-45.13312471829928,0.8558514785530779,12.129435608679042
054180076,0.0,2.82,SPEAKER5418,-46.291258034131204,-47.687487688931554,0.8558514785530779,15.955985625698938
052180046,0.0,2.04,SPEAKER5218,-45.1327454810049,-50.37507209777832,0.8558514785530779,12.144707175874856
050720078,0.0,3.86,SPEAKER5072,-42.50626416774612,-46.54918014526367,0.8558514785530779,14.87053721221811
024380142,0.0,3.243,SPEAKER2438,-44.11347113715278,-48.33165077541185,0.8558514785530779,19.7834222677658
012030027,0.0,3.47,SPEAKER1203,-50.58338774315562,-53.939873649960475,0.8558514785530779,11.618810011917205
011090335,0.0,3.372,SPEAKER1109,-49.89089739428783,-50.74203872680664,0.8558514785530779,17.066718151351555
008130340,0.0,3.636,SPEAKER0813,-50.220772879464285,-52.84055732278263,0.8558514785530779,11.552060067033814
003060186,0.0,3.32,SPEAKER0306,-51.51290709713855,-56.54621950785319,0.8558514785530779,18.213504579057613
000240031,0.0,3.48,SPEAKER0024,-46.783722274604884,-52.63373779296875,0.8558514785530779,15.937753940722379
000240352,0.0,3.1,SPEAKER0024,-46.47460307459677,-53.80578670501709,0.8558514785530779,16.703262504420053
061210086,0.0,2.15,SPEAKER6121,-43.94329578488372,-52.06439050038656,0.8558505203437967,11.78249430580242
014200357,0.0,2.756,SPEAKER1420,-45.07735011888587,-46.728345743815105,0.8558505203437967,13.132961593734247
060990023,0.0,2.981,SPEAKER6099,-43.34021405725671,-45.38388361249651,0.8537424002288214,14.990971645538616
010500071,0.0,2.15,SPEAKER1050,-46.23956667877907,-51.40221929550171,0.8537416867797005,13.011689166327827
034120170,0.0,3.027,SPEAKER3412,-46.364083771658414,-51.996193949381514,0.8537409733305796,14.92881210775619
085810018,0.0,4.07,SPEAKER8581,-44.26909455620393,-47.42960652438077,0.8516758011385398,14.688938756746257
020160128,0.0,3.569,SPEAKER2016,-43.45505077030813,-47.902141412099205,0.8473948088506128,14.291121783743922
013340137,0.0,2.83,SPEAKER1334,-42.768326937941694,-47.55352921919389,0.8473940046639707,16.19720418946478
015020001,0.0,3.334,SPEAKER1502,-45.676429359046544,-53.27399754524231,0.8473932004773287,13.436487576024213
014470060,0.0,2.35,SPEAKER1447,-47.18942403590425,-56.38889694213867,0.8473932004773287,15.210555899984904
012920301,0.0,2.85,SPEAKER1292,-47.01550507127193,-49.10102780659994,0.845982731123518,14.744006355453388
004820220,0.0,2.552,SPEAKER0482,-44.82873391544118,-48.12004770551409,0.845982731123518,12.277594567836891
095560115,0.0,2.999,SPEAKER9556,-49.63297200520833,-49.338222952450025,0.8459801825145634,12.265784031840388
030230311,0.0,2.875,SPEAKER3023,-43.625651041666664,-49.17075456891741,0.8459801825145634,16.59969665751258
010390170,0.0,2.5,SPEAKER1039,-42.82603125,-47.68945026397705,0.8459801825145634,12.829229687885082
020340029,0.0,2.38,SPEAKER2034,-46.53362985819328,-51.22421360015869,0.8443459169249073,13.852193715863882
090880064,0.0,2.96,SPEAKER9088,-45.530174461570944,-47.820599328903924,0.8437640054521592,13.26588494381934
025380202,0.0,2.772,SPEAKER2538,-48.38656362815885,-53.17651285443987,0.8435414227468401,18.283127505367002
024020051,0.0,4.63,SPEAKER2402,-48.04601444384449,-51.36724248425714,0.8435414227468401,16.938058209166854
021290371,0.0,3.161,SPEAKER2129,-43.49859696400316,-48.525776386260986,0.8435414227468401,15.884204920702249
021290200,0.0,3.316,SPEAKER2129,-49.1795316029744,-51.96064476344896,0.8435414227468401,13.872412243862662
013340277,0.0,2.21,SPEAKER1334,-45.770631539875566,-47.2142084757487,0.8435414227468401,15.012759508006875
001140046,0.0,2.13,SPEAKER0114,-52.42534110915493,-56.985127857753206,0.8435414227468401,11.357857408989881
029370379,0.0,2.783,SPEAKER2937,-46.32051975607014,-51.22181387508617,0.8435406576563412,15.755841015480735
026210203,0.0,3.076,SPEAKER2621,-42.68324497767857,-47.79346136613326,0.8435406576563412,19.381000960050503
020340055,0.0,3.12,SPEAKER2034,-47.55542618189103,-53.28893392226275,0.8435398925658424,14.096742030140048
010300159,0.0,3.94,SPEAKER1030,-47.088763086928935,-50.985481631371286,0.8435398925658424,13.607318766274526
095550092,0.0,5.06,SPEAKER9555,-44.090075345849804,-47.88278311270255,0.8435383623848448,11.598588899119244
011560320,0.0,3.055,SPEAKER1156,-43.390280330882355,-49.45334225609189,0.8405016477244559,18.401919995127372
013090018,0.0,2.884,SPEAKER1309,-45.494588216145836,-50.354742262098526,0.8405012685460201,8.541815479163208
001140008,0.0,3.51,SPEAKER0114,-49.73379073183761,-54.78363710291245,0.8369933322789257,15.869859997859669
000940021,0.0,3.29,SPEAKER0094,-45.197728675911854,-47.09883297190947,0.8369933322789257,13.498486814550612
085850101,0.0,2.33,SPEAKER8585,-44.99143307403433,-52.33707721416767,0.8288441372939814,13.089037345862131
052180137,0.0,3.24,SPEAKER5218,-44.09531732253087,-44.517666053771975,0.8258735532743703,12.364653636177195
005940141,0.0,3.27,SPEAKER0594,-44.31908209097859,-49.089377754612975,0.8258718050126167,14.846021620752955
005940193,0.0,3.602,SPEAKER0594,-47.17102322048611,-51.426857219022864,0.8255213106819645,10.829699733838167
024480159,0.0,3.299,SPEAKER2448,-48.252888257575755,-52.090165389211556,0.8251515587826664,19.268123977643747
020070070,0.0,3.09,SPEAKER2007,-44.363145352953076,-47.06257225485409,0.8251515587826664,14.285910144285527
010290179,0.0,2.68,SPEAKER1029,-47.901039237406714,-51.937148571014404,0.8251507936921677,12.328842547289444
095580173,0.0,3.11,SPEAKER9558,-44.59299010249196,-48.14433064180262,0.8249327877476648,12.083144565061236
054010123,0.0,3.702,SPEAKER5401,-48.64179159628378,-47.694970766703285,0.8249327877476648,8.11140417855991
038370004,0.0,4.32,SPEAKER3837,-49.200150101273145,-55.72152216294233,0.8249327877476648,14.403336831115396
013720182,0.0,3.37,SPEAKER1372,-48.541882070660236,-52.56645758946737,0.8249327877476648,19.60551699169497
010640056,0.0,4.41,SPEAKER1064,-47.76282596371882,-51.60320358276367,0.8249327877476648,14.07171158985162
005600294,0.0,2.563,SPEAKER0560,-41.52766036987305,-50.1099704395641,0.8249327877476648,18.914848506827262
000560026,0.0,2.66,SPEAKER0056,-48.40113589638158,-51.06016985575358,0.8249327877476648,13.242576398654835
054180123,0.0,2.71,SPEAKER5418,-44.663691334178964,-47.990861892700195,0.8232459483601127,15.470077648036074
012930315,0.0,2.07,SPEAKER1293,-43.01245471014493,-48.04958877563477,0.8232459483601127,10.318419532399648
010370102,0.0,2.278,SPEAKER1037,-42.282869037828945,-48.64319471879439,0.8232459483601127,12.295443742301131
001330099,0.0,3.63,SPEAKER0133,-47.96256779442149,-52.051603226434615,0.8232277373753215,13.638157798405185
020270161,0.0,2.63,SPEAKER2027,-43.009635664211025,-46.78696975708008,0.8232274104289609,13.762354465481465
023550123,0.0,2.975,SPEAKER2355,-48.410175912332214,-53.54240093231201,0.8222289411815191,14.684679952349523
023270280,0.0,2.53,SPEAKER2327,-44.812924592391305,-49.67841475350516,0.8222289411815191,20.785888881063286
022360311,0.0,3.048,SPEAKER2236,-43.57927446209016,-52.557576497395836,0.8220154562516457,11.32150510137614
065040011,0.0,3.22,SPEAKER6504,-43.08544315314441,-48.28120858328683,0.8182990203847063,12.238358101346403
054180091,0.0,2.596,SPEAKER5418,-45.28979116586538,-47.546973981355364,0.8182990203847063,14.509232937599704
030230253,0.0,2.793,SPEAKER3023,-45.42512670810932,-49.788086386287915,0.8182990203847063,18.239726881948776
030210123,0.0,2.396,SPEAKER3021,-43.169779459635414,-49.163189974698156,0.8182990203847063,12.263836595619356
015010121,0.0,2.44,SPEAKER1501,-47.153944672131146,-51.22421379089356,0.8182990203847063,10.671936052053997
010120374,0.0,2.84,SPEAKER1012,-43.98025899537852,-50.150677575005425,0.8182990203847063,12.415429903712516
096390011,0.0,2.425,SPEAKER9639,-44.18557902520576,-49.91547044118246,0.8182976812526175,13.49354525116664
069120052,0.0,2.518,SPEAKER6912,-47.235107421875,-50.27908579508463,0.8182976812526175,7.948851166621168
013720275,0.0,3.27,SPEAKER1372,-46.04635536123853,-52.68834762573242,0.8182976812526175,20.869235041627398
020340169,0.0,2.35,SPEAKER2034,-45.2127618018617,-48.85215490004595,0.8182963421205287,14.87418023453665
010270294,0.0,2.65,SPEAKER1027,-43.3530070754717,-48.210917711257935,0.8182963421205287,15.891214818672422
009600343,0.0,2.781,SPEAKER0960,-46.91119604316547,-53.193910158597504,0.8182963421205287,11.79264099440528
008130153,0.0,2.423,SPEAKER0813,-46.79547875774794,-51.80311126708985,0.8182963421205287,17.719589813493336
015010033,0.0,2.54,SPEAKER1501,-44.590109036663385,-51.894151306152345,0.8139095160007176,8.877535524628158
013360140,0.0,2.82,SPEAKER1336,-49.978633366578016,-53.259003448486325,0.8139095160007176,17.125037772861454
010420025,0.0,2.69,SPEAKER1042,-48.122839945399626,-50.86852951049805,0.8139095160007176,13.363480375754458
010420023,0.0,3.1,SPEAKER1042,-49.079044858870965,-52.496416204115924,0.8139095160007176,11.048320124785144
004820258,0.0,3.335,SPEAKER0482,-46.06348533401946,-48.9977201461792,0.8139086665354645,13.35553807778565
054060049,0.0,2.686,SPEAKER5406,-43.297800737685876,-49.13537756601969,0.8139078170702113,14.447393929202988
012280288,0.0,2.89,SPEAKER1228,-41.03101346237024,-43.55603587627411,0.8139078170702113,15.65076098471181
001110023,0.0,3.31,SPEAKER0111,-48.338362679380666,-53.28071485246931,0.8139078170702113,16.97024440688036
023800330,0.0,4.598,SPEAKER2380,-43.27027853260869,-46.6037964957101,0.8117357003166847,17.90978942200391
050720102,0.0,2.9,SPEAKER5072,-43.58474542025862,-46.744911193847656,0.8042973602591764,15.113399208083248
080680170,0.0,4.0,SPEAKER8068,-45.655361328125,-49.5403611109807,0.8042961772439147,13.87913670033037
013720256,0.0,3.34,SPEAKER1372,-49.48139853106287,-55.55727165623715,0.804294994228653,15.675189327992927
034120067,0.0,2.95,SPEAKER3412,-47.43771517478814,-54.59250450134277,0.797404747737015,14.83899929339173
050150091,0.0,3.75,SPEAKER5015,-46.52969791666667,-49.78366268382353,0.7974043312993065,10.792476637862851
015010087,0.0,2.57,SPEAKER1501,-47.911136612354085,-51.72924205235073,0.7974043312993065,10.11811210079145
012280345,0.0,2.42,SPEAKER1228,-42.631722946797524,-45.21076043446859,0.7947141922243942,17.857575000026287
034230085,0.0,3.03,SPEAKER3423,-40.89709351794554,-43.39913463592529,0.7935034009513193,15.89828548585744
025380162,0.0,3.063,SPEAKER2538,-49.76474737030229,-55.15943506028917,0.792091003707694,18.641077947998543
085850146,0.0,2.85,SPEAKER8585,-44.5720429002193,-49.67897960117885,0.788600721966906,12.599870532196881
091070135,0.0,2.43,SPEAKER9107,-43.41333108281893,-47.145311228434245,0.7873314832800109,13.890496460362229
024480228,0.0,3.054,SPEAKER2448,-46.624631787909834,-52.33682957817526,0.7835196976546431,18.372061197455345
020020348,0.0,2.92,SPEAKER2002,-46.064068519905824,-53.472225389982526,0.7835196976546431,9.473998489452434
014190114,0.0,3.04,SPEAKER1419,-44.447419819078945,-46.451059103012085,0.7835196976546431,14.96139230135266
012930266,0.0,2.49,SPEAKER1293,-43.624690166917674,-48.00162706877056,0.7835196976546431,11.515924634198974
012930261,0.0,2.55,SPEAKER1293,-44.34533547794118,-47.06116461753845,0.7835196976546431,13.127763308701315
011810246,0.0,2.55,SPEAKER1181,-42.61338082107843,-46.89191524799053,0.7835196976546431,17.41806508896719
010120269,0.0,2.975,SPEAKER1012,-42.505987180159394,-47.83122289748419,0.7835196976546431,12.83463450315295
001200338,0.0,3.293,SPEAKER0120,-44.66465912329027,-48.66345804387873,0.7835196976546431,10.132188727697578
000480158,0.0,2.43,SPEAKER0048,-51.65596868569959,-55.97387886047363,0.7835196976546431,20.987286194843996
000240073,0.0,5.52,SPEAKER0024,-45.726038836050726,-49.133909792513464,0.7835196976546431,16.116835568267163
020070083,0.0,3.03,SPEAKER2007,-46.068900835396036,-50.78555940326891,0.7835185146393814,13.78402813975855
015010038,0.0,2.522,SPEAKER1501,-50.27459619915675,-57.07476043701172,0.7835185146393814,6.459416259926488
014200207,0.0,2.64,SPEAKER1420,-44.511337742660984,-47.413936614990234,0.7835185146393814,14.125490757583794
010990276,0.0,1.97,SPEAKER1099,-44.43145225253807,-50.51556549072266,0.7835185146393814,14.421071953726646
024500228,0.0,3.614,SPEAKER2450,-50.670760474376735,-56.31270678838094,0.7826110700369268,17.906739376747
001200103,0.0,3.66,SPEAKER0120,-44.88451481386612,-48.865641469540805,0.7826110700369268,10.460657730309578
022520375,0.0,3.058,SPEAKER2252,-42.90478834763072,-45.985583543777466,0.7826106061746853,12.463518229171669
054140057,0.0,2.464,SPEAKER5414,-45.29215097815041,-48.70897742680141,0.7826101423124437,14.739830367251624
090340158,0.0,2.96,SPEAKER9034,-45.01600440772804,-49.96674847602844,0.7815265027954577,12.478656440200272
040050015,0.0,3.481,SPEAKER4005,-46.69391500538793,-52.01002003596379,0.7815265027954577,13.279015753423831
030880172,0.0,2.448,SPEAKER3088,-42.7608737244898,-43.95590019226074,0.7815265027954577,10.770467859321538
027400176,0.0,2.52,SPEAKER2740,-50.21689763144841,-53.51270217895508,0.7815265027954577,20.092155884629708
010120128,0.0,2.49,SPEAKER1012,-45.18288780120482,-52.72250599331326,0.7815265027954577,13.093189421946528
030680037,0.0,2.3,SPEAKER3068,-46.00538383152174,-51.73852411905924,0.7815258029785642,16.838514975482816
022420067,0.0,2.884,SPEAKER2242,-42.31689453125,-51.12073940700955,0.7815258029785642,15.935379581139145
081530165,0.0,2.55,SPEAKER8153,-47.05741038602941,-52.57042479515076,0.7815251031616708,19.239298322493504
024270127,0.0,3.009,SPEAKER2427,-46.74397516092193,-50.40309726490694,0.7815251031616708,16.216963525032774
034120085,0.0,3.08,SPEAKER3412,-42.61144226866883,-43.76711629231771,0.7800616365016646,17.004475838193258
000940012,0.0,3.58,SPEAKER0094,-45.58839527321928,-49.964710436369245,0.7768861232175861,16.571147040348407
030880105,0.0,2.005,SPEAKER3088,-45.87046214241293,-46.88034862942166,0.7768857440391503,12.295353439118802
096310006,0.0,2.967,SPEAKER9631,-44.483615451388886,-47.91981271597055,0.771646815188622,12.960046013830574
054180063,0.0,2.386,SPEAKER5418,-45.81267978556485,-49.535675929142876,0.771646815188622,16.095842376035918
050170117,0.0,2.66,SPEAKER5017,-45.42908540883459,-47.54317665100098,0.771646815188622,11.813197952608402
011860377,0.0,5.666,SPEAKER1186,-43.63286761463845,-49.152513362743235,0.7712008950587841,15.703340158162536
010270314,0.0,2.831,SPEAKER1027,-45.25312292954947,-49.50891261630588,0.7712008950587841,15.351013098126998
029170252,0.0,2.503,SPEAKER2917,-41.1550625,-49.4717903137207,0.768573729951761,16.87287629991999
021290173,0.0,2.574,SPEAKER2129,-47.51795051070039,-52.9153408723719,0.768573729951761,14.63779669082214
060990039,0.0,2.86,SPEAKER6099,-41.36886746066433,-44.237597056797576,0.7683759464314012,15.77920656511773
004820045,0.0,2.19,SPEAKER0482,-45.16663545234018,-53.33553754366361,0.767416024862798,14.647464937632472
001200159,0.0,2.746,SPEAKER0120,-43.57095880681818,-47.366573079427084,0.767416024862798,13.872893643545822
054140158,0.0,3.422,SPEAKER5414,-43.79574709886696,-46.65972536260431,0.767046183189927,15.25041665146786
010300123,0.0,3.197,SPEAKER1030,-41.872250366210935,-46.361985206604004,0.7670457763636761,13.607040769857027
054180174,0.0,3.618,SPEAKER5418,-45.37582009668508,-46.11437339782715,0.7610311964121599,13.43852898693848
085850075,0.0,2.69,SPEAKER8585,-44.78583875464684,-49.11051601833768,0.7552362524443819,12.723060899855362
008110224,0.0,2.51,SPEAKER0811,-43.27633217131474,-47.03202768961589,0.7548356847218745,17.056937484379205
001030155,0.0,2.42,SPEAKER0103,-45.699747385072314,-49.08565330505371,0.7548343939698848,15.767348301665095
061210129,0.0,4.14,SPEAKER6121,-47.73265775966183,-51.44189867766007,0.7543884177492203,11.069662830626708
013360016,0.0,4.215,SPEAKER1336,-46.78506368483412,-51.46763289602179,0.7543857394850427,16.264972338667015
010300153,0.0,3.93,SPEAKER1030,-46.278238311068705,-49.249021970308746,0.7543857394850427,13.344308418593823
000360241,0.0,3.24,SPEAKER0036,-46.31874216338735,-52.52383359273275,0.7543857394850427,12.028494521627
010300003,0.0,3.133,SPEAKER1030,-46.212612944289134,-51.21481853061252,0.7537743613116944,11.009440819130866
014470053,0.0,2.97,SPEAKER1447,-46.1576244212963,-55.12611506535457,0.7537735118464413,15.19122845298741
001310148,0.0,2.048,SPEAKER0131,-47.8290634527439,-51.84362538655599,0.7537735118464413,20.98657779227163
010750021,0.0,3.28,SPEAKER1075,-45.87733124523628,-50.52551854451497,0.753771812915935,15.347026320417335
065040137,0.0,3.01,SPEAKER6504,-46.30791567171927,-52.95746410594267,0.7517573131768026,14.395351619942275
020220056,0.0,3.097,SPEAKER2022,-47.68170047883064,-55.291694005330406,0.7517573131768026,14.206972440730816
000060077,0.0,3.05,SPEAKER0006,-47.79423027663935,-53.78045145670573,0.7517553967582401,14.791212480139956
030230119,0.0,3.68,SPEAKER3023,-44.98783012058424,-48.049768659803604,0.7468589372899899,17.305393369134613
010420107,0.0,3.7,SPEAKER1042,-45.70606524493243,-48.053861890520366,0.7468589372899899,11.551018683396512
000530174,0.0,3.24,SPEAKER0053,-47.19306098090278,-52.80822467803955,0.7468589372899899,13.405408271655123
052180090,0.0,1.9,SPEAKER5218,-45.91168791118421,-52.760367923312714,0.7468585024700691,12.830953678774076
032140007,0.0,3.34,SPEAKER3214,-45.87467252994012,-49.451589584350586,0.7468580676501485,13.315515182478972
021120151,0.0,2.985,SPEAKER2112,-50.24642689172241,-57.19657734462193,0.7448021344897291,13.260779596590659
010420151,0.0,2.22,SPEAKER1042,-44.907978779560814,-48.59681739807129,0.7448014346728357,14.045733116031828
052180017,0.0,2.52,SPEAKER5218,-41.95405893477182,-43.2749080657959,0.7448007348559422,12.178282884309759
012030058,0.0,2.96,SPEAKER1203,-51.0369873046875,-55.928478534405045,0.7448007348559422,11.269037911636584
001570165,0.0,2.74,SPEAKER0157,-43.671276231751825,-49.42738890647888,0.7438369020732547,18.225569617523085
054180015,0.0,2.37,SPEAKER5418,-44.69632202663502,-47.062537829081215,0.7431274671138827,15.19679449821838
030020065,0.0,2.63,SPEAKER3002,-43.062945579847906,-48.228113347833805,0.7431259786247997,14.088302401037938
020070079,0.0,3.435,SPEAKER2007,-44.67089559865553,-44.91278176558645,0.738838074423485,11.806058345099315
050390097,0.0,2.89,SPEAKER5039,-46.71363740808823,-52.531476211547854,0.7388373617348598,12.459140116612982
034120111,0.0,2.591,SPEAKER3412,-40.91321413489382,-47.540746515447445,0.7345442202416594,16.51251234692722
012920085,0.0,3.02,SPEAKER1292,-47.53972863203642,-51.07066421508789,0.7340441874245809,13.439270490013248
060990083,0.0,3.52,SPEAKER6099,-43.8317177512429,-49.61857283742804,0.7280168701303926,15.19051207910106
000960048,0.0,3.14,SPEAKER0096,-45.19875223925159,-47.32786039872603,0.7280168701303926,10.082366341151511
021290144,0.0,3.705,SPEAKER2129,-43.40370198787062,-47.139907130488645,0.7275373276435644,12.73183060660923
024020158,0.0,3.526,SPEAKER2402,-48.51690310729462,-53.7038537979126,0.7196654372345876,16.92690215052549
054180087,0.0,3.54,SPEAKER5418,-45.617005429025426,-48.257647000826324,0.7196649285024497,13.229222467789736
054140115,0.0,2.67,SPEAKER5414,-45.34985077247191,-47.8526725769043,0.7179876971141841,16.21063923359746
030680114,0.0,3.79,SPEAKER3068,-43.243352160290236,-48.770209550857544,0.7179876971141841,12.95029588613652
014080201,0.0,2.91,SPEAKER1408,-41.71248791881443,-46.87986700875418,0.7179876971141841,8.60756402088138
029810147,0.0,2.34,SPEAKER2981,-47.21227297008547,-51.52545302254813,0.716141576553122,12.72775928365996
021290209,0.0,3.37,SPEAKER2129,-47.91120525778932,-51.37751373291016,0.716141576553122,16.808789952315728
061210031,0.0,2.36,SPEAKER6121,-46.805279230667374,-52.262209458784625,0.7124731991718328,10.667179253107523
030020112,0.0,1.94,SPEAKER3002,-44.95534491784794,-48.46325397491455,0.711894155641717,13.2119574988657
021290261,0.0,3.004,SPEAKER2129,-45.45763671875,-47.682720585873255,0.7050589420164703,16.09521759136219
010460152,0.0,2.337,SPEAKER1046,-46.75410657051282,-49.15877567638051,0.7047879740499505,11.187772032886237
030140095,0.0,2.599,SPEAKER3014,-48.55247896634615,-52.61080287053035,0.7047870463254675,13.978611086005985
010270226,0.0,3.02,SPEAKER1027,-45.12276554739238,-50.87972513834635,0.7047870463254675,16.037377871956707
010440077,0.0,3.41,SPEAKER1044,-44.875340794538126,-50.24315936748798,0.6967877352539396,13.880132425436072
023800277,0.0,3.048,SPEAKER2380,-41.55842085040984,-45.456090211868286,0.6959951288146208,14.111905034581172
069120020,0.0,3.13,SPEAKER6912,-49.423528604233226,-55.61186769273546,0.6959944161259956,12.487190808089192
054240039,0.0,2.839,SPEAKER5424,-48.58565553477113,-53.29154631670784,0.6959937034373702,17.175670816341913
069120123,0.0,2.437,SPEAKER6912,-50.018214491547134,-53.74756698608398,0.6950907910219462,7.520890802600729
010750024,0.0,2.24,SPEAKER1075,-45.10076904296875,-48.31364683671431,0.6950898328126649,14.85414031903088
023800352,0.0,3.257,SPEAKER2380,-40.875428369440186,-46.19106674194336,0.6950888746033836,19.66969014842381
030120173,0.0,2.382,SPEAKER3012,-44.05018628545168,-47.138599713643394,0.6917431862066428,11.889332412680327
030120121,0.0,2.24,SPEAKER3012,-46.669503348214285,-51.1930422101702,0.6855268777206897,13.012908685975445
013090287,0.0,2.321,SPEAKER1309,-45.609172952586206,-46.97831109853891,0.6842812794119371,9.240697525915287
005600199,0.0,3.208,SPEAKER0560,-45.58843214563863,-51.97364725385393,0.6842812794119371,14.64893122925159
010300316,0.0,4.073,SPEAKER1030,-48.006056127149876,-48.19521277291434,0.6842800963966754,10.239640673104729
054320076,0.0,3.341,SPEAKER5432,-46.48412062593563,-46.4179320702186,0.6842789133814137,14.505540523620532
054080109,0.0,3.948,SPEAKER5408,-46.670747626582276,-49.70507020216722,0.6713930315537492,15.322471373638296
010270265,0.0,3.087,SPEAKER1027,-45.21094698118932,-46.74437475204468,0.6713930315537492,12.151666507512362
061210071,0.0,2.33,SPEAKER6121,-43.68556783127682,-53.19579285841722,0.6688167229400905,12.13256011662153
050170101,0.0,3.64,SPEAKER5017,-45.278078854739015,-47.4361515045166,0.6644278557863968,14.602530666221448
012920054,0.0,2.5,SPEAKER1292,-45.5500859375,-51.12810252262996,0.6641168229479489,12.212132667486273
001200350,0.0,3.838,SPEAKER0120,-45.7762451171875,-47.84004110448501,0.6641168229479489,11.722801064101596
011560372,0.0,2.345,SPEAKER1156,-43.7901678856383,-48.03765279596502,0.6641161231310555,17.062692360412914
030750057,0.0,3.063,SPEAKER3075,-48.742146012050654,-50.169117174650495,0.6624174963419954,11.181649965897634
054140098,0.0,2.99,SPEAKER5414,-47.631156589673914,-51.21364312422903,0.6577902348921753,16.29137695825459
010990123,0.0,2.26,SPEAKER1099,-45.23311324668141,-50.007074628557476,0.6577899079458145,15.050931701916362
050150175,0.0,1.975,SPEAKER5015,-44.121291035353536,-48.43565423148019,0.6505680927988506,12.839632403294098
001490155,0.0,2.18,SPEAKER0149,-43.22796014908257,-46.66342435564314,0.6459527297148451,10.968213506542797
091180075,0.0,4.11,SPEAKER9118,-46.654505968673966,-48.82180009064851,0.6406750495609052,13.529822243950921
023800368,0.0,2.825,SPEAKER2380,-42.81444277274735,-48.18109107017517,0.6303713687402906,18.557865361861886
050390021,0.0,2.61,SPEAKER5039,-48.67203588960728,-51.955838423508865,0.6299494968160232,8.858730861761957
038370097,0.0,2.5,SPEAKER3837,-45.889921875,-55.78334045410156,0.6284387255422121,18.36057606277533
029810158,0.0,2.466,SPEAKER2981,-48.2794826986336,-50.67071485519409,0.6269639503384913,14.915028283563341
050290079,0.0,2.732,SPEAKER5029,-48.37451708447802,-51.988532475062776,0.6223325961772131,7.782203724521878
021120354,0.0,3.008,SPEAKER2112,-46.86162985361295,-54.827903509140015,0.620800948320667,11.975723558806806
030680140,0.0,2.57,SPEAKER3068,-43.53162238570039,-48.7728146144322,0.6208003690454035,10.465438010310779
020070081,0.0,3.43,SPEAKER2007,-46.40545280612245,-46.982562818025286,0.6112570273994729,13.527101186628679
000540156,0.0,2.582,SPEAKER0054,-48.3971429869186,-53.53075828552246,0.6052833803004664,15.480380361922121
036310110,0.0,3.058,SPEAKER3631,-50.80452793096405,-54.067015030804804,0.6029374631091726,12.58022586494112
013360257,0.0,2.42,SPEAKER1336,-50.78007166838843,-51.9328366793119,0.5936301515839104,17.405766468704687
055510096,0.0,2.911,SPEAKER5551,-45.70794740657217,-53.30770052396334,0.5909966256456708,12.268290914369212
009600287,0.0,3.192,SPEAKER0960,-44.792194234913794,-48.51258087158203,0.5909947092271083,17.595454597536055
001350002,0.0,2.973,SPEAKER0135,-44.506234217171716,-48.542054176330566,0.5868183662323792,15.163987069653949
034120165,0.0,2.972,SPEAKER3412,-44.21104600694444,-45.75492695399693,0.5850428611692311,16.123509081843714
000060106,0.0,3.23,SPEAKER0006,-47.37629402089783,-52.08099810282389,0.5850428611692311,14.90651323952272
001140054,0.0,2.244,SPEAKER0114,-47.880523681640625,-53.26806386311849,0.5764245073970699,17.98556453806731
034120050,0.0,2.68,SPEAKER3412,-45.83022752448694,-51.15750274658203,0.5684292673587044,13.80940133026488
010920044,0.0,2.61,SPEAKER1092,-41.292224167863985,-42.74492899576823,0.5502247181536546,15.317143460794409
000060130,0.0,3.0,SPEAKER0006,-44.71299479166667,-50.09232393900553,0.5480846913261699,16.543426067373993
024500333,0.0,2.751,SPEAKER2450,-46.08272372159091,-53.22529520307268,0.5357383207027655,19.328762127979886
001330002,0.0,3.064,SPEAKER0133,-42.70309946895425,-46.271273930867515,0.5325624340979124,13.604632447542329
029810360,0.0,2.477,SPEAKER2981,-45.00565461189516,-48.85471552068537,0.5267087851469738,16.118295509667355
054060077,0.0,2.905,SPEAKER5406,-44.47387108032646,-46.38483428955078,0.51793839886488,12.616670912047727
000050049,0.0,2.129,SPEAKER0005,-43.54946082746479,-48.88849530901228,0.5099813751609248,11.610115137715855
010750010,0.0,2.14,SPEAKER1075,-44.34464442172897,-52.26425123214722,0.505609763212681,16.069811517709258
014350157,0.0,1.84,SPEAKER1435,-49.24515433933424,-50.417853927612306,0.495903974351049,15.269827993683169
001310168,0.0,2.57,SPEAKER0131,-47.78673698929961,-53.11661148071289,0.44566131590413005,20.68031381512882
030120079,0.0,1.942,SPEAKER3012,-42.94932446037371,-44.59151404244559,0.3432268857294087,13.42619091897122
096490028,0.0,7.708,SPEAKER9649,-59.34891780155642,,,5.267618164332465
096490029,0.0,4.797,SPEAKER9649,-58.02410074869792,,,4.831721471505336
096490027,0.0,4.99,SPEAKER9649,-58.9694310495992,,,5.008312488358131
096490025,0.0,4.302,SPEAKER9649,-59.894117914244184,,,5.589832071049289
096490021,0.0,6.208,SPEAKER9649,-58.08306285225443,,,4.4972619618828595
096490030,0.0,3.79,SPEAKER9649,-58.82670782486807,,,5.129908444147272
096490023,0.0,4.514,SPEAKER9649,-59.87278703575388,,,5.662748123250477
096490026,0.0,4.831,SPEAKER9649,-58.97261176889234,,,4.6928062096824465
096490022,0.0,6.635,SPEAKER9649,-54.50359445594879,,,5.884634032081509
096490024,0.0,4.766,SPEAKER9649,-56.97191512709644,,,6.435718048003601
096470026,0.0,3.713,SPEAKER9647,-52.79821217991914,,,4.678553088313365
096470029,0.0,5.45,SPEAKER9647,-47.5670871559633,,,5.364717800616445
096470024,0.0,5.08,SPEAKER9647,-55.20958030880905,,,5.715544550865314
096470030,0.0,4.29,SPEAKER9647,-53.68114437645688,,,5.474310865750173
096470028,0.0,3.754,SPEAKER9647,-51.336276041666665,,,7.268031157511748
096470025,0.0,4.233,SPEAKER9647,-49.913900893912526,,,5.243687333201221
096470027,0.0,3.608,SPEAKER9647,-47.96058582929363,,,5.264122299059302
096460024,0.0,3.461,SPEAKER9646,-49.942975523843934,,,5.2958344917529665
096460025,0.0,4.417,SPEAKER9646,-56.26562058116516,,,5.049821597735063
096460023,0.0,2.677,SPEAKER9646,-54.41542531483209,,,4.779470601085583
096460026,0.0,4.236,SPEAKER9646,-56.167987175707545,,,4.903640768863347
096450024,0.0,5.28,SPEAKER9645,-54.89033277107008,,,6.6983701751267954
096450023,0.0,5.922,SPEAKER9645,-55.0582176414696,,,6.7590729022295175
096450030,0.0,3.535,SPEAKER9645,-56.27013815324859,,,6.51163537008421
096450028,0.0,4.427,SPEAKER9645,-55.12902528922122,,,7.370604453700822
096450026,0.0,5.838,SPEAKER9645,-55.25418049015411,,,5.408623492311429
096450029,0.0,4.017,SPEAKER9645,-55.74962589396766,,,6.965550047477054
096450025,0.0,3.329,SPEAKER9645,-54.70859726914414,,,6.911486247308224
096450027,0.0,3.423,SPEAKER9645,-55.94057245979532,,,5.493409986712594
096450022,0.0,6.625,SPEAKER9645,-52.675969786953246,,,7.618067774134331
096430022,0.0,6.667,SPEAKER9643,-51.23124765742129,,,4.193993790140674
096430023,0.0,8.952,SPEAKER9643,-52.770129189944136,,,5.654840933643833
096430030,0.0,7.554,SPEAKER9643,-52.29414321192053,,,4.703607471226174
096430026,0.0,9.185,SPEAKER9643,-50.8828125,,,7.970381098348565
096430029,0.0,8.341,SPEAKER9643,-51.45421163069545,,,9.438331318468633
096430024,0.0,7.4,SPEAKER9643,-51.553594805743245,,,4.971370899384768
096430027,0.0,9.398,SPEAKER9643,-51.11643118351064,,,5.705212650325066
096430028,0.0,8.501,SPEAKER9643,-50.04048713235294,,,5.698767942089145
096430025,0.0,6.451,SPEAKER9643,-46.200793362403104,,,5.62869443848383
096400029,0.0,5.236,SPEAKER9640,-51.64207120706107,,,5.978963783759365
096400030,0.0,5.64,SPEAKER9640,-50.85595703125,,,6.775190462866995
096390026,0.0,4.47,SPEAKER9639,-53.31663782857942,,,4.73314542497555
096390029,0.0,2.555,SPEAKER9639,-54.985023498535156,,,5.325508972012461
096390027,0.0,4.173,SPEAKER9639,-53.54636447092326,,,5.086193059770748
096390021,0.0,3.249,SPEAKER9639,-52.462265625,,,5.813582649836164
096390023,0.0,4.806,SPEAKER9639,-50.0281314968815,,,5.7847050271688545
096390024,0.0,3.78,SPEAKER9639,-51.68636326058201,,,4.996963640232352
096390025,0.0,4.035,SPEAKER9639,-54.02411915996287,,,4.435783467219606
096390028,0.0,2.68,SPEAKER9639,-51.536081798041046,,,5.534680323565471
096350028,0.0,5.67,SPEAKER9635,-56.83234471450617,,,4.419754532782264
096350029,0.0,5.11,SPEAKER9635,-53.28568370841487,,,6.010152100527455
096340026,0.0,6.992,SPEAKER9634,-47.019385953147356,,,8.7890993635753
096340024,0.0,10.28,SPEAKER9634,-46.53994406614786,,,8.769110980421909
096340030,0.0,11.049,SPEAKER9634,-47.84680429864253,,,8.695789091716696
096340025,0.0,9.063,SPEAKER9634,-49.69584281870861,,,6.992282557467896
096340028,0.0,9.567,SPEAKER9634,-48.308059038662485,,,8.730699575771947
096340029,0.0,6.603,SPEAKER9634,-49.90714370265152,,,7.508738452804904
096340027,0.0,7.07,SPEAKER9634,-48.82103628889675,,,7.642069805988465
096330025,0.0,3.57,SPEAKER9633,-52.390953256302524,,,4.726127517578988
096330026,0.0,9.067,SPEAKER9633,-50.04565187431091,,,5.508417088555149
096330029,0.0,5.77,SPEAKER9633,-50.5873558004766,,,6.264271164947596
096330028,0.0,5.62,SPEAKER9633,-52.184775355871885,,,5.177756115672306
096330027,0.0,5.761,SPEAKER9633,-50.966084798177086,,,5.541948130649262
096330030,0.0,5.055,SPEAKER9633,-48.97165266798419,,,5.905824983479757
096330024,0.0,7.059,SPEAKER9633,-50.33332042315864,,,6.365439388688358
096310022,0.0,3.322,SPEAKER9631,-53.00119423004518,,,6.880171684094228
096310021,0.0,4.047,SPEAKER9631,-54.72185570987654,,,5.19991820691291
096310024,0.0,4.14,SPEAKER9631,-52.56562311292271,,,6.624998672044573
096310027,0.0,5.38,SPEAKER9631,-52.071775528578065,,,8.764921227982223
096310029,0.0,6.378,SPEAKER9631,-52.17649147727273,,,5.864484296285875
096310023,0.0,2.596,SPEAKER9631,-53.70472881610577,,,7.652583154945097
096310026,0.0,4.433,SPEAKER9631,-52.933620203160274,,,5.677199207326144
096310025,0.0,4.459,SPEAKER9631,-49.98068771020179,,,7.9862136062850615
096310028,0.0,4.861,SPEAKER9631,-52.84207417052469,,,5.817580231140418
096300022,0.0,3.085,SPEAKER9630,-50.880511731391586,,,5.326877858691862
096300024,0.0,4.337,SPEAKER9630,-54.945501512096776,,,4.7257241088480875
096300021,0.0,5.373,SPEAKER9630,-52.35384296438548,,,5.095210038041481
096300023,0.0,4.226,SPEAKER9630,-49.032870678191486,,,6.1376934305212085
096300026,0.0,4.663,SPEAKER9630,-53.556493931062235,,,5.11373640413907
096300027,0.0,5.373,SPEAKER9630,-55.31389301094041,,,5.203114351266105
096300028,0.0,3.444,SPEAKER9630,-52.072929914607556,,,5.413969623062897
096300029,0.0,6.643,SPEAKER9630,-55.418198183358435,,,6.312724381102777
096300025,0.0,6.614,SPEAKER9630,-52.192659086611194,,,7.921420815158344
096290025,0.0,4.972,SPEAKER9629,-54.41489955357143,,,7.116839615629804
096290029,0.0,7.022,SPEAKER9629,-52.61326455662393,,,8.722958764984812
096290027,0.0,5.382,SPEAKER9629,-55.37363499070632,,,8.259789795363538
096290026,0.0,6.008,SPEAKER9629,-51.38286774646423,,,8.828181012799089
096280003,0.0,8.829,SPEAKER9628,-52.48894482587769,,,5.622931881171263
096290024,0.0,4.376,SPEAKER9629,-52.95288420376713,,,7.445596753080544
096290028,0.0,5.366,SPEAKER9629,-55.56687543645251,,,6.885245433901101
096290030,0.0,6.677,SPEAKER9629,-53.823862041541915,,,9.66551877868088
096280006,0.0,8.111,SPEAKER9628,-50.06430140258939,,,8.90033219664723
096280004,0.0,7.286,SPEAKER9628,-52.894488383058984,,,5.4165510809665065
096280008,0.0,9.376,SPEAKER9628,-52.26775303171642,,,5.686189503570008
096280001,0.0,4.305,SPEAKER9628,-51.516404437354986,,,5.307947368289041
096280009,0.0,4.722,SPEAKER9628,-51.07380081435382,,,7.431062260062477
096280002,0.0,5.272,SPEAKER9628,-49.20591570801708,,,7.904248671606718
096280007,0.0,9.13,SPEAKER9628,-50.177736514238774,,,6.065709624544432
096280005,0.0,8.049,SPEAKER9628,-49.86852678571429,,,6.710272340907185
096280010,0.0,7.388,SPEAKER9628,-51.5179137770636,,,10.75591238985918
096260030,0.0,5.026,SPEAKER9626,-51.89889180541749,,,6.930612402470466
096260026,0.0,5.082,SPEAKER9626,-48.634223517470474,,,7.431283867562023
096260029,0.0,4.711,SPEAKER9626,-46.959577361995755,,,7.582999569639979
096260027,0.0,4.4,SPEAKER9626,-51.61447975852273,,,5.6590520812946306
096260025,0.0,5.756,SPEAKER9626,-50.852935791015625,,,8.135595261193618
096260023,0.0,8.117,SPEAKER9626,-50.732590247844826,,,7.9560483958476595
096260024,0.0,5.586,SPEAKER9626,-50.91310515429338,,,7.930462200882081
096260028,0.0,6.563,SPEAKER9626,-49.40151307641006,,,7.840232534175724
096250030,0.0,5.53,SPEAKER9625,-50.64341517857143,,,5.748707023630052
096250024,0.0,6.368,SPEAKER9625,-50.3684292827708,,,6.486511800671408
096250026,0.0,4.723,SPEAKER9625,-50.396322993908896,,,6.151724102591473
096250027,0.0,5.126,SPEAKER9625,-49.47768944931774,,,5.951811959691909
096250028,0.0,6.752,SPEAKER9625,-47.468353587962966,,,6.745423020588008
096250025,0.0,8.604,SPEAKER9625,-47.928556504360465,,,5.375652579532218
096240023,0.0,5.211,SPEAKER9624,-51.93426478526872,,,6.818702703217554
096240030,0.0,5.911,SPEAKER9624,-54.29897023054146,,,5.645099119507687
096240022,0.0,4.29,SPEAKER9624,-54.682792467948715,,,6.057443985968936
096240028,0.0,6.834,SPEAKER9624,-55.55300603953148,,,6.7898084165409
096240024,0.0,4.352,SPEAKER9624,-53.23257453304598,,,6.563432538948465
096240029,0.0,3.831,SPEAKER9624,-52.11906413185378,,,5.588115179929069
096230026,0.0,8.11,SPEAKER9623,-53.42379681720099,,,7.757252807049414
096230027,0.0,7.616,SPEAKER9623,-55.37751189304462,,,8.081255382631257
096230028,0.0,8.007,SPEAKER9623,-53.70157420411985,,,8.004958533503395
096230023,0.0,6.012,SPEAKER9623,-52.92910578722962,,,6.448534409478784
096230022,0.0,7.534,SPEAKER9623,-51.159082420318725,,,6.584537692559749
096230029,0.0,8.738,SPEAKER9623,-52.99441772740275,,,6.8271050629771555
096230024,0.0,6.56,SPEAKER9623,-52.039503144054876,,,8.505075297644776
096230025,0.0,4.989,SPEAKER9623,-53.24223446893787,,,7.855514438930886
096220022,0.0,8.99,SPEAKER9622,-52.235682876807566,,,7.222881104513856
096220026,0.0,5.677,SPEAKER9622,-54.83692781690141,,,7.4141176748207585
096220029,0.0,7.472,SPEAKER9622,-57.1995952560241,,,7.8394847052011
096220025,0.0,9.4,SPEAKER9622,-51.38083028590425,,,8.272454161780619
096220024,0.0,6.935,SPEAKER9622,-52.64750315201729,,,9.399922445025105
096220023,0.0,8.293,SPEAKER9622,-53.18147334891435,,,7.313041318246054
096220028,0.0,8.765,SPEAKER9622,-54.40940350627138,,,7.4292827545943965
096220027,0.0,3.886,SPEAKER9622,-55.32448987789203,,,7.299348239787832
096190026,0.0,6.84,SPEAKER9619,-52.84509777046784,,,7.302906542595304
096190027,0.0,7.135,SPEAKER9619,-53.9733893557423,,,7.189174499985048
096190022,0.0,7.377,SPEAKER9619,-50.981617335704605,,,8.520352601283035
096190025,0.0,5.507,SPEAKER9619,-51.38602399047187,,,7.5859186561600325
096190023,0.0,8.303,SPEAKER9619,-49.46695218373494,,,10.8462883090411
096180023,0.0,6.145,SPEAKER9618,-52.40141958841463,,,8.260175873065878
096180025,0.0,4.302,SPEAKER9618,-55.97622183866279,,,5.716359787275707
096180026,0.0,5.579,SPEAKER9618,-54.27989191308244,,,7.148872819742191
096180027,0.0,6.216,SPEAKER9618,-54.402337469855304,,,6.905456648494769
096180028,0.0,6.213,SPEAKER9618,-54.73003472222222,,,7.501558013415723
096180024,0.0,7.184,SPEAKER9618,-55.112666478064064,,,7.740300371109768
096170026,0.0,4.073,SPEAKER9617,-57.16173986486486,,,5.91985295485193
096170030,0.0,6.268,SPEAKER9617,-53.94042812998405,,,6.052786839684154
096170028,0.0,4.644,SPEAKER9617,-56.76172295932112,,,7.019735073771194
096170025,0.0,4.328,SPEAKER9617,-56.18370200635104,,,6.681769375856694
096170029,0.0,4.569,SPEAKER9617,-56.524364913840266,,,6.020443937434949
096170027,0.0,4.611,SPEAKER9617,-56.05906402521692,,,6.124018650721094
096160027,0.0,7.71,SPEAKER9616,-54.24040410181583,,,8.823261291443028
096160026,0.0,9.721,SPEAKER9616,-56.357522344393004,,,7.512207760654408
096160021,0.0,8.46,SPEAKER9616,-55.761423241725765,,,7.340381094065234
096160024,0.0,5.742,SPEAKER9616,-54.798692018728225,,,6.815521372948884
096160029,0.0,7.135,SPEAKER9616,-55.964728860294116,,,6.777965142650013
096160025,0.0,5.933,SPEAKER9616,-54.54995125421585,,,5.866112381358542
096160030,0.0,7.703,SPEAKER9616,-53.020819805194805,,,7.242938871832711
096160028,0.0,9.608,SPEAKER9616,-53.69250780437045,,,7.155487102504356
096160022,0.0,6.403,SPEAKER9616,-58.957086181640626,,,6.333434684492046
096160023,0.0,7.714,SPEAKER9616,-55.69430427204929,,,7.269057897733594
096150029,0.0,7.49,SPEAKER9615,-53.284400033377835,,,6.4832663101143515
096150030,0.0,8.199,SPEAKER9615,-53.84277820121951,,,6.373503409413691
096140026,0.0,7.383,SPEAKER9614,-55.759379234417345,,,4.795753193597273
096140027,0.0,6.142,SPEAKER9614,-54.35728827361564,,,6.266403774368363
096140023,0.0,6.83,SPEAKER9614,-52.89397076317716,,,6.615188201359938
096140030,0.0,6.629,SPEAKER9614,-56.68024721907994,,,5.727082713942956
096140029,0.0,8.466,SPEAKER9614,-54.416183958087366,,,5.291222090107418
096140024,0.0,7.492,SPEAKER9614,-54.89671123998665,,,6.163741156913674
096140028,0.0,7.94,SPEAKER9614,-55.96858272984887,,,5.409580217308184
096140025,0.0,6.679,SPEAKER9614,-54.84276758982036,,,4.772539726042455
096130025,0.0,3.225,SPEAKER9613,-59.106877660603715,,,6.694612214818152
096130027,0.0,3.421,SPEAKER9613,-59.61105971308479,,,6.642002787133801
096130026,0.0,3.851,SPEAKER9613,-57.729073660714285,,,6.565274190342176
096130024,0.0,5.048,SPEAKER9613,-57.928302908415844,,,7.371075050328718
096130023,0.0,4.219,SPEAKER9613,-58.079504220971565,,,7.36691168704698
096130030,0.0,3.979,SPEAKER9613,-59.83568231783919,,,6.189852148935018
096130022,0.0,4.383,SPEAKER9613,-60.47130511558219,,,6.16067614789966
096130028,0.0,4.018,SPEAKER9613,-58.80430367692786,,,6.119163336652473
096130029,0.0,3.693,SPEAKER9613,-58.7230055894309,,,5.95930794990044
096120021,0.0,4.94,SPEAKER9612,-49.356314840587046,,,6.099889889849738
096120028,0.0,4.648,SPEAKER9612,-51.129406081989245,,,7.01040671641438
096120025,0.0,4.464,SPEAKER9612,-52.04880622897982,,,7.253198620612785
096120024,0.0,3.903,SPEAKER9612,-50.205513822115385,,,5.930964432533246
096120022,0.0,5.817,SPEAKER9612,-49.48347562285223,,,7.696272791157281
096120026,0.0,4.163,SPEAKER9612,-50.36495736929086,,,6.165867402866665
096120029,0.0,3.86,SPEAKER9612,-54.349083144430054,,,5.465818683898961
096120027,0.0,5.396,SPEAKER9612,-49.182421875,,,9.11817145424043
096120030,0.0,3.882,SPEAKER9612,-51.95535498550258,,,4.89277690126891
096120023,0.0,4.923,SPEAKER9612,-51.632999079014226,,,6.351611695132744
096110026,0.0,4.024,SPEAKER9611,-51.37153587531095,,,6.592873104691034
096110024,0.0,5.77,SPEAKER9611,-50.709553049176776,,,5.853215132060797
096110028,0.0,6.283,SPEAKER9611,-51.11474298367835,,,7.10107960976768
096110029,0.0,5.314,SPEAKER9611,-52.081656073446325,,,6.577878040670479
096110027,0.0,4.464,SPEAKER9611,-51.2957276485426,,,6.928516243659429
096110025,0.0,4.16,SPEAKER9611,-50.73375056340144,,,5.720193211918275
096100023,0.0,4.62,SPEAKER9610,-53.56702769886363,,,5.258078340817713
096100022,0.0,6.11,SPEAKER9610,-55.33194174509001,,,4.835695355032428
096100030,0.0,6.921,SPEAKER9610,-57.441801390895954,,,6.168247799029542
096100028,0.0,5.69,SPEAKER9610,-56.183624643014056,,,6.147641042038419
096100024,0.0,5.98,SPEAKER9610,-57.47813675794314,,,6.474340441159246
096100027,0.0,6.025,SPEAKER9610,-55.68514199834163,,,6.392530856784012
096100029,0.0,6.626,SPEAKER9610,-57.70427978883861,,,7.3461805005572245
096100026,0.0,7.629,SPEAKER9610,-53.948435452162514,,,6.646662418639028
096100025,0.0,6.65,SPEAKER9610,-57.166676456766915,,,5.80696095034075
096090030,0.0,5.903,SPEAKER9609,-54.777813824152545,,,5.59941940680274
096090028,0.0,12.31,SPEAKER9609,-53.746503097075546,,,6.268702453845547
096090029,0.0,8.34,SPEAKER9609,-53.81027521732614,,,5.8614456917901006
096080028,0.0,7.388,SPEAKER9608,-59.484602291948576,,,7.630992521521316
096080029,0.0,6.496,SPEAKER9608,-57.353335336538464,,,5.9879317013936735
096080030,0.0,7.58,SPEAKER9608,-59.39006843667546,,,6.319703706282711
096070025,0.0,6.079,SPEAKER9607,-52.68320505242599,,,6.088099230375233
096070026,0.0,7.72,SPEAKER9607,-48.332714337759064,,,5.2647196316593785
096070029,0.0,5.629,SPEAKER9607,-47.88245170959147,,,6.481138040698019
096070030,0.0,5.602,SPEAKER9607,-48.92649623325893,,,5.43780329631937
096070027,0.0,8.412,SPEAKER9607,-49.82577939209275,,,6.14191939765208
096070028,0.0,7.8,SPEAKER9607,-47.611393229166666,,,6.478608138852758
096060024,0.0,7.571,SPEAKER9606,-59.50584131439894,,,5.401423851730982
096060030,0.0,8.85,SPEAKER9606,-58.624254060734465,,,5.567299190603745
096060029,0.0,7.68,SPEAKER9606,-60.00536092122396,,,4.943398751607098
096060027,0.0,8.48,SPEAKER9606,-56.926329414799525,,,6.979445028825841
096060026,0.0,7.64,SPEAKER9606,-60.37759223658377,,,5.55890583014878
096060023,0.0,6.987,SPEAKER9606,-58.28411123032904,,,6.135867427386898
096060028,0.0,7.17,SPEAKER9606,-58.98844469142259,,,5.446246147606158
096060025,0.0,4.405,SPEAKER9606,-64.63756909013605,,,4.746265522251122
096040029,0.0,7.599,SPEAKER9604,-58.753685238486845,,,6.481935777721094
096040026,0.0,4.336,SPEAKER9604,-59.49818638392857,,,5.3158377446911675
096040030,0.0,8.858,SPEAKER9604,-55.61199386286682,,,6.845087536588249
096040027,0.0,5.242,SPEAKER9604,-58.996078840648856,,,5.418306115907798
096010029,0.0,9.254,SPEAKER9601,-49.673386824324325,,,8.303820478047188
096010026,0.0,4.522,SPEAKER9601,-51.30269116426991,,,6.718466538772516
096010030,0.0,5.843,SPEAKER9601,-53.50811683968322,,,7.491470818033932
096010025,0.0,6.259,SPEAKER9601,-52.830377645766774,,,6.655812284814086
096010027,0.0,7.485,SPEAKER9601,-54.21904205607477,,,7.081679566906356
096010028,0.0,8.014,SPEAKER9601,-52.85251833645443,,,7.663034421567334
096010024,0.0,6.207,SPEAKER9601,-53.19209817834138,,,6.942438592548811
096000029,0.0,7.47,SPEAKER9600,-45.843566976238286,,,3.5111893142131816
096000028,0.0,6.809,SPEAKER9600,-47.147628716960355,,,4.46261406246424
096000024,0.0,5.717,SPEAKER9600,-47.71218381228147,,,4.234601054589048
096000023,0.0,5.917,SPEAKER9600,-47.189525707347975,,,4.947101990160334
096000026,0.0,8.531,SPEAKER9600,-44.65145076201641,,,5.82602248755698
096000030,0.0,6.854,SPEAKER9600,-46.38560960310219,,,5.831032056115223
096000025,0.0,6.736,SPEAKER9600,-46.242555522069736,,,5.535142168004125
